Invoice,StockCode,Description,Quantity,InvoiceDate,Price,Customer ID,Country,transaction_type,description_recovered,description_source,invoice_date_only,invoice_year,invoice_month,invoice_weekday,is_guest_transaction,price_category,is_special_transaction
489464,21733,85123a mixed,-96,2009-12-01 10:52:00,0.0,,United Kingdom,RETURN,False,original,2009-12-01,2009,12,1,True,PRICE_ZERO,True
489463,71477,short,-240,2009-12-01 10:52:00,0.0,,United Kingdom,RETURN,False,original,2009-12-01,2009,12,1,True,PRICE_ZERO,True
489467,85123A,21733 mixed,-192,2009-12-01 10:53:00,0.0,,United Kingdom,RETURN,False,original,2009-12-01,2009,12,1,True,PRICE_ZERO,True
489521,21646,Unknown Product,-50,2009-12-01 11:44:00,0.0,,United Kingdom,RETURN,False,unknown,2009-12-01,2009,12,1,True,PRICE_ZERO,True
489655,20683,RAIN GIRL CHILDS UMBRELLA,-44,2009-12-01 17:26:00,0.0,,United Kingdom,RETURN,True,recovered,2009-12-01,2009,12,1,True,PRICE_ZERO,True
489660,35956,lost,-1043,2009-12-01 17:43:00,0.0,,United Kingdom,RETURN,False,original,2009-12-01,2009,12,1,True,PRICE_ZERO,True
489663,35605A,damages,-117,2009-12-01 18:02:00,0.0,,United Kingdom,RETURN,False,original,2009-12-01,2009,12,1,True,PRICE_ZERO,True
489806,18010,ASSORTED FRAGRANCE BATH CONFETTI,-770,2009-12-02 12:42:00,0.0,,United Kingdom,RETURN,True,recovered,2009-12-02,2009,12,2,True,PRICE_ZERO,True
489820,21133,invcd as 84879?,-720,2009-12-02 13:23:00,0.0,,United Kingdom,RETURN,False,original,2009-12-02,2009,12,2,True,PRICE_ZERO,True
489821,85049G,CHOCOLATE BOX RIBBONS,-240,2009-12-02 13:25:00,0.0,,United Kingdom,RETURN,True,recovered,2009-12-02,2009,12,2,True,PRICE_ZERO,True
489899,79323GR,sold as gold,-954,2009-12-03 09:41:00,0.0,,United Kingdom,RETURN,False,original,2009-12-03,2009,12,3,True,PRICE_ZERO,True
489901,21098,CHRISTMAS TOILET ROLL,-200,2009-12-03 09:47:00,0.0,,United Kingdom,RETURN,True,recovered,2009-12-03,2009,12,3,True,PRICE_ZERO,True
490007,84347,21494,-720,2009-12-03 12:09:00,0.0,,United Kingdom,RETURN,False,original,2009-12-03,2009,12,3,True,PRICE_ZERO,True
490016,21982,PACK OF 12 SUKI TISSUES,-1012,2009-12-03 12:30:00,0.0,,United Kingdom,RETURN,True,recovered,2009-12-03,2009,12,3,True,PRICE_ZERO,True
490055,20620,RED SPOTTY PASSPORT COVER,-25,2009-12-03 13:22:00,0.0,,United Kingdom,RETURN,True,recovered,2009-12-03,2009,12,3,True,PRICE_ZERO,True
490084,85064,CREAM SWEETHEART LETTER RACK,-89,2009-12-03 15:37:00,0.0,,United Kingdom,RETURN,True,recovered,2009-12-03,2009,12,3,True,PRICE_ZERO,True
490130,21493,lost?,-600,2009-12-03 18:28:00,0.0,,United Kingdom,RETURN,False,original,2009-12-03,2009,12,3,True,PRICE_ZERO,True
490146,21558,SKULL LUNCH BOX WITH CUTLERY,-169,2009-12-04 09:29:00,0.0,,United Kingdom,RETURN,True,recovered,2009-12-04,2009,12,4,True,PRICE_ZERO,True
490165,21493,VINTAGE DESIGN GIFT TAGS,-106,2009-12-04 11:32:00,0.0,,United Kingdom,RETURN,True,recovered,2009-12-04,2009,12,4,True,PRICE_ZERO,True
490354,21489,BLUE WHITE SCARF HOT WATER BOTTLE,-23,2009-12-04 16:39:00,0.0,,United Kingdom,RETURN,True,recovered,2009-12-04,2009,12,4,True,PRICE_ZERO,True
490379,21490,SET OF THREE 50'S GIFT WRAPS,-44,2009-12-05 13:26:00,0.0,,United Kingdom,RETURN,True,recovered,2009-12-05,2009,12,5,True,PRICE_ZERO,True
490384,84721,MANHATTAN CANVAS ART PICTURE,-42,2009-12-05 14:00:00,0.0,,United Kingdom,RETURN,True,recovered,2009-12-05,2009,12,5,True,PRICE_ZERO,True
490540,37446,MINI CAKE STAND WITH HANGING CAKES,-725,2009-12-07 09:24:00,0.0,,United Kingdom,RETURN,True,recovered,2009-12-07,2009,12,0,True,PRICE_ZERO,True
490713,84347,ROTATING SILVER ANGELS T-LIGHT HLDR,-20,2009-12-07 15:26:00,0.0,,United Kingdom,RETURN,True,recovered,2009-12-07,2009,12,0,True,PRICE_ZERO,True
490715,22158,3 HEARTS HANGING DECORATION RUSTIC,-30,2009-12-07 15:27:00,0.0,,United Kingdom,RETURN,True,recovered,2009-12-07,2009,12,0,True,PRICE_ZERO,True
490735,35976B,WHITE SCANDINAVIAN HEART CHRISTMAS,-60,2009-12-07 17:12:00,0.0,,United Kingdom,RETURN,True,recovered,2009-12-07,2009,12,0,True,PRICE_ZERO,True
490736,35983,Unknown Product,-200,2009-12-07 17:13:00,0.0,,United Kingdom,RETURN,False,unknown,2009-12-07,2009,12,0,True,PRICE_ZERO,True
490765,21450,damaged,-31,2009-12-08 10:59:00,0.0,,United Kingdom,RETURN,False,original,2009-12-08,2009,12,1,True,PRICE_ZERO,True
490766,51008,wet,-200,2009-12-08 11:06:00,0.0,,United Kingdom,RETURN,False,original,2009-12-08,2009,12,1,True,PRICE_ZERO,True
490975,15059A,ENGLISH ROSE EDWARDIAN PARASOL,-126,2009-12-08 16:41:00,0.0,,United Kingdom,RETURN,True,recovered,2009-12-08,2009,12,1,True,PRICE_ZERO,True
490976,84571,Unknown Product,-120,2009-12-08 16:42:00,0.0,,United Kingdom,RETURN,False,unknown,2009-12-08,2009,12,1,True,PRICE_ZERO,True
491046,20987,GEISHA GIRL CHOPSTICKS SET/5,-100,2009-12-09 10:03:00,0.0,,United Kingdom,RETURN,True,recovered,2009-12-09,2009,12,2,True,PRICE_ZERO,True
491047,21982,PACK OF 12 SUKI TISSUES,-50,2009-12-09 10:04:00,0.0,,United Kingdom,RETURN,True,recovered,2009-12-09,2009,12,2,True,PRICE_ZERO,True
491065,84855,MIA,-108,2009-12-09 11:59:00,0.0,,United Kingdom,RETURN,False,original,2009-12-09,2009,12,2,True,PRICE_ZERO,True
491066,35949,Unknown Product,-67,2009-12-09 12:17:00,0.0,,United Kingdom,RETURN,False,unknown,2009-12-09,2009,12,2,True,PRICE_ZERO,True
491108,84922,PINK BUTTERFLY WASHBAG,-360,2009-12-09 14:29:00,0.0,,United Kingdom,RETURN,True,recovered,2009-12-09,2009,12,2,True,PRICE_ZERO,True
491128,21490,SET OF THREE 50'S GIFT WRAPS,-20,2009-12-09 16:00:00,0.0,,United Kingdom,RETURN,True,recovered,2009-12-09,2009,12,2,True,PRICE_ZERO,True
491137,21489,BLUE WHITE SCARF HOT WATER BOTTLE,-8,2009-12-09 16:25:00,0.0,,United Kingdom,RETURN,True,recovered,2009-12-09,2009,12,2,True,PRICE_ZERO,True
491141,22174,PHOTO CUBE,-58,2009-12-09 16:43:00,0.0,,United Kingdom,RETURN,True,recovered,2009-12-09,2009,12,2,True,PRICE_ZERO,True
491167,17013A,Unknown Product,-45,2009-12-10 11:09:00,0.0,,United Kingdom,RETURN,False,unknown,2009-12-10,2009,12,3,True,PRICE_ZERO,True
491206,84841,Unknown Product,-54,2009-12-10 14:10:00,0.0,,United Kingdom,RETURN,False,unknown,2009-12-10,2009,12,3,True,PRICE_ZERO,True
491355,17014C,ORIGAMI LAVENDER INCENSE CONES,-96,2009-12-10 15:52:00,0.0,,United Kingdom,RETURN,True,recovered,2009-12-10,2009,12,3,True,PRICE_ZERO,True
491451,20940,SET/6 GARDEN GNOME T-LIGHT CANDLES,-46,2009-12-11 11:09:00,0.0,,United Kingdom,RETURN,True,recovered,2009-12-11,2009,12,4,True,PRICE_ZERO,True
491638,21353,SILVER SLEIGHBELL  WREATH,-136,2009-12-11 15:59:00,0.0,,United Kingdom,RETURN,True,recovered,2009-12-11,2009,12,4,True,PRICE_ZERO,True
491639,20668,DISCO BALL CHRISTMAS DECORATION,-1395,2009-12-11 16:02:00,0.0,,United Kingdom,RETURN,True,recovered,2009-12-11,2009,12,4,True,PRICE_ZERO,True
491732,79030A,smashed,-350,2009-12-14 10:00:00,0.0,,United Kingdom,RETURN,False,original,2009-12-14,2009,12,0,True,PRICE_ZERO,True
491817,72487,ROSES WHITE ROUND CANDLE,-322,2009-12-14 13:37:00,0.0,,United Kingdom,RETURN,True,recovered,2009-12-14,2009,12,0,True,PRICE_ZERO,True
491972,21100,bad quality,-76,2009-12-14 18:43:00,0.0,,United Kingdom,RETURN,False,original,2009-12-14,2009,12,0,True,PRICE_ZERO,True
491974,72752B,"F.FAIRY,CANDLE IN GLASS,LAVENDER",-21,2009-12-14 18:44:00,0.0,,United Kingdom,RETURN,True,recovered,2009-12-14,2009,12,0,True,PRICE_ZERO,True
491975,72752C,Unknown Product,-24,2009-12-14 18:44:00,0.0,,United Kingdom,RETURN,False,unknown,2009-12-14,2009,12,0,True,PRICE_ZERO,True
491973,72752A,"F.FAIRY,CANDLE IN GLASS,LILY/VALLEY",-18,2009-12-14 18:44:00,0.0,,United Kingdom,RETURN,True,recovered,2009-12-14,2009,12,0,True,PRICE_ZERO,True
491978,72755C,FLOWER FAIRY OIL BURNER SET ROSE,-60,2009-12-14 18:45:00,0.0,,United Kingdom,RETURN,True,recovered,2009-12-14,2009,12,0,True,PRICE_ZERO,True
491977,72755B,Unknown Product,-23,2009-12-14 18:45:00,0.0,,United Kingdom,RETURN,False,unknown,2009-12-14,2009,12,0,True,PRICE_ZERO,True
491976,72752D,Unknown Product,-46,2009-12-14 18:45:00,0.0,,United Kingdom,RETURN,False,unknown,2009-12-14,2009,12,0,True,PRICE_ZERO,True
492000,21719,LOVELY BONBON STICKER SHEET,-81,2009-12-15 11:22:00,0.0,,United Kingdom,RETURN,True,recovered,2009-12-15,2009,12,1,True,PRICE_ZERO,True
492001,21724,PANDA AND BUNNIES STICKER SHEET,-99,2009-12-15 11:22:00,0.0,,United Kingdom,RETURN,True,recovered,2009-12-15,2009,12,1,True,PRICE_ZERO,True
492002,10138,ASSORTED COLOUR JUMBO PEN,-36,2009-12-15 11:23:00,0.0,,United Kingdom,RETURN,True,recovered,2009-12-15,2009,12,1,True,PRICE_ZERO,True
492006,71477,COLOUR GLASS. STAR T-LIGHT HOLDER,-100,2009-12-15 11:25:00,0.0,,United Kingdom,RETURN,True,recovered,2009-12-15,2009,12,1,True,PRICE_ZERO,True
492105,22113,GREY HEART HOT WATER BOTTLE,-100,2009-12-15 14:07:00,0.0,,United Kingdom,RETURN,True,recovered,2009-12-15,2009,12,1,True,PRICE_ZERO,True
492171,22170,PICTURE FRAME WOOD TRIPLE PORTRAIT,-30,2009-12-15 14:53:00,0.0,,United Kingdom,RETURN,True,recovered,2009-12-15,2009,12,1,True,PRICE_ZERO,True
492182,20870,OPULENT VELVET CANDLE IN BOX,-29,2009-12-15 15:41:00,0.0,,United Kingdom,RETURN,True,recovered,2009-12-15,2009,12,1,True,PRICE_ZERO,True
492183,20879,TREE OF NOAH FESTIVE SCENTED CANDLE,-46,2009-12-15 15:42:00,0.0,,United Kingdom,RETURN,True,recovered,2009-12-15,2009,12,1,True,PRICE_ZERO,True
492215,16169D,WRAP WINTER FOREST,-150,2009-12-15 17:19:00,0.0,,United Kingdom,RETURN,True,recovered,2009-12-15,2009,12,1,True,PRICE_ZERO,True
492217,35815B,"ACRYLIC JEWEL SNOWFLAKE,BLUE",-10,2009-12-15 17:28:00,0.0,,United Kingdom,RETURN,True,recovered,2009-12-15,2009,12,1,True,PRICE_ZERO,True
492219,46775B,BERRIES CHUNKY KNITTED THROW,-17,2009-12-15 17:44:00,0.0,,United Kingdom,RETURN,True,recovered,2009-12-15,2009,12,1,True,PRICE_ZERO,True
492365,17011C,ORIGAMI LAVENDER INCENSE+FLOWER,-47,2009-12-16 13:56:00,0.0,,United Kingdom,RETURN,True,recovered,2009-12-16,2009,12,2,True,PRICE_ZERO,True
492364,17011E,ORIGAMI OPIUM SCENT INCENSE+FLOWER,-39,2009-12-16 13:56:00,0.0,,United Kingdom,RETURN,True,recovered,2009-12-16,2009,12,2,True,PRICE_ZERO,True
492366,17013B,ORIGAMI JASMINE INCENSE IN TUBE,-45,2009-12-16 13:57:00,0.0,,United Kingdom,RETURN,True,recovered,2009-12-16,2009,12,2,True,PRICE_ZERO,True
492464,22187,GREEN CHRISTMAS TREE CARD HOLDER,-96,2009-12-17 11:33:00,0.0,,United Kingdom,RETURN,True,recovered,2009-12-17,2009,12,3,True,PRICE_ZERO,True
492523,72756,FAIRY CAKE CANDLES,-396,2009-12-17 12:30:00,0.0,,United Kingdom,RETURN,True,recovered,2009-12-17,2009,12,3,True,PRICE_ZERO,True
492595,21543,BUTTERFLY WATER TRANSFER TATTOOS,-152,2009-12-17 15:53:00,0.0,,United Kingdom,RETURN,True,recovered,2009-12-17,2009,12,3,True,PRICE_ZERO,True
492719,48173C,MIA,-9,2009-12-18 10:49:00,0.0,,United Kingdom,RETURN,False,original,2009-12-18,2009,12,4,True,PRICE_ZERO,True
492748,47504J,ENGLISH ROSE SET/3 GARDEN TOOLS,-70,2009-12-18 13:09:00,0.0,,United Kingdom,RETURN,True,recovered,2009-12-18,2009,12,4,True,PRICE_ZERO,True
492788,72739B,discoloured,-70,2009-12-18 17:45:00,0.0,,United Kingdom,RETURN,False,original,2009-12-18,2009,12,4,True,PRICE_ZERO,True
492786,46000M,POLYESTER FILLER PAD 45x45cm,-60,2009-12-18 17:45:00,0.0,,United Kingdom,RETURN,True,recovered,2009-12-18,2009,12,4,True,PRICE_ZERO,True
492787,85112,damaged,-38,2009-12-18 17:45:00,0.0,,United Kingdom,RETURN,False,original,2009-12-18,2009,12,4,True,PRICE_ZERO,True
492790,37503,damaged,-19,2009-12-18 17:46:00,0.0,,United Kingdom,RETURN,False,original,2009-12-18,2009,12,4,True,PRICE_ZERO,True
492789,72739C,discoloured,-64,2009-12-18 17:46:00,0.0,,United Kingdom,RETURN,False,original,2009-12-18,2009,12,4,True,PRICE_ZERO,True
492791,84029G,KNITTED UNION FLAG HOT WATER BOTTLE,-30,2009-12-18 17:47:00,0.0,,United Kingdom,RETURN,True,recovered,2009-12-18,2009,12,4,True,PRICE_ZERO,True
493093,21479,WHITE SKULL HOT WATER BOTTLE,-91,2009-12-22 10:55:00,0.0,,United Kingdom,RETURN,True,recovered,2009-12-22,2009,12,1,True,PRICE_ZERO,True
493201,20884,MODERN CHRISTMAS TREE CANDLE,-5,2009-12-22 13:23:00,0.0,,United Kingdom,RETURN,True,recovered,2009-12-22,2009,12,1,True,PRICE_ZERO,True
493226,84558B,Unknown Product,-2,2009-12-22 13:43:00,0.0,,United Kingdom,RETURN,False,unknown,2009-12-22,2009,12,1,True,PRICE_ZERO,True
493229,37399,"ASS RETROSPOOF MUGS,SPORTS",-113,2009-12-22 13:44:00,0.0,,United Kingdom,RETURN,True,recovered,2009-12-22,2009,12,1,True,PRICE_ZERO,True
493232,16258B,DAISY ERASERS IN BAG,-207,2009-12-22 13:44:00,0.0,,United Kingdom,RETURN,True,recovered,2009-12-22,2009,12,1,True,PRICE_ZERO,True
493237,16161C,WRAP SPEED DEMONS,-632,2009-12-22 13:46:00,0.0,,United Kingdom,RETURN,True,recovered,2009-12-22,2009,12,1,True,PRICE_ZERO,True
493328,37492A,YELLOW RED FLOWER PIGGY BANK,-38,2009-12-23 09:44:00,0.0,,United Kingdom,RETURN,True,recovered,2009-12-23,2009,12,2,True,PRICE_ZERO,True
493327,84705B,FAIRY CAKES PHOTO FRAME,-11,2009-12-23 09:44:00,0.0,,United Kingdom,RETURN,True,recovered,2009-12-23,2009,12,2,True,PRICE_ZERO,True
493370,35004S,SET OF 3 SILVER FLYING DUCKS,-292,2009-12-23 10:29:00,0.0,,United Kingdom,RETURN,True,recovered,2009-12-23,2009,12,2,True,PRICE_ZERO,True
493405,37452B,Unknown Product,-15,2009-12-23 16:01:00,0.0,,United Kingdom,RETURN,False,unknown,2009-12-23,2009,12,2,True,PRICE_ZERO,True
493406,37452A,Unknown Product,-25,2009-12-23 16:02:00,0.0,,United Kingdom,RETURN,False,unknown,2009-12-23,2009,12,2,True,PRICE_ZERO,True
493494,21231,SWEETHEART CERAMIC TRINKET BOX,-84,2010-01-04 14:56:00,0.0,,United Kingdom,RETURN,True,recovered,2010-01-04,2010,1,0,True,PRICE_ZERO,True
493567,72754D,F FAIRY POTPOURRI CUSHIONS SUMMER,-104,2010-01-05 09:16:00,0.0,,United Kingdom,RETURN,True,recovered,2010-01-05,2010,1,1,True,PRICE_ZERO,True
493572,20714,missing,-450,2010-01-05 10:13:00,0.0,,United Kingdom,RETURN,False,original,2010-01-05,2010,1,1,True,PRICE_ZERO,True
493668,72740A,LARGE STRAWBERRY CHOCOLATE CANDLE,-43,2010-01-05 12:16:00,0.0,,United Kingdom,RETURN,True,recovered,2010-01-05,2010,1,1,True,PRICE_ZERO,True
493669,85166A,WHITE METAL BAROQUE PHOTO FRAME,-36,2010-01-05 12:17:00,0.0,,United Kingdom,RETURN,True,recovered,2010-01-05,2010,1,1,True,PRICE_ZERO,True
493698,21981,PACK OF 12 WOODLAND TISSUES,-200,2010-01-05 13:42:00,0.0,,United Kingdom,RETURN,True,recovered,2010-01-05,2010,1,1,True,PRICE_ZERO,True
493821,17129D,missing (wrongly coded?),-2127,2010-01-07 12:43:00,0.0,,United Kingdom,RETURN,False,original,2010-01-07,2010,1,3,True,PRICE_ZERO,True
493845,84718,Unknown Product,-95,2010-01-07 15:02:00,0.0,,United Kingdom,RETURN,False,unknown,2010-01-07,2010,1,3,True,PRICE_ZERO,True
493858,20753,RETRO PINK SPOT WASHING UP GLOVES,-260,2010-01-07 16:12:00,0.0,,United Kingdom,RETURN,True,recovered,2010-01-07,2010,1,3,True,PRICE_ZERO,True
493879,21322,GLASS SPHERE CANDLE STAND LARGE,-17,2010-01-08 09:20:00,0.0,,United Kingdom,RETURN,True,recovered,2010-01-08,2010,1,4,True,PRICE_ZERO,True
493928,21649,ASSORTED TUTTI FRUTTI PHOTO FRAME,-18,2010-01-08 11:53:00,0.0,,United Kingdom,RETURN,True,recovered,2010-01-08,2010,1,4,True,PRICE_ZERO,True
494025,21779,MA CAMPAGNE MINI WOODEN CHEST,-2,2010-01-11 10:11:00,0.0,,United Kingdom,RETURN,True,recovered,2010-01-11,2010,1,0,True,PRICE_ZERO,True
494031,82484,WOOD BLACK BOARD ANT WHITE FINISH,-6,2010-01-11 10:39:00,0.0,,United Kingdom,RETURN,True,recovered,2010-01-11,2010,1,0,True,PRICE_ZERO,True
494038,84671B,CROCHET BEAR WITH BLUE STRIPES,-2,2010-01-11 11:49:00,0.0,,United Kingdom,RETURN,True,recovered,2010-01-11,2010,1,0,True,PRICE_ZERO,True
494039,20913,SET/5 BLUE SPOTTY LID GLASS BOWLS,-159,2010-01-11 11:51:00,0.0,,United Kingdom,RETURN,True,recovered,2010-01-11,2010,1,0,True,PRICE_ZERO,True
494114,21502,Unknown Product,-275,2010-01-11 12:30:00,0.0,,United Kingdom,RETURN,False,unknown,2010-01-11,2010,1,0,True,PRICE_ZERO,True
494152,21914,BLUE HARMONICA IN BOX,-71,2010-01-11 15:07:00,0.0,,United Kingdom,RETURN,True,recovered,2010-01-11,2010,1,0,True,PRICE_ZERO,True
494155,21118,SHOPPING BAG DOORSTOP,-22,2010-01-11 15:34:00,0.0,,United Kingdom,RETURN,True,recovered,2010-01-11,2010,1,0,True,PRICE_ZERO,True
494158,16169G,WRAP ROMANTIC DECOUPAGE,-75,2010-01-11 16:01:00,0.0,,United Kingdom,RETURN,True,recovered,2010-01-11,2010,1,0,True,PRICE_ZERO,True
494162,20968,GREEN FLORAL FELTCRAFT SHOULDER BAG,-116,2010-01-11 17:18:00,0.0,,United Kingdom,RETURN,True,recovered,2010-01-11,2010,1,0,True,PRICE_ZERO,True
494168,21430,SET/3 RED GINGHAM ROSE STORAGE BOX,-90,2010-01-12 09:55:00,0.0,,United Kingdom,RETURN,True,recovered,2010-01-12,2010,1,1,True,PRICE_ZERO,True
494186,20688,BEAUTY SPEED EXPRESSO CUPS,-514,2010-01-12 10:48:00,0.0,,United Kingdom,RETURN,True,recovered,2010-01-12,2010,1,1,True,PRICE_ZERO,True
494248,21553,CERAMIC BIRDHOUSE FINCH BLUE  LARGE,-36,2010-01-12 16:39:00,0.0,,United Kingdom,RETURN,True,recovered,2010-01-12,2010,1,1,True,PRICE_ZERO,True
494249,21554,CERAMIC BIRDHOUSE RED ROOF LARGE,-24,2010-01-12 16:40:00,0.0,,United Kingdom,RETURN,True,recovered,2010-01-12,2010,1,1,True,PRICE_ZERO,True
494250,21551,CERAMIC BIRDHOUSE BUTTERFLY LARGE,-11,2010-01-12 16:40:00,0.0,,United Kingdom,RETURN,True,recovered,2010-01-12,2010,1,1,True,PRICE_ZERO,True
494251,21552,CERAMIC BIRDHOUSE BLACK ROSE  LARGE,-23,2010-01-12 16:40:00,0.0,,United Kingdom,RETURN,True,recovered,2010-01-12,2010,1,1,True,PRICE_ZERO,True
494252,21893,POTTING SHED SEED TIN,-24,2010-01-12 16:43:00,0.0,,United Kingdom,RETURN,True,recovered,2010-01-12,2010,1,1,True,PRICE_ZERO,True
494253,85128,PLANTPOT SINGLE HOOK PISTACHIO,-11,2010-01-12 16:43:00,0.0,,United Kingdom,RETURN,True,recovered,2010-01-12,2010,1,1,True,PRICE_ZERO,True
494254,84925A,WAKE UP COCKEREL WALL THERMOMETER,-38,2010-01-12 16:43:00,0.0,,United Kingdom,RETURN,True,recovered,2010-01-12,2010,1,1,True,PRICE_ZERO,True
494257,84925E,FLOWERS WALL THERMOMETER,-17,2010-01-12 16:44:00,0.0,,United Kingdom,RETURN,True,recovered,2010-01-12,2010,1,1,True,PRICE_ZERO,True
494256,84925D,LA PALMIERA WALL THERMOMETER,-428,2010-01-12 16:44:00,0.0,,United Kingdom,RETURN,True,recovered,2010-01-12,2010,1,1,True,PRICE_ZERO,True
494259,84838,ANT WHITE HIGH RISE BIRD BOX,-5,2010-01-12 16:45:00,0.0,,United Kingdom,RETURN,True,recovered,2010-01-12,2010,1,1,True,PRICE_ZERO,True
494258,84767,ZINC POLICE BOX LANTERN,-12,2010-01-12 16:45:00,0.0,,United Kingdom,RETURN,True,recovered,2010-01-12,2010,1,1,True,PRICE_ZERO,True
494260,84830,LARGE ENGLISH ARBORETUM,-5,2010-01-12 16:46:00,0.0,,United Kingdom,RETURN,True,recovered,2010-01-12,2010,1,1,True,PRICE_ZERO,True
494261,21309,LOUVRE CHALKBOARD,-21,2010-01-12 16:47:00,0.0,,United Kingdom,RETURN,True,recovered,2010-01-12,2010,1,1,True,PRICE_ZERO,True
494263,21340,CLASSIC METAL BIRDCAGE PLANT HOLDER,-14,2010-01-12 16:47:00,0.0,,United Kingdom,RETURN,True,recovered,2010-01-12,2010,1,1,True,PRICE_ZERO,True
494262,85120,Unknown Product,-24,2010-01-12 16:47:00,0.0,,United Kingdom,RETURN,False,unknown,2010-01-12,2010,1,1,True,PRICE_ZERO,True
494265,37345,ASSTD HEARTS DESIGN MUGS,-68,2010-01-12 16:55:00,0.0,,United Kingdom,RETURN,True,recovered,2010-01-12,2010,1,1,True,PRICE_ZERO,True
494266,21967,MIA,-512,2010-01-12 16:56:00,0.0,,United Kingdom,RETURN,False,original,2010-01-12,2010,1,1,True,PRICE_ZERO,True
494273,21364,PEACE SMALL WOOD LETTERS,-39,2010-01-13 10:04:00,0.0,,United Kingdom,RETURN,True,recovered,2010-01-13,2010,1,2,True,PRICE_ZERO,True
494279,84029C,BROWN FURRY HOT WATER BOTTLE,-44,2010-01-13 10:41:00,0.0,,United Kingdom,RETURN,True,recovered,2010-01-13,2010,1,2,True,PRICE_ZERO,True
494340,84997A,GREEN 3 PIECE MINI DOTS CUTLERY SET,-290,2010-01-13 13:06:00,0.0,,United Kingdom,RETURN,True,recovered,2010-01-13,2010,1,2,True,PRICE_ZERO,True
494341,84997D,PINK 3 PIECE MINI DOTS CUTLERY SET,-300,2010-01-13 13:07:00,0.0,,United Kingdom,RETURN,True,recovered,2010-01-13,2010,1,2,True,PRICE_ZERO,True
494377,84572,6 HOOK JEWEL STAND LILAC DRESS,-1,2010-01-13 16:41:00,0.0,,United Kingdom,RETURN,True,recovered,2010-01-13,2010,1,2,True,PRICE_ZERO,True
494388,35918B,BLUE FLORIBUNDA EGG WARMER,-12,2010-01-14 09:58:00,0.0,,United Kingdom,RETURN,True,recovered,2010-01-14,2010,1,3,True,PRICE_ZERO,True
494393,21480,PINK STRIPE HOT WATER BOTTLE,-23,2010-01-14 10:25:00,0.0,,United Kingdom,RETURN,True,recovered,2010-01-14,2010,1,3,True,PRICE_ZERO,True
494446,79321,CHILLI LIGHTS,-190,2010-01-14 13:18:00,0.0,,United Kingdom,RETURN,True,recovered,2010-01-14,2010,1,3,True,PRICE_ZERO,True
494487,21252,SET OF MEADOW  FLOWER STICKERS,-12,2010-01-14 17:08:00,0.0,,United Kingdom,RETURN,True,recovered,2010-01-14,2010,1,3,True,PRICE_ZERO,True
494631,72796A,S/3 ENGLISH LAVENDER SQU CANDLE,-18,2010-01-15 16:52:00,0.0,,United Kingdom,RETURN,True,recovered,2010-01-15,2010,1,4,True,PRICE_ZERO,True
494723,84972M,Unknown Product,-1,2010-01-18 12:25:00,0.0,,United Kingdom,RETURN,False,unknown,2010-01-18,2010,1,0,True,PRICE_ZERO,True
494796,82553,POP'S GREASY SPOON METAL SIGN,-160,2010-01-18 14:22:00,0.0,,United Kingdom,RETURN,True,recovered,2010-01-18,2010,1,0,True,PRICE_ZERO,True
494800,82577,Unknown Product,-54,2010-01-18 14:50:00,0.0,,United Kingdom,RETURN,False,unknown,2010-01-18,2010,1,0,True,PRICE_ZERO,True
494925,79321,CHILLI LIGHTS,-1,2010-01-20 10:11:00,0.0,,United Kingdom,RETURN,True,recovered,2010-01-20,2010,1,2,True,PRICE_ZERO,True
495064,71028B,SILVER BLUE EGG T-LIGHT HOLDER,-109,2010-01-20 16:37:00,0.0,,United Kingdom,RETURN,True,recovered,2010-01-20,2010,1,2,True,PRICE_ZERO,True
495066,72772,SET/4 SCENTED CANDLES IN RAMEKINS,-67,2010-01-20 16:53:00,0.0,,United Kingdom,RETURN,True,recovered,2010-01-20,2010,1,2,True,PRICE_ZERO,True
495067,17014A,ORIGAMI VANILLA INCENSE CONES,-181,2010-01-20 16:53:00,0.0,,United Kingdom,RETURN,True,recovered,2010-01-20,2010,1,2,True,PRICE_ZERO,True
495068,72753D,S/3 FLWR FAIRY SUMMER CANDLES,-15,2010-01-20 16:54:00,0.0,,United Kingdom,RETURN,True,recovered,2010-01-20,2010,1,2,True,PRICE_ZERO,True
495069,20965,Unknown Product,-27,2010-01-20 17:11:00,0.0,,United Kingdom,RETURN,False,unknown,2010-01-20,2010,1,2,True,PRICE_ZERO,True
495092,84450A,PINK RABBIT SITTING EASTER,-36,2010-01-21 11:01:00,0.0,,United Kingdom,RETURN,True,recovered,2010-01-21,2010,1,3,True,PRICE_ZERO,True
495180,16240,Unknown Product,-40,2010-01-21 13:36:00,0.0,,United Kingdom,RETURN,False,unknown,2010-01-21,2010,1,3,True,PRICE_ZERO,True
495191,84933D,Unknown Product,-4,2010-01-21 14:51:00,0.0,,United Kingdom,RETURN,False,unknown,2010-01-21,2010,1,3,True,PRICE_ZERO,True
495199,17061,ASSORTED SHAPED STENCIL FOR HENNA,-1198,2010-01-21 16:25:00,0.0,,United Kingdom,RETURN,True,recovered,2010-01-21,2010,1,3,True,PRICE_ZERO,True
495204,16200A,Unknown Product,-3,2010-01-21 16:39:00,0.0,,United Kingdom,RETURN,False,unknown,2010-01-21,2010,1,3,True,PRICE_ZERO,True
495205,20844,Unknown Product,-4,2010-01-21 16:41:00,0.0,,United Kingdom,RETURN,False,unknown,2010-01-21,2010,1,3,True,PRICE_ZERO,True
495207,21254,SET OF KITCHEN WALL  STICKERS,-12,2010-01-21 16:50:00,0.0,,United Kingdom,RETURN,True,recovered,2010-01-21,2010,1,3,True,PRICE_ZERO,True
495210,16044,POP-ART FLUORESCENT PENS,-1129,2010-01-21 16:58:00,0.0,,United Kingdom,RETURN,True,recovered,2010-01-21,2010,1,3,True,PRICE_ZERO,True
495211,16254,TRANSPARENT ACRYLIC TAPE DISPENSER,-109,2010-01-21 16:58:00,0.0,,United Kingdom,RETURN,True,recovered,2010-01-21,2010,1,3,True,PRICE_ZERO,True
495209,16051,TEATIME PENCIL W STAMP ASST,-378,2010-01-21 16:58:00,0.0,,United Kingdom,RETURN,True,recovered,2010-01-21,2010,1,3,True,PRICE_ZERO,True
495212,21325,Unknown Product,-2,2010-01-21 17:00:00,0.0,,United Kingdom,RETURN,False,unknown,2010-01-21,2010,1,3,True,PRICE_ZERO,True
495213,21406,SPOTTY CAT DOORSTOP,-8,2010-01-21 17:02:00,0.0,,United Kingdom,RETURN,True,recovered,2010-01-21,2010,1,3,True,PRICE_ZERO,True
495214,20937,Unknown Product,-170,2010-01-21 17:06:00,0.0,,United Kingdom,RETURN,False,unknown,2010-01-21,2010,1,3,True,PRICE_ZERO,True
495216,21753,Unknown Product,-2,2010-01-21 17:14:00,0.0,,United Kingdom,RETURN,False,unknown,2010-01-21,2010,1,3,True,PRICE_ZERO,True
495217,35813A,Unknown Product,-12,2010-01-21 17:27:00,0.0,,United Kingdom,RETURN,False,unknown,2010-01-21,2010,1,3,True,PRICE_ZERO,True
495219,37445A,Unknown Product,-1,2010-01-21 17:31:00,0.0,,United Kingdom,RETURN,False,unknown,2010-01-21,2010,1,3,True,PRICE_ZERO,True
495220,37445C,Unknown Product,-16,2010-01-21 17:31:00,0.0,,United Kingdom,RETURN,False,unknown,2010-01-21,2010,1,3,True,PRICE_ZERO,True
495218,37365Y,Unknown Product,-148,2010-01-21 17:31:00,0.0,,United Kingdom,RETURN,False,unknown,2010-01-21,2010,1,3,True,PRICE_ZERO,True
495221,37445D,Unknown Product,-10,2010-01-21 17:32:00,0.0,,United Kingdom,RETURN,False,unknown,2010-01-21,2010,1,3,True,PRICE_ZERO,True
495222,37350,Unknown Product,-121,2010-01-21 17:37:00,0.0,,United Kingdom,RETURN,False,unknown,2010-01-21,2010,1,3,True,PRICE_ZERO,True
495223,37353,Unknown Product,-179,2010-01-21 17:37:00,0.0,,United Kingdom,RETURN,False,unknown,2010-01-21,2010,1,3,True,PRICE_ZERO,True
495278,82093,HEART SHAPE BUTTON FRAME,-1,2010-01-22 11:42:00,0.0,,United Kingdom,RETURN,True,recovered,2010-01-22,2010,1,4,True,PRICE_ZERO,True
495296,37493C,Unknown Product,-36,2010-01-22 13:35:00,0.0,,United Kingdom,RETURN,False,unknown,2010-01-22,2010,1,4,True,PRICE_ZERO,True
495297,37493B,Unknown Product,-37,2010-01-22 13:36:00,0.0,,United Kingdom,RETURN,False,unknown,2010-01-22,2010,1,4,True,PRICE_ZERO,True
495298,37493D,Unknown Product,-44,2010-01-22 13:36:00,0.0,,United Kingdom,RETURN,False,unknown,2010-01-22,2010,1,4,True,PRICE_ZERO,True
495299,84874A,Unknown Product,-1,2010-01-22 13:38:00,0.0,,United Kingdom,RETURN,False,unknown,2010-01-22,2010,1,4,True,PRICE_ZERO,True
495301,84898E,Unknown Product,-7,2010-01-22 13:39:00,0.0,,United Kingdom,RETURN,False,unknown,2010-01-22,2010,1,4,True,PRICE_ZERO,True
495305,79023B,Unknown Product,-57,2010-01-22 14:06:00,0.0,,United Kingdom,RETURN,False,unknown,2010-01-22,2010,1,4,True,PRICE_ZERO,True
495306,84933B,LARGE PINK PEONY FOLDING STOOL,-8,2010-01-22 14:08:00,0.0,,United Kingdom,RETURN,True,recovered,2010-01-22,2010,1,4,True,PRICE_ZERO,True
495315,21348,PINK SPOTS CHOCOLATE NESTING BOXES,-45,2010-01-22 14:41:00,0.0,,United Kingdom,RETURN,True,recovered,2010-01-22,2010,1,4,True,PRICE_ZERO,True
495320,21493,VINTAGE DESIGN GIFT TAGS,-6,2010-01-22 15:40:00,0.0,,United Kingdom,RETURN,True,recovered,2010-01-22,2010,1,4,True,PRICE_ZERO,True
495321,21490,SET OF THREE 50'S GIFT WRAPS,-16,2010-01-22 15:41:00,0.0,,United Kingdom,RETURN,True,recovered,2010-01-22,2010,1,4,True,PRICE_ZERO,True
495323,72768,Unknown Product,-6,2010-01-22 15:46:00,0.0,,United Kingdom,RETURN,False,unknown,2010-01-22,2010,1,4,True,PRICE_ZERO,True
495324,44266F,Unknown Product,-2,2010-01-22 15:54:00,0.0,,United Kingdom,RETURN,False,unknown,2010-01-22,2010,1,4,True,PRICE_ZERO,True
495326,47581A,Unknown Product,-16,2010-01-22 15:55:00,0.0,,United Kingdom,RETURN,False,unknown,2010-01-22,2010,1,4,True,PRICE_ZERO,True
495325,47565,Unknown Product,-16,2010-01-22 15:55:00,0.0,,United Kingdom,RETURN,False,unknown,2010-01-22,2010,1,4,True,PRICE_ZERO,True
495327,79065B,Unknown Product,-2,2010-01-22 15:59:00,0.0,,United Kingdom,RETURN,False,unknown,2010-01-22,2010,1,4,True,PRICE_ZERO,True
495328,84344,Unknown Product,-8,2010-01-22 16:01:00,0.0,,United Kingdom,RETURN,False,unknown,2010-01-22,2010,1,4,True,PRICE_ZERO,True
495329,84494B,Unknown Product,-20,2010-01-22 16:01:00,0.0,,United Kingdom,RETURN,False,unknown,2010-01-22,2010,1,4,True,PRICE_ZERO,True
495337,84575A,PINK DOG CANNISTER,-14,2010-01-22 17:10:00,0.0,,United Kingdom,RETURN,True,recovered,2010-01-22,2010,1,4,True,PRICE_ZERO,True
495336,84681,Unknown Product,-36,2010-01-22 17:10:00,0.0,,United Kingdom,RETURN,False,unknown,2010-01-22,2010,1,4,True,PRICE_ZERO,True
495338,84630,FLOWERS AND BIRDS WALL PLAQUE,-38,2010-01-22 17:11:00,0.0,,United Kingdom,RETURN,True,recovered,2010-01-22,2010,1,4,True,PRICE_ZERO,True
495339,84555A,YELLOW VW BEETLE CERAMIC MONEY BOX,-19,2010-01-22 17:14:00,0.0,,United Kingdom,RETURN,True,recovered,2010-01-22,2010,1,4,True,PRICE_ZERO,True
495403,18096C,WHITE ROUND PORCELAIN TLIGHT HOLDER,-171,2010-01-25 09:45:00,0.0,,United Kingdom,RETURN,True,recovered,2010-01-25,2010,1,0,True,PRICE_ZERO,True
495410,72751D,Unknown Product,-20,2010-01-25 11:08:00,0.0,,United Kingdom,RETURN,False,unknown,2010-01-25,2010,1,0,True,PRICE_ZERO,True
495411,72234,Unknown Product,-66,2010-01-25 11:08:00,0.0,,United Kingdom,RETURN,False,unknown,2010-01-25,2010,1,0,True,PRICE_ZERO,True
495412,72715,SPHERICAL IVORY CANDLE,-30,2010-01-25 11:11:00,0.0,,United Kingdom,RETURN,True,recovered,2010-01-25,2010,1,0,True,PRICE_ZERO,True
495413,72697A,Unknown Product,-32,2010-01-25 11:15:00,0.0,,United Kingdom,RETURN,False,unknown,2010-01-25,2010,1,0,True,PRICE_ZERO,True
495464,72024HC,Unknown Product,-3669,2010-01-25 12:07:00,0.0,,United Kingdom,RETURN,False,unknown,2010-01-25,2010,1,0,True,PRICE_ZERO,True
495532,72739B,WHITE CHOCOLATE SCENT CANDLE,-211,2010-01-25 15:29:00,0.0,,United Kingdom,RETURN,True,recovered,2010-01-25,2010,1,0,True,PRICE_ZERO,True
495550,21496,WOODLAND CREATURES  WRAP,-200,2010-01-25 16:14:00,0.0,,United Kingdom,RETURN,True,recovered,2010-01-25,2010,1,0,True,PRICE_ZERO,True
495589,72739C,DARK CHOCOLATE SCENTCANDLE,-65,2010-01-26 10:23:00,0.0,,United Kingdom,RETURN,True,recovered,2010-01-26,2010,1,1,True,PRICE_ZERO,True
495594,72789,BASKET/8 SCENTED LOVE TOKEN CANDLES,-72,2010-01-26 10:29:00,0.0,,United Kingdom,RETURN,True,recovered,2010-01-26,2010,1,1,True,PRICE_ZERO,True
495874,85049C,ROMANTIC PINKS RIBBONS,-141,2010-01-27 11:25:00,0.0,,United Kingdom,RETURN,True,recovered,2010-01-27,2010,1,2,True,PRICE_ZERO,True
495876,16156A,Unknown Product,-12,2010-01-27 11:33:00,0.0,,United Kingdom,RETURN,False,unknown,2010-01-27,2010,1,2,True,PRICE_ZERO,True
495877,16169H,Unknown Product,-64,2010-01-27 11:33:00,0.0,,United Kingdom,RETURN,False,unknown,2010-01-27,2010,1,2,True,PRICE_ZERO,True
495878,21502,Unknown Product,-21,2010-01-27 11:37:00,0.0,,United Kingdom,RETURN,False,unknown,2010-01-27,2010,1,2,True,PRICE_ZERO,True
495879,21036,SET/2 TEA TOWELS MODERN VINTAGE,-12,2010-01-27 11:38:00,0.0,,United Kingdom,RETURN,True,recovered,2010-01-27,2010,1,2,True,PRICE_ZERO,True
495888,84706A,ENGLISH ROSE TABLE CLOCK,-6,2010-01-27 12:19:00,0.0,,United Kingdom,RETURN,True,recovered,2010-01-27,2010,1,2,True,PRICE_ZERO,True
495890,84706C,PINK FLOCK TABLE CLOCK,-9,2010-01-27 12:19:00,0.0,,United Kingdom,RETURN,True,recovered,2010-01-27,2010,1,2,True,PRICE_ZERO,True
495891,72753A,S/3 FLWR FAIRY LILLY CANDLES,-2,2010-01-27 12:20:00,0.0,,United Kingdom,RETURN,True,recovered,2010-01-27,2010,1,2,True,PRICE_ZERO,True
495892,82076,BEECH WOOD PHOTO FRAME,-26,2010-01-27 12:21:00,0.0,,United Kingdom,RETURN,True,recovered,2010-01-27,2010,1,2,True,PRICE_ZERO,True
495894,35822P,"ACRYLIC BEAD CHAIN, PINK",-3,2010-01-27 12:23:00,0.0,,United Kingdom,RETURN,True,recovered,2010-01-27,2010,1,2,True,PRICE_ZERO,True
495996,22168,Damages,-243,2010-01-28 11:41:00,0.0,,United Kingdom,RETURN,False,original,2010-01-28,2010,1,3,True,PRICE_ZERO,True
495997,85167A,WHITE GRAND BAROQUE PHOTO FRAME,-31,2010-01-28 11:42:00,0.0,,United Kingdom,RETURN,True,recovered,2010-01-28,2010,1,3,True,PRICE_ZERO,True
495998,72750D,F.FAIRY S/3 CANDLE/GLASS,-8,2010-01-28 11:44:00,0.0,,United Kingdom,RETURN,True,recovered,2010-01-28,2010,1,3,True,PRICE_ZERO,True
496005,84642,Unknown Product,-2,2010-01-28 12:30:00,0.0,,United Kingdom,RETURN,False,unknown,2010-01-28,2010,1,3,True,PRICE_ZERO,True
496006,84641,damages,-51,2010-01-28 12:30:00,0.0,,United Kingdom,RETURN,False,original,2010-01-28,2010,1,3,True,PRICE_ZERO,True
496079,47340A,Unknown Product,-1,2010-01-28 17:50:00,0.0,,United Kingdom,RETURN,False,unknown,2010-01-28,2010,1,3,True,PRICE_ZERO,True
496091,72740B,LARGE WHITE CHOCOLATE CANDLE,-76,2010-01-29 10:03:00,0.0,,United Kingdom,RETURN,True,recovered,2010-01-29,2010,1,4,True,PRICE_ZERO,True
496353,22139,RETROSPOT TEA SET CERAMIC 11 PC,-58,2010-02-01 09:47:00,0.0,,United Kingdom,RETURN,True,recovered,2010-02-01,2010,2,0,True,PRICE_ZERO,True
496364,84879,Dotcom multiples,-441,2010-02-01 11:15:00,0.0,,United Kingdom,RETURN,False,original,2010-02-01,2010,2,0,True,PRICE_ZERO,True
496482,22169,FAMILY ALBUM WHITE PICTURE FRAME,-16,2010-02-01 16:57:00,0.0,,United Kingdom,RETURN,True,recovered,2010-02-01,2010,2,0,True,PRICE_ZERO,True
496485,17120,Unknown Product,-1,2010-02-01 17:03:00,0.0,,United Kingdom,RETURN,False,unknown,2010-02-01,2010,2,0,True,PRICE_ZERO,True
496508,84520D,PACK OF 20 FAIRY CAKE PAPER NAPKINS,-284,2010-02-02 10:37:00,0.0,,United Kingdom,RETURN,True,recovered,2010-02-02,2010,2,1,True,PRICE_ZERO,True
496619,21479,WHITE SKULL HOT WATER BOTTLE,-1,2010-02-03 09:15:00,0.0,,United Kingdom,RETURN,True,recovered,2010-02-03,2010,2,2,True,PRICE_ZERO,True
496639,85193S,Unknown Product,-80,2010-02-03 11:13:00,0.0,,United Kingdom,RETURN,False,unknown,2010-02-03,2010,2,2,True,PRICE_ZERO,True
496645,21855,Unknown Product,-1,2010-02-03 12:03:00,0.0,,United Kingdom,RETURN,False,unknown,2010-02-03,2010,2,2,True,PRICE_ZERO,True
496646,16131,Unknown Product,-1,2010-02-03 12:14:00,0.0,,United Kingdom,RETURN,False,unknown,2010-02-03,2010,2,2,True,PRICE_ZERO,True
496648,20720,Unknown Product,-1,2010-02-03 12:15:00,0.0,,United Kingdom,RETURN,False,unknown,2010-02-03,2010,2,2,True,PRICE_ZERO,True
496647,18094A,Unknown Product,-1,2010-02-03 12:15:00,0.0,,United Kingdom,RETURN,False,unknown,2010-02-03,2010,2,2,True,PRICE_ZERO,True
496649,20879,TREE OF NOAH FESTIVE SCENTED CANDLE,-1,2010-02-03 12:16:00,0.0,,United Kingdom,RETURN,True,recovered,2010-02-03,2010,2,2,True,PRICE_ZERO,True
496650,21345,Unknown Product,-1,2010-02-03 12:19:00,0.0,,United Kingdom,RETURN,False,unknown,2010-02-03,2010,2,2,True,PRICE_ZERO,True
496653,21475,SWEETHEART CREAM STEEL FOLDIN CHAIR,-1,2010-02-03 12:31:00,0.0,,United Kingdom,RETURN,True,recovered,2010-02-03,2010,2,2,True,PRICE_ZERO,True
496660,21047,Unknown Product,-1,2010-02-03 12:36:00,0.0,,United Kingdom,RETURN,False,unknown,2010-02-03,2010,2,2,True,PRICE_ZERO,True
496678,21052,Unknown Product,-1,2010-02-03 12:51:00,0.0,,United Kingdom,RETURN,False,unknown,2010-02-03,2010,2,2,True,PRICE_ZERO,True
496707,21862,Unknown Product,-1,2010-02-03 13:47:00,0.0,,United Kingdom,RETURN,False,unknown,2010-02-03,2010,2,2,True,PRICE_ZERO,True
496708,21863,Unknown Product,-1,2010-02-03 13:47:00,0.0,,United Kingdom,RETURN,False,unknown,2010-02-03,2010,2,2,True,PRICE_ZERO,True
496709,40046C,PINK BUTTERFLY PAPER LAMPSHADE,-1,2010-02-03 13:51:00,0.0,,United Kingdom,RETURN,True,recovered,2010-02-03,2010,2,2,True,PRICE_ZERO,True
496711,72045A,Unknown Product,-1,2010-02-03 13:54:00,0.0,,United Kingdom,RETURN,False,unknown,2010-02-03,2010,2,2,True,PRICE_ZERO,True
496712,72748,Unknown Product,-1,2010-02-03 13:54:00,0.0,,United Kingdom,RETURN,False,unknown,2010-02-03,2010,2,2,True,PRICE_ZERO,True
496713,79064C,Unknown Product,-1,2010-02-03 13:55:00,0.0,,United Kingdom,RETURN,False,unknown,2010-02-03,2010,2,2,True,PRICE_ZERO,True
496714,79302C,Unknown Product,-1,2010-02-03 13:55:00,0.0,,United Kingdom,RETURN,False,unknown,2010-02-03,2010,2,2,True,PRICE_ZERO,True
496715,79302J,Unknown Product,-1,2010-02-03 13:57:00,0.0,,United Kingdom,RETURN,False,unknown,2010-02-03,2010,2,2,True,PRICE_ZERO,True
496716,79308B,MOSAIC CANDLE DISH BLUE PURPLE,-1,2010-02-03 13:57:00,0.0,,United Kingdom,RETURN,True,recovered,2010-02-03,2010,2,2,True,PRICE_ZERO,True
496717,84248E,Unknown Product,-1,2010-02-03 13:59:00,0.0,,United Kingdom,RETURN,False,unknown,2010-02-03,2010,2,2,True,PRICE_ZERO,True
496718,84933D,Unknown Product,-1,2010-02-03 14:02:00,0.0,,United Kingdom,RETURN,False,unknown,2010-02-03,2010,2,2,True,PRICE_ZERO,True
496720,85057,Unknown Product,-1,2010-02-03 14:03:00,0.0,,United Kingdom,RETURN,False,unknown,2010-02-03,2010,2,2,True,PRICE_ZERO,True
496721,90097,Unknown Product,-1,2010-02-03 14:03:00,0.0,,United Kingdom,RETURN,False,unknown,2010-02-03,2010,2,2,True,PRICE_ZERO,True
496722,DCGSSGIRL,GIRLS PARTY BAG,-1,2010-02-03 14:04:00,0.0,,United Kingdom,RETURN,True,recovered,2010-02-03,2010,2,2,True,PRICE_ZERO,True
496723,21489,BLUE WHITE SCARF HOT WATER BOTTLE,-1,2010-02-03 14:05:00,0.0,,United Kingdom,RETURN,True,recovered,2010-02-03,2010,2,2,True,PRICE_ZERO,True
496724,21835,Unknown Product,-1,2010-02-03 14:06:00,0.0,,United Kingdom,RETURN,False,unknown,2010-02-03,2010,2,2,True,PRICE_ZERO,True
496726,35818C,"ACRYLIC JEWEL ICICLE, CLEAR",-1,2010-02-03 14:21:00,0.0,,United Kingdom,RETURN,True,recovered,2010-02-03,2010,2,2,True,PRICE_ZERO,True
496731,72755A,Unknown Product,-1,2010-02-03 14:24:00,0.0,,United Kingdom,RETURN,False,unknown,2010-02-03,2010,2,2,True,PRICE_ZERO,True
496732,79333,Unknown Product,-1,2010-02-03 14:25:00,0.0,,United Kingdom,RETURN,False,unknown,2010-02-03,2010,2,2,True,PRICE_ZERO,True
496736,82576,Unknown Product,-1,2010-02-03 14:26:00,0.0,,United Kingdom,RETURN,False,unknown,2010-02-03,2010,2,2,True,PRICE_ZERO,True
496734,82096,Unknown Product,-1,2010-02-03 14:26:00,0.0,,United Kingdom,RETURN,False,unknown,2010-02-03,2010,2,2,True,PRICE_ZERO,True
496738,84567,FROSTED GLASS WITH SILVER SURROUND,-1,2010-02-03 14:27:00,0.0,,United Kingdom,RETURN,True,recovered,2010-02-03,2010,2,2,True,PRICE_ZERO,True
496740,DCGS0006,Unknown Product,-1,2010-02-03 14:28:00,0.0,,United Kingdom,RETURN,False,unknown,2010-02-03,2010,2,2,True,PRICE_ZERO,True
496741,DCGS0016,Unknown Product,-1,2010-02-03 14:29:00,0.0,,United Kingdom,RETURN,False,unknown,2010-02-03,2010,2,2,True,PRICE_ZERO,True
496742,DCGS0027,Unknown Product,-1,2010-02-03 14:29:00,0.0,,United Kingdom,RETURN,False,unknown,2010-02-03,2010,2,2,True,PRICE_ZERO,True
496744,DCGS0036,Unknown Product,-1,2010-02-03 14:35:00,0.0,,United Kingdom,RETURN,False,unknown,2010-02-03,2010,2,2,True,PRICE_ZERO,True
496746,DCGS0039,Unknown Product,-1,2010-02-03 14:36:00,0.0,,United Kingdom,RETURN,False,unknown,2010-02-03,2010,2,2,True,PRICE_ZERO,True
496747,16245B,Unknown Product,-2,2010-02-03 14:49:00,0.0,,United Kingdom,RETURN,False,unknown,2010-02-03,2010,2,2,True,PRICE_ZERO,True
496748,16222B,Unknown Product,-2,2010-02-03 14:50:00,0.0,,United Kingdom,RETURN,False,unknown,2010-02-03,2010,2,2,True,PRICE_ZERO,True
496749,17017,Unknown Product,-2,2010-02-03 14:51:00,0.0,,United Kingdom,RETURN,False,unknown,2010-02-03,2010,2,2,True,PRICE_ZERO,True
496751,18033,Unknown Product,-2,2010-02-03 14:52:00,0.0,,United Kingdom,RETURN,False,unknown,2010-02-03,2010,2,2,True,PRICE_ZERO,True
496752,21301,Unknown Product,-2,2010-02-03 14:56:00,0.0,,United Kingdom,RETURN,False,unknown,2010-02-03,2010,2,2,True,PRICE_ZERO,True
496753,21525,BEWARE OF THE CAT DOORMAT,-2,2010-02-03 14:57:00,0.0,,United Kingdom,RETURN,True,recovered,2010-02-03,2010,2,2,True,PRICE_ZERO,True
496754,21601,Unknown Product,-2,2010-02-03 14:58:00,0.0,,United Kingdom,RETURN,False,unknown,2010-02-03,2010,2,2,True,PRICE_ZERO,True
496755,35001C,HAND OPEN SHAPE CHROME,-2,2010-02-03 14:59:00,0.0,,United Kingdom,RETURN,True,recovered,2010-02-03,2010,2,2,True,PRICE_ZERO,True
496756,35232,Unknown Product,-2,2010-02-03 15:00:00,0.0,,United Kingdom,RETURN,False,unknown,2010-02-03,2010,2,2,True,PRICE_ZERO,True
496757,37504,Unknown Product,-2,2010-02-03 15:01:00,0.0,,United Kingdom,RETURN,False,unknown,2010-02-03,2010,2,2,True,PRICE_ZERO,True
496758,48173A,DOOR MAT BLUE FLOCK,-2,2010-02-03 15:02:00,0.0,,United Kingdom,RETURN,True,recovered,2010-02-03,2010,2,2,True,PRICE_ZERO,True
496760,72809,Unknown Product,-2,2010-02-03 15:03:00,0.0,,United Kingdom,RETURN,False,unknown,2010-02-03,2010,2,2,True,PRICE_ZERO,True
496759,72798B,Unknown Product,-2,2010-02-03 15:03:00,0.0,,United Kingdom,RETURN,False,unknown,2010-02-03,2010,2,2,True,PRICE_ZERO,True
496761,79057B,Unknown Product,-2,2010-02-03 15:03:00,0.0,,United Kingdom,RETURN,False,unknown,2010-02-03,2010,2,2,True,PRICE_ZERO,True
496763,84341A,Unknown Product,-2,2010-02-03 15:04:00,0.0,,United Kingdom,RETURN,False,unknown,2010-02-03,2010,2,2,True,PRICE_ZERO,True
496762,79082C,Unknown Product,-2,2010-02-03 15:04:00,0.0,,United Kingdom,RETURN,False,unknown,2010-02-03,2010,2,2,True,PRICE_ZERO,True
496764,84585L,Unknown Product,-2,2010-02-03 15:05:00,0.0,,United Kingdom,RETURN,False,unknown,2010-02-03,2010,2,2,True,PRICE_ZERO,True
496766,84699,Unknown Product,-2,2010-02-03 15:06:00,0.0,,United Kingdom,RETURN,False,unknown,2010-02-03,2010,2,2,True,PRICE_ZERO,True
496765,84672A,Unknown Product,-2,2010-02-03 15:06:00,0.0,,United Kingdom,RETURN,False,unknown,2010-02-03,2010,2,2,True,PRICE_ZERO,True
496767,84752B,Unknown Product,-2,2010-02-03 15:07:00,0.0,,United Kingdom,RETURN,False,unknown,2010-02-03,2010,2,2,True,PRICE_ZERO,True
496769,84845A,HOLLYHOCK SQUARE HANDY TIN,-2,2010-02-03 15:08:00,0.0,,United Kingdom,RETURN,True,recovered,2010-02-03,2010,2,2,True,PRICE_ZERO,True
496776,85051,Unknown Product,-2,2010-02-03 15:55:00,0.0,,United Kingdom,RETURN,False,unknown,2010-02-03,2010,2,2,True,PRICE_ZERO,True
496777,85056,Unknown Product,-2,2010-02-03 15:56:00,0.0,,United Kingdom,RETURN,False,unknown,2010-02-03,2010,2,2,True,PRICE_ZERO,True
496778,85077,KISSING REINDEER TABLE RUNNER,-2,2010-02-03 15:57:00,0.0,,United Kingdom,RETURN,True,recovered,2010-02-03,2010,2,2,True,PRICE_ZERO,True
496779,85171,S/2 HYACINTH BULB CANDLES,-2,2010-02-03 15:58:00,0.0,,United Kingdom,RETURN,True,recovered,2010-02-03,2010,2,2,True,PRICE_ZERO,True
496780,16248A,Unknown Product,-3,2010-02-03 15:59:00,0.0,,United Kingdom,RETURN,False,unknown,2010-02-03,2010,2,2,True,PRICE_ZERO,True
496781,18096B,Unknown Product,-3,2010-02-03 16:00:00,0.0,,United Kingdom,RETURN,False,unknown,2010-02-03,2010,2,2,True,PRICE_ZERO,True
496782,21227,Unknown Product,-3,2010-02-03 16:02:00,0.0,,United Kingdom,RETURN,False,unknown,2010-02-03,2010,2,2,True,PRICE_ZERO,True
496784,70037L,Unknown Product,-3,2010-02-03 16:04:00,0.0,,United Kingdom,RETURN,False,unknown,2010-02-03,2010,2,2,True,PRICE_ZERO,True
496785,35473,Unknown Product,-3,2010-02-03 16:05:00,0.0,,United Kingdom,RETURN,False,unknown,2010-02-03,2010,2,2,True,PRICE_ZERO,True
496789,16065A,Unknown Product,-2,2010-02-03 16:44:00,0.0,,United Kingdom,RETURN,False,unknown,2010-02-03,2010,2,2,True,PRICE_ZERO,True
496790,18010,ASSORTED FRAGRANCE BATH CONFETTI,-2,2010-02-03 16:45:00,0.0,,United Kingdom,RETURN,True,recovered,2010-02-03,2010,2,2,True,PRICE_ZERO,True
496791,21183,Unknown Product,-2,2010-02-03 16:45:00,0.0,,United Kingdom,RETURN,False,unknown,2010-02-03,2010,2,2,True,PRICE_ZERO,True
496793,37432,MUG PINK AND PURPLE ARABIC DESIGN,-2,2010-02-03 16:46:00,0.0,,United Kingdom,RETURN,True,recovered,2010-02-03,2010,2,2,True,PRICE_ZERO,True
496794,84648,NEW BAROQUE WALL MIRROR,-1,2010-02-03 16:47:00,0.0,,United Kingdom,RETURN,True,recovered,2010-02-03,2010,2,2,True,PRICE_ZERO,True
496795,84705E,Unknown Product,-2,2010-02-03 16:48:00,0.0,,United Kingdom,RETURN,False,unknown,2010-02-03,2010,2,2,True,PRICE_ZERO,True
496796,84825,Unknown Product,-2,2010-02-03 16:48:00,0.0,,United Kingdom,RETURN,False,unknown,2010-02-03,2010,2,2,True,PRICE_ZERO,True
496797,84933A,LARGE GREEN PEONY FOLDING STOOL,-2,2010-02-03 16:49:00,0.0,,United Kingdom,RETURN,True,recovered,2010-02-03,2010,2,2,True,PRICE_ZERO,True
496798,90197A,Unknown Product,-2,2010-02-03 16:50:00,0.0,,United Kingdom,RETURN,False,unknown,2010-02-03,2010,2,2,True,PRICE_ZERO,True
496799,85069,CREAM SWEETHEART DOUBLE SHELF,-2,2010-02-03 16:50:00,0.0,,United Kingdom,RETURN,True,recovered,2010-02-03,2010,2,2,True,PRICE_ZERO,True
496806,79315B,Unknown Product,-3,2010-02-04 09:39:00,0.0,,United Kingdom,RETURN,False,unknown,2010-02-04,2010,2,3,True,PRICE_ZERO,True
496807,72754D,F FAIRY POTPOURRI CUSHIONS SUMMER,-3,2010-02-04 09:41:00,0.0,,United Kingdom,RETURN,True,recovered,2010-02-04,2010,2,3,True,PRICE_ZERO,True
496808,79070B,Unknown Product,-3,2010-02-04 09:42:00,0.0,,United Kingdom,RETURN,False,unknown,2010-02-04,2010,2,3,True,PRICE_ZERO,True
496809,84460A,Unknown Product,-3,2010-02-04 09:43:00,0.0,,United Kingdom,RETURN,False,unknown,2010-02-04,2010,2,3,True,PRICE_ZERO,True
496810,84750C,Unknown Product,-3,2010-02-04 09:43:00,0.0,,United Kingdom,RETURN,False,unknown,2010-02-04,2010,2,3,True,PRICE_ZERO,True
496811,84810C,Unknown Product,-3,2010-02-04 09:44:00,0.0,,United Kingdom,RETURN,False,unknown,2010-02-04,2010,2,3,True,PRICE_ZERO,True
496812,84938,Unknown Product,-3,2010-02-04 09:44:00,0.0,,United Kingdom,RETURN,False,unknown,2010-02-04,2010,2,3,True,PRICE_ZERO,True
496813,85105,Unknown Product,-3,2010-02-04 09:45:00,0.0,,United Kingdom,RETURN,False,unknown,2010-02-04,2010,2,3,True,PRICE_ZERO,True
496814,DCGS0060,Unknown Product,-3,2010-02-04 09:46:00,0.0,,United Kingdom,RETURN,False,unknown,2010-02-04,2010,2,3,True,PRICE_ZERO,True
496815,16192,PINK BALLET OPENING CUBE BOX,-4,2010-02-04 09:47:00,0.0,,United Kingdom,RETURN,True,recovered,2010-02-04,2010,2,3,True,PRICE_ZERO,True
496844,21170,Unknown Product,-4,2010-02-04 11:30:00,0.0,,United Kingdom,RETURN,False,unknown,2010-02-04,2010,2,3,True,PRICE_ZERO,True
496845,35442,Unknown Product,-4,2010-02-04 11:32:00,0.0,,United Kingdom,RETURN,False,unknown,2010-02-04,2010,2,3,True,PRICE_ZERO,True
496846,35960,Unknown Product,-4,2010-02-04 11:33:00,0.0,,United Kingdom,RETURN,False,unknown,2010-02-04,2010,2,3,True,PRICE_ZERO,True
496847,37438,FUNKY FLOWER COFFEE POT,-4,2010-02-04 11:36:00,0.0,,United Kingdom,RETURN,True,recovered,2010-02-04,2010,2,3,True,PRICE_ZERO,True
496848,37483,ENGLISH ROSE MUG IN GIFT BOX,-4,2010-02-04 11:37:00,0.0,,United Kingdom,RETURN,True,recovered,2010-02-04,2010,2,3,True,PRICE_ZERO,True
496849,72348B,Unknown Product,-4,2010-02-04 11:38:00,0.0,,United Kingdom,RETURN,False,unknown,2010-02-04,2010,2,3,True,PRICE_ZERO,True
496852,72771C,BLACK FLOCK GOLD CANDLE,-4,2010-02-04 11:41:00,0.0,,United Kingdom,RETURN,True,recovered,2010-02-04,2010,2,3,True,PRICE_ZERO,True
496853,84395,Unknown Product,-4,2010-02-04 11:43:00,0.0,,United Kingdom,RETURN,False,unknown,2010-02-04,2010,2,3,True,PRICE_ZERO,True
496855,DCGS0056,Unknown Product,-4,2010-02-04 11:46:00,0.0,,United Kingdom,RETURN,False,unknown,2010-02-04,2010,2,3,True,PRICE_ZERO,True
496854,85148,Unknown Product,-4,2010-02-04 11:46:00,0.0,,United Kingdom,RETURN,False,unknown,2010-02-04,2010,2,3,True,PRICE_ZERO,True
496856,16155H,Unknown Product,-5,2010-02-04 11:47:00,0.0,,United Kingdom,RETURN,False,unknown,2010-02-04,2010,2,3,True,PRICE_ZERO,True
496857,21104,Unknown Product,-5,2010-02-04 11:50:00,0.0,,United Kingdom,RETURN,False,unknown,2010-02-04,2010,2,3,True,PRICE_ZERO,True
496858,37490C,Unknown Product,-5,2010-02-04 12:01:00,0.0,,United Kingdom,RETURN,False,unknown,2010-02-04,2010,2,3,True,PRICE_ZERO,True
496859,45008L,Unknown Product,-5,2010-02-04 12:01:00,0.0,,United Kingdom,RETURN,False,unknown,2010-02-04,2010,2,3,True,PRICE_ZERO,True
496861,84897A,Unknown Product,-5,2010-02-04 12:02:00,0.0,,United Kingdom,RETURN,False,unknown,2010-02-04,2010,2,3,True,PRICE_ZERO,True
496860,72620A,Unknown Product,-5,2010-02-04 12:02:00,0.0,,United Kingdom,RETURN,False,unknown,2010-02-04,2010,2,3,True,PRICE_ZERO,True
496874,21893,POTTING SHED SEED TIN,-1,2010-02-04 13:45:00,0.0,,United Kingdom,RETURN,True,recovered,2010-02-04,2010,2,3,True,PRICE_ZERO,True
496875,75132,Unknown Product,-3,2010-02-04 13:45:00,0.0,,United Kingdom,RETURN,False,unknown,2010-02-04,2010,2,3,True,PRICE_ZERO,True
496878,84626,CANDY STRIPE ROSE QUILT,-3,2010-02-04 13:47:00,0.0,,United Kingdom,RETURN,True,recovered,2010-02-04,2010,2,3,True,PRICE_ZERO,True
496879,10109,BENDY COLOUR PENCILS,-4,2010-02-04 13:47:00,0.0,,United Kingdom,RETURN,True,recovered,2010-02-04,2010,2,3,True,PRICE_ZERO,True
496880,20753,RETRO PINK SPOT WASHING UP GLOVES,-4,2010-02-04 13:48:00,0.0,,United Kingdom,RETURN,True,recovered,2010-02-04,2010,2,3,True,PRICE_ZERO,True
496884,44276,Unknown Product,-4,2010-02-04 14:14:00,0.0,,United Kingdom,RETURN,False,unknown,2010-02-04,2010,2,3,True,PRICE_ZERO,True
496883,21909,Unknown Product,-4,2010-02-04 14:14:00,0.0,,United Kingdom,RETURN,False,unknown,2010-02-04,2010,2,3,True,PRICE_ZERO,True
496885,47554,S/3 COLOURS FLOCK TEA TOWELS,-4,2010-02-04 14:15:00,0.0,,United Kingdom,RETURN,True,recovered,2010-02-04,2010,2,3,True,PRICE_ZERO,True
496886,72796C,S/3 ROSE GARDEN SCENT SQU CANDLE,-4,2010-02-04 14:15:00,0.0,,United Kingdom,RETURN,True,recovered,2010-02-04,2010,2,3,True,PRICE_ZERO,True
496890,82039C,Unknown Product,-4,2010-02-04 14:16:00,0.0,,United Kingdom,RETURN,False,unknown,2010-02-04,2010,2,3,True,PRICE_ZERO,True
496887,79301,FEATHER HEART LIGHTS,-4,2010-02-04 14:16:00,0.0,,United Kingdom,RETURN,True,recovered,2010-02-04,2010,2,3,True,PRICE_ZERO,True
496892,84857B,BLUE MONTE CARLO HANDBAG,-4,2010-02-04 14:17:00,0.0,,United Kingdom,RETURN,True,recovered,2010-02-04,2010,2,3,True,PRICE_ZERO,True
496894,84873B,Unknown Product,-4,2010-02-04 14:17:00,0.0,,United Kingdom,RETURN,False,unknown,2010-02-04,2010,2,3,True,PRICE_ZERO,True
496895,21081,SET/20 POSIES PAPER NAPKINS,-5,2010-02-04 14:18:00,0.0,,United Kingdom,RETURN,True,recovered,2010-02-04,2010,2,3,True,PRICE_ZERO,True
496897,37326,FAIRY DESIGN MUGS,-5,2010-02-04 14:18:00,0.0,,United Kingdom,RETURN,True,recovered,2010-02-04,2010,2,3,True,PRICE_ZERO,True
496901,21685,MEDINA STAMPED METAL TRAY,-4,2010-02-04 14:20:00,0.0,,United Kingdom,RETURN,True,recovered,2010-02-04,2010,2,3,True,PRICE_ZERO,True
496903,21176,Unknown Product,-6,2010-02-04 14:44:00,0.0,,United Kingdom,RETURN,False,unknown,2010-02-04,2010,2,3,True,PRICE_ZERO,True
496902,21053,ZINC HEART HANGER WITH HOOKS,-6,2010-02-04 14:44:00,0.0,,United Kingdom,RETURN,True,recovered,2010-02-04,2010,2,3,True,PRICE_ZERO,True
496906,35970,ZINC FOLKART SLEIGH BELLS,-6,2010-02-04 14:47:00,0.0,,United Kingdom,RETURN,True,recovered,2010-02-04,2010,2,3,True,PRICE_ZERO,True
496905,35926,Unknown Product,-6,2010-02-04 14:47:00,0.0,,United Kingdom,RETURN,False,unknown,2010-02-04,2010,2,3,True,PRICE_ZERO,True
496908,79003B,Unknown Product,-6,2010-02-04 14:49:00,0.0,,United Kingdom,RETURN,False,unknown,2010-02-04,2010,2,3,True,PRICE_ZERO,True
496909,84371,BIG PINK POODLE,-6,2010-02-04 14:49:00,0.0,,United Kingdom,RETURN,True,recovered,2010-02-04,2010,2,3,True,PRICE_ZERO,True
496910,84904,Unknown Product,-6,2010-02-04 14:51:00,0.0,,United Kingdom,RETURN,False,unknown,2010-02-04,2010,2,3,True,PRICE_ZERO,True
496936,21236,Unknown Product,-6,2010-02-04 17:13:00,0.0,,United Kingdom,RETURN,False,unknown,2010-02-04,2010,2,3,True,PRICE_ZERO,True
496938,22170,PICTURE FRAME WOOD TRIPLE PORTRAIT,-6,2010-02-04 17:19:00,0.0,,United Kingdom,RETURN,True,recovered,2010-02-04,2010,2,3,True,PRICE_ZERO,True
496937,20955,Unknown Product,-6,2010-02-04 17:19:00,0.0,,United Kingdom,RETURN,False,unknown,2010-02-04,2010,2,3,True,PRICE_ZERO,True
496939,72140D,Unknown Product,-6,2010-02-04 17:20:00,0.0,,United Kingdom,RETURN,False,unknown,2010-02-04,2010,2,3,True,PRICE_ZERO,True
496940,90060C,FIRE POLISHED GLASS NECKL SILVER,-4,2010-02-04 17:21:00,0.0,,United Kingdom,RETURN,True,recovered,2010-02-04,2010,2,3,True,PRICE_ZERO,True
496941,84427B,BLACK GLASS TV DOUBLE P/FRAME 15X10,-6,2010-02-04 17:22:00,0.0,,United Kingdom,RETURN,True,recovered,2010-02-04,2010,2,3,True,PRICE_ZERO,True
496943,72805,VANILLA CANDLE IN EMBOSSED ZINC POT,-1,2010-02-04 17:23:00,0.0,,United Kingdom,RETURN,True,recovered,2010-02-04,2010,2,3,True,PRICE_ZERO,True
496950,16168S,missing,-460,2010-02-04 18:45:00,0.0,,United Kingdom,RETURN,False,original,2010-02-04,2010,2,3,True,PRICE_ZERO,True
496951,15060A,Unknown Product,-8,2010-02-04 18:55:00,0.0,,United Kingdom,RETURN,False,unknown,2010-02-04,2010,2,3,True,PRICE_ZERO,True
496952,21231,SWEETHEART CERAMIC TRINKET BOX,-7,2010-02-04 19:02:00,0.0,,United Kingdom,RETURN,True,recovered,2010-02-04,2010,2,3,True,PRICE_ZERO,True
496953,21382,SET/4 SPRING FLOWER DECORATION,-7,2010-02-04 19:03:00,0.0,,United Kingdom,RETURN,True,recovered,2010-02-04,2010,2,3,True,PRICE_ZERO,True
496954,21510,Unknown Product,-7,2010-02-04 19:04:00,0.0,,United Kingdom,RETURN,False,unknown,2010-02-04,2010,2,3,True,PRICE_ZERO,True
496955,21772,VINTAGE METAL CAKE STAND CREAM,-7,2010-02-04 19:05:00,0.0,,United Kingdom,RETURN,True,recovered,2010-02-04,2010,2,3,True,PRICE_ZERO,True
496956,47559,Unknown Product,-7,2010-02-04 19:06:00,0.0,,United Kingdom,RETURN,False,unknown,2010-02-04,2010,2,3,True,PRICE_ZERO,True
496957,72671B,Unknown Product,-7,2010-02-04 19:07:00,0.0,,United Kingdom,RETURN,False,unknown,2010-02-04,2010,2,3,True,PRICE_ZERO,True
496958,85207B,Unknown Product,-7,2010-02-04 19:09:00,0.0,,United Kingdom,RETURN,False,unknown,2010-02-04,2010,2,3,True,PRICE_ZERO,True
496960,16132,Unknown Product,-8,2010-02-04 19:24:00,0.0,,United Kingdom,RETURN,False,unknown,2010-02-04,2010,2,3,True,PRICE_ZERO,True
496964,90000C,OPAL WHITE/SILVER FLOWER NECKLACE,-7,2010-02-04 19:44:00,0.0,,United Kingdom,RETURN,True,recovered,2010-02-04,2010,2,3,True,PRICE_ZERO,True
496965,84942,KASHMIR FOLKART HEART DISHES,-7,2010-02-04 19:44:00,0.0,,United Kingdom,RETURN,True,recovered,2010-02-04,2010,2,3,True,PRICE_ZERO,True
496968,72753C,S/3 FLWR FAIRY ROSE CANDLES,-4,2010-02-04 19:45:00,0.0,,United Kingdom,RETURN,True,recovered,2010-02-04,2010,2,3,True,PRICE_ZERO,True
496966,84867B,Unknown Product,-7,2010-02-04 19:45:00,0.0,,United Kingdom,RETURN,False,unknown,2010-02-04,2010,2,3,True,PRICE_ZERO,True
496967,72801F,S/4 FESTIVE RED DINNER CANDLES,-7,2010-02-04 19:45:00,0.0,,United Kingdom,RETURN,True,recovered,2010-02-04,2010,2,3,True,PRICE_ZERO,True
496971,21083,Unknown Product,-7,2010-02-04 19:46:00,0.0,,United Kingdom,RETURN,False,unknown,2010-02-04,2010,2,3,True,PRICE_ZERO,True
496969,47569,ENGLISH ROSE DESIGN SHOPPING BAG,-7,2010-02-04 19:46:00,0.0,,United Kingdom,RETURN,True,recovered,2010-02-04,2010,2,3,True,PRICE_ZERO,True
496983,21057,Unknown Product,-8,2010-02-05 10:55:00,0.0,,United Kingdom,RETURN,False,unknown,2010-02-05,2010,2,4,True,PRICE_ZERO,True
496984,35794,Unknown Product,-8,2010-02-05 11:18:00,0.0,,United Kingdom,RETURN,False,unknown,2010-02-05,2010,2,4,True,PRICE_ZERO,True
496985,72798A,Unknown Product,-8,2010-02-05 11:19:00,0.0,,United Kingdom,RETURN,False,unknown,2010-02-05,2010,2,4,True,PRICE_ZERO,True
496986,84845B,Unknown Product,-8,2010-02-05 11:20:00,0.0,,United Kingdom,RETURN,False,unknown,2010-02-05,2010,2,4,True,PRICE_ZERO,True
496988,DCGS0059,Unknown Product,-8,2010-02-05 11:21:00,0.0,,United Kingdom,RETURN,False,unknown,2010-02-05,2010,2,4,True,PRICE_ZERO,True
496989,20946,Unknown Product,-9,2010-02-05 11:22:00,0.0,,United Kingdom,RETURN,False,unknown,2010-02-05,2010,2,4,True,PRICE_ZERO,True
496991,21005,Unknown Product,-9,2010-02-05 11:22:00,0.0,,United Kingdom,RETURN,False,unknown,2010-02-05,2010,2,4,True,PRICE_ZERO,True
496993,21776,Unknown Product,-9,2010-02-05 11:23:00,0.0,,United Kingdom,RETURN,False,unknown,2010-02-05,2010,2,4,True,PRICE_ZERO,True
496992,21512,Unknown Product,-9,2010-02-05 11:23:00,0.0,,United Kingdom,RETURN,False,unknown,2010-02-05,2010,2,4,True,PRICE_ZERO,True
496995,44228,CANNABIS LEAF BEAD CURTAIN,-9,2010-02-05 11:35:00,0.0,,United Kingdom,RETURN,True,recovered,2010-02-05,2010,2,4,True,PRICE_ZERO,True
496997,72739B,WHITE CHOCOLATE SCENT CANDLE,-9,2010-02-05 11:38:00,0.0,,United Kingdom,RETURN,True,recovered,2010-02-05,2010,2,4,True,PRICE_ZERO,True
496998,48169,Unknown Product,-9,2010-02-05 11:39:00,0.0,,United Kingdom,RETURN,False,unknown,2010-02-05,2010,2,4,True,PRICE_ZERO,True
496999,72806,Unknown Product,-9,2010-02-05 11:40:00,0.0,,United Kingdom,RETURN,False,unknown,2010-02-05,2010,2,4,True,PRICE_ZERO,True
497001,82609,Unknown Product,-9,2010-02-05 11:41:00,0.0,,United Kingdom,RETURN,False,unknown,2010-02-05,2010,2,4,True,PRICE_ZERO,True
497009,21308,LOUVRE VANITY MIRROR,-8,2010-02-05 12:35:00,0.0,,United Kingdom,RETURN,True,recovered,2010-02-05,2010,2,4,True,PRICE_ZERO,True
497010,82553,POP'S GREASY SPOON METAL SIGN,-6,2010-02-05 12:36:00,0.0,,United Kingdom,RETURN,True,recovered,2010-02-05,2010,2,4,True,PRICE_ZERO,True
497013,84857A,SILVER MONTE CARLO HANDBAG,-2,2010-02-05 12:37:00,0.0,,United Kingdom,RETURN,True,recovered,2010-02-05,2010,2,4,True,PRICE_ZERO,True
497014,35004S,SET OF 3 SILVER FLYING DUCKS,-9,2010-02-05 12:37:00,0.0,,United Kingdom,RETURN,True,recovered,2010-02-05,2010,2,4,True,PRICE_ZERO,True
497016,35930,PINK HEART CHRISTMAS DECORATION,-9,2010-02-05 12:38:00,0.0,,United Kingdom,RETURN,True,recovered,2010-02-05,2010,2,4,True,PRICE_ZERO,True
497017,37348,SET OF 4 PASTEL STACKING MUGS,-2,2010-02-05 12:38:00,0.0,,United Kingdom,RETURN,True,recovered,2010-02-05,2010,2,4,True,PRICE_ZERO,True
497015,35591G,Unknown Product,-9,2010-02-05 12:38:00,0.0,,United Kingdom,RETURN,False,unknown,2010-02-05,2010,2,4,True,PRICE_ZERO,True
497018,47504J,ENGLISH ROSE SET/3 GARDEN TOOLS,-9,2010-02-05 12:39:00,0.0,,United Kingdom,RETURN,True,recovered,2010-02-05,2010,2,4,True,PRICE_ZERO,True
497019,47595B,Unknown Product,-9,2010-02-05 12:39:00,0.0,,United Kingdom,RETURN,False,unknown,2010-02-05,2010,2,4,True,PRICE_ZERO,True
497021,79413,GLASS WINE GLASS DECORATIONS,-4,2010-02-05 12:40:00,0.0,,United Kingdom,RETURN,True,recovered,2010-02-05,2010,2,4,True,PRICE_ZERO,True
497020,72754C,Unknown Product,-9,2010-02-05 12:40:00,0.0,,United Kingdom,RETURN,False,unknown,2010-02-05,2010,2,4,True,PRICE_ZERO,True
497024,90035B,"PEARL & SHELL 42""NECKL. PINK",-5,2010-02-05 13:01:00,0.0,,United Kingdom,RETURN,True,recovered,2010-02-05,2010,2,4,True,PRICE_ZERO,True
497107,GIFT,Unknown Product,-9,2010-02-05 15:18:00,0.0,,United Kingdom,RETURN,False,unknown,2010-02-05,2010,2,4,True,PRICE_ZERO,True
497108,21021,Unknown Product,-10,2010-02-05 15:19:00,0.0,,United Kingdom,RETURN,False,unknown,2010-02-05,2010,2,4,True,PRICE_ZERO,True
497110,21022,Unknown Product,-10,2010-02-05 15:20:00,0.0,,United Kingdom,RETURN,False,unknown,2010-02-05,2010,2,4,True,PRICE_ZERO,True
497113,21023,Unknown Product,-10,2010-02-05 15:20:00,0.0,,United Kingdom,RETURN,False,unknown,2010-02-05,2010,2,4,True,PRICE_ZERO,True
497117,21342,Unknown Product,-10,2010-02-05 15:21:00,0.0,,United Kingdom,RETURN,False,unknown,2010-02-05,2010,2,4,True,PRICE_ZERO,True
497118,35935,Unknown Product,-10,2010-02-05 15:22:00,0.0,,United Kingdom,RETURN,False,unknown,2010-02-05,2010,2,4,True,PRICE_ZERO,True
497121,35995,SET/6 BLACK GLITTER REINDEER CANDLE,-10,2010-02-05 15:23:00,0.0,,United Kingdom,RETURN,True,recovered,2010-02-05,2010,2,4,True,PRICE_ZERO,True
497122,40002,WHITE BAMBOO RIBS LAMPSHADE,-10,2010-02-05 15:24:00,0.0,,United Kingdom,RETURN,True,recovered,2010-02-05,2010,2,4,True,PRICE_ZERO,True
497126,47285B,Unknown Product,-10,2010-02-05 15:25:00,0.0,,United Kingdom,RETURN,False,unknown,2010-02-05,2010,2,4,True,PRICE_ZERO,True
497128,72719,Unknown Product,-10,2010-02-05 15:25:00,0.0,,United Kingdom,RETURN,False,unknown,2010-02-05,2010,2,4,True,PRICE_ZERO,True
497132,47284V,Unknown Product,-11,2010-02-05 15:31:00,0.0,,United Kingdom,RETURN,False,unknown,2010-02-05,2010,2,4,True,PRICE_ZERO,True
497133,79053D,Unknown Product,-11,2010-02-05 15:32:00,0.0,,United Kingdom,RETURN,False,unknown,2010-02-05,2010,2,4,True,PRICE_ZERO,True
497134,82595,Unknown Product,-11,2010-02-05 15:33:00,0.0,,United Kingdom,RETURN,False,unknown,2010-02-05,2010,2,4,True,PRICE_ZERO,True
497135,84394,Unknown Product,-11,2010-02-05 15:33:00,0.0,,United Kingdom,RETURN,False,unknown,2010-02-05,2010,2,4,True,PRICE_ZERO,True
497137,84476A,Unknown Product,-11,2010-02-05 15:34:00,0.0,,United Kingdom,RETURN,False,unknown,2010-02-05,2010,2,4,True,PRICE_ZERO,True
497136,84448,Unknown Product,-11,2010-02-05 15:34:00,0.0,,United Kingdom,RETURN,False,unknown,2010-02-05,2010,2,4,True,PRICE_ZERO,True
497138,16249B,Unknown Product,-12,2010-02-05 15:40:00,0.0,,United Kingdom,RETURN,False,unknown,2010-02-05,2010,2,4,True,PRICE_ZERO,True
497139,71265,Unknown Product,-12,2010-02-05 15:42:00,0.0,,United Kingdom,RETURN,False,unknown,2010-02-05,2010,2,4,True,PRICE_ZERO,True
497140,72801H,Unknown Product,-12,2010-02-05 15:43:00,0.0,,United Kingdom,RETURN,False,unknown,2010-02-05,2010,2,4,True,PRICE_ZERO,True
497142,84449,Unknown Product,-12,2010-02-05 15:45:00,0.0,,United Kingdom,RETURN,False,unknown,2010-02-05,2010,2,4,True,PRICE_ZERO,True
497141,84248F,Unknown Product,-12,2010-02-05 15:45:00,0.0,,United Kingdom,RETURN,False,unknown,2010-02-05,2010,2,4,True,PRICE_ZERO,True
497144,84866,Unknown Product,-12,2010-02-05 15:46:00,0.0,,United Kingdom,RETURN,False,unknown,2010-02-05,2010,2,4,True,PRICE_ZERO,True
497143,84845C,CARNATION SQUARE HANDY TIN,-12,2010-02-05 15:46:00,0.0,,United Kingdom,RETURN,True,recovered,2010-02-05,2010,2,4,True,PRICE_ZERO,True
497145,84896C,Unknown Product,-12,2010-02-05 15:47:00,0.0,,United Kingdom,RETURN,False,unknown,2010-02-05,2010,2,4,True,PRICE_ZERO,True
497146,85079,EMBROIDERED REINDEER DECORATION,-12,2010-02-05 15:48:00,0.0,,United Kingdom,RETURN,True,recovered,2010-02-05,2010,2,4,True,PRICE_ZERO,True
497147,20881,MODERN CHRISTMAS TREE CANDLE,-13,2010-02-05 15:49:00,0.0,,United Kingdom,RETURN,True,recovered,2010-02-05,2010,2,4,True,PRICE_ZERO,True
497148,21295,Unknown Product,-13,2010-02-05 15:49:00,0.0,,United Kingdom,RETURN,False,unknown,2010-02-05,2010,2,4,True,PRICE_ZERO,True
497149,84871,Unknown Product,-13,2010-02-05 15:53:00,0.0,,United Kingdom,RETURN,False,unknown,2010-02-05,2010,2,4,True,PRICE_ZERO,True
497167,84582,PINK CROCHET CAT WITH SCARF,-3,2010-02-05 17:22:00,0.0,,United Kingdom,RETURN,True,recovered,2010-02-05,2010,2,4,True,PRICE_ZERO,True
497168,84775,Unknown Product,-9,2010-02-05 17:23:00,0.0,,United Kingdom,RETURN,False,unknown,2010-02-05,2010,2,4,True,PRICE_ZERO,True
497172,90060D,FIRE POLISHED GLASS NECKL BRONZE,-2,2010-02-05 17:24:00,0.0,,United Kingdom,RETURN,True,recovered,2010-02-05,2010,2,4,True,PRICE_ZERO,True
497170,85185F,LION SOCK PUPPET,-6,2010-02-05 17:24:00,0.0,,United Kingdom,RETURN,True,recovered,2010-02-05,2010,2,4,True,PRICE_ZERO,True
497173,90139,FLOWER BROOCH 4 ASSORTED COLOURS,-6,2010-02-05 17:25:00,0.0,,United Kingdom,RETURN,True,recovered,2010-02-05,2010,2,4,True,PRICE_ZERO,True
497174,20900,Unknown Product,-11,2010-02-05 17:25:00,0.0,,United Kingdom,RETURN,False,unknown,2010-02-05,2010,2,4,True,PRICE_ZERO,True
497175,21602,Unknown Product,-11,2010-02-05 17:25:00,0.0,,United Kingdom,RETURN,False,unknown,2010-02-05,2010,2,4,True,PRICE_ZERO,True
497176,37112,YELLOW BIRDS FELT DES FOODCOVER,-11,2010-02-05 17:26:00,0.0,,United Kingdom,RETURN,True,recovered,2010-02-05,2010,2,4,True,PRICE_ZERO,True
497178,90005B,Unknown Product,-11,2010-02-05 17:27:00,0.0,,United Kingdom,RETURN,False,unknown,2010-02-05,2010,2,4,True,PRICE_ZERO,True
497179,90197C,Unknown Product,-11,2010-02-05 17:28:00,0.0,,United Kingdom,RETURN,False,unknown,2010-02-05,2010,2,4,True,PRICE_ZERO,True
497180,90080,Unknown Product,-11,2010-02-05 17:28:00,0.0,,United Kingdom,RETURN,False,unknown,2010-02-05,2010,2,4,True,PRICE_ZERO,True
497184,20905,VINTAGE KEEPSAKE BOX BEAUTY GIRL,-12,2010-02-05 17:44:00,0.0,,United Kingdom,RETURN,True,recovered,2010-02-05,2010,2,4,True,PRICE_ZERO,True
497182,20812,EMBOSSED FLOWER TRELLIS PHOTO FRAME,-12,2010-02-05 17:44:00,0.0,,United Kingdom,RETURN,True,recovered,2010-02-05,2010,2,4,True,PRICE_ZERO,True
497183,20904,Unknown Product,-27,2010-02-05 17:44:00,0.0,,United Kingdom,RETURN,False,unknown,2010-02-05,2010,2,4,True,PRICE_ZERO,True
497185,35915A,CREAM KNITTED HEN,-13,2010-02-05 17:45:00,0.0,,United Kingdom,RETURN,True,recovered,2010-02-05,2010,2,4,True,PRICE_ZERO,True
497186,84868A,PINK BABY GIRL'S MEMORY BOX,-13,2010-02-05 17:45:00,0.0,,United Kingdom,RETURN,True,recovered,2010-02-05,2010,2,4,True,PRICE_ZERO,True
497187,84966C,GREEN KASHMIRI BOXED MIRROR,-5,2010-02-05 17:46:00,0.0,,United Kingdom,RETURN,True,recovered,2010-02-05,2010,2,4,True,PRICE_ZERO,True
497189,21740,COSY SLIPPER SHOES LARGE RED,-9,2010-02-05 17:46:00,0.0,,United Kingdom,RETURN,True,recovered,2010-02-05,2010,2,4,True,PRICE_ZERO,True
497188,21339,MARAKESH LANTERN LARGE,-3,2010-02-05 17:46:00,0.0,,United Kingdom,RETURN,True,recovered,2010-02-05,2010,2,4,True,PRICE_ZERO,True
497190,72751B,"F.FAIRY S/3 SML CANDLE, LAVENDER",-4,2010-02-05 17:47:00,0.0,,United Kingdom,RETURN,True,recovered,2010-02-05,2010,2,4,True,PRICE_ZERO,True
497191,84886,BLUE METAL WALL SHELF,-7,2010-02-05 17:47:00,0.0,,United Kingdom,RETURN,True,recovered,2010-02-05,2010,2,4,True,PRICE_ZERO,True
497241,20822,SILVER WINE GOBLET,-14,2010-02-08 11:26:00,0.0,,United Kingdom,RETURN,True,recovered,2010-02-08,2010,2,0,True,PRICE_ZERO,True
497246,22295,HEART FILIGREE DOVE LARGE,-14,2010-02-08 11:54:00,0.0,,United Kingdom,RETURN,True,recovered,2010-02-08,2010,2,0,True,PRICE_ZERO,True
497248,72331R,Unknown Product,-14,2010-02-08 11:56:00,0.0,,United Kingdom,RETURN,False,unknown,2010-02-08,2010,2,0,True,PRICE_ZERO,True
497260,20620,RED SPOTTY PASSPORT COVER,-21,2010-02-08 13:09:00,0.0,,United Kingdom,RETURN,True,recovered,2010-02-08,2010,2,0,True,PRICE_ZERO,True
497273,22271,FELTCRAFT DOLL ROSIE,-32,2010-02-08 13:51:00,0.0,,United Kingdom,RETURN,True,recovered,2010-02-08,2010,2,0,True,PRICE_ZERO,True
497275,22058,damaged?,-191,2010-02-08 13:57:00,0.0,,United Kingdom,RETURN,False,original,2010-02-08,2010,2,0,True,PRICE_ZERO,True
497332,20672,PINK TEATIME PRINT BOWL,-79,2010-02-08 14:35:00,0.0,,United Kingdom,RETURN,True,recovered,2010-02-08,2010,2,0,True,PRICE_ZERO,True
497361,21086,SET/6 RED SPOTTY PAPER CUPS,-210,2010-02-09 09:17:00,0.0,,United Kingdom,RETURN,True,recovered,2010-02-09,2010,2,1,True,PRICE_ZERO,True
497520,21256,"FRENCH BOTTLE, BRASSERIE DES ARTIST",-86,2010-02-10 13:38:00,0.0,,United Kingdom,RETURN,True,recovered,2010-02-10,2010,2,2,True,PRICE_ZERO,True
497598,22330,72 ROUND PINK DOILIES,-51,2010-02-11 09:59:00,0.0,,United Kingdom,RETURN,True,recovered,2010-02-11,2010,2,3,True,PRICE_ZERO,True
497599,21086,SET/6 RED SPOTTY PAPER CUPS,-27,2010-02-11 10:00:00,0.0,,United Kingdom,RETURN,True,recovered,2010-02-11,2010,2,3,True,PRICE_ZERO,True
497626,72484,ROSES IN WHITE HEART CANDLE,-3,2010-02-11 12:53:00,0.0,,United Kingdom,RETURN,True,recovered,2010-02-11,2010,2,3,True,PRICE_ZERO,True
497679,21343,GOLD JEWELERY BOX,-12,2010-02-11 14:35:00,0.0,,United Kingdom,RETURN,True,recovered,2010-02-11,2010,2,3,True,PRICE_ZERO,True
497693,84814A,HEXAGONAL CRYSTAL PERFUME BOTTLE,-14,2010-02-11 15:49:00,0.0,,United Kingdom,RETURN,True,recovered,2010-02-11,2010,2,3,True,PRICE_ZERO,True
497694,84511,Unknown Product,-14,2010-02-11 15:50:00,0.0,,United Kingdom,RETURN,False,unknown,2010-02-11,2010,2,3,True,PRICE_ZERO,True
497695,21514,Unknown Product,-14,2010-02-11 16:15:00,0.0,,United Kingdom,RETURN,False,unknown,2010-02-11,2010,2,3,True,PRICE_ZERO,True
497697,35654,VINTAGE BEAD FILLED PINK CUSHION,-5,2010-02-11 16:16:00,0.0,,United Kingdom,RETURN,True,recovered,2010-02-11,2010,2,3,True,PRICE_ZERO,True
497698,71434B,"BLACK RND BULLET""KEEP CLEAN"" BIN",-2,2010-02-11 16:17:00,0.0,,United Kingdom,RETURN,True,recovered,2010-02-11,2010,2,3,True,PRICE_ZERO,True
497699,71477,COLOUR GLASS. STAR T-LIGHT HOLDER,-14,2010-02-11 16:17:00,0.0,,United Kingdom,RETURN,True,recovered,2010-02-11,2010,2,3,True,PRICE_ZERO,True
497701,84849C,Unknown Product,-14,2010-02-11 16:18:00,0.0,,United Kingdom,RETURN,False,unknown,2010-02-11,2010,2,3,True,PRICE_ZERO,True
497702,16119,FUNKY GIRL ADDRESS BOOK,-15,2010-02-11 16:19:00,0.0,,United Kingdom,RETURN,True,recovered,2010-02-11,2010,2,3,True,PRICE_ZERO,True
497703,84868B,BLUE BABY BOY'S MEMORY BOX,-9,2010-02-11 16:19:00,0.0,,United Kingdom,RETURN,True,recovered,2010-02-11,2010,2,3,True,PRICE_ZERO,True
497704,21113,Unknown Product,-15,2010-02-11 16:21:00,0.0,,United Kingdom,RETURN,False,unknown,2010-02-11,2010,2,3,True,PRICE_ZERO,True
497705,35983,Unknown Product,-15,2010-02-11 16:24:00,0.0,,United Kingdom,RETURN,False,unknown,2010-02-11,2010,2,3,True,PRICE_ZERO,True
497713,84250H,Unknown Product,-15,2010-02-11 16:56:00,0.0,,United Kingdom,RETURN,False,unknown,2010-02-11,2010,2,3,True,PRICE_ZERO,True
497714,84600A,Unknown Product,-15,2010-02-11 17:05:00,0.0,,United Kingdom,RETURN,False,unknown,2010-02-11,2010,2,3,True,PRICE_ZERO,True
497718,35837,SET OF SIX SILVER+RED FLOCK BAUBLES,-15,2010-02-11 18:09:00,0.0,,United Kingdom,RETURN,True,recovered,2010-02-11,2010,2,3,True,PRICE_ZERO,True
497719,79030A,"TUMBLER, ENGLISH ROSE",-15,2010-02-11 18:10:00,0.0,,United Kingdom,RETURN,True,recovered,2010-02-11,2010,2,3,True,PRICE_ZERO,True
497720,84564,6 SEGMENT COLOURED SNACK BOWL,-9,2010-02-11 18:11:00,0.0,,United Kingdom,RETURN,True,recovered,2010-02-11,2010,2,3,True,PRICE_ZERO,True
497721,84964A,PINK PAINTED KASHMIRI TABLE,-4,2010-02-11 18:11:00,0.0,,United Kingdom,RETURN,True,recovered,2010-02-11,2010,2,3,True,PRICE_ZERO,True
497722,85114C,RED ENCHANTED FOREST PLACEMAT,-11,2010-02-11 18:11:00,0.0,,United Kingdom,RETURN,True,recovered,2010-02-11,2010,2,3,True,PRICE_ZERO,True
497723,90024A,NEW BAROQUE B'FLY NECKLACE BLACK,-4,2010-02-11 18:12:00,0.0,,United Kingdom,RETURN,True,recovered,2010-02-11,2010,2,3,True,PRICE_ZERO,True
497724,90197D,AMBER GLASS BRACELET HEART CHARMS,-11,2010-02-11 18:12:00,0.0,,United Kingdom,RETURN,True,recovered,2010-02-11,2010,2,3,True,PRICE_ZERO,True
497726,16201B,PASTEL BLUE PHOTO ALBUM,-12,2010-02-11 18:13:00,0.0,,United Kingdom,RETURN,True,recovered,2010-02-11,2010,2,3,True,PRICE_ZERO,True
497727,20710,Unknown Product,-16,2010-02-11 18:13:00,0.0,,United Kingdom,RETURN,False,unknown,2010-02-11,2010,2,3,True,PRICE_ZERO,True
497728,48179,DOOR MAT SWEET HOME,-16,2010-02-11 18:14:00,0.0,,United Kingdom,RETURN,True,recovered,2010-02-11,2010,2,3,True,PRICE_ZERO,True
497730,84597A,Unknown Product,-16,2010-02-11 18:14:00,0.0,,United Kingdom,RETURN,False,unknown,2010-02-11,2010,2,3,True,PRICE_ZERO,True
497731,84967C,GREEN KASHMIRI OCCASIONAL TABLE,-5,2010-02-11 18:15:00,0.0,,United Kingdom,RETURN,True,recovered,2010-02-11,2010,2,3,True,PRICE_ZERO,True
497811,DCGSLBOY,Unknown Product,-16,2010-02-12 14:45:00,0.0,,United Kingdom,RETURN,False,unknown,2010-02-12,2010,2,4,True,PRICE_ZERO,True
497813,20939,ORANGE CANDLE,-17,2010-02-12 14:46:00,0.0,,United Kingdom,RETURN,True,recovered,2010-02-12,2010,2,4,True,PRICE_ZERO,True
497814,21225,POCKET MIRROR BUTTERFLY,-17,2010-02-12 14:48:00,0.0,,United Kingdom,RETURN,True,recovered,2010-02-12,2010,2,4,True,PRICE_ZERO,True
497818,84248B,Unknown Product,-17,2010-02-12 14:55:00,0.0,,United Kingdom,RETURN,False,unknown,2010-02-12,2010,2,4,True,PRICE_ZERO,True
497820,20885,BOX OF 3 PEBBLE CANDLES,-19,2010-02-12 15:03:00,0.0,,United Kingdom,RETURN,True,recovered,2010-02-12,2010,2,4,True,PRICE_ZERO,True
497835,47361,Unknown Product,-19,2010-02-12 15:13:00,0.0,,United Kingdom,RETURN,False,unknown,2010-02-12,2010,2,4,True,PRICE_ZERO,True
497837,16210,Unknown Product,-20,2010-02-12 15:17:00,0.0,,United Kingdom,RETURN,False,unknown,2010-02-12,2010,2,4,True,PRICE_ZERO,True
497838,21024,Unknown Product,-20,2010-02-12 15:18:00,0.0,,United Kingdom,RETURN,False,unknown,2010-02-12,2010,2,4,True,PRICE_ZERO,True
497847,90042B,FRESHWATER PEARL BRACELET PINK,-8,2010-02-12 16:43:00,0.0,,United Kingdom,RETURN,True,recovered,2010-02-12,2010,2,4,True,PRICE_ZERO,True
497849,21290,LARGE SPOTTY CHOCOLATE GIFT BAG,-17,2010-02-12 16:44:00,0.0,,United Kingdom,RETURN,True,recovered,2010-02-12,2010,2,4,True,PRICE_ZERO,True
497850,35604B,Unknown Product,-17,2010-02-12 16:45:00,0.0,,United Kingdom,RETURN,False,unknown,2010-02-12,2010,2,4,True,PRICE_ZERO,True
497851,35918B,BLUE FLORIBUNDA EGG WARMER,-6,2010-02-12 16:46:00,0.0,,United Kingdom,RETURN,True,recovered,2010-02-12,2010,2,4,True,PRICE_ZERO,True
497852,35948,Unknown Product,-17,2010-02-12 16:46:00,0.0,,United Kingdom,RETURN,False,unknown,2010-02-12,2010,2,4,True,PRICE_ZERO,True
497856,85168A,WHITE BAROQUE CARRIAGE CLOCK,-6,2010-02-12 16:47:00,0.0,,United Kingdom,RETURN,True,recovered,2010-02-12,2010,2,4,True,PRICE_ZERO,True
497854,72785A,S/4 CONTEMPORY PINK ROSEBUD CANDLES,-6,2010-02-12 16:47:00,0.0,,United Kingdom,RETURN,True,recovered,2010-02-12,2010,2,4,True,PRICE_ZERO,True
497857,21182,Unknown Product,-18,2010-02-12 16:48:00,0.0,,United Kingdom,RETURN,False,unknown,2010-02-12,2010,2,4,True,PRICE_ZERO,True
497858,35925,Unknown Product,-18,2010-02-12 16:48:00,0.0,,United Kingdom,RETURN,False,unknown,2010-02-12,2010,2,4,True,PRICE_ZERO,True
497859,37477D,Unknown Product,-9,2010-02-12 16:49:00,0.0,,United Kingdom,RETURN,False,unknown,2010-02-12,2010,2,4,True,PRICE_ZERO,True
497860,84608,ORNATE EDWARDIAN CANDLE HOLDER,-18,2010-02-12 16:51:00,0.0,,United Kingdom,RETURN,True,recovered,2010-02-12,2010,2,4,True,PRICE_ZERO,True
497861,84705A,ENGLISH ROSE PHOTO FRAME,-5,2010-02-12 16:52:00,0.0,,United Kingdom,RETURN,True,recovered,2010-02-12,2010,2,4,True,PRICE_ZERO,True
497862,85018A,S/6 PAPER BOXES ROMANTIC IMAGES,-6,2010-02-12 16:53:00,0.0,,United Kingdom,RETURN,True,recovered,2010-02-12,2010,2,4,True,PRICE_ZERO,True
497863,21008,ETCHED GLASS HEART TREE DECORATION,-19,2010-02-12 16:53:00,0.0,,United Kingdom,RETURN,True,recovered,2010-02-12,2010,2,4,True,PRICE_ZERO,True
497867,82069,BEECH WOOD P/FRAME,-5,2010-02-12 16:54:00,0.0,,United Kingdom,RETURN,True,recovered,2010-02-12,2010,2,4,True,PRICE_ZERO,True
497864,21729,SMALL MARAKESH METAL  LANTERN,-190,2010-02-12 16:54:00,0.0,,United Kingdom,RETURN,True,recovered,2010-02-12,2010,2,4,True,PRICE_ZERO,True
497869,90060B,FIRE POLISHED GLASS NECKL GOLD,-4,2010-02-12 16:55:00,0.0,,United Kingdom,RETURN,True,recovered,2010-02-12,2010,2,4,True,PRICE_ZERO,True
497870,20987,GEISHA GIRL CHOPSTICKS SET/5,-20,2010-02-12 16:55:00,0.0,,United Kingdom,RETURN,True,recovered,2010-02-12,2010,2,4,True,PRICE_ZERO,True
497868,84706B,FAIRY CAKES TABLE CLOCK,-19,2010-02-12 16:55:00,0.0,,United Kingdom,RETURN,True,recovered,2010-02-12,2010,2,4,True,PRICE_ZERO,True
497872,22142,CHRISTMAS CRAFT WHITE FAIRY,-20,2010-02-12 16:56:00,0.0,,United Kingdom,RETURN,True,recovered,2010-02-12,2010,2,4,True,PRICE_ZERO,True
497871,21347,GOTHIC CARRIAGE LANTERN,-17,2010-02-12 16:56:00,0.0,,United Kingdom,RETURN,True,recovered,2010-02-12,2010,2,4,True,PRICE_ZERO,True
497989,21891,TRADITIONAL WOODEN SKIPPING ROPE,-108,2010-02-15 14:16:00,0.0,,United Kingdom,RETURN,True,recovered,2010-02-15,2010,2,0,True,PRICE_ZERO,True
497994,84680,damages?,-46,2010-02-15 14:17:00,0.0,,United Kingdom,RETURN,False,original,2010-02-15,2010,2,0,True,PRICE_ZERO,True
498016,17012E,ORIGAMI OPIUM INCENSE/CANDLE SET,-10,2010-02-15 16:11:00,0.0,,United Kingdom,RETURN,True,recovered,2010-02-15,2010,2,0,True,PRICE_ZERO,True
498030,84402C,Unknown Product,-20,2010-02-16 09:53:00,0.0,,United Kingdom,RETURN,False,unknown,2010-02-16,2010,2,1,True,PRICE_ZERO,True
498031,21838,DADDY MOUSE RED GINGHAM BOW TIE,-21,2010-02-16 09:58:00,0.0,,United Kingdom,RETURN,True,recovered,2010-02-16,2010,2,1,True,PRICE_ZERO,True
498032,90109,Unknown Product,-21,2010-02-16 10:05:00,0.0,,United Kingdom,RETURN,False,unknown,2010-02-16,2010,2,1,True,PRICE_ZERO,True
498033,22296,HEART IVORY TRELLIS LARGE,-20,2010-02-16 10:06:00,0.0,,United Kingdom,RETURN,True,recovered,2010-02-16,2010,2,1,True,PRICE_ZERO,True
498034,35978,damages,-22,2010-02-16 10:08:00,0.0,,United Kingdom,RETURN,False,original,2010-02-16,2010,2,1,True,PRICE_ZERO,True
498036,16161N,Unknown Product,-23,2010-02-16 10:10:00,0.0,,United Kingdom,RETURN,False,unknown,2010-02-16,2010,2,1,True,PRICE_ZERO,True
498038,35975A,Unknown Product,-23,2010-02-16 10:14:00,0.0,,United Kingdom,RETURN,False,unknown,2010-02-16,2010,2,1,True,PRICE_ZERO,True
498039,85049G,CHOCOLATE BOX RIBBONS,-20,2010-02-16 10:17:00,0.0,,United Kingdom,RETURN,True,recovered,2010-02-16,2010,2,1,True,PRICE_ZERO,True
498056,90025A,BAROQUE BUTTERFLY EARRINGS BLACK,-4,2010-02-16 12:11:00,0.0,,United Kingdom,RETURN,True,recovered,2010-02-16,2010,2,1,True,PRICE_ZERO,True
498057,84845C,CARNATION SQUARE HANDY TIN,-15,2010-02-16 12:12:00,0.0,,United Kingdom,RETURN,True,recovered,2010-02-16,2010,2,1,True,PRICE_ZERO,True
498061,84964B,BLUE PAINTED KASHMIRI TABLE,-2,2010-02-16 12:14:00,0.0,,United Kingdom,RETURN,True,recovered,2010-02-16,2010,2,1,True,PRICE_ZERO,True
498062,90172,Unknown Product,-20,2010-02-16 12:15:00,0.0,,United Kingdom,RETURN,False,unknown,2010-02-16,2010,2,1,True,PRICE_ZERO,True
498063,17011D,ORIGAMI ROSE INCENSE+FLOWER,-4,2010-02-16 12:16:00,0.0,,United Kingdom,RETURN,True,recovered,2010-02-16,2010,2,1,True,PRICE_ZERO,True
498065,21760,FRENCH STYLE WALL DRESSER,-2,2010-02-16 12:16:00,0.0,,United Kingdom,RETURN,True,recovered,2010-02-16,2010,2,1,True,PRICE_ZERO,True
498067,35839,Unknown Product,-21,2010-02-16 12:17:00,0.0,,United Kingdom,RETURN,False,unknown,2010-02-16,2010,2,1,True,PRICE_ZERO,True
498066,35608C,Unknown Product,-21,2010-02-16 12:17:00,0.0,,United Kingdom,RETURN,False,unknown,2010-02-16,2010,2,1,True,PRICE_ZERO,True
498069,72751C,"F.FAIRY S/3 SML CANDLE, ROSE",-17,2010-02-16 12:18:00,0.0,,United Kingdom,RETURN,True,recovered,2010-02-16,2010,2,1,True,PRICE_ZERO,True
498072,84440B,Unknown Product,-21,2010-02-16 12:19:00,0.0,,United Kingdom,RETURN,False,unknown,2010-02-16,2010,2,1,True,PRICE_ZERO,True
498073,84621,BLUE GINGHAM ROSE FLOOR CUSHION,-2,2010-02-16 12:19:00,0.0,,United Kingdom,RETURN,True,recovered,2010-02-16,2010,2,1,True,PRICE_ZERO,True
498071,84200,Unknown Product,-21,2010-02-16 12:19:00,0.0,,United Kingdom,RETURN,False,unknown,2010-02-16,2010,2,1,True,PRICE_ZERO,True
498075,90084,PINK CRYSTAL GUITAR PHONE CHARM,-5,2010-02-16 12:20:00,0.0,,United Kingdom,RETURN,True,recovered,2010-02-16,2010,2,1,True,PRICE_ZERO,True
498074,85037,Unknown Product,-21,2010-02-16 12:20:00,0.0,,United Kingdom,RETURN,False,unknown,2010-02-16,2010,2,1,True,PRICE_ZERO,True
498077,35608A,Unknown Product,-22,2010-02-16 12:21:00,0.0,,United Kingdom,RETURN,False,unknown,2010-02-16,2010,2,1,True,PRICE_ZERO,True
498076,20882,MODERN CHRISTMAS TREE CANDLE,-22,2010-02-16 12:21:00,0.0,,United Kingdom,RETURN,True,recovered,2010-02-16,2010,2,1,True,PRICE_ZERO,True
498081,84311,CAMOFLAGE CUSHION COVER,-22,2010-02-16 12:22:00,0.0,,United Kingdom,RETURN,True,recovered,2010-02-16,2010,2,1,True,PRICE_ZERO,True
498082,84965A,PINK KASHMIRI COFFEE TABLE,-2,2010-02-16 12:23:00,0.0,,United Kingdom,RETURN,True,recovered,2010-02-16,2010,2,1,True,PRICE_ZERO,True
498083,16201C,Unknown Product,-23,2010-02-16 12:23:00,0.0,,United Kingdom,RETURN,False,unknown,2010-02-16,2010,2,1,True,PRICE_ZERO,True
498084,21266,VINTAGE SILVER TINSEL REEL,-23,2010-02-16 12:23:00,0.0,,United Kingdom,RETURN,True,recovered,2010-02-16,2010,2,1,True,PRICE_ZERO,True
498085,35471B,Unknown Product,-23,2010-02-16 12:24:00,0.0,,United Kingdom,RETURN,False,unknown,2010-02-16,2010,2,1,True,PRICE_ZERO,True
498086,72799B,PURPLE PILLAR CANDLE BLACK FLOCK,-23,2010-02-16 12:24:00,0.0,,United Kingdom,RETURN,True,recovered,2010-02-16,2010,2,1,True,PRICE_ZERO,True
498144,21701,No Stock,-82,2010-02-17 10:04:00,0.0,,United Kingdom,RETURN,False,original,2010-02-17,2010,2,2,True,PRICE_ZERO,True
498146,21702,No Stock,-377,2010-02-17 10:08:00,0.0,,United Kingdom,RETURN,False,original,2010-02-17,2010,2,2,True,PRICE_ZERO,True
498147,85218,No Stock,-451,2010-02-17 10:12:00,0.0,,United Kingdom,RETURN,False,original,2010-02-17,2010,2,2,True,PRICE_ZERO,True
498148,21699,SET 5 MINI CHOCOLATE FRIDGE MAGNETS,-152,2010-02-17 10:12:00,0.0,,United Kingdom,RETURN,True,recovered,2010-02-17,2010,2,2,True,PRICE_ZERO,True
498267,21396,RED SPOTTY EGG CUP,-342,2010-02-17 14:59:00,0.0,,United Kingdom,RETURN,True,recovered,2010-02-17,2010,2,2,True,PRICE_ZERO,True
498287,47583A,SET OF 3 WICKER BASKET ROSE,-5,2010-02-17 16:54:00,0.0,,United Kingdom,RETURN,True,recovered,2010-02-17,2010,2,2,True,PRICE_ZERO,True
498289,47583B,SET OF 3 WICKER BASKET TEA AND CAKE,-12,2010-02-17 16:55:00,0.0,,United Kingdom,RETURN,True,recovered,2010-02-17,2010,2,2,True,PRICE_ZERO,True
498394,22433,my error - connor,-4200,2010-02-18 15:10:00,0.0,,United Kingdom,RETURN,False,original,2010-02-18,2010,2,3,True,PRICE_ZERO,True
498503,37450,missing,-210,2010-02-19 11:11:00,0.0,,United Kingdom,RETURN,False,original,2010-02-19,2010,2,4,True,PRICE_ZERO,True
498512,21217,RED RETROSPOT ROUND CAKE TINS,-45,2010-02-19 12:05:00,0.0,,United Kingdom,RETURN,True,recovered,2010-02-19,2010,2,4,True,PRICE_ZERO,True
498625,16169D,WRAP WINTER FOREST,-24,2010-02-22 10:41:00,0.0,,United Kingdom,RETURN,True,recovered,2010-02-22,2010,2,0,True,PRICE_ZERO,True
498688,84616,SILVER ROCCOCO CHANDELIER,-2,2010-02-22 11:37:00,0.0,,United Kingdom,RETURN,True,recovered,2010-02-22,2010,2,0,True,PRICE_ZERO,True
498692,84472,PINK AND LILAC QUILTED THROW,-3,2010-02-22 11:38:00,0.0,,United Kingdom,RETURN,True,recovered,2010-02-22,2010,2,0,True,PRICE_ZERO,True
498693,84653,GREEN ROSE QUILT,-3,2010-02-22 11:38:00,0.0,,United Kingdom,RETURN,True,recovered,2010-02-22,2010,2,0,True,PRICE_ZERO,True
498689,84909A,PINK PAISLEY QUILT,-4,2010-02-22 11:38:00,0.0,,United Kingdom,RETURN,True,recovered,2010-02-22,2010,2,0,True,PRICE_ZERO,True
498695,82482,WOODEN PICTURE FRAME WHITE FINISH,-53,2010-02-22 12:03:00,0.0,,United Kingdom,RETURN,True,recovered,2010-02-22,2010,2,0,True,PRICE_ZERO,True
498698,DCGS0053,Unknown Product,-2,2010-02-22 12:29:00,0.0,,United Kingdom,RETURN,False,unknown,2010-02-22,2010,2,0,True,PRICE_ZERO,True
498699,DCGS0004,HAYNES CAMPER SHOULDER BAG,-2,2010-02-22 12:32:00,0.0,,United Kingdom,RETURN,True,recovered,2010-02-22,2010,2,0,True,PRICE_ZERO,True
498700,DCGS0062,ROAD-RAGE CAR FRESHENER,-1,2010-02-22 12:34:00,0.0,,United Kingdom,RETURN,True,recovered,2010-02-22,2010,2,0,True,PRICE_ZERO,True
498701,DCGS0037,KEY-RING CORKSCREW,-1,2010-02-22 12:35:00,0.0,,United Kingdom,RETURN,True,recovered,2010-02-22,2010,2,0,True,PRICE_ZERO,True
498702,20954,*USB Office Mirror Ball,-2,2010-02-22 12:36:00,0.0,,United Kingdom,RETURN,True,recovered,2010-02-22,2010,2,0,True,PRICE_ZERO,True
498707,21119,Glow In The Dark Shot Glasses,-1,2010-02-22 12:48:00,0.0,,United Kingdom,RETURN,True,recovered,2010-02-22,2010,2,0,True,PRICE_ZERO,True
498710,21858,HIGH SCHOOL MUSICAL 3 TOP TRUMPS,-3,2010-02-22 12:55:00,0.0,,United Kingdom,RETURN,True,recovered,2010-02-22,2010,2,0,True,PRICE_ZERO,True
498711,21857,STAR WARS TOP TRUMPS GAME,-1,2010-02-22 12:55:00,0.0,,United Kingdom,RETURN,True,recovered,2010-02-22,2010,2,0,True,PRICE_ZERO,True
498712,21919,Electronic Talking Breath-A-Loser,-1,2010-02-22 12:56:00,0.0,,United Kingdom,RETURN,True,recovered,2010-02-22,2010,2,0,True,PRICE_ZERO,True
498730,84997D,PINK 3 PIECE MINI DOTS CUTLERY SET,-170,2010-02-22 15:39:00,0.0,,United Kingdom,RETURN,True,recovered,2010-02-22,2010,2,0,True,PRICE_ZERO,True
498731,46000M,Dotcom,-100,2010-02-22 15:40:00,0.0,,United Kingdom,RETURN,False,original,2010-02-22,2010,2,0,True,PRICE_ZERO,True
498733,21527,RED RETROSPOT TRADITIONAL TEAPOT,-142,2010-02-22 15:51:00,0.0,,United Kingdom,RETURN,True,recovered,2010-02-22,2010,2,0,True,PRICE_ZERO,True
498771,21019,Unknown Product,-25,2010-02-23 10:09:00,0.0,,United Kingdom,RETURN,False,unknown,2010-02-23,2010,2,1,True,PRICE_ZERO,True
498772,35940,Unknown Product,-25,2010-02-23 10:11:00,0.0,,United Kingdom,RETURN,False,unknown,2010-02-23,2010,2,1,True,PRICE_ZERO,True
498773,35941,Unknown Product,-25,2010-02-23 10:11:00,0.0,,United Kingdom,RETURN,False,unknown,2010-02-23,2010,2,1,True,PRICE_ZERO,True
498775,20944,Unknown Product,-26,2010-02-23 10:19:00,0.0,,United Kingdom,RETURN,False,unknown,2010-02-23,2010,2,1,True,PRICE_ZERO,True
498855,20988,TRELLIS FLOWER CHOPSTICKS SET/5,-26,2010-02-23 12:18:00,0.0,,United Kingdom,RETURN,True,recovered,2010-02-23,2010,2,1,True,PRICE_ZERO,True
498856,84396,6 HOOK JEWELLERY STAND BLACK DRESS,-110,2010-02-23 12:19:00,0.0,,United Kingdom,RETURN,True,recovered,2010-02-23,2010,2,1,True,PRICE_ZERO,True
498857,17091F,SANDALWOOD INCENSE IN TIN,-25,2010-02-23 12:20:00,0.0,,United Kingdom,RETURN,True,recovered,2010-02-23,2010,2,1,True,PRICE_ZERO,True
498858,21177,Unknown Product,-24,2010-02-23 12:20:00,0.0,,United Kingdom,RETURN,False,unknown,2010-02-23,2010,2,1,True,PRICE_ZERO,True
498859,21842,PINK HEART CANDY BUTTON CALCULATOR,-20,2010-02-23 12:21:00,0.0,,United Kingdom,RETURN,True,recovered,2010-02-23,2010,2,1,True,PRICE_ZERO,True
498860,21778,Unknown Product,-25,2010-02-23 12:22:00,0.0,,United Kingdom,RETURN,False,unknown,2010-02-23,2010,2,1,True,PRICE_ZERO,True
498861,21780,MA CAMPAGNE 4 DRAWER WALL SHELF,-25,2010-02-23 12:23:00,0.0,,United Kingdom,RETURN,True,recovered,2010-02-23,2010,2,1,True,PRICE_ZERO,True
498862,35976B,WHITE SCANDINAVIAN HEART CHRISTMAS,-25,2010-02-23 12:23:00,0.0,,United Kingdom,RETURN,True,recovered,2010-02-23,2010,2,1,True,PRICE_ZERO,True
498863,84690,S/2 BEACH HUT STOOLS,-10,2010-02-23 12:24:00,0.0,,United Kingdom,RETURN,True,recovered,2010-02-23,2010,2,1,True,PRICE_ZERO,True
498866,16243A,Unknown Product,-26,2010-02-23 12:25:00,0.0,,United Kingdom,RETURN,False,unknown,2010-02-23,2010,2,1,True,PRICE_ZERO,True
498864,84705D,CHERRY BLOSSOM PHOTO FRAME,-6,2010-02-23 12:25:00,0.0,,United Kingdom,RETURN,True,recovered,2010-02-23,2010,2,1,True,PRICE_ZERO,True
498868,20680,PINK FLOWERS CHILDS UMBRELLA,-26,2010-02-23 12:26:00,0.0,,United Kingdom,RETURN,True,recovered,2010-02-23,2010,2,1,True,PRICE_ZERO,True
498867,16245A,PINK MINI STATIONERY SET W CASE,-14,2010-02-23 12:26:00,0.0,,United Kingdom,RETURN,True,recovered,2010-02-23,2010,2,1,True,PRICE_ZERO,True
498869,20994,JAZZ HEARTS SPIRAL NOTEPAD,-26,2010-02-23 12:26:00,0.0,,United Kingdom,RETURN,True,recovered,2010-02-23,2010,2,1,True,PRICE_ZERO,True
498870,21674,RIDGED GLASS PENDANT LAMPSHADE,-7,2010-02-23 12:27:00,0.0,,United Kingdom,RETURN,True,recovered,2010-02-23,2010,2,1,True,PRICE_ZERO,True
498871,62097B,BLUE STRIPES SHOULDER BAG,-8,2010-02-23 12:27:00,0.0,,United Kingdom,RETURN,True,recovered,2010-02-23,2010,2,1,True,PRICE_ZERO,True
498872,72821,CUPID SCENTED CANDLE IN GLASS,-2,2010-02-23 12:27:00,0.0,,United Kingdom,RETURN,True,recovered,2010-02-23,2010,2,1,True,PRICE_ZERO,True
498874,21341,KASBAH LANTERN WITH GLASS,-27,2010-02-23 12:28:00,0.0,,United Kingdom,RETURN,True,recovered,2010-02-23,2010,2,1,True,PRICE_ZERO,True
498873,84963A,PINK PAINTED KASHMIRI CHAIR,-2,2010-02-23 12:28:00,0.0,,United Kingdom,RETURN,True,recovered,2010-02-23,2010,2,1,True,PRICE_ZERO,True
498876,20858,SILVER PURSE GOLD PINK BUTTERFLY,-28,2010-02-23 12:29:00,0.0,,United Kingdom,RETURN,True,recovered,2010-02-23,2010,2,1,True,PRICE_ZERO,True
498882,20679,EDWARDIAN PARASOL RED,-120,2010-02-23 12:52:00,0.0,,United Kingdom,RETURN,True,recovered,2010-02-23,2010,2,1,True,PRICE_ZERO,True
498883,20951,Unknown Product,-352,2010-02-23 12:54:00,0.0,,United Kingdom,RETURN,False,unknown,2010-02-23,2010,2,1,True,PRICE_ZERO,True
498885,20952,PORCELAIN CHERUB BELL SMALL,-128,2010-02-23 12:55:00,0.0,,United Kingdom,RETURN,True,recovered,2010-02-23,2010,2,1,True,PRICE_ZERO,True
498887,20679,?,-330,2010-02-23 13:04:00,0.0,,United Kingdom,RETURN,False,original,2010-02-23,2010,2,1,True,PRICE_ZERO,True
498888,15056N,wedding co returns?,-700,2010-02-23 13:08:00,0.0,,United Kingdom,RETURN,False,original,2010-02-23,2010,2,1,True,PRICE_ZERO,True
498932,82081,PINK HEARTS PHOTO ALBUM,-4,2010-02-24 10:24:00,0.0,,United Kingdom,RETURN,True,recovered,2010-02-24,2010,2,2,True,PRICE_ZERO,True
498930,72754A,damaged,-62,2010-02-24 10:24:00,0.0,,United Kingdom,RETURN,False,original,2010-02-24,2010,2,2,True,PRICE_ZERO,True
498933,84396,6 HOOK JEWELLERY STAND BLACK DRESS,-51,2010-02-24 10:28:00,0.0,,United Kingdom,RETURN,True,recovered,2010-02-24,2010,2,2,True,PRICE_ZERO,True
499034,85219,S/4 HEART CRYSTAL FRIDGE MAGNETS,-118,2010-02-24 12:53:00,0.0,,United Kingdom,RETURN,True,recovered,2010-02-24,2010,2,2,True,PRICE_ZERO,True
499040,DCGSSBOY,BOYS PARTY BAG,-90,2010-02-24 13:16:00,0.0,,United Kingdom,RETURN,True,recovered,2010-02-24,2010,2,2,True,PRICE_ZERO,True
499042,DCGSLGIRL,Unknown Product,-57,2010-02-24 13:31:00,0.0,,United Kingdom,RETURN,False,unknown,2010-02-24,2010,2,2,True,PRICE_ZERO,True
499041,71431,Unknown Product,-60,2010-02-24 13:31:00,0.0,,United Kingdom,RETURN,False,unknown,2010-02-24,2010,2,2,True,PRICE_ZERO,True
499046,79071A,Unknown Product,-43,2010-02-24 13:36:00,0.0,,United Kingdom,RETURN,False,unknown,2010-02-24,2010,2,2,True,PRICE_ZERO,True
499047,45007B,Unknown Product,-43,2010-02-24 13:37:00,0.0,,United Kingdom,RETURN,False,unknown,2010-02-24,2010,2,2,True,PRICE_ZERO,True
499049,84010,Unknown Product,-38,2010-02-24 13:38:00,0.0,,United Kingdom,RETURN,False,unknown,2010-02-24,2010,2,2,True,PRICE_ZERO,True
499048,37490D,Unknown Product,-40,2010-02-24 13:38:00,0.0,,United Kingdom,RETURN,False,unknown,2010-02-24,2010,2,2,True,PRICE_ZERO,True
499050,35763,Unknown Product,-36,2010-02-24 13:39:00,0.0,,United Kingdom,RETURN,False,unknown,2010-02-24,2010,2,2,True,PRICE_ZERO,True
499051,35632A,Unknown Product,-34,2010-02-24 13:40:00,0.0,,United Kingdom,RETURN,False,unknown,2010-02-24,2010,2,2,True,PRICE_ZERO,True
499052,17160,Unknown Product,-34,2010-02-24 13:40:00,0.0,,United Kingdom,RETURN,False,unknown,2010-02-24,2010,2,2,True,PRICE_ZERO,True
499053,21020,Unknown Product,-33,2010-02-24 13:41:00,0.0,,United Kingdom,RETURN,False,unknown,2010-02-24,2010,2,2,True,PRICE_ZERO,True
499054,85085A,Unknown Product,-30,2010-02-24 13:44:00,0.0,,United Kingdom,RETURN,False,unknown,2010-02-24,2010,2,2,True,PRICE_ZERO,True
499055,35992,Unknown Product,-30,2010-02-24 13:45:00,0.0,,United Kingdom,RETURN,False,unknown,2010-02-24,2010,2,2,True,PRICE_ZERO,True
499124,84760L,LARGE HANGING GLASS+ZINC LANTERN,-54,2010-02-24 16:23:00,0.0,,United Kingdom,RETURN,True,recovered,2010-02-24,2010,2,2,True,PRICE_ZERO,True
499125,17010S,Unknown Product,-146,2010-02-24 16:24:00,0.0,,United Kingdom,RETURN,False,unknown,2010-02-24,2010,2,2,True,PRICE_ZERO,True
499126,85223,Unknown Product,-129,2010-02-24 16:25:00,0.0,,United Kingdom,RETURN,False,unknown,2010-02-24,2010,2,2,True,PRICE_ZERO,True
499127,84877A,PINK ROUND COMPACT MIRROR,-22,2010-02-24 16:26:00,0.0,,United Kingdom,RETURN,True,recovered,2010-02-24,2010,2,2,True,PRICE_ZERO,True
499128,35993,Unknown Product,-115,2010-02-24 16:26:00,0.0,,United Kingdom,RETURN,False,unknown,2010-02-24,2010,2,2,True,PRICE_ZERO,True
499129,72226D,Unknown Product,-106,2010-02-24 16:27:00,0.0,,United Kingdom,RETURN,False,unknown,2010-02-24,2010,2,2,True,PRICE_ZERO,True
499131,17084F,Unknown Product,-50,2010-02-24 16:28:00,0.0,,United Kingdom,RETURN,False,unknown,2010-02-24,2010,2,2,True,PRICE_ZERO,True
499130,17084G,MOON INCENSE,-95,2010-02-24 16:28:00,0.0,,United Kingdom,RETURN,True,recovered,2010-02-24,2010,2,2,True,PRICE_ZERO,True
499132,17014F,ORIGAMI SANDLEWOOD INCENSE CONES,-29,2010-02-24 16:29:00,0.0,,United Kingdom,RETURN,True,recovered,2010-02-24,2010,2,2,True,PRICE_ZERO,True
499133,17014B,Unknown Product,-48,2010-02-24 16:29:00,0.0,,United Kingdom,RETURN,False,unknown,2010-02-24,2010,2,2,True,PRICE_ZERO,True
499135,84224,Unknown Product,-69,2010-02-24 16:30:00,0.0,,United Kingdom,RETURN,False,unknown,2010-02-24,2010,2,2,True,PRICE_ZERO,True
499136,85192S,HANGING SPRING FLOWER HEART SMALL,-63,2010-02-24 16:31:00,0.0,,United Kingdom,RETURN,True,recovered,2010-02-24,2010,2,2,True,PRICE_ZERO,True
499137,85231A,Unknown Product,-60,2010-02-24 16:32:00,0.0,,United Kingdom,RETURN,False,unknown,2010-02-24,2010,2,2,True,PRICE_ZERO,True
499138,84439B,Unknown Product,-60,2010-02-24 16:33:00,0.0,,United Kingdom,RETURN,False,unknown,2010-02-24,2010,2,2,True,PRICE_ZERO,True
499139,17013E,Unknown Product,-56,2010-02-24 16:34:00,0.0,,United Kingdom,RETURN,False,unknown,2010-02-24,2010,2,2,True,PRICE_ZERO,True
499140,79140,ASS WINDPROOF MARIJUANA LIGHTERS,-18,2010-02-24 16:34:00,0.0,,United Kingdom,RETURN,True,recovered,2010-02-24,2010,2,2,True,PRICE_ZERO,True
499141,79142,Unknown Product,-30,2010-02-24 16:34:00,0.0,,United Kingdom,RETURN,False,unknown,2010-02-24,2010,2,2,True,PRICE_ZERO,True
499145,21585,SWALLOW SMALL TUBE MATCHES,-43,2010-02-24 16:35:00,0.0,,United Kingdom,RETURN,True,recovered,2010-02-24,2010,2,2,True,PRICE_ZERO,True
499144,21583,Unknown Product,-50,2010-02-24 16:35:00,0.0,,United Kingdom,RETURN,False,unknown,2010-02-24,2010,2,2,True,PRICE_ZERO,True
499147,21582,KINGS CHOICE SMALL TUBE MATCHES,-38,2010-02-24 16:35:00,0.0,,United Kingdom,RETURN,True,recovered,2010-02-24,2010,2,2,True,PRICE_ZERO,True
499149,84389,Unknown Product,-47,2010-02-24 16:36:00,0.0,,United Kingdom,RETURN,False,unknown,2010-02-24,2010,2,2,True,PRICE_ZERO,True
499151,71101A,ANGEL ON KNEES METAL POLE 100CM H,-43,2010-02-24 16:40:00,0.0,,United Kingdom,RETURN,True,recovered,2010-02-24,2010,2,2,True,PRICE_ZERO,True
499152,35631B,BLUE GREEN CHRISTMAS HANGING BALL,-32,2010-02-24 16:41:00,0.0,,United Kingdom,RETURN,True,recovered,2010-02-24,2010,2,2,True,PRICE_ZERO,True
499153,90111,BLUE HIBISCUS  HAIR CLIP,-29,2010-02-24 16:41:00,0.0,,United Kingdom,RETURN,True,recovered,2010-02-24,2010,2,2,True,PRICE_ZERO,True
499154,90110,Unknown Product,-61,2010-02-24 16:42:00,0.0,,United Kingdom,RETURN,False,unknown,2010-02-24,2010,2,2,True,PRICE_ZERO,True
499156,85050,FRENCH ENAMEL SOAP DISH WITH LID,-29,2010-02-24 16:42:00,0.0,,United Kingdom,RETURN,True,recovered,2010-02-24,2010,2,2,True,PRICE_ZERO,True
499157,84444C,Unknown Product,-29,2010-02-24 16:43:00,0.0,,United Kingdom,RETURN,False,unknown,2010-02-24,2010,2,2,True,PRICE_ZERO,True
499158,22022,Unknown Product,-28,2010-02-24 16:44:00,0.0,,United Kingdom,RETURN,False,unknown,2010-02-24,2010,2,2,True,PRICE_ZERO,True
499159,72754B,F FAIRY POTPOURRI CUSHIONS LAVENDER,-44,2010-02-24 16:51:00,0.0,,United Kingdom,RETURN,True,recovered,2010-02-24,2010,2,2,True,PRICE_ZERO,True
499268,20715,LITTLE FLOWER SHOPPER BAG,-455,2010-02-25 16:02:00,0.0,,United Kingdom,RETURN,True,recovered,2010-02-25,2010,2,3,True,PRICE_ZERO,True
499309,17129D,CLEAR COLOUR GLASS GEMS IN BAG,-212,2010-02-26 10:23:00,0.0,,United Kingdom,RETURN,True,recovered,2010-02-26,2010,2,4,True,PRICE_ZERO,True
499310,17129C,SKY BLUE COLOUR GLASS GEMS IN BAG,-30,2010-02-26 10:24:00,0.0,,United Kingdom,RETURN,True,recovered,2010-02-26,2010,2,4,True,PRICE_ZERO,True
499311,17129F,BLUE GLASS GEMS IN BAG,-120,2010-02-26 10:25:00,0.0,,United Kingdom,RETURN,True,recovered,2010-02-26,2010,2,4,True,PRICE_ZERO,True
499371,84782B,"damages, lost bits etc",-46,2010-02-26 11:51:00,0.0,,United Kingdom,RETURN,False,original,2010-02-26,2010,2,4,True,PRICE_ZERO,True
499372,84782C,GREEN 3 TIER GLASS PLATE STAND,-14,2010-02-26 11:51:00,0.0,,United Kingdom,RETURN,True,recovered,2010-02-26,2010,2,4,True,PRICE_ZERO,True
499373,84782A,"damages, lost bits etc",-20,2010-02-26 11:52:00,0.0,,United Kingdom,RETURN,False,original,2010-02-26,2010,2,4,True,PRICE_ZERO,True
499412,72760B,VINTAGE CREAM 3 BASKET CAKE STAND,-30,2010-02-26 15:27:00,0.0,,United Kingdom,RETURN,True,recovered,2010-02-26,2010,2,4,True,PRICE_ZERO,True
499414,21300,ANTIQUE EDWARDIAN DRESSER,-17,2010-02-26 16:14:00,0.0,,United Kingdom,RETURN,True,recovered,2010-02-26,2010,2,4,True,PRICE_ZERO,True
499416,21298,EDWARDIAN 2 DRAWER WALL CABINET,-15,2010-02-26 16:15:00,0.0,,United Kingdom,RETURN,True,recovered,2010-02-26,2010,2,4,True,PRICE_ZERO,True
499415,21299,EDWARDIAN TOILET ROLL UNIT,-8,2010-02-26 16:15:00,0.0,,United Kingdom,RETURN,True,recovered,2010-02-26,2010,2,4,True,PRICE_ZERO,True
499417,82585,SWEET VALENCIA CANDLE+CUP,-90,2010-02-26 16:16:00,0.0,,United Kingdom,RETURN,True,recovered,2010-02-26,2010,2,4,True,PRICE_ZERO,True
499418,21697,SET 5 MINI DOUGHNUT FRIDGE MAGNET,-499,2010-02-26 16:19:00,0.0,,United Kingdom,RETURN,True,recovered,2010-02-26,2010,2,4,True,PRICE_ZERO,True
499449,20833,SHAKER THROW  QUILTED,-11,2010-02-26 17:30:00,0.0,,United Kingdom,RETURN,True,recovered,2010-02-26,2010,2,4,True,PRICE_ZERO,True
499518,37410,damages,-355,2010-03-01 10:02:00,0.0,,United Kingdom,RETURN,False,original,2010-03-01,2010,3,0,True,PRICE_ZERO,True
499598,85198,ASSORTED FARMYARD ANIMALS IN BUCKET,-200,2010-03-01 12:33:00,0.0,,United Kingdom,RETURN,True,recovered,2010-03-01,2010,3,0,True,PRICE_ZERO,True
499599,85197,SET OF 12 MINI BUNNIES IN A BUCKET,-70,2010-03-01 12:33:00,0.0,,United Kingdom,RETURN,True,recovered,2010-03-01,2010,3,0,True,PRICE_ZERO,True
499600,35920,FOUR RABBIT EASTER DECORATIONS,-10,2010-03-01 12:34:00,0.0,,United Kingdom,RETURN,True,recovered,2010-03-01,2010,3,0,True,PRICE_ZERO,True
499602,47504E,ENGLISH ROSE SCISSORS,-280,2010-03-01 12:35:00,0.0,,United Kingdom,RETURN,True,recovered,2010-03-01,2010,3,0,True,PRICE_ZERO,True
499603,47503K,ASSORTED FLORAL SECATEURS,-240,2010-03-01 12:35:00,0.0,,United Kingdom,RETURN,True,recovered,2010-03-01,2010,3,0,True,PRICE_ZERO,True
499606,20730,STRAWBERRY CANDY BAG,-240,2010-03-01 12:36:00,0.0,,United Kingdom,RETURN,True,recovered,2010-03-01,2010,3,0,True,PRICE_ZERO,True
499605,20657,TROPICAL LUGGAGE TAG,-16,2010-03-01 12:36:00,0.0,,United Kingdom,RETURN,True,recovered,2010-03-01,2010,3,0,True,PRICE_ZERO,True
499607,20729,RED SPOTTY CANDY BAG,-420,2010-03-01 12:37:00,0.0,,United Kingdom,RETURN,True,recovered,2010-03-01,2010,3,0,True,PRICE_ZERO,True
499608,20851,ZINC HEART LATTICE TRAY OVAL,-30,2010-03-01 12:37:00,0.0,,United Kingdom,RETURN,True,recovered,2010-03-01,2010,3,0,True,PRICE_ZERO,True
499610,20778,GARDEN PATH NOTEBOOK,-10,2010-03-01 12:38:00,0.0,,United Kingdom,RETURN,True,recovered,2010-03-01,2010,3,0,True,PRICE_ZERO,True
499611,20777,CHRYSANTHEMUM NOTEBOOK,-16,2010-03-01 12:38:00,0.0,,United Kingdom,RETURN,True,recovered,2010-03-01,2010,3,0,True,PRICE_ZERO,True
499615,20773,BLUE PAISLEY NOTEBOOK,-26,2010-03-01 12:40:00,0.0,,United Kingdom,RETURN,True,recovered,2010-03-01,2010,3,0,True,PRICE_ZERO,True
499617,20760,GARDEN PATH POCKET BOOK,-150,2010-03-01 12:40:00,0.0,,United Kingdom,RETURN,True,recovered,2010-03-01,2010,3,0,True,PRICE_ZERO,True
499627,21255,"FRENCH BOTTLE , LAVENDER",-130,2010-03-01 13:14:00,0.0,,United Kingdom,RETURN,True,recovered,2010-03-01,2010,3,0,True,PRICE_ZERO,True
499626,84893,ANT WHITE IRON BASKET,-17,2010-03-01 13:14:00,0.0,,United Kingdom,RETURN,True,recovered,2010-03-01,2010,3,0,True,PRICE_ZERO,True
499634,21303,FILIGREE WALL MIRROR  ANTIQUE WHITE,-10,2010-03-01 13:35:00,0.0,,United Kingdom,RETURN,True,recovered,2010-03-01,2010,3,0,True,PRICE_ZERO,True
499658,21303,FILIGREE WALL MIRROR  ANTIQUE WHITE,-6,2010-03-01 15:04:00,0.0,,United Kingdom,RETURN,True,recovered,2010-03-01,2010,3,0,True,PRICE_ZERO,True
499719,84623,PINK GINGHAM ROSE FLOOR CUSHION,-26,2010-03-02 11:04:00,0.0,,United Kingdom,RETURN,True,recovered,2010-03-02,2010,3,1,True,PRICE_ZERO,True
499766,46000M,POLYESTER FILLER PAD 45x45cm,-89,2010-03-02 13:19:00,0.0,,United Kingdom,RETURN,True,recovered,2010-03-02,2010,3,1,True,PRICE_ZERO,True
499767,46000S,POLYESTER FILLER PAD 40x40cm,-20,2010-03-02 13:19:00,0.0,,United Kingdom,RETURN,True,recovered,2010-03-02,2010,3,1,True,PRICE_ZERO,True
499803,72781,BLACK SILOUETTE CANDLE PLATE,-25,2010-03-02 15:46:00,0.0,,United Kingdom,RETURN,True,recovered,2010-03-02,2010,3,1,True,PRICE_ZERO,True
499802,84619,BLUE GINGHAM ROSE QUILT,-3,2010-03-02 15:46:00,0.0,,United Kingdom,RETURN,True,recovered,2010-03-02,2010,3,1,True,PRICE_ZERO,True
499805,84977,WIRE FLOWER T-LIGHT HOLDER,-34,2010-03-02 15:47:00,0.0,,United Kingdom,RETURN,True,recovered,2010-03-02,2010,3,1,True,PRICE_ZERO,True
499804,21274,EMBOSSED HEART 3 DRAWER SHELF,-12,2010-03-02 15:47:00,0.0,,United Kingdom,RETURN,True,recovered,2010-03-02,2010,3,1,True,PRICE_ZERO,True
499809,21428,SET3 BOOK BOX GREEN GINGHAM FLOWER,-52,2010-03-02 15:51:00,0.0,,United Kingdom,RETURN,True,recovered,2010-03-02,2010,3,1,True,PRICE_ZERO,True
499810,21768,WALL MOUNTED VINTAGE ORGANISER,-10,2010-03-02 15:52:00,0.0,,United Kingdom,RETURN,True,recovered,2010-03-02,2010,3,1,True,PRICE_ZERO,True
499811,22077,6 RIBBONS RUSTIC CHARM,-126,2010-03-02 15:53:00,0.0,,United Kingdom,RETURN,True,recovered,2010-03-02,2010,3,1,True,PRICE_ZERO,True
499812,84007,MAGIC GARDEN MOUNT FUJI,-93,2010-03-02 15:54:00,0.0,,United Kingdom,RETURN,True,recovered,2010-03-02,2010,3,1,True,PRICE_ZERO,True
499813,85014C,BLUE/BROWN DOTS RUFFLED UMBRELLA,-299,2010-03-02 15:56:00,0.0,,United Kingdom,RETURN,True,recovered,2010-03-02,2010,3,1,True,PRICE_ZERO,True
499815,20693,FLORAL DINOSAUR GREEN,-24,2010-03-02 15:57:00,0.0,,United Kingdom,RETURN,True,recovered,2010-03-02,2010,3,1,True,PRICE_ZERO,True
499816,22024,RAINY LADIES BIRTHDAY CARD,-40,2010-03-02 15:57:00,0.0,,United Kingdom,RETURN,True,recovered,2010-03-02,2010,3,1,True,PRICE_ZERO,True
499814,16161E,WRAP BOUDOIR,-245,2010-03-02 15:57:00,0.0,,United Kingdom,RETURN,True,recovered,2010-03-02,2010,3,1,True,PRICE_ZERO,True
499817,84559D,3D SHEET OF SEA WORLD STICKERS,-85,2010-03-02 15:58:00,0.0,,United Kingdom,RETURN,True,recovered,2010-03-02,2010,3,1,True,PRICE_ZERO,True
499820,84559D,3D SHEET OF SEA WORLD STICKERS,-12,2010-03-02 16:09:00,0.0,,United Kingdom,RETURN,True,recovered,2010-03-02,2010,3,1,True,PRICE_ZERO,True
499822,84971L,LARGE HEART FLOWERS HOOK,-109,2010-03-02 16:10:00,0.0,,United Kingdom,RETURN,True,recovered,2010-03-02,2010,3,1,True,PRICE_ZERO,True
499823,21669,BLUE STRIPE CERAMIC DRAWER KNOB,-31,2010-03-02 16:10:00,0.0,,United Kingdom,RETURN,True,recovered,2010-03-02,2010,3,1,True,PRICE_ZERO,True
499824,21173,LOO ROLL  METAL SIGN,-78,2010-03-02 16:10:00,0.0,,United Kingdom,RETURN,True,recovered,2010-03-02,2010,3,1,True,PRICE_ZERO,True
499825,21160,KEEP OUT GIRLS DOOR HANGER,-40,2010-03-02 16:11:00,0.0,,United Kingdom,RETURN,True,recovered,2010-03-02,2010,3,1,True,PRICE_ZERO,True
499826,21668,RED STRIPE CERAMIC DRAWER KNOB,-33,2010-03-02 16:11:00,0.0,,United Kingdom,RETURN,True,recovered,2010-03-02,2010,3,1,True,PRICE_ZERO,True
499828,84854,GIRLY PINK TOOL SET,-198,2010-03-02 16:12:00,0.0,,United Kingdom,RETURN,True,recovered,2010-03-02,2010,3,1,True,PRICE_ZERO,True
499829,84865,NEW BAROQUE BLACK PHOTO ALBUM,-17,2010-03-02 16:12:00,0.0,,United Kingdom,RETURN,True,recovered,2010-03-02,2010,3,1,True,PRICE_ZERO,True
499830,85113,POLKA DOT PISTACHIO PAIL,-60,2010-03-02 16:13:00,0.0,,United Kingdom,RETURN,True,recovered,2010-03-02,2010,3,1,True,PRICE_ZERO,True
499831,10138,ASSORTED COLOUR JUMBO PEN,-283,2010-03-02 16:13:00,0.0,,United Kingdom,RETURN,True,recovered,2010-03-02,2010,3,1,True,PRICE_ZERO,True
499833,37494A,FAIRY CAKE CERAMIC BUTTER DISH,-14,2010-03-02 16:14:00,0.0,,United Kingdom,RETURN,True,recovered,2010-03-02,2010,3,1,True,PRICE_ZERO,True
499835,21837,CROSS STITCH ALPHABET CUSHION COVER,-19,2010-03-02 16:15:00,0.0,,United Kingdom,RETURN,True,recovered,2010-03-02,2010,3,1,True,PRICE_ZERO,True
499834,47598,NEW ENGLAND EGG WARMER,-40,2010-03-02 16:15:00,0.0,,United Kingdom,RETURN,True,recovered,2010-03-02,2010,3,1,True,PRICE_ZERO,True
499837,21644,ASSORTED TUTTI FRUTTI HEART BOX,-100,2010-03-02 16:16:00,0.0,,United Kingdom,RETURN,True,recovered,2010-03-02,2010,3,1,True,PRICE_ZERO,True
499836,21004,ROSE DU SUD CHILDS APRON,-40,2010-03-02 16:16:00,0.0,,United Kingdom,RETURN,True,recovered,2010-03-02,2010,3,1,True,PRICE_ZERO,True
499838,82613A,"METAL SIGN,CUPCAKE SINGLE HOOK",-200,2010-03-02 16:16:00,0.0,,United Kingdom,RETURN,True,recovered,2010-03-02,2010,3,1,True,PRICE_ZERO,True
499843,20958,PORCELAIN HANGING BELL LARGE,-97,2010-03-02 16:19:00,0.0,,United Kingdom,RETURN,True,recovered,2010-03-02,2010,3,1,True,PRICE_ZERO,True
499841,84535A,ENGLISH ROSE NOTEBOOK A6 SIZE,-12,2010-03-02 16:19:00,0.0,,United Kingdom,RETURN,True,recovered,2010-03-02,2010,3,1,True,PRICE_ZERO,True
499842,84535A,ENGLISH ROSE NOTEBOOK A6 SIZE,-108,2010-03-02 16:19:00,0.0,,United Kingdom,RETURN,True,recovered,2010-03-02,2010,3,1,True,PRICE_ZERO,True
499845,85112,S/3 TEAR DROP CUT GLASS DECORATION,-338,2010-03-02 16:20:00,0.0,,United Kingdom,RETURN,True,recovered,2010-03-02,2010,3,1,True,PRICE_ZERO,True
499846,21307,SET/4 BUTTERFLY MIRROR MAGNETS,-47,2010-03-02 16:20:00,0.0,,United Kingdom,RETURN,True,recovered,2010-03-02,2010,3,1,True,PRICE_ZERO,True
499847,85129A,"WHITE PEARL BEADED HEART, SMALL",-57,2010-03-02 16:20:00,0.0,,United Kingdom,RETURN,True,recovered,2010-03-02,2010,3,1,True,PRICE_ZERO,True
499848,85129C,BEADED CRYSTAL HEART BLUE SMALL,-30,2010-03-02 16:21:00,0.0,,United Kingdom,RETURN,True,recovered,2010-03-02,2010,3,1,True,PRICE_ZERO,True
499911,17109C,FLOWER FAIRY INCENSE ROSE,-100,2010-03-03 12:09:00,0.0,,United Kingdom,RETURN,True,recovered,2010-03-03,2010,3,2,True,PRICE_ZERO,True
499909,82607E,GLASS BONBON JAR. D'AMANDES,-30,2010-03-03 12:09:00,0.0,,United Kingdom,RETURN,True,recovered,2010-03-03,2010,3,2,True,PRICE_ZERO,True
499915,17109A,FLOWER FAIRY INCENSE LILY,-60,2010-03-03 12:10:00,0.0,,United Kingdom,RETURN,True,recovered,2010-03-03,2010,3,2,True,PRICE_ZERO,True
499913,17109D,FLOWER FAIRY INCENSE BOUQUET,-140,2010-03-03 12:10:00,0.0,,United Kingdom,RETURN,True,recovered,2010-03-03,2010,3,2,True,PRICE_ZERO,True
499976,17013C,missing,-800,2010-03-03 14:45:00,0.0,,United Kingdom,RETURN,False,original,2010-03-03,2010,3,2,True,PRICE_ZERO,True
499992,17109C,FLOWER FAIRY INCENSE ROSE,-4,2010-03-03 16:48:00,0.0,,United Kingdom,RETURN,True,recovered,2010-03-03,2010,3,2,True,PRICE_ZERO,True
500005,84934,missing,-1782,2010-03-04 09:49:00,0.0,,United Kingdom,RETURN,False,original,2010-03-04,2010,3,3,True,PRICE_ZERO,True
500006,84741C,CITRUS GARLAND FELT FLOWERS,-113,2010-03-04 09:49:00,0.0,,United Kingdom,RETURN,True,recovered,2010-03-04,2010,3,3,True,PRICE_ZERO,True
500137,84909A,PINK PAISLEY QUILT,-6,2010-03-04 15:53:00,0.0,,United Kingdom,RETURN,True,recovered,2010-03-04,2010,3,3,True,PRICE_ZERO,True
500136,84619,BLUE GINGHAM ROSE QUILT,-4,2010-03-04 15:53:00,0.0,,United Kingdom,RETURN,True,recovered,2010-03-04,2010,3,3,True,PRICE_ZERO,True
500138,84616,SILVER ROCCOCO CHANDELIER,-10,2010-03-04 15:54:00,0.0,,United Kingdom,RETURN,True,recovered,2010-03-04,2010,3,3,True,PRICE_ZERO,True
500139,84469,ROSE DES PADDED FLOOR CUSHION,-80,2010-03-04 15:55:00,0.0,,United Kingdom,RETURN,True,recovered,2010-03-04,2010,3,3,True,PRICE_ZERO,True
500140,21298,EDWARDIAN 2 DRAWER WALL CABINET,-6,2010-03-04 15:59:00,0.0,,United Kingdom,RETURN,True,recovered,2010-03-04,2010,3,3,True,PRICE_ZERO,True
500164,17109B,FLOWER FAIRY INCENSE LAVENDER,-205,2010-03-05 09:04:00,0.0,,United Kingdom,RETURN,True,recovered,2010-03-05,2010,3,4,True,PRICE_ZERO,True
500258,21752,lost in space,-53,2010-03-05 13:36:00,0.0,,United Kingdom,RETURN,False,original,2010-03-05,2010,3,4,True,PRICE_ZERO,True
500291,35096B,RED VICTORIAN FABRIC HEART BOX,-66,2010-03-05 15:43:00,0.0,,United Kingdom,RETURN,True,recovered,2010-03-05,2010,3,4,True,PRICE_ZERO,True
500321,84016,ebay sales,-3300,2010-03-07 12:03:00,0.0,,United Kingdom,RETURN,False,original,2010-03-07,2010,3,6,True,PRICE_ZERO,True
500418,85014D,PINK/BROWN DOTS RUFFLED UMBRELLA,-29,2010-03-08 11:56:00,0.0,,United Kingdom,RETURN,True,recovered,2010-03-08,2010,3,0,True,PRICE_ZERO,True
500496,21914,BLUE HARMONICA IN BOX,-12,2010-03-08 13:16:00,0.0,,United Kingdom,RETURN,True,recovered,2010-03-08,2010,3,0,True,PRICE_ZERO,True
500561,85185E,DUCK SOCK PUPPET,-37,2010-03-08 15:36:00,0.0,,United Kingdom,RETURN,True,recovered,2010-03-08,2010,3,0,True,PRICE_ZERO,True
500562,84839,damaged,-26,2010-03-08 15:37:00,0.0,,United Kingdom,RETURN,False,original,2010-03-08,2010,3,0,True,PRICE_ZERO,True
500563,84623,PINK GINGHAM ROSE FLOOR CUSHION,-27,2010-03-08 15:43:00,0.0,,United Kingdom,RETURN,True,recovered,2010-03-08,2010,3,0,True,PRICE_ZERO,True
500569,51012L,"FEATHER DUSTER, LIGHT PINK",-45,2010-03-08 15:53:00,0.0,,United Kingdom,RETURN,True,recovered,2010-03-08,2010,3,0,True,PRICE_ZERO,True
500570,51012C,"FEATHER DUSTER, COAL BLACK",-1,2010-03-08 15:53:00,0.0,,United Kingdom,RETURN,True,recovered,2010-03-08,2010,3,0,True,PRICE_ZERO,True
500572,47347B,BLUE FLOWER T-LIGHT HOLDER,-122,2010-03-08 16:16:00,0.0,,United Kingdom,RETURN,True,recovered,2010-03-08,2010,3,0,True,PRICE_ZERO,True
500623,82494L,MISSING,-310,2010-03-09 10:48:00,0.0,,United Kingdom,RETURN,False,original,2010-03-09,2010,3,1,True,PRICE_ZERO,True
500675,16156N,"WRAP, FRIENDSHIP ON GREEN",-200,2010-03-09 12:27:00,0.0,,United Kingdom,RETURN,True,recovered,2010-03-09,2010,3,1,True,PRICE_ZERO,True
500674,16161M,WRAP  PINK FLOCK,-350,2010-03-09 12:27:00,0.0,,United Kingdom,RETURN,True,recovered,2010-03-09,2010,3,1,True,PRICE_ZERO,True
500676,16161P,WRAP ENGLISH ROSE,-250,2010-03-09 12:28:00,0.0,,United Kingdom,RETURN,True,recovered,2010-03-09,2010,3,1,True,PRICE_ZERO,True
500677,84255B,ORANGE COCKTAIL GLASS LAMP,-35,2010-03-09 12:28:00,0.0,,United Kingdom,RETURN,True,recovered,2010-03-09,2010,3,1,True,PRICE_ZERO,True
500679,46775E,CANDY POP CHUNKY KNITTED THROW,-16,2010-03-09 12:30:00,0.0,,United Kingdom,RETURN,True,recovered,2010-03-09,2010,3,1,True,PRICE_ZERO,True
500678,84653,GREEN ROSE QUILT,-8,2010-03-09 12:30:00,0.0,,United Kingdom,RETURN,True,recovered,2010-03-09,2010,3,1,True,PRICE_ZERO,True
500681,22273,FELTCRAFT DOLL MOLLY,-36,2010-03-09 12:31:00,0.0,,United Kingdom,RETURN,True,recovered,2010-03-09,2010,3,1,True,PRICE_ZERO,True
500682,22146,EASTER CRAFT IVY WREATH WITH CHICK,-59,2010-03-09 12:32:00,0.0,,United Kingdom,RETURN,True,recovered,2010-03-09,2010,3,1,True,PRICE_ZERO,True
500683,21437,24 HANGING EASTER EGGS FLORAL TUB,-49,2010-03-09 12:32:00,0.0,,United Kingdom,RETURN,True,recovered,2010-03-09,2010,3,1,True,PRICE_ZERO,True
500686,21443,OLIVE CHALET BIRDFEEDER,-3,2010-03-09 12:33:00,0.0,,United Kingdom,RETURN,True,recovered,2010-03-09,2010,3,1,True,PRICE_ZERO,True
500687,20897,VINTAGE NOTEBOOK PARIS DAYS,-27,2010-03-09 12:34:00,0.0,,United Kingdom,RETURN,True,recovered,2010-03-09,2010,3,1,True,PRICE_ZERO,True
500688,21981,PACK OF 12 WOODLAND TISSUES,-20,2010-03-09 12:34:00,0.0,,United Kingdom,RETURN,True,recovered,2010-03-09,2010,3,1,True,PRICE_ZERO,True
500690,81985A,"ICON ALARM CLOCK,FUSCHIA  PIN UP",-10,2010-03-09 12:35:00,0.0,,United Kingdom,RETURN,True,recovered,2010-03-09,2010,3,1,True,PRICE_ZERO,True
500689,21193,WHITE HONEYCOMB PAPER FAN,-22,2010-03-09 12:35:00,0.0,,United Kingdom,RETURN,True,recovered,2010-03-09,2010,3,1,True,PRICE_ZERO,True
500691,84925C,FAIRY CAKES  WALL THERMOMETER,-29,2010-03-09 12:36:00,0.0,,United Kingdom,RETURN,True,recovered,2010-03-09,2010,3,1,True,PRICE_ZERO,True
500692,84830,LARGE ENGLISH ARBORETUM,-2,2010-03-09 12:36:00,0.0,,United Kingdom,RETURN,True,recovered,2010-03-09,2010,3,1,True,PRICE_ZERO,True
500704,21895,POTTING SHED SOW 'N' GROW SET,-20,2010-03-09 13:44:00,0.0,,United Kingdom,RETURN,True,recovered,2010-03-09,2010,3,1,True,PRICE_ZERO,True
500714,85189,HANGING BUTTERFLY  EGG,-60,2010-03-09 14:20:00,0.0,,United Kingdom,RETURN,True,recovered,2010-03-09,2010,3,1,True,PRICE_ZERO,True
500738,47504F,ENGLISH ROSE TORCH,-2916,2010-03-09 16:33:00,0.0,,United Kingdom,RETURN,True,recovered,2010-03-09,2010,3,1,True,PRICE_ZERO,True
500743,20989,URBAN CHIC CHOPSTICKS SET/5,-48,2010-03-09 17:17:00,0.0,,United Kingdom,RETURN,True,recovered,2010-03-09,2010,3,1,True,PRICE_ZERO,True
500815,17027A,MISSING,-370,2010-03-10 11:03:00,0.0,,United Kingdom,RETURN,False,original,2010-03-10,2010,3,2,True,PRICE_ZERO,True
500846,17027A,INCENSE BAZAAR CANNABIS,-8,2010-03-10 12:17:00,0.0,,United Kingdom,RETURN,True,recovered,2010-03-10,2010,3,2,True,PRICE_ZERO,True
500888,37450,CERAMIC CAKE BOWL + HANGING CAKES,-6,2010-03-10 16:06:00,0.0,,United Kingdom,RETURN,True,recovered,2010-03-10,2010,3,2,True,PRICE_ZERO,True
500905,21321,GLASS CHALICE BLUE  LARGE,-23,2010-03-11 10:19:00,0.0,,United Kingdom,RETURN,True,recovered,2010-03-11,2010,3,3,True,PRICE_ZERO,True
500908,79026B,"S/4 ICON COASTER,ELVIS LIVES",-22,2010-03-11 10:20:00,0.0,,United Kingdom,RETURN,True,recovered,2010-03-11,2010,3,3,True,PRICE_ZERO,True
500909,21536,DAIRY MAID  SMALL  MILK JUG,-23,2010-03-11 10:20:00,0.0,,United Kingdom,RETURN,True,recovered,2010-03-11,2010,3,3,True,PRICE_ZERO,True
500907,84997D,PINK 3 PIECE MINI DOTS CUTLERY SET,-6,2010-03-11 10:20:00,0.0,,United Kingdom,RETURN,True,recovered,2010-03-11,2010,3,3,True,PRICE_ZERO,True
500906,84595B,LARGE TRIFLE DESIGN L BLUE BOWL,-45,2010-03-11 10:20:00,0.0,,United Kingdom,RETURN,True,recovered,2010-03-11,2010,3,3,True,PRICE_ZERO,True
500910,79072,TEATIME CAKE TIN WITH HANDLE,-40,2010-03-11 10:21:00,0.0,,United Kingdom,RETURN,True,recovered,2010-03-11,2010,3,3,True,PRICE_ZERO,True
500911,22035,VINTAGE CARAVAN GREETING CARD,-100,2010-03-11 10:22:00,0.0,,United Kingdom,RETURN,True,recovered,2010-03-11,2010,3,3,True,PRICE_ZERO,True
500912,21223,SET/4 BADGES WOODLAND ANIMAL,-13,2010-03-11 10:22:00,0.0,,United Kingdom,RETURN,True,recovered,2010-03-11,2010,3,3,True,PRICE_ZERO,True
500913,72799A,BLACK PILLAR CANDLE SILVER FLOCK,-11,2010-03-11 10:23:00,0.0,,United Kingdom,RETURN,True,recovered,2010-03-11,2010,3,3,True,PRICE_ZERO,True
500915,84614C,BLUE BAROQUE FLOCK CANDLE HOLDER,-62,2010-03-11 10:23:00,0.0,,United Kingdom,RETURN,True,recovered,2010-03-11,2010,3,3,True,PRICE_ZERO,True
500914,85231L,LAVENDER SCENTED SET/9 T-LIGHTS,-260,2010-03-11 10:23:00,0.0,,United Kingdom,RETURN,True,recovered,2010-03-11,2010,3,3,True,PRICE_ZERO,True
500916,21734,SMALL MARAKESH LANTERN ON STICK,-20,2010-03-11 10:24:00,0.0,,United Kingdom,RETURN,True,recovered,2010-03-11,2010,3,3,True,PRICE_ZERO,True
500926,21734,SMALL MARAKESH LANTERN ON STICK,-9,2010-03-11 11:43:00,0.0,,United Kingdom,RETURN,True,recovered,2010-03-11,2010,3,3,True,PRICE_ZERO,True
501040,21041,missing,-160,2010-03-12 09:38:00,0.0,,United Kingdom,RETURN,False,original,2010-03-12,2010,3,4,True,PRICE_ZERO,True
501105,17013C,ORIGAMI LAVENDER INCENSE IN TUBE,-3,2010-03-12 13:39:00,0.0,,United Kingdom,RETURN,True,recovered,2010-03-12,2010,3,4,True,PRICE_ZERO,True
501106,20860,GOLD COSMETICS BAG WITH BUTTERFLY,-10,2010-03-12 13:40:00,0.0,,United Kingdom,RETURN,True,recovered,2010-03-12,2010,3,4,True,PRICE_ZERO,True
501107,21385,IVORY HANGING DECORATION  HEART,-100,2010-03-12 13:43:00,0.0,,United Kingdom,RETURN,True,recovered,2010-03-12,2010,3,4,True,PRICE_ZERO,True
501108,84875A,PINK SQUARE COMPACT MIRROR,-28,2010-03-12 13:44:00,0.0,,United Kingdom,RETURN,True,recovered,2010-03-12,2010,3,4,True,PRICE_ZERO,True
501109,77081,missing,-233,2010-03-12 13:44:00,0.0,,United Kingdom,RETURN,False,original,2010-03-12,2010,3,4,True,PRICE_ZERO,True
501111,84902,PINK KNITTED COW STUFFED TOY,-60,2010-03-12 13:45:00,0.0,,United Kingdom,RETURN,True,recovered,2010-03-12,2010,3,4,True,PRICE_ZERO,True
501110,47591C,missing,-300,2010-03-12 13:45:00,0.0,,United Kingdom,RETURN,False,original,2010-03-12,2010,3,4,True,PRICE_ZERO,True
501173,22146,EASTER CRAFT IVY WREATH WITH CHICK,-5,2010-03-15 10:48:00,0.0,,United Kingdom,RETURN,True,recovered,2010-03-15,2010,3,0,True,PRICE_ZERO,True
501179,84447,6 RABBIT CHAIN EASTER,-54,2010-03-15 11:18:00,0.0,,United Kingdom,RETURN,True,recovered,2010-03-15,2010,3,0,True,PRICE_ZERO,True
501180,84458,S/3 RABBIT FLOWER/EGG/CARROT ROPE,-45,2010-03-15 11:23:00,0.0,,United Kingdom,RETURN,True,recovered,2010-03-15,2010,3,0,True,PRICE_ZERO,True
501185,82607C,damages,-67,2010-03-15 11:56:00,0.0,,United Kingdom,RETURN,False,original,2010-03-15,2010,3,0,True,PRICE_ZERO,True
501202,21837,CROSS STITCH ALPHABET CUSHION COVER,-8,2010-03-15 12:15:00,0.0,,United Kingdom,RETURN,True,recovered,2010-03-15,2010,3,0,True,PRICE_ZERO,True
501288,84840,SWEETHEART CARRY-ALL BASKET,-40,2010-03-15 15:07:00,0.0,,United Kingdom,RETURN,True,recovered,2010-03-15,2010,3,0,True,PRICE_ZERO,True
501294,72739C,DARK CHOCOLATE SCENTCANDLE,-134,2010-03-15 15:48:00,0.0,,United Kingdom,RETURN,True,recovered,2010-03-15,2010,3,0,True,PRICE_ZERO,True
501448,82494L,WOODEN FRAME ANTIQUE WHITE,-47,2010-03-16 14:53:00,0.0,,United Kingdom,RETURN,True,recovered,2010-03-16,2010,3,1,True,PRICE_ZERO,True
501555,84657,GREEN ROSE CUSHION COVER,-72,2010-03-17 16:10:00,0.0,,United Kingdom,RETURN,True,recovered,2010-03-17,2010,3,2,True,PRICE_ZERO,True
501615,47587A,12'S SOLD AS 1?,-1060,2010-03-18 11:06:00,0.0,,United Kingdom,RETURN,False,original,2010-03-18,2010,3,3,True,PRICE_ZERO,True
501644,21768,WALL MOUNTED VINTAGE ORGANISER,-2,2010-03-18 12:33:00,0.0,,United Kingdom,RETURN,True,recovered,2010-03-18,2010,3,3,True,PRICE_ZERO,True
501804,46137D,GREEN CHENILLE SHAGGY RUG,-25,2010-03-19 13:59:00,0.0,,United Kingdom,RETURN,True,recovered,2010-03-19,2010,3,4,True,PRICE_ZERO,True
501835,84467,ENGLISH ROSE DESIGN QUILTED THROW,-30,2010-03-19 16:55:00,0.0,,United Kingdom,RETURN,True,recovered,2010-03-19,2010,3,4,True,PRICE_ZERO,True
501837,84081,WHITE CERAMIC PARTY SET (5PCS),-2,2010-03-19 17:11:00,0.0,,United Kingdom,RETURN,True,recovered,2010-03-19,2010,3,4,True,PRICE_ZERO,True
501839,37379B,BLUE CHERRY BLOSSOM CUP & SAUCER,-65,2010-03-19 17:12:00,0.0,,United Kingdom,RETURN,True,recovered,2010-03-19,2010,3,4,True,PRICE_ZERO,True
501840,84680,CLASSICAL ROSE URN,-1,2010-03-19 17:12:00,0.0,,United Kingdom,RETURN,True,recovered,2010-03-19,2010,3,4,True,PRICE_ZERO,True
501841,47556B,TEA TIME TEA TOWELS,-12,2010-03-19 17:13:00,0.0,,United Kingdom,RETURN,True,recovered,2010-03-19,2010,3,4,True,PRICE_ZERO,True
501949,22193,RED DINER WALL CLOCK,-5,2010-03-22 11:55:00,0.0,,United Kingdom,RETURN,True,recovered,2010-03-22,2010,3,0,True,PRICE_ZERO,True
501948,82607E,GLASS BONBON JAR. D'AMANDES,-20,2010-03-22 11:55:00,0.0,,United Kingdom,RETURN,True,recovered,2010-03-22,2010,3,0,True,PRICE_ZERO,True
501950,17164D,ASS COL SMALL SAND FROG P'WEIGHT,-14,2010-03-22 11:56:00,0.0,,United Kingdom,RETURN,True,recovered,2010-03-22,2010,3,0,True,PRICE_ZERO,True
501952,37352,BIRD IN TREE MUG,-89,2010-03-22 11:57:00,0.0,,United Kingdom,RETURN,True,recovered,2010-03-22,2010,3,0,True,PRICE_ZERO,True
501951,84985B,SET OF 72 BLACK PAPER DOILIES,-27,2010-03-22 11:57:00,0.0,,United Kingdom,RETURN,True,recovered,2010-03-22,2010,3,0,True,PRICE_ZERO,True
501954,84993B,75 BLACK PETIT FOUR CASES,-93,2010-03-22 11:58:00,0.0,,United Kingdom,RETURN,True,recovered,2010-03-22,2010,3,0,True,PRICE_ZERO,True
501953,37351,ORANGE FLOWER MUG,-28,2010-03-22 11:58:00,0.0,,United Kingdom,RETURN,True,recovered,2010-03-22,2010,3,0,True,PRICE_ZERO,True
501956,21091,SET/6 WOODLAND PAPER PLATES,-12,2010-03-22 11:59:00,0.0,,United Kingdom,RETURN,True,recovered,2010-03-22,2010,3,0,True,PRICE_ZERO,True
501955,21076,SET/20 COLLAGE PAPER NAPKIN,-92,2010-03-22 11:59:00,0.0,,United Kingdom,RETURN,True,recovered,2010-03-22,2010,3,0,True,PRICE_ZERO,True
501958,84989B,75 BLACK FAIRY CAKE CASES,-100,2010-03-22 12:00:00,0.0,,United Kingdom,RETURN,True,recovered,2010-03-22,2010,3,0,True,PRICE_ZERO,True
501957,21663,VINTAGE GLASS SUGAR CADDY,-13,2010-03-22 12:00:00,0.0,,United Kingdom,RETURN,True,recovered,2010-03-22,2010,3,0,True,PRICE_ZERO,True
502031,21542,missing,-900,2010-03-22 13:14:00,0.0,,United Kingdom,RETURN,False,original,2010-03-22,2010,3,0,True,PRICE_ZERO,True
502032,75149N,missing,-394,2010-03-22 13:15:00,0.0,,United Kingdom,RETURN,False,original,2010-03-22,2010,3,0,True,PRICE_ZERO,True
502033,84746,PINK EASTER HENS+FLOWER,-66,2010-03-22 13:17:00,0.0,,United Kingdom,RETURN,True,recovered,2010-03-22,2010,3,0,True,PRICE_ZERO,True
502034,84990,60 GOLD AND SILVER FAIRY CAKE CASES,-300,2010-03-22 13:18:00,0.0,,United Kingdom,RETURN,True,recovered,2010-03-22,2010,3,0,True,PRICE_ZERO,True
502414,84909A,PINK PAISLEY QUILT,-5,2010-03-24 12:00:00,0.0,,United Kingdom,RETURN,True,recovered,2010-03-24,2010,3,2,True,PRICE_ZERO,True
502457,84016,ebay sales,-5200,2010-03-24 14:20:00,0.0,,United Kingdom,RETURN,False,original,2010-03-24,2010,3,2,True,PRICE_ZERO,True
502458,84016,ebay sales,-5000,2010-03-24 14:21:00,0.0,,United Kingdom,RETURN,False,original,2010-03-24,2010,3,2,True,PRICE_ZERO,True
502564,84414B,damaged,-12,2010-03-25 11:53:00,0.0,,United Kingdom,RETURN,False,original,2010-03-25,2010,3,3,True,PRICE_ZERO,True
502642,21384,IVORY HANGING DECORATION  BUTTERFLY,-150,2010-03-25 16:42:00,0.0,,United Kingdom,RETURN,True,recovered,2010-03-25,2010,3,3,True,PRICE_ZERO,True
502644,21440,12 MINI TOADSTOOL PEGS,-60,2010-03-25 16:47:00,0.0,,United Kingdom,RETURN,True,recovered,2010-03-25,2010,3,3,True,PRICE_ZERO,True
502645,75013B,"STRING OF 8 BUTTERFLIES,PINK",-20,2010-03-25 16:47:00,0.0,,United Kingdom,RETURN,True,recovered,2010-03-25,2010,3,3,True,PRICE_ZERO,True
502646,47587A,PINK FAIRY CAKE COASTER,-161,2010-03-25 16:48:00,0.0,,United Kingdom,RETURN,True,recovered,2010-03-25,2010,3,3,True,PRICE_ZERO,True
502649,84984C,ORIENTAL BLUE C/COVER,-8,2010-03-25 16:56:00,0.0,,United Kingdom,RETURN,True,recovered,2010-03-25,2010,3,3,True,PRICE_ZERO,True
502650,20783,HEART EAR MUFF HEADPHONES,-37,2010-03-25 16:57:00,0.0,,United Kingdom,RETURN,True,recovered,2010-03-25,2010,3,3,True,PRICE_ZERO,True
502651,84926C,FAIRY CAKES TILE COASTER,-39,2010-03-25 16:58:00,0.0,,United Kingdom,RETURN,True,recovered,2010-03-25,2010,3,3,True,PRICE_ZERO,True
502652,84926C,FAIRY CAKES TILE COASTER,-10,2010-03-25 16:58:00,0.0,,United Kingdom,RETURN,True,recovered,2010-03-25,2010,3,3,True,PRICE_ZERO,True
502654,85196,EASTER BUNNIES ON A STICK,-328,2010-03-25 16:59:00,0.0,,United Kingdom,RETURN,True,recovered,2010-03-25,2010,3,3,True,PRICE_ZERO,True
502655,85200,BUNNY EGG BOX,-42,2010-03-25 17:00:00,0.0,,United Kingdom,RETURN,True,recovered,2010-03-25,2010,3,3,True,PRICE_ZERO,True
502656,85200,BUNNY EGG BOX,-10,2010-03-25 17:00:00,0.0,,United Kingdom,RETURN,True,recovered,2010-03-25,2010,3,3,True,PRICE_ZERO,True
502657,22290,STANDING METAL RABBIT WITH EGG,-25,2010-03-25 17:01:00,0.0,,United Kingdom,RETURN,True,recovered,2010-03-25,2010,3,3,True,PRICE_ZERO,True
502658,85206B,PINK FELT EASTER EGG BASKET,-50,2010-03-25 17:01:00,0.0,,United Kingdom,RETURN,True,recovered,2010-03-25,2010,3,3,True,PRICE_ZERO,True
502750,21102,"CANDLE IN JAR COLLAGE , VANILLA",-127,2010-03-26 13:09:00,0.0,,United Kingdom,RETURN,True,recovered,2010-03-26,2010,3,4,True,PRICE_ZERO,True
502754,72755D,missing,-130,2010-03-26 13:37:00,0.0,,United Kingdom,RETURN,False,original,2010-03-26,2010,3,4,True,PRICE_ZERO,True
502774,72755C,FLOWER FAIRY OIL BURNER SET ROSE,-57,2010-03-26 14:36:00,0.0,,United Kingdom,RETURN,True,recovered,2010-03-26,2010,3,4,True,PRICE_ZERO,True
502775,72755D,FLOWER FAIRY OIL BURNER SET SUMMER,-22,2010-03-26 14:36:00,0.0,,United Kingdom,RETURN,True,recovered,2010-03-26,2010,3,4,True,PRICE_ZERO,True
502780,72753B,S/3 FLWR FAIRY LAVENDER CANDLES,-23,2010-03-26 14:38:00,0.0,,United Kingdom,RETURN,True,recovered,2010-03-26,2010,3,4,True,PRICE_ZERO,True
502777,20888,SET 3 JARDIN DE FEMME SCENT CANDLES,-41,2010-03-26 14:38:00,0.0,,United Kingdom,RETURN,True,recovered,2010-03-26,2010,3,4,True,PRICE_ZERO,True
502778,20889,JARDIN DE FEMME SCENTED CANDLE,-37,2010-03-26 14:38:00,0.0,,United Kingdom,RETURN,True,recovered,2010-03-26,2010,3,4,True,PRICE_ZERO,True
502907,84533B,FAIRY CAKES ROUND NESTING BOXES,-38,2010-03-29 13:03:00,0.0,,United Kingdom,RETURN,True,recovered,2010-03-29,2010,3,0,True,PRICE_ZERO,True
502926,47503G,ASS FLORAL PRINT TAPE MEASURE,-267,2010-03-29 14:24:00,0.0,,United Kingdom,RETURN,True,recovered,2010-03-29,2010,3,0,True,PRICE_ZERO,True
502927,47504G,ENGLISH ROSE TAPE MEASURE,-3140,2010-03-29 14:25:00,0.0,,United Kingdom,RETURN,True,recovered,2010-03-29,2010,3,0,True,PRICE_ZERO,True
503239,46000P,POLYESTER FILLER PAD 65CMx65CM,-10,2010-03-30 17:52:00,0.0,,United Kingdom,RETURN,True,recovered,2010-03-30,2010,3,1,True,PRICE_ZERO,True
503238,46000M,POLYESTER FILLER PAD 45x45cm,-20,2010-03-30 17:52:00,0.0,,United Kingdom,RETURN,True,recovered,2010-03-30,2010,3,1,True,PRICE_ZERO,True
503240,21463,damaged,-37,2010-03-30 17:53:00,0.0,,United Kingdom,RETURN,False,original,2010-03-30,2010,3,1,True,PRICE_ZERO,True
503429,84750A,damages,-85,2010-03-31 17:53:00,0.0,,United Kingdom,RETURN,False,original,2010-03-31,2010,3,2,True,PRICE_ZERO,True
503520,20934,SET/3 POT PLANT CANDLES,-112,2010-04-01 13:08:00,0.0,,United Kingdom,RETURN,True,recovered,2010-04-01,2010,4,3,True,PRICE_ZERO,True
503521,79338,DARK PINK FLOCK GLASS CANDLEHOLDER,-37,2010-04-01 13:09:00,0.0,,United Kingdom,RETURN,True,recovered,2010-04-01,2010,4,3,True,PRICE_ZERO,True
503522,21759,METAL WALL SHELF UNIT WITH HOOKS,-8,2010-04-01 13:09:00,0.0,,United Kingdom,RETURN,True,recovered,2010-04-01,2010,4,3,True,PRICE_ZERO,True
503523,84770,ROUND GEORGIAN SILVER MIRROR,-31,2010-04-01 13:10:00,0.0,,United Kingdom,RETURN,True,recovered,2010-04-01,2010,4,3,True,PRICE_ZERO,True
503525,40018E,TEA TIME PAPER LANTERNS,-17,2010-04-01 13:11:00,0.0,,United Kingdom,RETURN,True,recovered,2010-04-01,2010,4,3,True,PRICE_ZERO,True
503526,84791,GINGHAM HEART DECORATION,-11,2010-04-01 13:12:00,0.0,,United Kingdom,RETURN,True,recovered,2010-04-01,2010,4,3,True,PRICE_ZERO,True
503528,20958,PORCELAIN HANGING BELL LARGE,-4,2010-04-01 13:13:00,0.0,,United Kingdom,RETURN,True,recovered,2010-04-01,2010,4,3,True,PRICE_ZERO,True
503529,21549,CERAMIC BIRDHOUSE RED ROOF SMALL,-23,2010-04-01 13:14:00,0.0,,United Kingdom,RETURN,True,recovered,2010-04-01,2010,4,3,True,PRICE_ZERO,True
503554,22148,EASTER CRAFT 4 CHICKS,-30,2010-04-01 15:19:00,0.0,,United Kingdom,RETURN,True,recovered,2010-04-01,2010,4,3,True,PRICE_ZERO,True
503686,17108D,missing?,-716,2010-04-06 12:41:00,0.0,,United Kingdom,RETURN,False,original,2010-04-06,2010,4,1,True,PRICE_ZERO,True
503699,21770,OPEN CLOSED METAL SIGN,-19,2010-04-06 13:31:00,0.0,,United Kingdom,RETURN,True,recovered,2010-04-06,2010,4,1,True,PRICE_ZERO,True
503701,20993,JAZZ HEARTS MEMO PAD,-114,2010-04-06 13:32:00,0.0,,United Kingdom,RETURN,True,recovered,2010-04-06,2010,4,1,True,PRICE_ZERO,True
503700,85220,SMALL FAIRY CAKE FRIDGE MAGNETS,-276,2010-04-06 13:32:00,0.0,,United Kingdom,RETURN,True,recovered,2010-04-06,2010,4,1,True,PRICE_ZERO,True
503707,22173,METAL 4 HOOK HANGER FRENCH CHATEAU,-21,2010-04-06 14:04:00,0.0,,United Kingdom,RETURN,True,recovered,2010-04-06,2010,4,1,True,PRICE_ZERO,True
503816,37461,FUNKY MONKEY MUG,-74,2010-04-07 14:45:00,0.0,,United Kingdom,RETURN,True,recovered,2010-04-07,2010,4,2,True,PRICE_ZERO,True
503817,37410,BLACK AND WHITE PAISLEY FLOWER MUG,-55,2010-04-07 14:46:00,0.0,,United Kingdom,RETURN,True,recovered,2010-04-07,2010,4,2,True,PRICE_ZERO,True
503819,20814,SILVER FINCH DECORATION,-15,2010-04-07 14:47:00,0.0,,United Kingdom,RETURN,True,recovered,2010-04-07,2010,4,2,True,PRICE_ZERO,True
503820,22028,PENNY FARTHING BIRTHDAY CARD,-40,2010-04-07 14:48:00,0.0,,United Kingdom,RETURN,True,recovered,2010-04-07,2010,4,2,True,PRICE_ZERO,True
503874,22054,MINI CAKE STAND HANGING HEARTS,-8,2010-04-08 11:38:00,0.0,,United Kingdom,RETURN,True,recovered,2010-04-08,2010,4,3,True,PRICE_ZERO,True
503873,85066,CREAM SWEETHEART MINI CHEST,-3,2010-04-08 11:38:00,0.0,,United Kingdom,RETURN,True,recovered,2010-04-08,2010,4,3,True,PRICE_ZERO,True
503872,22180,RETROSPOT LAMP,-28,2010-04-08 11:38:00,0.0,,United Kingdom,RETURN,True,recovered,2010-04-08,2010,4,3,True,PRICE_ZERO,True
503952,16202C,BEIGE PHOTO ALBUM,-32,2010-04-08 15:46:00,0.0,,United Kingdom,RETURN,True,recovered,2010-04-08,2010,4,3,True,PRICE_ZERO,True
503992,35821B,gone,-21,2010-04-09 11:02:00,0.0,,United Kingdom,RETURN,False,original,2010-04-09,2010,4,4,True,PRICE_ZERO,True
503993,35824C,damaged,-58,2010-04-09 11:02:00,0.0,,United Kingdom,RETURN,False,original,2010-04-09,2010,4,4,True,PRICE_ZERO,True
504194,84467,ENGLISH ROSE DESIGN QUILTED THROW,-40,2010-04-12 10:12:00,0.0,,United Kingdom,RETURN,True,recovered,2010-04-12,2010,4,0,True,PRICE_ZERO,True
504309,22197,SMALL POPCORN HOLDER,-1020,2010-04-12 14:38:00,0.0,,United Kingdom,RETURN,True,recovered,2010-04-12,2010,4,0,True,PRICE_ZERO,True
504311,22197,SMALL POPCORN HOLDER,-9200,2010-04-12 14:39:00,0.0,,United Kingdom,RETURN,True,recovered,2010-04-12,2010,4,0,True,PRICE_ZERO,True
504364,22037,ROBOT BIRTHDAY CARD,-108,2010-04-13 10:48:00,0.0,,United Kingdom,RETURN,True,recovered,2010-04-13,2010,4,1,True,PRICE_ZERO,True
504445,22467,GUMBALL COAT RACK,-1800,2010-04-13 14:38:00,0.0,,United Kingdom,RETURN,True,recovered,2010-04-13,2010,4,1,True,PRICE_ZERO,True
504455,22528,GARDENERS KNEELING PAD,-4800,2010-04-13 15:34:00,0.0,,United Kingdom,RETURN,True,recovered,2010-04-13,2010,4,1,True,PRICE_ZERO,True
504457,22558,CLOTHES PEGS RETROSPOT PACK 24,-4800,2010-04-13 15:35:00,0.0,,United Kingdom,RETURN,True,recovered,2010-04-13,2010,4,1,True,PRICE_ZERO,True
504531,47570,ENGLISH ROSE TABLE CLOTH,-20,2010-04-14 11:40:00,0.0,,United Kingdom,RETURN,True,recovered,2010-04-14,2010,4,2,True,PRICE_ZERO,True
504530,47570,ENGLISH ROSE TABLE CLOTH,-114,2010-04-14 11:40:00,0.0,,United Kingdom,RETURN,True,recovered,2010-04-14,2010,4,2,True,PRICE_ZERO,True
504590,84578,damages,-52,2010-04-15 10:25:00,0.0,,United Kingdom,RETURN,False,original,2010-04-15,2010,4,3,True,PRICE_ZERO,True
504839,21757,LIGHTHOUSE PRINTED METAL SIGN,-18,2010-04-16 15:21:00,0.0,,United Kingdom,RETURN,True,recovered,2010-04-16,2010,4,4,True,PRICE_ZERO,True
505149,84932D,damages,-16,2010-04-20 11:38:00,0.0,,United Kingdom,RETURN,False,original,2010-04-20,2010,4,1,True,PRICE_ZERO,True
505216,84466,TOP SECRET PEN SET,-140,2010-04-21 10:18:00,0.0,,United Kingdom,RETURN,True,recovered,2010-04-21,2010,4,2,True,PRICE_ZERO,True
505285,85221,?,-1120,2010-04-21 11:48:00,0.0,,United Kingdom,RETURN,False,original,2010-04-21,2010,4,2,True,PRICE_ZERO,True
505457,72760B,VINTAGE CREAM 3 BASKET CAKE STAND,-26,2010-04-22 11:35:00,0.0,,United Kingdom,RETURN,True,recovered,2010-04-22,2010,4,3,True,PRICE_ZERO,True
505638,21929,?,-420,2010-04-23 13:41:00,0.0,,United Kingdom,RETURN,False,original,2010-04-23,2010,4,4,True,PRICE_ZERO,True
505687,84932B,SMALL PINK PEONY FOLDING STOOL,-13,2010-04-23 16:51:00,0.0,,United Kingdom,RETURN,True,recovered,2010-04-23,2010,4,4,True,PRICE_ZERO,True
505690,85164B,BLACK BAROQUE CUCKOO CLOCK,-12,2010-04-23 17:54:00,0.0,,United Kingdom,RETURN,True,recovered,2010-04-23,2010,4,4,True,PRICE_ZERO,True
505691,85119,WATERING CAN SINGLE HOOK PISTACHIO,-40,2010-04-23 17:55:00,0.0,,United Kingdom,RETURN,True,recovered,2010-04-23,2010,4,4,True,PRICE_ZERO,True
505692,21504,SKULLS GREETING CARD,-100,2010-04-23 17:56:00,0.0,,United Kingdom,RETURN,True,recovered,2010-04-23,2010,4,4,True,PRICE_ZERO,True
505693,21892,TRADITIONAL WOODEN CATCH CUP GAME,-80,2010-04-23 17:56:00,0.0,,United Kingdom,RETURN,True,recovered,2010-04-23,2010,4,4,True,PRICE_ZERO,True
505749,35972,DAISY FOLKART HEART DECORATION,-170,2010-04-26 09:25:00,0.0,,United Kingdom,RETURN,True,recovered,2010-04-26,2010,4,0,True,PRICE_ZERO,True
505750,21672,WHITE SPOT RED CERAMIC DRAWER KNOB,-80,2010-04-26 09:27:00,0.0,,United Kingdom,RETURN,True,recovered,2010-04-26,2010,4,0,True,PRICE_ZERO,True
505751,16202E,BLACK PHOTO ALBUM,-46,2010-04-26 09:29:00,0.0,,United Kingdom,RETURN,True,recovered,2010-04-26,2010,4,0,True,PRICE_ZERO,True
505752,35824P,damages,-26,2010-04-26 09:41:00,0.0,,United Kingdom,RETURN,False,original,2010-04-26,2010,4,0,True,PRICE_ZERO,True
505753,72750A,damages,-54,2010-04-26 09:43:00,0.0,,United Kingdom,RETURN,False,original,2010-04-26,2010,4,0,True,PRICE_ZERO,True
505754,84869,damages,-13,2010-04-26 09:43:00,0.0,,United Kingdom,RETURN,False,original,2010-04-26,2010,4,0,True,PRICE_ZERO,True
505758,79341,WILLOW BRANCH LIGHTS.,-135,2010-04-26 10:18:00,0.0,,United Kingdom,RETURN,True,recovered,2010-04-26,2010,4,0,True,PRICE_ZERO,True
505759,79342B,BROWN FLOWER LIGHTS,-173,2010-04-26 10:19:00,0.0,,United Kingdom,RETURN,True,recovered,2010-04-26,2010,4,0,True,PRICE_ZERO,True
505760,79323B,BLACK CHERRY LIGHTS,-127,2010-04-26 10:20:00,0.0,,United Kingdom,RETURN,True,recovered,2010-04-26,2010,4,0,True,PRICE_ZERO,True
505761,79323G,GOLD  CHERRY LIGHTS,-84,2010-04-26 10:21:00,0.0,,United Kingdom,RETURN,True,recovered,2010-04-26,2010,4,0,True,PRICE_ZERO,True
505764,79323LP,LIGHT PINK CHERRY LIGHTS,-8,2010-04-26 10:25:00,0.0,,United Kingdom,RETURN,True,recovered,2010-04-26,2010,4,0,True,PRICE_ZERO,True
505763,79323GR,GREEN CHERRY LIGHTS,-240,2010-04-26 10:25:00,0.0,,United Kingdom,RETURN,True,recovered,2010-04-26,2010,4,0,True,PRICE_ZERO,True
505765,79323P,PINK CHERRY LIGHTS,-218,2010-04-26 10:26:00,0.0,,United Kingdom,RETURN,True,recovered,2010-04-26,2010,4,0,True,PRICE_ZERO,True
505767,79323S,SILVER CHERRY LIGHTS,-88,2010-04-26 10:26:00,0.0,,United Kingdom,RETURN,True,recovered,2010-04-26,2010,4,0,True,PRICE_ZERO,True
505768,79323W,WHITE CHERRY LIGHTS,-136,2010-04-26 10:27:00,0.0,,United Kingdom,RETURN,True,recovered,2010-04-26,2010,4,0,True,PRICE_ZERO,True
505892,21955,DOORMAT UNION JACK GUNS AND ROSES,-44,2010-04-26 14:37:00,0.0,,United Kingdom,RETURN,True,recovered,2010-04-26,2010,4,0,True,PRICE_ZERO,True
506101,21858,dirty,-1,2010-04-27 13:12:00,0.0,,United Kingdom,RETURN,False,original,2010-04-27,2010,4,1,True,PRICE_ZERO,True
506102,21853,GUMBALL CUSTOM CARS TOP TRUMPS GAME,-3,2010-04-27 13:12:00,0.0,,United Kingdom,RETURN,True,recovered,2010-04-27,2010,4,1,True,PRICE_ZERO,True
506280,47505,Damp and rusty,-420,2010-04-28 16:01:00,0.0,,United Kingdom,RETURN,False,original,2010-04-28,2010,4,2,True,PRICE_ZERO,True
506307,84599,CANDY STRIPE ROSE FLOOR CUSHION,-24,2010-04-29 10:50:00,0.0,,United Kingdom,RETURN,True,recovered,2010-04-29,2010,4,3,True,PRICE_ZERO,True
506379,47505,MINATURE COLOURED GARDENING SET,-20,2010-04-29 12:18:00,0.0,,United Kingdom,RETURN,True,recovered,2010-04-29,2010,4,3,True,PRICE_ZERO,True
506567,84837,WHITE SWEETHEARTS CABINET 4 DRAWERS,-30,2010-04-30 12:53:00,0.0,,United Kingdom,RETURN,True,recovered,2010-04-30,2010,4,4,True,PRICE_ZERO,True
506568,84837,WHITE SWEETHEARTS CABINET 4 DRAWERS,-10,2010-04-30 12:53:00,0.0,,United Kingdom,RETURN,True,recovered,2010-04-30,2010,4,4,True,PRICE_ZERO,True
506648,84016,invoice 506647,-299,2010-04-30 16:24:00,0.0,,United Kingdom,RETURN,False,original,2010-04-30,2010,4,4,True,PRICE_ZERO,True
506666,72800A,S/4 BLACK DINNER CANDLE SILVER FLOC,-148,2010-04-30 17:16:00,0.0,,United Kingdom,RETURN,True,recovered,2010-04-30,2010,4,4,True,PRICE_ZERO,True
506668,21169,YOU'RE CONFUSING ME METAL SIGN,-98,2010-04-30 17:16:00,0.0,,United Kingdom,RETURN,True,recovered,2010-04-30,2010,4,4,True,PRICE_ZERO,True
506667,85231E,STRAWBERRY SCENTED SET/9 T-LIGHTS,-234,2010-04-30 17:16:00,0.0,,United Kingdom,RETURN,True,recovered,2010-04-30,2010,4,4,True,PRICE_ZERO,True
506670,21670,BLUE SPOT CERAMIC DRAWER KNOB,-54,2010-04-30 17:18:00,0.0,,United Kingdom,RETURN,True,recovered,2010-04-30,2010,4,4,True,PRICE_ZERO,True
506672,85121B,RETRO LAUNDRY TUB PINK,-15,2010-04-30 17:19:00,0.0,,United Kingdom,RETURN,True,recovered,2010-04-30,2010,4,4,True,PRICE_ZERO,True
506671,22348,TEA BAG PLATE RED RETROSPOT,-97,2010-04-30 17:19:00,0.0,,United Kingdom,RETURN,True,recovered,2010-04-30,2010,4,4,True,PRICE_ZERO,True
506725,90162A,ANT SILVER TURQUOISE BOUDICCA RING,-145,2010-05-04 10:03:00,0.0,,United Kingdom,RETURN,True,recovered,2010-05-04,2010,5,1,True,PRICE_ZERO,True
506736,84795D,missing,-240,2010-05-04 10:26:00,0.0,,United Kingdom,RETURN,False,original,2010-05-04,2010,5,1,True,PRICE_ZERO,True
506745,84937,Amazon sold as set,-70,2010-05-04 11:27:00,0.0,,United Kingdom,RETURN,False,original,2010-05-04,2010,5,1,True,PRICE_ZERO,True
506746,84937,Dotcom sold as set,-420,2010-05-04 11:29:00,0.0,,United Kingdom,RETURN,False,original,2010-05-04,2010,5,1,True,PRICE_ZERO,True
506749,17129F,17129c,-72,2010-05-04 11:33:00,0.0,,United Kingdom,RETURN,False,original,2010-05-04,2010,5,1,True,PRICE_ZERO,True
506823,72023F,RED ORGANIC CANDLE IN GLASS,-81,2010-05-04 13:05:00,0.0,,United Kingdom,RETURN,True,recovered,2010-05-04,2010,5,1,True,PRICE_ZERO,True
506824,72606A,BROWN ANTIQUE CUBE CANDLE,-42,2010-05-04 13:05:00,0.0,,United Kingdom,RETURN,True,recovered,2010-05-04,2010,5,1,True,PRICE_ZERO,True
506838,84937,KASHMIR FOLKART TUMBLERS,-257,2010-05-04 13:52:00,0.0,,United Kingdom,RETURN,True,recovered,2010-05-04,2010,5,1,True,PRICE_ZERO,True
506866,84270,?,-3000,2010-05-04 15:20:00,0.0,,United Kingdom,RETURN,False,original,2010-05-04,2010,5,1,True,PRICE_ZERO,True
506868,75149N,STRING CRYSTALS NATURAL,-1,2010-05-04 15:24:00,0.0,,United Kingdom,RETURN,True,recovered,2010-05-04,2010,5,1,True,PRICE_ZERO,True
506955,16050,TEATIME PENCIL WITH RUBBER,-843,2010-05-05 11:45:00,0.0,,United Kingdom,RETURN,True,recovered,2010-05-05,2010,5,2,True,PRICE_ZERO,True
506973,16244B,MAXWELL 2 TONE BLUE 60 PAGE PHOTO A,-4,2010-05-05 12:41:00,0.0,,United Kingdom,RETURN,True,recovered,2010-05-05,2010,5,2,True,PRICE_ZERO,True
506975,45016,ebay sales,-130,2010-05-05 12:44:00,0.0,,United Kingdom,RETURN,False,original,2010-05-05,2010,5,2,True,PRICE_ZERO,True
507004,21092,phil said so,-20,2010-05-05 14:19:00,0.0,,United Kingdom,RETURN,False,original,2010-05-05,2010,5,2,True,PRICE_ZERO,True
507154,84858A,wet and rotting,-100,2010-05-06 13:32:00,0.0,,United Kingdom,RETURN,False,original,2010-05-06,2010,5,3,True,PRICE_ZERO,True
507155,84858B,wet & rotting,-200,2010-05-06 13:32:00,0.0,,United Kingdom,RETURN,False,original,2010-05-06,2010,5,3,True,PRICE_ZERO,True
507162,21869,POTTING SHED COFFEE MUG,-122,2010-05-06 14:14:00,0.0,,United Kingdom,RETURN,True,recovered,2010-05-06,2010,5,3,True,PRICE_ZERO,True
507168,84798B,PURPLE FOXGLOVE ARTIIFCIAL FLOWER,-30,2010-05-06 14:32:00,0.0,,United Kingdom,RETURN,True,recovered,2010-05-06,2010,5,3,True,PRICE_ZERO,True
507169,84802A,WHITE ANEMONE ARTIFICIAL FLOWER,-90,2010-05-06 14:33:00,0.0,,United Kingdom,RETURN,True,recovered,2010-05-06,2010,5,3,True,PRICE_ZERO,True
507172,84688,BEACH HUT DESIGN BLACKBOARD,-40,2010-05-06 14:50:00,0.0,,United Kingdom,RETURN,True,recovered,2010-05-06,2010,5,3,True,PRICE_ZERO,True
507173,84925F,PSYCHEDELIC WALL THERMOMETER,-50,2010-05-06 14:51:00,0.0,,United Kingdom,RETURN,True,recovered,2010-05-06,2010,5,3,True,PRICE_ZERO,True
507174,84807,display,-180,2010-05-06 14:57:00,0.0,,United Kingdom,RETURN,False,original,2010-05-06,2010,5,3,True,PRICE_ZERO,True
507182,85117,NIGHTINGALE COATHOOK WHITE,-70,2010-05-06 15:27:00,0.0,,United Kingdom,RETURN,True,recovered,2010-05-06,2010,5,3,True,PRICE_ZERO,True
507188,35974,S/6 CHRISTMAS TREE PLACE SETTING,-6,2010-05-06 16:13:00,0.0,,United Kingdom,RETURN,True,recovered,2010-05-06,2010,5,3,True,PRICE_ZERO,True
507189,84934,ASSTD DESIGN POP ART SLIM PEN,-80,2010-05-06 16:13:00,0.0,,United Kingdom,RETURN,True,recovered,2010-05-06,2010,5,3,True,PRICE_ZERO,True
507192,85017A,wrong ctn size,-626,2010-05-06 16:18:00,0.0,,United Kingdom,RETURN,False,original,2010-05-06,2010,5,3,True,PRICE_ZERO,True
507257,84867A,PINK BABY GIRLS PHOTO ALBUM,-29,2010-05-07 11:52:00,0.0,,United Kingdom,RETURN,True,recovered,2010-05-07,2010,5,4,True,PRICE_ZERO,True
507262,35085E,IVORY ROSE LAMPSHADE,-27,2010-05-07 12:20:00,0.0,,United Kingdom,RETURN,True,recovered,2010-05-07,2010,5,4,True,PRICE_ZERO,True
507267,22192,BLUE DINER WALL CLOCK,-4,2010-05-07 12:24:00,0.0,,United Kingdom,RETURN,True,recovered,2010-05-07,2010,5,4,True,PRICE_ZERO,True
507268,84670,missing,-3340,2010-05-07 12:32:00,0.0,,United Kingdom,RETURN,False,original,2010-05-07,2010,5,4,True,PRICE_ZERO,True
507441,35809B,ENAMEL BLUE RIM TEA CONTAINER,-73,2010-05-10 09:25:00,0.0,,United Kingdom,RETURN,True,recovered,2010-05-10,2010,5,0,True,PRICE_ZERO,True
507442,84250M,"GREETING CARD, BLACKPOOL ROCK",-50,2010-05-10 09:27:00,0.0,,United Kingdom,RETURN,True,recovered,2010-05-10,2010,5,0,True,PRICE_ZERO,True
507444,21335,LIBRARY LAMP,-42,2010-05-10 09:36:00,0.0,,United Kingdom,RETURN,True,recovered,2010-05-10,2010,5,0,True,PRICE_ZERO,True
507645,84858A,NATURAL RIVIERA HANDBAG,-6,2010-05-10 15:28:00,0.0,,United Kingdom,RETURN,True,recovered,2010-05-10,2010,5,0,True,PRICE_ZERO,True
507670,22253,6 CROCHET STRAWBERRIES,-61,2010-05-11 09:01:00,0.0,,United Kingdom,RETURN,True,recovered,2010-05-11,2010,5,1,True,PRICE_ZERO,True
507671,72785A,S/4 CONTEMPORY PINK ROSEBUD CANDLES,-9,2010-05-11 09:05:00,0.0,,United Kingdom,RETURN,True,recovered,2010-05-11,2010,5,1,True,PRICE_ZERO,True
507672,72805,VANILLA CANDLE IN EMBOSSED ZINC POT,-2,2010-05-11 09:06:00,0.0,,United Kingdom,RETURN,True,recovered,2010-05-11,2010,5,1,True,PRICE_ZERO,True
507675,20883,Unknown Product,-35,2010-05-11 09:32:00,0.0,,United Kingdom,RETURN,False,unknown,2010-05-11,2010,5,1,True,PRICE_ZERO,True
507677,20891,LARGE GLASS ROSE SCENTED CANDLE,-85,2010-05-11 09:37:00,0.0,,United Kingdom,RETURN,True,recovered,2010-05-11,2010,5,1,True,PRICE_ZERO,True
507679,20890,SMALL GLASS ROSE SCENTED CANDLE,-30,2010-05-11 09:40:00,0.0,,United Kingdom,RETURN,True,recovered,2010-05-11,2010,5,1,True,PRICE_ZERO,True
507681,72751A,"F.FAIRY S/3 SML CANDLE,LILY/VALLEY",-11,2010-05-11 09:46:00,0.0,,United Kingdom,RETURN,True,recovered,2010-05-11,2010,5,1,True,PRICE_ZERO,True
507680,72751B,"F.FAIRY S/3 SML CANDLE, LAVENDER",-9,2010-05-11 09:46:00,0.0,,United Kingdom,RETURN,True,recovered,2010-05-11,2010,5,1,True,PRICE_ZERO,True
507683,72753C,S/3 FLWR FAIRY ROSE CANDLES,-3,2010-05-11 09:48:00,0.0,,United Kingdom,RETURN,True,recovered,2010-05-11,2010,5,1,True,PRICE_ZERO,True
507684,20877,MODERN CHRISTMAS BAUBLE CANDLE,-34,2010-05-11 09:50:00,0.0,,United Kingdom,RETURN,True,recovered,2010-05-11,2010,5,1,True,PRICE_ZERO,True
507686,72771B,BURG FLOCK GOLD CUP/CANDLE,-87,2010-05-11 09:53:00,0.0,,United Kingdom,RETURN,True,recovered,2010-05-11,2010,5,1,True,PRICE_ZERO,True
507688,22423,smashed,-32,2010-05-11 09:56:00,0.0,,United Kingdom,RETURN,False,original,2010-05-11,2010,5,1,True,PRICE_ZERO,True
507708,22423,damaged,-90,2010-05-11 11:18:00,0.0,,United Kingdom,RETURN,False,original,2010-05-11,2010,5,1,True,PRICE_ZERO,True
507709,17033,sold as 17003?,-2200,2010-05-11 11:20:00,0.0,,United Kingdom,RETURN,False,original,2010-05-11,2010,5,1,True,PRICE_ZERO,True
507714,20942,SET/6 GINGERBREAD TREE T-LIGHTS,-8,2010-05-11 11:37:00,0.0,,United Kingdom,RETURN,True,recovered,2010-05-11,2010,5,1,True,PRICE_ZERO,True
507729,72084B,CHOCOLATE ICE CREAM CANDLE,-71,2010-05-11 12:04:00,0.0,,United Kingdom,RETURN,True,recovered,2010-05-11,2010,5,1,True,PRICE_ZERO,True
507730,84340,LARGE FIBRE OPTIC CHRISTMAS TREE,-61,2010-05-11 12:04:00,0.0,,United Kingdom,RETURN,True,recovered,2010-05-11,2010,5,1,True,PRICE_ZERO,True
507731,35630B,Unknown Product,-75,2010-05-11 12:05:00,0.0,,United Kingdom,RETURN,False,unknown,2010-05-11,2010,5,1,True,PRICE_ZERO,True
507733,35631A,Unknown Product,-119,2010-05-11 12:06:00,0.0,,United Kingdom,RETURN,False,unknown,2010-05-11,2010,5,1,True,PRICE_ZERO,True
507734,85007,SET OF 3 VINTAGE TEA TIME BOXES,-13,2010-05-11 12:09:00,0.0,,United Kingdom,RETURN,True,recovered,2010-05-11,2010,5,1,True,PRICE_ZERO,True
507763,84932B,SMALL PINK PEONY FOLDING STOOL,-4,2010-05-11 12:22:00,0.0,,United Kingdom,RETURN,True,recovered,2010-05-11,2010,5,1,True,PRICE_ZERO,True
507778,16169A,WRAP CHRISTMAS DECOUPAGE,-23,2010-05-11 12:26:00,0.0,,United Kingdom,RETURN,True,recovered,2010-05-11,2010,5,1,True,PRICE_ZERO,True
507803,85089,CANDY SPOT BUNNY,-23,2010-05-11 12:48:00,0.0,,United Kingdom,RETURN,True,recovered,2010-05-11,2010,5,1,True,PRICE_ZERO,True
507804,20693,FLORAL DINOSAUR GREEN,-5,2010-05-11 12:49:00,0.0,,United Kingdom,RETURN,True,recovered,2010-05-11,2010,5,1,True,PRICE_ZERO,True
507808,84899E,YELLOW + BROWN BEAR FELT PURSE KIT,-26,2010-05-11 12:49:00,0.0,,United Kingdom,RETURN,True,recovered,2010-05-11,2010,5,1,True,PRICE_ZERO,True
507809,84899F,YELLOW PURPLE DAISY FELT PURSE KIT,-49,2010-05-11 12:50:00,0.0,,United Kingdom,RETURN,True,recovered,2010-05-11,2010,5,1,True,PRICE_ZERO,True
507810,84537B,FAIRY CAKES GIFT BAG,-16,2010-05-11 12:50:00,0.0,,United Kingdom,RETURN,True,recovered,2010-05-11,2010,5,1,True,PRICE_ZERO,True
507812,84251F,"GREETING CARD, RITA",-90,2010-05-11 12:51:00,0.0,,United Kingdom,RETURN,True,recovered,2010-05-11,2010,5,1,True,PRICE_ZERO,True
507811,10124C,Unknown Product,-5,2010-05-11 12:51:00,0.0,,United Kingdom,RETURN,False,unknown,2010-05-11,2010,5,1,True,PRICE_ZERO,True
507815,21498,RED RETROSPOT WRAP,-359,2010-05-11 12:52:00,0.0,,United Kingdom,RETURN,True,recovered,2010-05-11,2010,5,1,True,PRICE_ZERO,True
507814,85179B,WHITE BITTY LIGHT CHAIN,-82,2010-05-11 12:52:00,0.0,,United Kingdom,RETURN,True,recovered,2010-05-11,2010,5,1,True,PRICE_ZERO,True
507817,21499,BLUE POLKADOT WRAP,-259,2010-05-11 12:53:00,0.0,,United Kingdom,RETURN,True,recovered,2010-05-11,2010,5,1,True,PRICE_ZERO,True
507820,84569A,PACK 3 IRON ON DOG PATCHES,-89,2010-05-11 13:07:00,0.0,,United Kingdom,RETURN,True,recovered,2010-05-11,2010,5,1,True,PRICE_ZERO,True
507823,84519D,Unknown Product,-36,2010-05-11 13:08:00,0.0,,United Kingdom,RETURN,False,unknown,2010-05-11,2010,5,1,True,PRICE_ZERO,True
507822,84569C,PACK 4 FLOWER/BUTTERFLY PATCHES,-120,2010-05-11 13:08:00,0.0,,United Kingdom,RETURN,True,recovered,2010-05-11,2010,5,1,True,PRICE_ZERO,True
507825,22148,EASTER CRAFT 4 CHICKS,-8,2010-05-11 13:09:00,0.0,,United Kingdom,RETURN,True,recovered,2010-05-11,2010,5,1,True,PRICE_ZERO,True
507828,84195,Unknown Product,-201,2010-05-11 13:10:00,0.0,,United Kingdom,RETURN,False,unknown,2010-05-11,2010,5,1,True,PRICE_ZERO,True
507827,85226B,Unknown Product,-125,2010-05-11 13:10:00,0.0,,United Kingdom,RETURN,False,unknown,2010-05-11,2010,5,1,True,PRICE_ZERO,True
507830,84529A,PINK KNITTED KIDS RUCKSACK,-310,2010-05-11 13:23:00,0.0,,United Kingdom,RETURN,True,recovered,2010-05-11,2010,5,1,True,PRICE_ZERO,True
507832,35652,VINTAGE BEAD CHAISE LONG JEWEL BOX,-1,2010-05-11 13:24:00,0.0,,United Kingdom,RETURN,True,recovered,2010-05-11,2010,5,1,True,PRICE_ZERO,True
507835,20953,PORCELAIN CHERUB BELL LARGE,-7,2010-05-11 13:25:00,0.0,,United Kingdom,RETURN,True,recovered,2010-05-11,2010,5,1,True,PRICE_ZERO,True
507834,20848,ZINC HEART LATTICE CHARGER SMALL,-8,2010-05-11 13:25:00,0.0,,United Kingdom,RETURN,True,recovered,2010-05-11,2010,5,1,True,PRICE_ZERO,True
507836,21556,CERAMIC STRAWBERRY MONEY BOX,-27,2010-05-11 13:25:00,0.0,,United Kingdom,RETURN,True,recovered,2010-05-11,2010,5,1,True,PRICE_ZERO,True
507849,84532B,FAIRY CAKES RECTANGLUAR BOXES,-12,2010-05-11 14:49:00,0.0,,United Kingdom,RETURN,True,recovered,2010-05-11,2010,5,1,True,PRICE_ZERO,True
507852,17084A,TRANQUILITY MASALA INCENSE,-32,2010-05-11 14:50:00,0.0,,United Kingdom,RETURN,True,recovered,2010-05-11,2010,5,1,True,PRICE_ZERO,True
507850,84948,SILVER HANGING T-LIGHT HOLDER DOME,-30,2010-05-11 14:50:00,0.0,,United Kingdom,RETURN,True,recovered,2010-05-11,2010,5,1,True,PRICE_ZERO,True
507851,17084J,LOVE POTION MASALA INCENSE,-79,2010-05-11 14:50:00,0.0,,United Kingdom,RETURN,True,recovered,2010-05-11,2010,5,1,True,PRICE_ZERO,True
507854,17011B,ORIGAMI JASMINE INCENSE+FLOWER,-30,2010-05-11 14:51:00,0.0,,United Kingdom,RETURN,True,recovered,2010-05-11,2010,5,1,True,PRICE_ZERO,True
507855,17013F,ORIGAMI SANDLEWOOD INCENSE IN TUBE,-8,2010-05-11 14:52:00,0.0,,United Kingdom,RETURN,True,recovered,2010-05-11,2010,5,1,True,PRICE_ZERO,True
507856,72225D,?,-966,2010-05-11 14:53:00,0.0,,United Kingdom,RETURN,False,original,2010-05-11,2010,5,1,True,PRICE_ZERO,True
507857,35968,FOLK ART METAL HEART T-LIGHT HOLDER,-160,2010-05-11 14:53:00,0.0,,United Kingdom,RETURN,True,recovered,2010-05-11,2010,5,1,True,PRICE_ZERO,True
507858,79329,PINK FLOCK GLASS CANDLEHOLDER,-26,2010-05-11 14:53:00,0.0,,United Kingdom,RETURN,True,recovered,2010-05-11,2010,5,1,True,PRICE_ZERO,True
507859,72129,COLUMBIAN CANDLE ROUND,-17,2010-05-11 14:54:00,0.0,,United Kingdom,RETURN,True,recovered,2010-05-11,2010,5,1,True,PRICE_ZERO,True
507860,21610,SET 12 PEAR BOTANICAL T-LIGHTS,-110,2010-05-11 14:54:00,0.0,,United Kingdom,RETURN,True,recovered,2010-05-11,2010,5,1,True,PRICE_ZERO,True
507862,20938,Unknown Product,-109,2010-05-11 14:55:00,0.0,,United Kingdom,RETURN,False,unknown,2010-05-11,2010,5,1,True,PRICE_ZERO,True
507861,72024U,LILAC VOTIVE CANDLE,-106,2010-05-11 14:55:00,0.0,,United Kingdom,RETURN,True,recovered,2010-05-11,2010,5,1,True,PRICE_ZERO,True
507863,20935,ROUND CACTUS CANDLE,-37,2010-05-11 14:55:00,0.0,,United Kingdom,RETURN,True,recovered,2010-05-11,2010,5,1,True,PRICE_ZERO,True
507864,21691,SILVER VANILLA FLOWER CANDLE POT,-34,2010-05-11 14:56:00,0.0,,United Kingdom,RETURN,True,recovered,2010-05-11,2010,5,1,True,PRICE_ZERO,True
507865,21690,SILVER  CANDLEPOT JARDIN,-101,2010-05-11 14:56:00,0.0,,United Kingdom,RETURN,True,recovered,2010-05-11,2010,5,1,True,PRICE_ZERO,True
507866,72709,IVORY SCULPTED RND CANDLE,-50,2010-05-11 14:56:00,0.0,,United Kingdom,RETURN,True,recovered,2010-05-11,2010,5,1,True,PRICE_ZERO,True
507870,85231K,Unknown Product,-145,2010-05-11 14:58:00,0.0,,United Kingdom,RETURN,False,unknown,2010-05-11,2010,5,1,True,PRICE_ZERO,True
507871,21671,?,-144,2010-05-11 14:59:00,0.0,,United Kingdom,RETURN,False,original,2010-05-11,2010,5,1,True,PRICE_ZERO,True
507873,20820,damages,-143,2010-05-11 14:59:00,0.0,,United Kingdom,RETURN,False,original,2010-05-11,2010,5,1,True,PRICE_ZERO,True
507872,21668,RED STRIPE CERAMIC DRAWER KNOB,-15,2010-05-11 14:59:00,0.0,,United Kingdom,RETURN,True,recovered,2010-05-11,2010,5,1,True,PRICE_ZERO,True
507874,20821,damages,-194,2010-05-11 15:00:00,0.0,,United Kingdom,RETURN,False,original,2010-05-11,2010,5,1,True,PRICE_ZERO,True
507875,85023C,PINK LARGE JEWELED PHOTOFRAME,-6,2010-05-11 15:00:00,0.0,,United Kingdom,RETURN,True,recovered,2010-05-11,2010,5,1,True,PRICE_ZERO,True
507876,47420,?,-1000,2010-05-11 15:01:00,0.0,,United Kingdom,RETURN,False,original,2010-05-11,2010,5,1,True,PRICE_ZERO,True
507878,79140,ASS WINDPROOF MARIJUANA LIGHTERS,-25,2010-05-11 15:01:00,0.0,,United Kingdom,RETURN,True,recovered,2010-05-11,2010,5,1,True,PRICE_ZERO,True
507884,20784,RED RETRO BAR STOOL,-16,2010-05-11 16:04:00,0.0,,United Kingdom,RETURN,True,recovered,2010-05-11,2010,5,1,True,PRICE_ZERO,True
507887,20787,BLUE RETRO BAR STOOL,-72,2010-05-11 16:06:00,0.0,,United Kingdom,RETURN,True,recovered,2010-05-11,2010,5,1,True,PRICE_ZERO,True
507893,84705F,RED PEONY PHOTO FRAME,-3,2010-05-11 17:04:00,0.0,,United Kingdom,RETURN,True,recovered,2010-05-11,2010,5,1,True,PRICE_ZERO,True
507894,84705A,ENGLISH ROSE PHOTO FRAME,-4,2010-05-11 17:04:00,0.0,,United Kingdom,RETURN,True,recovered,2010-05-11,2010,5,1,True,PRICE_ZERO,True
507895,85166B,BLACK METAL BAROQUE PHOTO FRAME,-14,2010-05-11 17:05:00,0.0,,United Kingdom,RETURN,True,recovered,2010-05-11,2010,5,1,True,PRICE_ZERO,True
507896,35638A,PINK AND BLACK STRING CURTAIN,-40,2010-05-11 17:05:00,0.0,,United Kingdom,RETURN,True,recovered,2010-05-11,2010,5,1,True,PRICE_ZERO,True
507899,84706F,RED PEONY TABLE CLOCK,-13,2010-05-11 17:06:00,0.0,,United Kingdom,RETURN,True,recovered,2010-05-11,2010,5,1,True,PRICE_ZERO,True
507898,21644,ASSORTED TUTTI FRUTTI HEART BOX,-105,2010-05-11 17:06:00,0.0,,United Kingdom,RETURN,True,recovered,2010-05-11,2010,5,1,True,PRICE_ZERO,True
507897,21647,ASSORTED TUTTI FRUTTI LARGE PURSE,-220,2010-05-11 17:06:00,0.0,,United Kingdom,RETURN,True,recovered,2010-05-11,2010,5,1,True,PRICE_ZERO,True
507900,84706E,Unknown Product,-40,2010-05-11 17:07:00,0.0,,United Kingdom,RETURN,False,unknown,2010-05-11,2010,5,1,True,PRICE_ZERO,True
507901,21169,YOU'RE CONFUSING ME METAL SIGN,-1,2010-05-11 17:07:00,0.0,,United Kingdom,RETURN,True,recovered,2010-05-11,2010,5,1,True,PRICE_ZERO,True
507902,21181,missing,-225,2010-05-11 17:08:00,0.0,,United Kingdom,RETURN,False,original,2010-05-11,2010,5,1,True,PRICE_ZERO,True
507903,21134,VICTORIAN METAL POSTCARD CHRISTMAS,-400,2010-05-11 17:11:00,0.0,,United Kingdom,RETURN,True,recovered,2010-05-11,2010,5,1,True,PRICE_ZERO,True
507904,21902,"KEY FOB , FRONT  DOOR",-180,2010-05-11 17:11:00,0.0,,United Kingdom,RETURN,True,recovered,2010-05-11,2010,5,1,True,PRICE_ZERO,True
507905,21185,HOME SWEET HOME  BLACKBOARD,-18,2010-05-11 17:12:00,0.0,,United Kingdom,RETURN,True,recovered,2010-05-11,2010,5,1,True,PRICE_ZERO,True
507907,20760,GARDEN PATH POCKET BOOK,-50,2010-05-11 17:12:00,0.0,,United Kingdom,RETURN,True,recovered,2010-05-11,2010,5,1,True,PRICE_ZERO,True
507906,20759,CHRYSANTHEMUM POCKET BOOK,-130,2010-05-11 17:12:00,0.0,,United Kingdom,RETURN,True,recovered,2010-05-11,2010,5,1,True,PRICE_ZERO,True
507908,20758,ABSTRACT CIRCLES POCKET BOOK,-190,2010-05-11 17:12:00,0.0,,United Kingdom,RETURN,True,recovered,2010-05-11,2010,5,1,True,PRICE_ZERO,True
507910,21549,CERAMIC BIRDHOUSE RED ROOF SMALL,-1,2010-05-11 17:13:00,0.0,,United Kingdom,RETURN,True,recovered,2010-05-11,2010,5,1,True,PRICE_ZERO,True
507911,21553,CERAMIC BIRDHOUSE FINCH BLUE  LARGE,-1,2010-05-11 17:13:00,0.0,,United Kingdom,RETURN,True,recovered,2010-05-11,2010,5,1,True,PRICE_ZERO,True
507909,35643,?,-60,2010-05-11 17:13:00,0.0,,United Kingdom,RETURN,True,recovered,2010-05-11,2010,5,1,True,PRICE_ZERO,True
507912,21550,CERAMIC BIRDHOUSE CRESTED TIT LARGE,-8,2010-05-11 17:14:00,0.0,,United Kingdom,RETURN,True,recovered,2010-05-11,2010,5,1,True,PRICE_ZERO,True
507913,10120,Zebra invcing error,-9000,2010-05-11 17:16:00,0.0,,United Kingdom,RETURN,False,original,2010-05-11,2010,5,1,True,PRICE_ZERO,True
507925,16202C,BEIGE PHOTO ALBUM,-1,2010-05-12 10:05:00,0.0,,United Kingdom,RETURN,True,recovered,2010-05-12,2010,5,2,True,PRICE_ZERO,True
507927,35973,GERANIUM FOLKART HEART DECORATION,-61,2010-05-12 10:07:00,0.0,,United Kingdom,RETURN,True,recovered,2010-05-12,2010,5,2,True,PRICE_ZERO,True
507929,35609A,PINK FEATHER CHRISTMAS DECORATION,-44,2010-05-12 10:08:00,0.0,,United Kingdom,RETURN,True,recovered,2010-05-12,2010,5,2,True,PRICE_ZERO,True
507928,35950,FOLKART HEART CHRISTMAS DECORATIONS,-101,2010-05-12 10:08:00,0.0,,United Kingdom,RETURN,True,recovered,2010-05-12,2010,5,2,True,PRICE_ZERO,True
507930,35607B,BLACK FEATHER CHRISTMAS DECORATION,-120,2010-05-12 10:09:00,0.0,,United Kingdom,RETURN,True,recovered,2010-05-12,2010,5,2,True,PRICE_ZERO,True
507931,35607A,PINK FLUFFY CHRISTMAS DECORATION,-100,2010-05-12 10:09:00,0.0,,United Kingdom,RETURN,True,recovered,2010-05-12,2010,5,2,True,PRICE_ZERO,True
507933,20910,VINTAGE PHOTO ALBUM PARIS DAYS,-12,2010-05-12 10:10:00,0.0,,United Kingdom,RETURN,True,recovered,2010-05-12,2010,5,2,True,PRICE_ZERO,True
507936,20897,VINTAGE NOTEBOOK PARIS DAYS,-11,2010-05-12 10:11:00,0.0,,United Kingdom,RETURN,True,recovered,2010-05-12,2010,5,2,True,PRICE_ZERO,True
507935,20898,VINTAGE NOTEBOOK TRAVELOGUE,-24,2010-05-12 10:11:00,0.0,,United Kingdom,RETURN,True,recovered,2010-05-12,2010,5,2,True,PRICE_ZERO,True
507937,20895,VINTAGE NOTEBOOK FRENCH LETTER,-34,2010-05-12 10:11:00,0.0,,United Kingdom,RETURN,True,recovered,2010-05-12,2010,5,2,True,PRICE_ZERO,True
507934,20906,VINTAGE NOTEBOOK BEAUTY GIRL,-86,2010-05-12 10:11:00,0.0,,United Kingdom,RETURN,True,recovered,2010-05-12,2010,5,2,True,PRICE_ZERO,True
507938,16255,Unknown Product,-76,2010-05-12 10:12:00,0.0,,United Kingdom,RETURN,False,unknown,2010-05-12,2010,5,2,True,PRICE_ZERO,True
507939,16254,TRANSPARENT ACRYLIC TAPE DISPENSER,-4,2010-05-12 10:18:00,0.0,,United Kingdom,RETURN,True,recovered,2010-05-12,2010,5,2,True,PRICE_ZERO,True
507941,84575B,BROWN DOG CANNISTER W BONE,-36,2010-05-12 10:21:00,0.0,,United Kingdom,RETURN,True,recovered,2010-05-12,2010,5,2,True,PRICE_ZERO,True
507942,84743C,ORANGE FELT VASE + FLOWERS,-43,2010-05-12 10:26:00,0.0,,United Kingdom,RETURN,True,recovered,2010-05-12,2010,5,2,True,PRICE_ZERO,True
507945,10134,COLOURING PENCILS BROWN TUBE,-12,2010-05-12 10:31:00,0.0,,United Kingdom,RETURN,True,recovered,2010-05-12,2010,5,2,True,PRICE_ZERO,True
507946,84934,ASSTD DESIGN POP ART SLIM PEN,-80,2010-05-12 10:32:00,0.0,,United Kingdom,RETURN,True,recovered,2010-05-12,2010,5,2,True,PRICE_ZERO,True
507947,84466,TOP SECRET PEN SET,-2,2010-05-12 10:33:00,0.0,,United Kingdom,RETURN,True,recovered,2010-05-12,2010,5,2,True,PRICE_ZERO,True
507951,20857,BLUE ROSE PATCH PURSE PINK BUTTERFL,-14,2010-05-12 10:34:00,0.0,,United Kingdom,RETURN,True,recovered,2010-05-12,2010,5,2,True,PRICE_ZERO,True
507949,16020C,CLEAR STATIONERY BOX SET,-33,2010-05-12 10:34:00,0.0,,United Kingdom,RETURN,True,recovered,2010-05-12,2010,5,2,True,PRICE_ZERO,True
507957,20863,BLUE PATCH PENCIL CASE PINK HEART,-67,2010-05-12 10:35:00,0.0,,United Kingdom,RETURN,True,recovered,2010-05-12,2010,5,2,True,PRICE_ZERO,True
507952,20856,DENIM PATCH PURSE PINK BUTTERFLY,-42,2010-05-12 10:35:00,0.0,,United Kingdom,RETURN,True,recovered,2010-05-12,2010,5,2,True,PRICE_ZERO,True
507954,20855,PINK PATCH PURSE BLUE HEART,-70,2010-05-12 10:35:00,0.0,,United Kingdom,RETURN,True,recovered,2010-05-12,2010,5,2,True,PRICE_ZERO,True
507962,85086B,Unknown Product,-33,2010-05-12 10:36:00,0.0,,United Kingdom,RETURN,False,unknown,2010-05-12,2010,5,2,True,PRICE_ZERO,True
507959,20862,PINK PATCH PENCIL CASE BLUE HEART,-70,2010-05-12 10:36:00,0.0,,United Kingdom,RETURN,True,recovered,2010-05-12,2010,5,2,True,PRICE_ZERO,True
507964,20775,DAISY NOTEBOOK,-80,2010-05-12 10:37:00,0.0,,United Kingdom,RETURN,True,recovered,2010-05-12,2010,5,2,True,PRICE_ZERO,True
507966,20757,RED DAISY POCKET BOOK,-160,2010-05-12 10:37:00,0.0,,United Kingdom,RETURN,True,recovered,2010-05-12,2010,5,2,True,PRICE_ZERO,True
507968,20756,GREEN FERN POCKET BOOK,-89,2010-05-12 10:37:00,0.0,,United Kingdom,RETURN,True,recovered,2010-05-12,2010,5,2,True,PRICE_ZERO,True
508000,84030E,ENGLISH ROSE HOT WATER BOTTLE,-2,2010-05-12 11:47:00,0.0,,United Kingdom,RETURN,True,recovered,2010-05-12,2010,5,2,True,PRICE_ZERO,True
508005,21478,SILVER SKULL HOT WATER BOTTLE,-34,2010-05-12 11:49:00,0.0,,United Kingdom,RETURN,True,recovered,2010-05-12,2010,5,2,True,PRICE_ZERO,True
508004,21482,MUSHROOM BLUE HOT WATER BOTTLE,-193,2010-05-12 11:49:00,0.0,,United Kingdom,RETURN,True,recovered,2010-05-12,2010,5,2,True,PRICE_ZERO,True
508006,21099,SET/6 STRAWBERRY PAPER CUPS,-66,2010-05-12 11:50:00,0.0,,United Kingdom,RETURN,True,recovered,2010-05-12,2010,5,2,True,PRICE_ZERO,True
508008,21085,SET/6 WOODLAND PAPER CUPS,-12,2010-05-12 11:51:00,0.0,,United Kingdom,RETURN,True,recovered,2010-05-12,2010,5,2,True,PRICE_ZERO,True
508007,21097,SET/6 GREEN SPRING  PAPER PLATE,-23,2010-05-12 11:51:00,0.0,,United Kingdom,RETURN,True,recovered,2010-05-12,2010,5,2,True,PRICE_ZERO,True
508009,21247,SET OF RED SALAD SERVERS,-25,2010-05-12 11:54:00,0.0,,United Kingdom,RETURN,True,recovered,2010-05-12,2010,5,2,True,PRICE_ZERO,True
508011,21665,TRIANGULAR RIDGED GLASS POSY HOLDER,-28,2010-05-12 11:54:00,0.0,,United Kingdom,RETURN,True,recovered,2010-05-12,2010,5,2,True,PRICE_ZERO,True
508010,20748,KENSINGTON COFFEE SET,-120,2010-05-12 11:54:00,0.0,,United Kingdom,RETURN,True,recovered,2010-05-12,2010,5,2,True,PRICE_ZERO,True
508015,35918B,BLUE FLORIBUNDA EGG WARMER,-7,2010-05-12 11:56:00,0.0,,United Kingdom,RETURN,True,recovered,2010-05-12,2010,5,2,True,PRICE_ZERO,True
508018,85078,missing,-2300,2010-05-12 11:57:00,0.0,,United Kingdom,RETURN,False,original,2010-05-12,2010,5,2,True,PRICE_ZERO,True
508017,21396,RED SPOTTY EGG CUP,-23,2010-05-12 11:57:00,0.0,,United Kingdom,RETURN,True,recovered,2010-05-12,2010,5,2,True,PRICE_ZERO,True
508016,72051S,BAG OF SILVER STONES,-82,2010-05-12 11:57:00,0.0,,United Kingdom,RETURN,True,recovered,2010-05-12,2010,5,2,True,PRICE_ZERO,True
508019,21871,SAVE THE PLANET MUG,-75,2010-05-12 11:58:00,0.0,,United Kingdom,RETURN,True,recovered,2010-05-12,2010,5,2,True,PRICE_ZERO,True
508020,21869,POTTING SHED COFFEE MUG,-3,2010-05-12 11:58:00,0.0,,United Kingdom,RETURN,True,recovered,2010-05-12,2010,5,2,True,PRICE_ZERO,True
508021,37409,ASSORTED DESIGN FLOWER MUGS,-7,2010-05-12 11:59:00,0.0,,United Kingdom,RETURN,True,recovered,2010-05-12,2010,5,2,True,PRICE_ZERO,True
508022,37408,ASSORTED DESIGN GEISHA GIRL MUGS,-15,2010-05-12 11:59:00,0.0,,United Kingdom,RETURN,True,recovered,2010-05-12,2010,5,2,True,PRICE_ZERO,True
508024,35265,COLOURFUL FLOWER FRUIT BOWL,-12,2010-05-12 12:00:00,0.0,,United Kingdom,RETURN,True,recovered,2010-05-12,2010,5,2,True,PRICE_ZERO,True
508023,84562B,BLUE/WHITE RIBBED MELAMINE JUG,-5,2010-05-12 12:00:00,0.0,,United Kingdom,RETURN,True,recovered,2010-05-12,2010,5,2,True,PRICE_ZERO,True
508025,17129D,CLEAR COLOUR GLASS GEMS IN BAG,-3,2010-05-12 12:00:00,0.0,,United Kingdom,RETURN,True,recovered,2010-05-12,2010,5,2,True,PRICE_ZERO,True
508026,35233,PASTA ENAMEL/BRASS CONTAINER,-1,2010-05-12 12:02:00,0.0,,United Kingdom,RETURN,True,recovered,2010-05-12,2010,5,2,True,PRICE_ZERO,True
508028,84990,60 GOLD AND SILVER FAIRY CAKE CASES,-92,2010-05-12 12:04:00,0.0,,United Kingdom,RETURN,True,recovered,2010-05-12,2010,5,2,True,PRICE_ZERO,True
508033,82607E,GLASS BONBON JAR. D'AMANDES,-7,2010-05-12 12:06:00,0.0,,United Kingdom,RETURN,True,recovered,2010-05-12,2010,5,2,True,PRICE_ZERO,True
508034,84845D,GERANIUM SQUARE HANDY TIN,-3,2010-05-12 12:06:00,0.0,,United Kingdom,RETURN,True,recovered,2010-05-12,2010,5,2,True,PRICE_ZERO,True
508035,84762C,GREEN PICNIC BARBECUE BUCKET,-13,2010-05-12 12:07:00,0.0,,United Kingdom,RETURN,True,recovered,2010-05-12,2010,5,2,True,PRICE_ZERO,True
508046,85090,CANDY SPOT APRON,-108,2010-05-12 12:28:00,0.0,,United Kingdom,RETURN,True,recovered,2010-05-12,2010,5,2,True,PRICE_ZERO,True
508229,47566B,missing,-480,2010-05-13 17:18:00,0.0,,United Kingdom,RETURN,False,original,2010-05-13,2010,5,3,True,PRICE_ZERO,True
508230,21639,ASSORTED TUTTI FRUTTI KEYRING,-312,2010-05-13 17:25:00,0.0,,United Kingdom,RETURN,True,recovered,2010-05-13,2010,5,3,True,PRICE_ZERO,True
508232,84926B,SCOTTS ROSES TILE COASTER,-1,2010-05-13 17:28:00,0.0,,United Kingdom,RETURN,True,recovered,2010-05-13,2010,5,3,True,PRICE_ZERO,True
508234,21929,JUMBO BAG PINK VINTAGE PAISLEY,-52,2010-05-13 18:29:00,0.0,,United Kingdom,RETURN,True,recovered,2010-05-13,2010,5,3,True,PRICE_ZERO,True
508350,35816B,damaged,-17,2010-05-14 12:26:00,0.0,,United Kingdom,RETURN,False,original,2010-05-14,2010,5,4,True,PRICE_ZERO,True
508369,20786,BLACK RETRO BAR STOOL,-2,2010-05-14 13:25:00,0.0,,United Kingdom,RETURN,True,recovered,2010-05-14,2010,5,4,True,PRICE_ZERO,True
508510,21347,GOTHIC CARRIAGE LANTERN,-1,2010-05-17 09:32:00,0.0,,United Kingdom,RETURN,True,recovered,2010-05-17,2010,5,0,True,PRICE_ZERO,True
508511,21299,EDWARDIAN TOILET ROLL UNIT,-2,2010-05-17 09:35:00,0.0,,United Kingdom,RETURN,True,recovered,2010-05-17,2010,5,0,True,PRICE_ZERO,True
508512,21343,GOLD JEWELERY BOX,-1,2010-05-17 09:36:00,0.0,,United Kingdom,RETURN,True,recovered,2010-05-17,2010,5,0,True,PRICE_ZERO,True
508513,21298,EDWARDIAN 2 DRAWER WALL CABINET,-2,2010-05-17 09:37:00,0.0,,United Kingdom,RETURN,True,recovered,2010-05-17,2010,5,0,True,PRICE_ZERO,True
508514,18097B,BLUE TALL PORCELAIN T-LIGHT HOLDER,-5,2010-05-17 09:37:00,0.0,,United Kingdom,RETURN,True,recovered,2010-05-17,2010,5,0,True,PRICE_ZERO,True
508515,20845,ZINC HEART LATTICE 2 WALL PLANTER,-29,2010-05-17 09:38:00,0.0,,United Kingdom,RETURN,True,recovered,2010-05-17,2010,5,0,True,PRICE_ZERO,True
508516,21276,TWO EMBOSSED HEART MINI DRAWERS,-8,2010-05-17 09:41:00,0.0,,United Kingdom,RETURN,True,recovered,2010-05-17,2010,5,0,True,PRICE_ZERO,True
508518,18098A,PINK PORCELAIN B'FLY OIL BURNER,-21,2010-05-17 09:43:00,0.0,,United Kingdom,RETURN,True,recovered,2010-05-17,2010,5,0,True,PRICE_ZERO,True
508517,18098B,BLUE PORCELAIN B'FLY OIL BURNER,-3,2010-05-17 09:43:00,0.0,,United Kingdom,RETURN,True,recovered,2010-05-17,2010,5,0,True,PRICE_ZERO,True
508519,35900,Unknown Product,-28,2010-05-17 09:44:00,0.0,,United Kingdom,RETURN,False,unknown,2010-05-17,2010,5,0,True,PRICE_ZERO,True
508528,21749,MIA,-235,2010-05-17 11:07:00,0.0,,United Kingdom,RETURN,False,original,2010-05-17,2010,5,0,True,PRICE_ZERO,True
508607,85186B,BUNNY BUNCH OF FLOWERS,-105,2010-05-17 12:41:00,0.0,,United Kingdom,RETURN,True,recovered,2010-05-17,2010,5,0,True,PRICE_ZERO,True
508608,72751C,"F.FAIRY S/3 SML CANDLE, ROSE",-4,2010-05-17 12:42:00,0.0,,United Kingdom,RETURN,True,recovered,2010-05-17,2010,5,0,True,PRICE_ZERO,True
508655,35071,ASSORTED SANTA CHRISTMAS DECORATION,-200,2010-05-17 16:05:00,0.0,,United Kingdom,RETURN,True,recovered,2010-05-17,2010,5,0,True,PRICE_ZERO,True
508656,21736,GOLD SCROLL GLASS T-LIGHT HOLDER,-111,2010-05-17 16:11:00,0.0,,United Kingdom,RETURN,True,recovered,2010-05-17,2010,5,0,True,PRICE_ZERO,True
508657,21338,MARAKESH LANTERN SMALL,-3,2010-05-17 16:14:00,0.0,,United Kingdom,RETURN,True,recovered,2010-05-17,2010,5,0,True,PRICE_ZERO,True
508658,35908C,Unknown Product,-59,2010-05-17 16:17:00,0.0,,United Kingdom,RETURN,False,unknown,2010-05-17,2010,5,0,True,PRICE_ZERO,True
508660,35644,PAIR PINK/BLACK COATHANGERS,-6,2010-05-17 16:22:00,0.0,,United Kingdom,RETURN,True,recovered,2010-05-17,2010,5,0,True,PRICE_ZERO,True
508662,84255B,ORANGE COCKTAIL GLASS LAMP,-1,2010-05-17 16:23:00,0.0,,United Kingdom,RETURN,True,recovered,2010-05-17,2010,5,0,True,PRICE_ZERO,True
508665,21027,NINJA RABBIT PINK,-80,2010-05-17 16:25:00,0.0,,United Kingdom,RETURN,True,recovered,2010-05-17,2010,5,0,True,PRICE_ZERO,True
508667,84901,BLACK FACE LAMB WITH PANTS,-20,2010-05-17 16:26:00,0.0,,United Kingdom,RETURN,True,recovered,2010-05-17,2010,5,0,True,PRICE_ZERO,True
508666,90167,BEADED LOVE HEART JEWELLERY SET,-330,2010-05-17 16:26:00,0.0,,United Kingdom,RETURN,True,recovered,2010-05-17,2010,5,0,True,PRICE_ZERO,True
508668,84582,PINK CROCHET CAT WITH SCARF,-1,2010-05-17 16:27:00,0.0,,United Kingdom,RETURN,True,recovered,2010-05-17,2010,5,0,True,PRICE_ZERO,True
508670,85135A,YELLOW DRAGONFLY HELICOPTER,-13,2010-05-17 16:28:00,0.0,,United Kingdom,RETURN,True,recovered,2010-05-17,2010,5,0,True,PRICE_ZERO,True
508669,85136B,BLUE SHARK HELICOPTER,-46,2010-05-17 16:28:00,0.0,,United Kingdom,RETURN,True,recovered,2010-05-17,2010,5,0,True,PRICE_ZERO,True
508671,84529B,BLUE KNITTED KID'S RUCKSACK,-2,2010-05-17 16:30:00,0.0,,United Kingdom,RETURN,True,recovered,2010-05-17,2010,5,0,True,PRICE_ZERO,True
508672,84874B,BLUE TRAVEL FIRST AID KIT,-6,2010-05-17 16:31:00,0.0,,United Kingdom,RETURN,True,recovered,2010-05-17,2010,5,0,True,PRICE_ZERO,True
508673,16151A,FLOWERS HANDBAG blue and orange,-55,2010-05-17 16:36:00,0.0,,United Kingdom,RETURN,True,recovered,2010-05-17,2010,5,0,True,PRICE_ZERO,True
508674,84621,BLUE GINGHAM ROSE FLOOR CUSHION,-1,2010-05-17 16:37:00,0.0,,United Kingdom,RETURN,True,recovered,2010-05-17,2010,5,0,True,PRICE_ZERO,True
508676,84907,PINK YELLOW PATCH CUSHION COVER,-18,2010-05-17 16:39:00,0.0,,United Kingdom,RETURN,True,recovered,2010-05-17,2010,5,0,True,PRICE_ZERO,True
508678,84906,PINK B'FLY C/COVER W BOBBLES,-6,2010-05-17 16:41:00,0.0,,United Kingdom,RETURN,True,recovered,2010-05-17,2010,5,0,True,PRICE_ZERO,True
508679,84472,PINK AND LILAC QUILTED THROW,-2,2010-05-17 16:41:00,0.0,,United Kingdom,RETURN,True,recovered,2010-05-17,2010,5,0,True,PRICE_ZERO,True
508682,84656,WHITE ROSE C/COVER,-1,2010-05-17 16:43:00,0.0,,United Kingdom,RETURN,True,recovered,2010-05-17,2010,5,0,True,PRICE_ZERO,True
508683,84653,GREEN ROSE QUILT,-1,2010-05-17 16:43:00,0.0,,United Kingdom,RETURN,True,recovered,2010-05-17,2010,5,0,True,PRICE_ZERO,True
508685,84601A,NEW BAROQUE IVORY CUSHION COVER,-89,2010-05-17 16:48:00,0.0,,United Kingdom,RETURN,True,recovered,2010-05-17,2010,5,0,True,PRICE_ZERO,True
508686,22177,5 HOOK BLACKBOARD ORGANISER,-8,2010-05-17 16:53:00,0.0,,United Kingdom,RETURN,True,recovered,2010-05-17,2010,5,0,True,PRICE_ZERO,True
508689,21300,ANTIQUE EDWARDIAN DRESSER,-8,2010-05-17 16:55:00,0.0,,United Kingdom,RETURN,True,recovered,2010-05-17,2010,5,0,True,PRICE_ZERO,True
508690,84306,S/3 PINK SQUARE PLANTERS ROSES,-22,2010-05-17 16:56:00,0.0,,United Kingdom,RETURN,True,recovered,2010-05-17,2010,5,0,True,PRICE_ZERO,True
508691,21304,ARCHED GREY MIRROR,-7,2010-05-17 16:57:00,0.0,,United Kingdom,RETURN,True,recovered,2010-05-17,2010,5,0,True,PRICE_ZERO,True
508692,21303,FILIGREE WALL MIRROR  ANTIQUE WHITE,-8,2010-05-17 16:58:00,0.0,,United Kingdom,RETURN,True,recovered,2010-05-17,2010,5,0,True,PRICE_ZERO,True
508693,21730,GLASS STAR FROSTED T-LIGHT HOLDER,-11,2010-05-17 16:58:00,0.0,,United Kingdom,RETURN,True,recovered,2010-05-17,2010,5,0,True,PRICE_ZERO,True
508694,85147,JARDIN ETCHED GLASS CANDLEHLDR LONG,-12,2010-05-17 17:01:00,0.0,,United Kingdom,RETURN,True,recovered,2010-05-17,2010,5,0,True,PRICE_ZERO,True
508696,21728,METAL MEDINA LANTERN,-9,2010-05-17 17:02:00,0.0,,United Kingdom,RETURN,True,recovered,2010-05-17,2010,5,0,True,PRICE_ZERO,True
508697,84427B,BLACK GLASS TV DOUBLE P/FRAME 15X10,-2,2010-05-17 17:04:00,0.0,,United Kingdom,RETURN,True,recovered,2010-05-17,2010,5,0,True,PRICE_ZERO,True
508701,22191,IVORY DINER WALL CLOCK,-10,2010-05-17 17:05:00,0.0,,United Kingdom,RETURN,True,recovered,2010-05-17,2010,5,0,True,PRICE_ZERO,True
508700,22192,BLUE DINER WALL CLOCK,-1,2010-05-17 17:05:00,0.0,,United Kingdom,RETURN,True,recovered,2010-05-17,2010,5,0,True,PRICE_ZERO,True
508702,84387A,BIRD ON BRANCH CANVAS SCREEN,-14,2010-05-17 17:07:00,0.0,,United Kingdom,RETURN,True,recovered,2010-05-17,2010,5,0,True,PRICE_ZERO,True
508704,85221,ASSORTED COLOUR SILK COIN PURSE,-31,2010-05-17 17:10:00,0.0,,United Kingdom,RETURN,True,recovered,2010-05-17,2010,5,0,True,PRICE_ZERO,True
508705,21438,TUB 24 HANGING EASTER EGGS SPOTTY,-26,2010-05-17 17:10:00,0.0,,United Kingdom,RETURN,True,recovered,2010-05-17,2010,5,0,True,PRICE_ZERO,True
508703,85211,S/4 GROOVY CAT MAGNETS,-40,2010-05-17 17:10:00,0.0,,United Kingdom,RETURN,True,recovered,2010-05-17,2010,5,0,True,PRICE_ZERO,True
508706,20896,VINTAGE NOTEBOOK PINK FLOWER,-15,2010-05-17 17:11:00,0.0,,United Kingdom,RETURN,True,recovered,2010-05-17,2010,5,0,True,PRICE_ZERO,True
508708,85190,PINK FLOWER HANGING HEART,-163,2010-05-17 17:12:00,0.0,,United Kingdom,RETURN,True,recovered,2010-05-17,2010,5,0,True,PRICE_ZERO,True
508710,44241C,BLUE BUTTERFLY ON SPRING,-15,2010-05-17 17:13:00,0.0,,United Kingdom,RETURN,True,recovered,2010-05-17,2010,5,0,True,PRICE_ZERO,True
508709,85214,TUB 24 PINK FLOWER PEGS,-196,2010-05-17 17:13:00,0.0,,United Kingdom,RETURN,True,recovered,2010-05-17,2010,5,0,True,PRICE_ZERO,True
508711,16256C,HEARTS PENCIL/RUBBER+5 MINI PENCILS,-300,2010-05-17 17:14:00,0.0,,United Kingdom,RETURN,True,recovered,2010-05-17,2010,5,0,True,PRICE_ZERO,True
508713,20991,JAZZ HEARTS MAGNETIC MEMO PAD,-134,2010-05-17 17:15:00,0.0,,United Kingdom,RETURN,True,recovered,2010-05-17,2010,5,0,True,PRICE_ZERO,True
508715,37379B,BLUE CHERRY BLOSSOM CUP & SAUCER,-2,2010-05-17 17:17:00,0.0,,United Kingdom,RETURN,True,recovered,2010-05-17,2010,5,0,True,PRICE_ZERO,True
508716,37379A,PINK CHERRY BLOSSOM CUP & SAUCER,-106,2010-05-17 17:18:00,0.0,,United Kingdom,RETURN,True,recovered,2010-05-17,2010,5,0,True,PRICE_ZERO,True
508717,37508,NEW ENGLAND CERAMIC CAKE SERVER,-14,2010-05-17 17:21:00,0.0,,United Kingdom,RETURN,True,recovered,2010-05-17,2010,5,0,True,PRICE_ZERO,True
508719,17108D,FLOWER FAIRY SUMMER BOUQUET SACHET,-3,2010-05-17 17:22:00,0.0,,United Kingdom,RETURN,True,recovered,2010-05-17,2010,5,0,True,PRICE_ZERO,True
508720,71434B,"BLACK RND BULLET""KEEP CLEAN"" BIN",-11,2010-05-17 17:24:00,0.0,,United Kingdom,RETURN,True,recovered,2010-05-17,2010,5,0,True,PRICE_ZERO,True
508722,45013,FOLDING SHOE TIDY,-20,2010-05-17 17:24:00,0.0,,United Kingdom,RETURN,True,recovered,2010-05-17,2010,5,0,True,PRICE_ZERO,True
508799,22456,NATURAL SLATE CHALKBOARD LARGE,-25,2010-05-18 12:47:00,0.0,,United Kingdom,RETURN,True,recovered,2010-05-18,2010,5,1,True,PRICE_ZERO,True
508855,84807,damages,-40,2010-05-18 15:14:00,0.0,,United Kingdom,RETURN,False,original,2010-05-18,2010,5,1,True,PRICE_ZERO,True
508860,84078A,damages etc,-16,2010-05-18 15:35:00,0.0,,United Kingdom,RETURN,False,original,2010-05-18,2010,5,1,True,PRICE_ZERO,True
508862,84762A,WHITE PICNIC BARBECUE BUCKET,-13,2010-05-18 15:51:00,0.0,,United Kingdom,RETURN,True,recovered,2010-05-18,2010,5,1,True,PRICE_ZERO,True
508863,84313A,PINK TV TRAY TABLE,-18,2010-05-18 16:08:00,0.0,,United Kingdom,RETURN,True,recovered,2010-05-18,2010,5,1,True,PRICE_ZERO,True
509013,72038B,damaged,-244,2010-05-19 13:35:00,0.0,,United Kingdom,RETURN,False,original,2010-05-19,2010,5,2,True,PRICE_ZERO,True
509016,84625B,Damaged,-47,2010-05-19 13:43:00,0.0,,United Kingdom,RETURN,False,original,2010-05-19,2010,5,2,True,PRICE_ZERO,True
509277,75049L,LARGE CIRCULAR MIRROR MOBILE,-6,2010-05-21 11:34:00,0.0,,United Kingdom,RETURN,True,recovered,2010-05-21,2010,5,4,True,PRICE_ZERO,True
509280,20791,BLUE TILED SET OF 3 DRAWERS,-5,2010-05-21 11:38:00,0.0,,United Kingdom,RETURN,True,recovered,2010-05-21,2010,5,4,True,PRICE_ZERO,True
509282,84770,ROUND GEORGIAN SILVER MIRROR,-3,2010-05-21 11:40:00,0.0,,United Kingdom,RETURN,True,recovered,2010-05-21,2010,5,4,True,PRICE_ZERO,True
509283,21273,Unknown Product,-2,2010-05-21 11:42:00,0.0,,United Kingdom,RETURN,False,unknown,2010-05-21,2010,5,4,True,PRICE_ZERO,True
509285,37492D,PURPLE GREEN FLOWER PIGGY BANK,-27,2010-05-21 11:46:00,0.0,,United Kingdom,RETURN,True,recovered,2010-05-21,2010,5,4,True,PRICE_ZERO,True
509286,85184B,SET 4 EASTER DECOUPAGE OVAL BOXES,-8,2010-05-21 11:48:00,0.0,,United Kingdom,RETURN,True,recovered,2010-05-21,2010,5,4,True,PRICE_ZERO,True
509288,21674,RIDGED GLASS PENDANT LAMPSHADE,-1,2010-05-21 11:51:00,0.0,,United Kingdom,RETURN,True,recovered,2010-05-21,2010,5,4,True,PRICE_ZERO,True
509289,21335,LIBRARY LAMP,-4,2010-05-21 11:52:00,0.0,,United Kingdom,RETURN,True,recovered,2010-05-21,2010,5,4,True,PRICE_ZERO,True
509290,21839,MUMMY MOUSE RED GINGHAM RIBBON,-15,2010-05-21 11:53:00,0.0,,United Kingdom,RETURN,True,recovered,2010-05-21,2010,5,4,True,PRICE_ZERO,True
509291,44091C,MULTICOLOUR CRUSOE CHECK LAMPSHADE,-6,2010-05-21 11:53:00,0.0,,United Kingdom,RETURN,True,recovered,2010-05-21,2010,5,4,True,PRICE_ZERO,True
509298,84773,RED ROSE AND LACE C/COVER,-16,2010-05-21 11:57:00,0.0,,United Kingdom,RETURN,True,recovered,2010-05-21,2010,5,4,True,PRICE_ZERO,True
509299,84824,DANISH ROSE UMBRELLA STAND,-4,2010-05-21 11:59:00,0.0,,United Kingdom,RETURN,True,recovered,2010-05-21,2010,5,4,True,PRICE_ZERO,True
509301,37491D,PURPLE/BLUE CERAMIC CANDLE HOLDER,-4,2010-05-21 12:00:00,0.0,,United Kingdom,RETURN,True,recovered,2010-05-21,2010,5,4,True,PRICE_ZERO,True
509305,35537,CANDLE RING W/CLEAR BEADS,-16,2010-05-21 12:01:00,0.0,,United Kingdom,RETURN,True,recovered,2010-05-21,2010,5,4,True,PRICE_ZERO,True
509304,37491B,BLUE/YELLOW CERAMIC CANDLE HOLDER,-7,2010-05-21 12:01:00,0.0,,United Kingdom,RETURN,True,recovered,2010-05-21,2010,5,4,True,PRICE_ZERO,True
509306,84499,BLACK FLOWER CANDLE PLATE,-43,2010-05-21 12:02:00,0.0,,United Kingdom,RETURN,True,recovered,2010-05-21,2010,5,4,True,PRICE_ZERO,True
509308,22244,3 HOOK HANGER MAGIC GARDEN,-37,2010-05-21 12:04:00,0.0,,United Kingdom,RETURN,True,recovered,2010-05-21,2010,5,4,True,PRICE_ZERO,True
509309,22243,5 HOOK HANGER RED MAGIC TOADSTOOL,-15,2010-05-21 12:04:00,0.0,,United Kingdom,RETURN,True,recovered,2010-05-21,2010,5,4,True,PRICE_ZERO,True
509310,21698,MOCK LOBSTER FRIDGE MAGNET,-400,2010-05-21 12:06:00,0.0,,United Kingdom,RETURN,True,recovered,2010-05-21,2010,5,4,True,PRICE_ZERO,True
509312,21437,24 HANGING EASTER EGGS FLORAL TUB,-1,2010-05-21 12:07:00,0.0,,United Kingdom,RETURN,True,recovered,2010-05-21,2010,5,4,True,PRICE_ZERO,True
509314,21388,IVORY HANGING DECORATION  CHICKEN,-119,2010-05-21 12:08:00,0.0,,United Kingdom,RETURN,True,recovered,2010-05-21,2010,5,4,True,PRICE_ZERO,True
509315,16215,FUNKY GIRLZ MAGNETIC TO DO LIST,-86,2010-05-21 12:08:00,0.0,,United Kingdom,RETURN,True,recovered,2010-05-21,2010,5,4,True,PRICE_ZERO,True
509316,16212,FUNKY GIRLZ ASST MAGNETIC MEMO PAD,-205,2010-05-21 12:09:00,0.0,,United Kingdom,RETURN,True,recovered,2010-05-21,2010,5,4,True,PRICE_ZERO,True
509317,20980,36 PENCILS TUBE POSY,-10,2010-05-21 12:09:00,0.0,,United Kingdom,RETURN,True,recovered,2010-05-21,2010,5,4,True,PRICE_ZERO,True
509318,20976,12 PENCILS SMALL TUBE POSY,-17,2010-05-21 12:10:00,0.0,,United Kingdom,RETURN,True,recovered,2010-05-21,2010,5,4,True,PRICE_ZERO,True
509319,20799,PINK MILKSHAKE GLASS,-15,2010-05-21 12:10:00,0.0,,United Kingdom,RETURN,True,recovered,2010-05-21,2010,5,4,True,PRICE_ZERO,True
509320,20824,Unknown Product,-74,2010-05-21 12:10:00,0.0,,United Kingdom,RETURN,False,unknown,2010-05-21,2010,5,4,True,PRICE_ZERO,True
509325,21041,RED RETROSPOT OVEN GLOVE DOUBLE,-21,2010-05-21 12:12:00,0.0,,United Kingdom,RETURN,True,recovered,2010-05-21,2010,5,4,True,PRICE_ZERO,True
509323,21038,SET/4 MODERN VINTAGE COTTON NAPKINS,-20,2010-05-21 12:12:00,0.0,,United Kingdom,RETURN,True,recovered,2010-05-21,2010,5,4,True,PRICE_ZERO,True
509324,21040,MODERN VINTAGE COTTON SHOPPING BAG,-30,2010-05-21 12:12:00,0.0,,United Kingdom,RETURN,True,recovered,2010-05-21,2010,5,4,True,PRICE_ZERO,True
509326,21157,RED SPOTTY WASHBAG,-15,2010-05-21 12:13:00,0.0,,United Kingdom,RETURN,True,recovered,2010-05-21,2010,5,4,True,PRICE_ZERO,True
509327,37489C,GREEN/BLUE FLOWER DESIGN BIG MUG,-11,2010-05-21 12:13:00,0.0,,United Kingdom,RETURN,True,recovered,2010-05-21,2010,5,4,True,PRICE_ZERO,True
509328,37489D,PINK/GREEN FLOWER DESIGN BIG MUG,-12,2010-05-21 12:14:00,0.0,,United Kingdom,RETURN,True,recovered,2010-05-21,2010,5,4,True,PRICE_ZERO,True
509329,37489B,BLUE/YELLOW FLOWER DESIGN BIG MUG,-14,2010-05-21 12:14:00,0.0,,United Kingdom,RETURN,True,recovered,2010-05-21,2010,5,4,True,PRICE_ZERO,True
509331,37348,SET OF 4 PASTEL STACKING MUGS,-3,2010-05-21 12:15:00,0.0,,United Kingdom,RETURN,True,recovered,2010-05-21,2010,5,4,True,PRICE_ZERO,True
509330,37482B,CUBIC MUG BLUE POLKA DOT,-130,2010-05-21 12:15:00,0.0,,United Kingdom,RETURN,True,recovered,2010-05-21,2010,5,4,True,PRICE_ZERO,True
509332,85053,FRENCH ENAMEL CANDLEHOLDER,-50,2010-05-21 12:17:00,0.0,,United Kingdom,RETURN,True,recovered,2010-05-21,2010,5,4,True,PRICE_ZERO,True
509334,37487B,YELLOW/ORANGE FLOWER DESIGN PLATE,-9,2010-05-21 12:21:00,0.0,,United Kingdom,RETURN,True,recovered,2010-05-21,2010,5,4,True,PRICE_ZERO,True
509335,84753A,PINK EAU DE COLOGNE BOTTLE,-1,2010-05-21 12:22:00,0.0,,United Kingdom,RETURN,True,recovered,2010-05-21,2010,5,4,True,PRICE_ZERO,True
509336,21387,IVORY HANGING DECORATION  RABBIT,-19,2010-05-21 12:23:00,0.0,,United Kingdom,RETURN,True,recovered,2010-05-21,2010,5,4,True,PRICE_ZERO,True
509541,35793,S/3 PUPPIES CHRISTMAS DECORATIONS,-50,2010-05-24 12:26:00,0.0,,United Kingdom,RETURN,True,recovered,2010-05-24,2010,5,0,True,PRICE_ZERO,True
509547,21698,MOCK LOBSTER FRIDGE MAGNET,-80,2010-05-24 12:35:00,0.0,,United Kingdom,RETURN,True,recovered,2010-05-24,2010,5,0,True,PRICE_ZERO,True
509571,85162C,WHITE RETRODISC LAMPSHADE,-70,2010-05-24 13:28:00,0.0,,United Kingdom,RETURN,True,recovered,2010-05-24,2010,5,0,True,PRICE_ZERO,True
509594,35160,BUDDHA INCENSE HOLDER ASSORTED,-590,2010-05-24 15:21:00,0.0,,United Kingdom,RETURN,True,recovered,2010-05-24,2010,5,0,True,PRICE_ZERO,True
509599,37422,WHITE WITH BLACK CATS BOWL,-250,2010-05-24 15:44:00,0.0,,United Kingdom,RETURN,True,recovered,2010-05-24,2010,5,0,True,PRICE_ZERO,True
509643,17165B,ASS COL LARGE SAND GECKO P'WEIGHT,-190,2010-05-25 11:25:00,0.0,,United Kingdom,RETURN,True,recovered,2010-05-25,2010,5,1,True,PRICE_ZERO,True
509774,21267,VINTAGE PINK TINSEL REEL,-22,2010-05-25 16:48:00,0.0,,United Kingdom,RETURN,True,recovered,2010-05-25,2010,5,1,True,PRICE_ZERO,True
509775,35840,FLAT GLASS  BAUBLE WHITE FLOCK,-78,2010-05-25 16:49:00,0.0,,United Kingdom,RETURN,True,recovered,2010-05-25,2010,5,1,True,PRICE_ZERO,True
509776,20690,Unknown Product,-3,2010-05-25 16:50:00,0.0,,United Kingdom,RETURN,False,unknown,2010-05-25,2010,5,1,True,PRICE_ZERO,True
509781,35979,SIX STRING SCANDINAVIAN HEART DECS,-70,2010-05-25 17:06:00,0.0,,United Kingdom,RETURN,True,recovered,2010-05-25,2010,5,1,True,PRICE_ZERO,True
509780,84615,PINK ROUND BUTTERFLY MIRROR,-8,2010-05-25 17:06:00,0.0,,United Kingdom,RETURN,True,recovered,2010-05-25,2010,5,1,True,PRICE_ZERO,True
509783,35980B,RED TOP SCANDINAVIAN HEART,-17,2010-05-25 17:08:00,0.0,,United Kingdom,RETURN,True,recovered,2010-05-25,2010,5,1,True,PRICE_ZERO,True
509782,21705,BAG 500g SWIRLY MARBLES,-10,2010-05-25 17:08:00,0.0,,United Kingdom,RETURN,True,recovered,2010-05-25,2010,5,1,True,PRICE_ZERO,True
509785,84559D,3D SHEET OF SEA WORLD STICKERS,-20,2010-05-25 17:10:00,0.0,,United Kingdom,RETURN,True,recovered,2010-05-25,2010,5,1,True,PRICE_ZERO,True
509786,21726,MULTI HEARTS  STICKERS,-50,2010-05-25 17:10:00,0.0,,United Kingdom,RETURN,True,recovered,2010-05-25,2010,5,1,True,PRICE_ZERO,True
509787,21723,ALPHABET HEARTS STICKER SHEET,-40,2010-05-25 17:10:00,0.0,,United Kingdom,RETURN,True,recovered,2010-05-25,2010,5,1,True,PRICE_ZERO,True
509788,22130,sold in wrong qnty,-800,2010-05-25 17:11:00,0.0,,United Kingdom,RETURN,False,original,2010-05-25,2010,5,1,True,PRICE_ZERO,True
509789,47016,LIGHT DECORATION BATTERY OPERATED,-23,2010-05-25 17:11:00,0.0,,United Kingdom,RETURN,True,recovered,2010-05-25,2010,5,1,True,PRICE_ZERO,True
509791,84622,PINK GINGHAM ROSE CUSHION COVER,-33,2010-05-25 17:12:00,0.0,,United Kingdom,RETURN,True,recovered,2010-05-25,2010,5,1,True,PRICE_ZERO,True
509792,45008C,DECORATIVE NET CANOPY CREAM,-38,2010-05-25 17:13:00,0.0,,United Kingdom,RETURN,True,recovered,2010-05-25,2010,5,1,True,PRICE_ZERO,True
509794,16239,BALLERINA HEART DECORATION.,-7,2010-05-25 17:16:00,0.0,,United Kingdom,RETURN,True,recovered,2010-05-25,2010,5,1,True,PRICE_ZERO,True
509797,82585,SWEET VALENCIA CANDLE+CUP,-13,2010-05-25 17:17:00,0.0,,United Kingdom,RETURN,True,recovered,2010-05-25,2010,5,1,True,PRICE_ZERO,True
509796,84765,SILVER ROCOCO CANDELABRA,-23,2010-05-25 17:17:00,0.0,,United Kingdom,RETURN,True,recovered,2010-05-25,2010,5,1,True,PRICE_ZERO,True
509799,82587,TEXRIO TOMATOES CANDLE+CUP,-77,2010-05-25 17:18:00,0.0,,United Kingdom,RETURN,True,recovered,2010-05-25,2010,5,1,True,PRICE_ZERO,True
509800,84711A,SILVER OVAL SHAPE TRINKET BOX,-205,2010-05-25 17:19:00,0.0,,United Kingdom,RETURN,True,recovered,2010-05-25,2010,5,1,True,PRICE_ZERO,True
509802,84425A,WHITE GLASS TV TRIPLE FRAME,-6,2010-05-25 17:19:00,0.0,,United Kingdom,RETURN,True,recovered,2010-05-25,2010,5,1,True,PRICE_ZERO,True
509803,20832,RED FLOCK LOVE HEART PHOTO FRAME,-150,2010-05-25 17:19:00,0.0,,United Kingdom,RETURN,True,recovered,2010-05-25,2010,5,1,True,PRICE_ZERO,True
509801,20793,BLUE TILED TRAY,-9,2010-05-25 17:19:00,0.0,,United Kingdom,RETURN,True,recovered,2010-05-25,2010,5,1,True,PRICE_ZERO,True
509804,85129D,BEADED CRYSTAL HEART PINK SMALL,-40,2010-05-25 17:20:00,0.0,,United Kingdom,RETURN,True,recovered,2010-05-25,2010,5,1,True,PRICE_ZERO,True
509805,85129A,"WHITE PEARL BEADED HEART, SMALL",-7,2010-05-25 17:20:00,0.0,,United Kingdom,RETURN,True,recovered,2010-05-25,2010,5,1,True,PRICE_ZERO,True
509806,85129C,BEADED CRYSTAL HEART BLUE SMALL,-30,2010-05-25 17:20:00,0.0,,United Kingdom,RETURN,True,recovered,2010-05-25,2010,5,1,True,PRICE_ZERO,True
509807,85129B,BEADED CRYSTAL HEART GREEN SMALL,-20,2010-05-25 17:21:00,0.0,,United Kingdom,RETURN,True,recovered,2010-05-25,2010,5,1,True,PRICE_ZERO,True
509808,85130A,BEADED PEARL HEART WHITE LARGE,-90,2010-05-25 17:21:00,0.0,,United Kingdom,RETURN,True,recovered,2010-05-25,2010,5,1,True,PRICE_ZERO,True
509809,47503E,ASS FLORAL PRINT SCISSORS,-20,2010-05-25 17:22:00,0.0,,United Kingdom,RETURN,True,recovered,2010-05-25,2010,5,1,True,PRICE_ZERO,True
509811,47504G,ENGLISH ROSE TAPE MEASURE,-1,2010-05-25 17:23:00,0.0,,United Kingdom,RETURN,True,recovered,2010-05-25,2010,5,1,True,PRICE_ZERO,True
509812,85117,NIGHTINGALE COATHOOK WHITE,-3,2010-05-25 17:23:00,0.0,,United Kingdom,RETURN,True,recovered,2010-05-25,2010,5,1,True,PRICE_ZERO,True
509813,85119,WATERING CAN SINGLE HOOK PISTACHIO,-11,2010-05-25 17:24:00,0.0,,United Kingdom,RETURN,True,recovered,2010-05-25,2010,5,1,True,PRICE_ZERO,True
509815,84875D,BLUE SQUARE COMPACT MIRROR,-10,2010-05-25 17:26:00,0.0,,United Kingdom,RETURN,True,recovered,2010-05-25,2010,5,1,True,PRICE_ZERO,True
509814,84482,BUTTONS DESIGN JEWELLERY BOX,-54,2010-05-25 17:26:00,0.0,,United Kingdom,RETURN,True,recovered,2010-05-25,2010,5,1,True,PRICE_ZERO,True
509816,84875B,GREEN SQUARE COMPACT MIRROR,-18,2010-05-25 17:27:00,0.0,,United Kingdom,RETURN,True,recovered,2010-05-25,2010,5,1,True,PRICE_ZERO,True
509818,10138,ASSORTED COLOUR JUMBO PEN,-8,2010-05-25 17:28:00,0.0,,United Kingdom,RETURN,True,recovered,2010-05-25,2010,5,1,True,PRICE_ZERO,True
509820,16044,POP-ART FLUORESCENT PENS,-48,2010-05-25 17:29:00,0.0,,United Kingdom,RETURN,True,recovered,2010-05-25,2010,5,1,True,PRICE_ZERO,True
509819,16049,TEATIME GEL PENS ASST,-440,2010-05-25 17:29:00,0.0,,United Kingdom,RETURN,True,recovered,2010-05-25,2010,5,1,True,PRICE_ZERO,True
509821,21228,"POCKET MIRROR ""GLAMOROUS""",-18,2010-05-25 17:29:00,0.0,,United Kingdom,RETURN,True,recovered,2010-05-25,2010,5,1,True,PRICE_ZERO,True
509825,20618,QUEEN OF THE SKIES PASSPORT COVER,-40,2010-05-25 17:39:00,0.0,,United Kingdom,RETURN,True,recovered,2010-05-25,2010,5,1,True,PRICE_ZERO,True
509826,20653,CHERRY BLOSSOM LUGGAGE TAG,-14,2010-05-25 17:39:00,0.0,,United Kingdom,RETURN,True,recovered,2010-05-25,2010,5,1,True,PRICE_ZERO,True
509824,20652,BLUE POLKADOT LUGGAGE TAG,-40,2010-05-25 17:39:00,0.0,,United Kingdom,RETURN,True,recovered,2010-05-25,2010,5,1,True,PRICE_ZERO,True
509829,20669,RED HEART LUGGAGE TAG,-40,2010-05-25 17:40:00,0.0,,United Kingdom,RETURN,True,recovered,2010-05-25,2010,5,1,True,PRICE_ZERO,True
509827,20617,FIRST CLASS PASSPORT COVER,-33,2010-05-25 17:40:00,0.0,,United Kingdom,RETURN,True,recovered,2010-05-25,2010,5,1,True,PRICE_ZERO,True
509828,20659,ECONOMY LUGGAGE TAG,-67,2010-05-25 17:40:00,0.0,,United Kingdom,RETURN,True,recovered,2010-05-25,2010,5,1,True,PRICE_ZERO,True
509830,20660,VIP LUGGAGE TAG,-43,2010-05-25 17:41:00,0.0,,United Kingdom,RETURN,True,recovered,2010-05-25,2010,5,1,True,PRICE_ZERO,True
509832,85114C,RED ENCHANTED FOREST PLACEMAT,-8,2010-05-25 17:43:00,0.0,,United Kingdom,RETURN,True,recovered,2010-05-25,2010,5,1,True,PRICE_ZERO,True
509834,37422,WHITE WITH BLACK CATS BOWL,-4,2010-05-25 17:44:00,0.0,,United Kingdom,RETURN,True,recovered,2010-05-25,2010,5,1,True,PRICE_ZERO,True
509836,47562,ENGLISH ROSE IRONING BOARD COVER,-3,2010-05-25 17:45:00,0.0,,United Kingdom,RETURN,True,recovered,2010-05-25,2010,5,1,True,PRICE_ZERO,True
509837,47581B,FAIRY CAKE WICKER PICNIC BASKET,-4,2010-05-25 17:46:00,0.0,,United Kingdom,RETURN,True,recovered,2010-05-25,2010,5,1,True,PRICE_ZERO,True
509838,47598,NEW ENGLAND EGG WARMER,-7,2010-05-25 17:47:00,0.0,,United Kingdom,RETURN,True,recovered,2010-05-25,2010,5,1,True,PRICE_ZERO,True
509839,79072,TEATIME CAKE TIN WITH HANDLE,-4,2010-05-25 17:47:00,0.0,,United Kingdom,RETURN,True,recovered,2010-05-25,2010,5,1,True,PRICE_ZERO,True
509840,71406B,Unknown Product,-81,2010-05-25 17:51:00,0.0,,United Kingdom,RETURN,False,unknown,2010-05-25,2010,5,1,True,PRICE_ZERO,True
509841,84798A,PINK FOXGLOVE ARTIIFCIAL FLOWER,-37,2010-05-25 17:51:00,0.0,,United Kingdom,RETURN,True,recovered,2010-05-25,2010,5,1,True,PRICE_ZERO,True
509844,47505,MINATURE COLOURED GARDENING SET,-2,2010-05-25 17:52:00,0.0,,United Kingdom,RETURN,True,recovered,2010-05-25,2010,5,1,True,PRICE_ZERO,True
509842,84803A,PINK ALLIUM  ARTIFICIAL FLOWER,-29,2010-05-25 17:52:00,0.0,,United Kingdom,RETURN,True,recovered,2010-05-25,2010,5,1,True,PRICE_ZERO,True
509843,84675,FROG KING WATERING CAN,-99,2010-05-25 17:52:00,0.0,,United Kingdom,RETURN,True,recovered,2010-05-25,2010,5,1,True,PRICE_ZERO,True
509846,84964A,PINK PAINTED KASHMIRI TABLE,-1,2010-05-25 17:55:00,0.0,,United Kingdom,RETURN,True,recovered,2010-05-25,2010,5,1,True,PRICE_ZERO,True
509847,78027,SEAGRASS S/2 CORNER LAUNDRY,-7,2010-05-25 17:56:00,0.0,,United Kingdom,RETURN,True,recovered,2010-05-25,2010,5,1,True,PRICE_ZERO,True
509848,85205A,IVORY FELT EASTER RABBIT GARLAND,-19,2010-05-25 17:58:00,0.0,,United Kingdom,RETURN,True,recovered,2010-05-25,2010,5,1,True,PRICE_ZERO,True
509986,22189,CREAM HEART CARD HOLDER,-146,2010-05-26 14:49:00,0.0,,United Kingdom,RETURN,True,recovered,2010-05-26,2010,5,2,True,PRICE_ZERO,True
509987,84796A,PINK HAWAIIAN PICNIC HAMPER FOR 2,-35,2010-05-26 14:50:00,0.0,,United Kingdom,RETURN,True,recovered,2010-05-26,2010,5,2,True,PRICE_ZERO,True
509988,84796B,BLUE SAVANNAH PICNIC HAMPER FOR 2,-40,2010-05-26 14:51:00,0.0,,United Kingdom,RETURN,True,recovered,2010-05-26,2010,5,2,True,PRICE_ZERO,True
510020,84873A,FUNKY FLOWER PICNIC BAG FOR 4,-17,2010-05-26 15:25:00,0.0,,United Kingdom,RETURN,True,recovered,2010-05-26,2010,5,2,True,PRICE_ZERO,True
510021,84872A,TEATIME FUNKY FLOWER BACKPACK FOR 2,-12,2010-05-26 15:25:00,0.0,,United Kingdom,RETURN,True,recovered,2010-05-26,2010,5,2,True,PRICE_ZERO,True
510027,84797A,PINK HAWAIIAN PICNIC HAMPER FOR 4,-15,2010-05-26 15:26:00,0.0,,United Kingdom,RETURN,True,recovered,2010-05-26,2010,5,2,True,PRICE_ZERO,True
510024,84797B,BLUE SAVANNAH PICNIC HAMPER FOR 4,-26,2010-05-26 15:26:00,0.0,,United Kingdom,RETURN,True,recovered,2010-05-26,2010,5,2,True,PRICE_ZERO,True
510068,22423,REGENCY CAKESTAND 3 TIER,-30,2010-05-27 11:08:00,0.0,,United Kingdom,RETURN,True,recovered,2010-05-27,2010,5,3,True,PRICE_ZERO,True
510179,90036E,"FLOWER GLASS GARLD NECKL36""AMETHYST",-10,2010-05-27 15:08:00,0.0,,United Kingdom,RETURN,True,recovered,2010-05-27,2010,5,3,True,PRICE_ZERO,True
510238,21340,CLASSIC METAL BIRDCAGE PLANT HOLDER,-13,2010-05-28 09:57:00,0.0,,United Kingdom,RETURN,True,recovered,2010-05-28,2010,5,4,True,PRICE_ZERO,True
510540,84452,METAL RABBIT LADDER EASTER,-110,2010-06-01 14:43:00,0.0,,United Kingdom,RETURN,True,recovered,2010-06-01,2010,6,1,True,PRICE_ZERO,True
510638,84450B,PINK/YELLOW RABBIT SAT EASTER,-50,2010-06-02 12:03:00,0.0,,United Kingdom,RETURN,True,recovered,2010-06-02,2010,6,2,True,PRICE_ZERO,True
510664,84858B,BLUE RIVIERA HANDBAG,-54,2010-06-02 14:50:00,0.0,,United Kingdom,RETURN,True,recovered,2010-06-02,2010,6,2,True,PRICE_ZERO,True
510686,46000R,dotcom sales,-28,2010-06-03 10:05:00,0.0,,United Kingdom,RETURN,False,original,2010-06-03,2010,6,3,True,PRICE_ZERO,True
510687,46000U,POLYESTER FILLER PAD 30CMx30CM,-15,2010-06-03 10:05:00,0.0,,United Kingdom,RETURN,True,recovered,2010-06-03,2010,6,3,True,PRICE_ZERO,True
510739,84454,missing,-330,2010-06-03 11:49:00,0.0,,United Kingdom,RETURN,False,original,2010-06-03,2010,6,3,True,PRICE_ZERO,True
510760,22236,Rusty,-851,2010-06-03 13:00:00,0.0,,United Kingdom,RETURN,False,original,2010-06-03,2010,6,3,True,PRICE_ZERO,True
510800,84529C,YELLOW KNITTED KIDS RUCKSACK,-14,2010-06-03 17:44:00,0.0,,United Kingdom,RETURN,True,recovered,2010-06-03,2010,6,3,True,PRICE_ZERO,True
510840,90082B,DIAMANTE BOW BROOCH RED COLOUR,-11,2010-06-04 09:30:00,0.0,,United Kingdom,RETURN,True,recovered,2010-06-04,2010,6,4,True,PRICE_ZERO,True
510841,90081A,LILY BROOCH AMETHYST COLOUR,-8,2010-06-04 09:31:00,0.0,,United Kingdom,RETURN,True,recovered,2010-06-04,2010,6,4,True,PRICE_ZERO,True
510843,90065B,BLACK VINT ART DEC CRYSTAL BRACELET,-25,2010-06-04 09:31:00,0.0,,United Kingdom,RETURN,True,recovered,2010-06-04,2010,6,4,True,PRICE_ZERO,True
510842,90066A,PINK VINTAGE VICTORIAN CHOKER,-1,2010-06-04 09:31:00,0.0,,United Kingdom,RETURN,True,recovered,2010-06-04,2010,6,4,True,PRICE_ZERO,True
510844,90065A,WHITE VINTAGE CRYSTAL BRACELET,-32,2010-06-04 09:32:00,0.0,,United Kingdom,RETURN,True,recovered,2010-06-04,2010,6,4,True,PRICE_ZERO,True
510845,90060C,FIRE POLISHED GLASS NECKL SILVER,-1,2010-06-04 09:32:00,0.0,,United Kingdom,RETURN,True,recovered,2010-06-04,2010,6,4,True,PRICE_ZERO,True
510847,90042C,FRESHWATER PEARL BRACELET IVORY,-11,2010-06-04 09:33:00,0.0,,United Kingdom,RETURN,True,recovered,2010-06-04,2010,6,4,True,PRICE_ZERO,True
510846,90060B,FIRE POLISHED GLASS NECKL GOLD,-1,2010-06-04 09:33:00,0.0,,United Kingdom,RETURN,True,recovered,2010-06-04,2010,6,4,True,PRICE_ZERO,True
510850,90040B,MURANO STYLE GLASS BRACELET BLACK,-8,2010-06-04 09:34:00,0.0,,United Kingdom,RETURN,True,recovered,2010-06-04,2010,6,4,True,PRICE_ZERO,True
510848,90042A,FRESHWATER PEARL BRACELET GOLD,-10,2010-06-04 09:34:00,0.0,,United Kingdom,RETURN,True,recovered,2010-06-04,2010,6,4,True,PRICE_ZERO,True
510849,90040D,MURANO STYLE GLASS BRACELET PINK,-17,2010-06-04 09:34:00,0.0,,United Kingdom,RETURN,True,recovered,2010-06-04,2010,6,4,True,PRICE_ZERO,True
510851,90040A,MURANO STYLE GLASS BRACELET RED,-6,2010-06-04 09:35:00,0.0,,United Kingdom,RETURN,True,recovered,2010-06-04,2010,6,4,True,PRICE_ZERO,True
510854,90199B,5 STRAND GLASS NECKLACE AMETHYST,-6,2010-06-04 09:36:00,0.0,,United Kingdom,RETURN,True,recovered,2010-06-04,2010,6,4,True,PRICE_ZERO,True
510853,90203,SILVER CHARM NECKLACE 70CM,-33,2010-06-04 09:36:00,0.0,,United Kingdom,RETURN,True,recovered,2010-06-04,2010,6,4,True,PRICE_ZERO,True
510855,90196A,PURPLE GEMSTONE NECKLACE 45CM,-13,2010-06-04 09:38:00,0.0,,United Kingdom,RETURN,True,recovered,2010-06-04,2010,6,4,True,PRICE_ZERO,True
510856,90194,SILVER LARIAT BLACK STONE EARRINGS,-51,2010-06-04 09:44:00,0.0,,United Kingdom,RETURN,True,recovered,2010-06-04,2010,6,4,True,PRICE_ZERO,True
510857,90192,JADE DROP EARRINGS W FILIGREE,-14,2010-06-04 09:45:00,0.0,,United Kingdom,RETURN,True,recovered,2010-06-04,2010,6,4,True,PRICE_ZERO,True
510858,90188,DROP EARRINGS W FLOWER & LEAF,-50,2010-06-04 09:47:00,0.0,,United Kingdom,RETURN,True,recovered,2010-06-04,2010,6,4,True,PRICE_ZERO,True
510859,90187A,BLUE DROP EARRINGS W BEAD CLUSTER,-8,2010-06-04 09:48:00,0.0,,United Kingdom,RETURN,True,recovered,2010-06-04,2010,6,4,True,PRICE_ZERO,True
510861,90185D,CRYSTAL DIAMANTE EXPANDABLE RING,-48,2010-06-04 09:49:00,0.0,,United Kingdom,RETURN,True,recovered,2010-06-04,2010,6,4,True,PRICE_ZERO,True
510862,90185C,BLACK DIAMANTE EXPANDABLE RING,-5,2010-06-04 09:49:00,0.0,,United Kingdom,RETURN,True,recovered,2010-06-04,2010,6,4,True,PRICE_ZERO,True
510863,90185B,AMETHYST DIAMANTE EXPANDABLE RING,-46,2010-06-04 09:50:00,0.0,,United Kingdom,RETURN,True,recovered,2010-06-04,2010,6,4,True,PRICE_ZERO,True
510864,90185A,AMBER DIAMANTE EXPANDABLE RING,-19,2010-06-04 09:51:00,0.0,,United Kingdom,RETURN,True,recovered,2010-06-04,2010,6,4,True,PRICE_ZERO,True
510865,90038B,GLASS AND PAINTED BEADS BRACELET OL,-19,2010-06-04 09:51:00,0.0,,United Kingdom,RETURN,True,recovered,2010-06-04,2010,6,4,True,PRICE_ZERO,True
510870,90035B,"PEARL & SHELL 42""NECKL. PINK",-2,2010-06-04 09:55:00,0.0,,United Kingdom,RETURN,True,recovered,2010-06-04,2010,6,4,True,PRICE_ZERO,True
510869,90035C,"PEARL & SHELL 42""NECKL. IVORY",-24,2010-06-04 09:55:00,0.0,,United Kingdom,RETURN,True,recovered,2010-06-04,2010,6,4,True,PRICE_ZERO,True
510871,90027D,GLASS BEAD HOOP EARRINGS AMETHYST,-9,2010-06-04 09:55:00,0.0,,United Kingdom,RETURN,True,recovered,2010-06-04,2010,6,4,True,PRICE_ZERO,True
510872,90027A,GLASS BEAD HOOP EARRINGS BLACK,-37,2010-06-04 09:56:00,0.0,,United Kingdom,RETURN,True,recovered,2010-06-04,2010,6,4,True,PRICE_ZERO,True
510873,90026D,GLASS BEAD HOOP NECKLACE AMETHYST,-3,2010-06-04 09:56:00,0.0,,United Kingdom,RETURN,True,recovered,2010-06-04,2010,6,4,True,PRICE_ZERO,True
510874,90026A,GLASS BEAD HOOP NECKLACE BLACK,-29,2010-06-04 09:57:00,0.0,,United Kingdom,RETURN,True,recovered,2010-06-04,2010,6,4,True,PRICE_ZERO,True
510875,90025A,BAROQUE BUTTERFLY EARRINGS BLACK,-2,2010-06-04 09:58:00,0.0,,United Kingdom,RETURN,True,recovered,2010-06-04,2010,6,4,True,PRICE_ZERO,True
510876,90025B,BAROQUE BUTTERFLY EARRINGS RED,-42,2010-06-04 09:58:00,0.0,,United Kingdom,RETURN,True,recovered,2010-06-04,2010,6,4,True,PRICE_ZERO,True
510877,90025C,BAROQUE BUTTERFLY EARRINGS GREEN,-230,2010-06-04 09:59:00,0.0,,United Kingdom,RETURN,True,recovered,2010-06-04,2010,6,4,True,PRICE_ZERO,True
510880,90025D,BAROQUE BUTTERFLY EARRINGS PINK,-15,2010-06-04 09:59:00,0.0,,United Kingdom,RETURN,True,recovered,2010-06-04,2010,6,4,True,PRICE_ZERO,True
510881,90019C,SILVER BLACK ORBIT BRACELET,-26,2010-06-04 10:00:00,0.0,,United Kingdom,RETURN,True,recovered,2010-06-04,2010,6,4,True,PRICE_ZERO,True
510882,90018C,SILVER BLACK ORBIT DROP EARRINGS,-24,2010-06-04 10:00:00,0.0,,United Kingdom,RETURN,True,recovered,2010-06-04,2010,6,4,True,PRICE_ZERO,True
510883,90013E,AMBER VINTAGE EARRINGS,-5,2010-06-04 10:01:00,0.0,,United Kingdom,RETURN,True,recovered,2010-06-04,2010,6,4,True,PRICE_ZERO,True
510884,90013D,PURPLE VINTAGE EARRINGS,-12,2010-06-04 10:01:00,0.0,,United Kingdom,RETURN,True,recovered,2010-06-04,2010,6,4,True,PRICE_ZERO,True
510886,90011E,AMBER CRYSTAL DROP EARRINGS,-5,2010-06-04 10:02:00,0.0,,United Kingdom,RETURN,True,recovered,2010-06-04,2010,6,4,True,PRICE_ZERO,True
510885,90013A,MIDNIGHT BLUE VINTAGE EARRINGS,-5,2010-06-04 10:02:00,0.0,,United Kingdom,RETURN,True,recovered,2010-06-04,2010,6,4,True,PRICE_ZERO,True
510887,90011D,PURPLE CRYSTAL DROP EARRINGS,-9,2010-06-04 10:03:00,0.0,,United Kingdom,RETURN,True,recovered,2010-06-04,2010,6,4,True,PRICE_ZERO,True
510889,90011B,BLACK CRYSTAL DROP EARRINGS,-32,2010-06-04 10:04:00,0.0,,United Kingdom,RETURN,True,recovered,2010-06-04,2010,6,4,True,PRICE_ZERO,True
510890,90011A,MIDNIGHT BLUE CRYSTAL DROP EARRINGS,-10,2010-06-04 10:04:00,0.0,,United Kingdom,RETURN,True,recovered,2010-06-04,2010,6,4,True,PRICE_ZERO,True
510892,90003C,MIDNIGHT BLUE PAIR HEART HAIR SLIDE,-6,2010-06-04 10:06:00,0.0,,United Kingdom,RETURN,True,recovered,2010-06-04,2010,6,4,True,PRICE_ZERO,True
510891,90003D,CRYSTAL PAIR HEART HAIR SLIDES,-3,2010-06-04 10:06:00,0.0,,United Kingdom,RETURN,True,recovered,2010-06-04,2010,6,4,True,PRICE_ZERO,True
510893,90003B,ROSE COLOUR PAIR HEART HAIR SLIDES,-8,2010-06-04 10:07:00,0.0,,United Kingdom,RETURN,True,recovered,2010-06-04,2010,6,4,True,PRICE_ZERO,True
510894,90002E,FLOWER BURST SILVER RING GREEN,-35,2010-06-04 10:07:00,0.0,,United Kingdom,RETURN,True,recovered,2010-06-04,2010,6,4,True,PRICE_ZERO,True
510896,90001C,ANTIQUE OPAL WHITE FLOWER EARRINGS,-11,2010-06-04 10:08:00,0.0,,United Kingdom,RETURN,True,recovered,2010-06-04,2010,6,4,True,PRICE_ZERO,True
510895,90002C,FLOWER BURST SILVER RING MIDN'T BLU,-28,2010-06-04 10:08:00,0.0,,United Kingdom,RETURN,True,recovered,2010-06-04,2010,6,4,True,PRICE_ZERO,True
510899,90000B,MIDNIGHT BLUE COPPER FLOWER NECKLAC,-6,2010-06-04 10:09:00,0.0,,United Kingdom,RETURN,True,recovered,2010-06-04,2010,6,4,True,PRICE_ZERO,True
510897,90001B,ANTIQUE MID BLUE FLOWER EARRINGS,-7,2010-06-04 10:09:00,0.0,,United Kingdom,RETURN,True,recovered,2010-06-04,2010,6,4,True,PRICE_ZERO,True
510900,90173,PAIR BUTTERFLY HAIR CLIPS,-9,2010-06-04 10:10:00,0.0,,United Kingdom,RETURN,True,recovered,2010-06-04,2010,6,4,True,PRICE_ZERO,True
510902,90171,DAISY RING,-51,2010-06-04 10:10:00,0.0,,United Kingdom,RETURN,True,recovered,2010-06-04,2010,6,4,True,PRICE_ZERO,True
510905,90117,Unknown Product,-23,2010-06-04 10:14:00,0.0,,United Kingdom,RETURN,False,unknown,2010-06-04,2010,6,4,True,PRICE_ZERO,True
510904,90120A,PINK MURANO TWIST BRACELET,-12,2010-06-04 10:14:00,0.0,,United Kingdom,RETURN,True,recovered,2010-06-04,2010,6,4,True,PRICE_ZERO,True
510906,90107,Unknown Product,-48,2010-06-04 10:15:00,0.0,,United Kingdom,RETURN,False,unknown,2010-06-04,2010,6,4,True,PRICE_ZERO,True
510907,90092,BLUE CRYSTAL BOOT PHONE CHARM,-123,2010-06-04 10:16:00,0.0,,United Kingdom,RETURN,True,recovered,2010-06-04,2010,6,4,True,PRICE_ZERO,True
510909,90088,CRYSTAL KEY+LOCK PHONE CHARM,-23,2010-06-04 10:17:00,0.0,,United Kingdom,RETURN,True,recovered,2010-06-04,2010,6,4,True,PRICE_ZERO,True
510911,90085,CRYSTAL STILETTO PHONE CHARM,-123,2010-06-04 10:18:00,0.0,,United Kingdom,RETURN,True,recovered,2010-06-04,2010,6,4,True,PRICE_ZERO,True
510913,90128D,PURPLE LEAVES AND BEADS PHONE CHAR,-17,2010-06-04 10:19:00,0.0,,United Kingdom,RETURN,True,recovered,2010-06-04,2010,6,4,True,PRICE_ZERO,True
510914,90128C,GREEN LEAVES AND BEADS PHONE CHARM,-27,2010-06-04 10:19:00,0.0,,United Kingdom,RETURN,True,recovered,2010-06-04,2010,6,4,True,PRICE_ZERO,True
510918,90116,FRUIT SALAD BAG CHARM,-10,2010-06-04 10:25:00,0.0,,United Kingdom,RETURN,True,recovered,2010-06-04,2010,6,4,True,PRICE_ZERO,True
510917,90116,FRUIT SALAD BAG CHARM,-26,2010-06-04 10:25:00,0.0,,United Kingdom,RETURN,True,recovered,2010-06-04,2010,6,4,True,PRICE_ZERO,True
510919,90115,SUMMER BUTTERFLIES BAG CHARM,-25,2010-06-04 10:26:00,0.0,,United Kingdom,RETURN,True,recovered,2010-06-04,2010,6,4,True,PRICE_ZERO,True
510920,90112,PINK DOLLY HAIR CLIPS,-31,2010-06-04 10:26:00,0.0,,United Kingdom,RETURN,True,recovered,2010-06-04,2010,6,4,True,PRICE_ZERO,True
510923,90100,NECKLACE+BRACELET SET PINK DAISY,-24,2010-06-04 10:27:00,0.0,,United Kingdom,RETURN,True,recovered,2010-06-04,2010,6,4,True,PRICE_ZERO,True
510922,90102,WHITE FRANGIPANI HAIR CLIP,-57,2010-06-04 10:27:00,0.0,,United Kingdom,RETURN,True,recovered,2010-06-04,2010,6,4,True,PRICE_ZERO,True
510926,90095,NECKLACE+BRACELET SET PINK BLOSSOM,-29,2010-06-04 10:28:00,0.0,,United Kingdom,RETURN,True,recovered,2010-06-04,2010,6,4,True,PRICE_ZERO,True
510928,90108,BLUE BLOSSOM HAIR CLIP,-45,2010-06-04 10:28:00,0.0,,United Kingdom,RETURN,True,recovered,2010-06-04,2010,6,4,True,PRICE_ZERO,True
510970,90190B,GOLD/AMBER DROP EARRINGS W LEAF,-118,2010-06-04 12:03:00,0.0,,United Kingdom,RETURN,True,recovered,2010-06-04,2010,6,4,True,PRICE_ZERO,True
510971,90037D,TINY CRYSTALS BRACELET BLACK,-126,2010-06-04 12:04:00,0.0,,United Kingdom,RETURN,True,recovered,2010-06-04,2010,6,4,True,PRICE_ZERO,True
510972,90005A,JADE GREEN ENAMEL HAIR COMB,-164,2010-06-04 12:05:00,0.0,,United Kingdom,RETURN,True,recovered,2010-06-04,2010,6,4,True,PRICE_ZERO,True
510973,90096,NECKLACE+BRACELET SET BLUE BLOSSOM,-148,2010-06-04 12:06:00,0.0,,United Kingdom,RETURN,True,recovered,2010-06-04,2010,6,4,True,PRICE_ZERO,True
511014,46000R,entry error,-100,2010-06-04 15:07:00,0.0,,United Kingdom,RETURN,False,original,2010-06-04,2010,6,4,True,PRICE_ZERO,True
511116,85060,damaged/dirty,-408,2010-06-07 10:40:00,0.0,,United Kingdom,RETURN,False,original,2010-06-07,2010,6,0,True,PRICE_ZERO,True
511454,21659,GLASS CAKE STAND,-15,2010-06-08 12:46:00,0.0,,United Kingdom,RETURN,True,recovered,2010-06-08,2010,6,1,True,PRICE_ZERO,True
511456,22191,IVORY DINER WALL CLOCK,-2,2010-06-08 12:48:00,0.0,,United Kingdom,RETURN,True,recovered,2010-06-08,2010,6,1,True,PRICE_ZERO,True
511457,22189,CREAM HEART CARD HOLDER,-12,2010-06-08 12:49:00,0.0,,United Kingdom,RETURN,True,recovered,2010-06-08,2010,6,1,True,PRICE_ZERO,True
511458,37502,TEA TIME MUG IN GIFT BOX,-4,2010-06-08 12:49:00,0.0,,United Kingdom,RETURN,True,recovered,2010-06-08,2010,6,1,True,PRICE_ZERO,True
511459,22285,"DECORATION HEN ON NEST, HANGING",-150,2010-06-08 12:51:00,0.0,,United Kingdom,RETURN,True,recovered,2010-06-08,2010,6,1,True,PRICE_ZERO,True
511470,85142,?????,-98,2010-06-08 13:19:00,0.0,,United Kingdom,RETURN,False,original,2010-06-08,2010,6,1,True,PRICE_ZERO,True
511472,20728,LUNCH BAG CARS BLUE,-148,2010-06-08 13:23:00,0.0,,United Kingdom,RETURN,True,recovered,2010-06-08,2010,6,1,True,PRICE_ZERO,True
511586,79000,Dotcom,-588,2010-06-09 10:54:00,0.0,,United Kingdom,RETURN,False,original,2010-06-09,2010,6,2,True,PRICE_ZERO,True
511587,84945,dotcom,-48,2010-06-09 10:55:00,0.0,,United Kingdom,RETURN,False,original,2010-06-09,2010,6,2,True,PRICE_ZERO,True
511588,84950,dotcom,-48,2010-06-09 10:56:00,0.0,,United Kingdom,RETURN,False,original,2010-06-09,2010,6,2,True,PRICE_ZERO,True
511589,72741,dotcom,-399,2010-06-09 10:56:00,0.0,,United Kingdom,RETURN,False,original,2010-06-09,2010,6,2,True,PRICE_ZERO,True
511590,71459,dotcom,-285,2010-06-09 10:57:00,0.0,,United Kingdom,RETURN,False,original,2010-06-09,2010,6,2,True,PRICE_ZERO,True
511694,84965B,BLUE KASHMIRI COFFEE TABLE,-1,2010-06-09 16:53:00,0.0,,United Kingdom,RETURN,True,recovered,2010-06-09,2010,6,2,True,PRICE_ZERO,True
511695,84967B,BLUE KASHMIRI OCCASIONAL TABLE,-1,2010-06-09 16:54:00,0.0,,United Kingdom,RETURN,True,recovered,2010-06-09,2010,6,2,True,PRICE_ZERO,True
511697,22171,damaged,-1,2010-06-09 16:55:00,0.0,,United Kingdom,RETURN,False,original,2010-06-09,2010,6,2,True,PRICE_ZERO,True
511696,21760,damaged,-1,2010-06-09 16:55:00,0.0,,United Kingdom,RETURN,False,original,2010-06-09,2010,6,2,True,PRICE_ZERO,True
511948,85222,ASSORTED COLOUR SILK COSMETIC PURSE,-1158,2010-06-11 12:37:00,0.0,,United Kingdom,RETURN,True,recovered,2010-06-11,2010,6,4,True,PRICE_ZERO,True
511956,84932A,SMALL GREEN PEONY FOLDING STOOL,-38,2010-06-11 13:15:00,0.0,,United Kingdom,RETURN,True,recovered,2010-06-11,2010,6,4,True,PRICE_ZERO,True
512041,84424A,FOUR PICTURE WHITE GLASS FRAME,-1,2010-06-11 16:28:00,0.0,,United Kingdom,RETURN,True,recovered,2010-06-11,2010,6,4,True,PRICE_ZERO,True
512296,22607,donated to the Food Chain charity.,-1,2010-06-14 15:20:00,0.0,,United Kingdom,RETURN,False,original,2010-06-14,2010,6,0,True,PRICE_ZERO,True
512297,22502,Donated to The Food Chain charity,-1,2010-06-14 15:21:00,0.0,,United Kingdom,RETURN,False,original,2010-06-14,2010,6,0,True,PRICE_ZERO,True
512298,84797B,Donated to The Food Chain charity,-1,2010-06-14 15:21:00,0.0,,United Kingdom,RETURN,False,original,2010-06-14,2010,6,0,True,PRICE_ZERO,True
512408,21175,GIN + TONIC DIET METAL SIGN,-700,2010-06-15 13:18:00,0.0,,United Kingdom,RETURN,True,recovered,2010-06-15,2010,6,1,True,PRICE_ZERO,True
512410,21589,SWALLOW GIANT TUBE MATCHES,-23,2010-06-15 13:18:00,0.0,,United Kingdom,RETURN,True,recovered,2010-06-15,2010,6,1,True,PRICE_ZERO,True
512438,47566,?,-700,2010-06-15 16:23:00,0.0,,United Kingdom,RETURN,False,original,2010-06-15,2010,6,1,True,PRICE_ZERO,True
512440,47566,?,-150,2010-06-15 16:32:00,0.0,,United Kingdom,RETURN,False,original,2010-06-15,2010,6,1,True,PRICE_ZERO,True
512442,71477,"Wet, rusty-thrown away",-312,2010-06-15 16:43:00,0.0,,United Kingdom,RETURN,False,original,2010-06-15,2010,6,1,True,PRICE_ZERO,True
512521,78033,FLAG OF ST GEORGE CHAIR,-10,2010-06-16 11:47:00,0.0,,United Kingdom,RETURN,True,recovered,2010-06-16,2010,6,2,True,PRICE_ZERO,True
512801,21330,?,-207,2010-06-18 10:57:00,0.0,,United Kingdom,RETURN,False,original,2010-06-18,2010,6,4,True,PRICE_ZERO,True
512883,22534,MAGIC DRAWING SLATE SPACEBOY,-190,2010-06-18 12:01:00,0.0,,United Kingdom,RETURN,True,recovered,2010-06-18,2010,6,4,True,PRICE_ZERO,True
512884,85060,damaged,-88,2010-06-18 12:02:00,0.0,,United Kingdom,RETURN,False,original,2010-06-18,2010,6,4,True,PRICE_ZERO,True
512885,85165,CANDY PINK FRENCH BOUDOIR CLOCK,-6,2010-06-18 12:02:00,0.0,,United Kingdom,RETURN,True,recovered,2010-06-18,2010,6,4,True,PRICE_ZERO,True
512887,22285,"DECORATION HEN ON NEST, HANGING",-17,2010-06-18 12:03:00,0.0,,United Kingdom,RETURN,True,recovered,2010-06-18,2010,6,4,True,PRICE_ZERO,True
512908,21153,missing,-73,2010-06-18 14:33:00,0.0,,United Kingdom,RETURN,False,original,2010-06-18,2010,6,4,True,PRICE_ZERO,True
512918,21244,BLUE POLKADOT PLATE,-37,2010-06-18 15:57:00,0.0,,United Kingdom,RETURN,True,recovered,2010-06-18,2010,6,4,True,PRICE_ZERO,True
513098,84508A,wet ctn,-48,2010-06-21 15:08:00,0.0,,United Kingdom,RETURN,False,original,2010-06-21,2010,6,0,True,PRICE_ZERO,True
513104,22719,GUMBALL MONOCHROME COAT RACK,-52,2010-06-21 15:58:00,0.0,,United Kingdom,RETURN,True,recovered,2010-06-21,2010,6,0,True,PRICE_ZERO,True
513107,84795C,OCEAN STRIPE HAMMOCK,-4,2010-06-21 16:03:00,0.0,,United Kingdom,RETURN,True,recovered,2010-06-21,2010,6,0,True,PRICE_ZERO,True
513282,35271S,GOLD PRINT PAPER BAG,-107,2010-06-23 13:35:00,0.0,,United Kingdom,RETURN,True,recovered,2010-06-23,2010,6,2,True,PRICE_ZERO,True
513451,21127,COLOURFUL FISHING GNOME,-28,2010-06-24 15:13:00,0.0,,United Kingdom,RETURN,True,recovered,2010-06-24,2010,6,3,True,PRICE_ZERO,True
513470,20818,GOLD TEDDY BEAR,-30,2010-06-24 16:46:00,0.0,,United Kingdom,RETURN,True,recovered,2010-06-24,2010,6,3,True,PRICE_ZERO,True
513471,82583,?,-626,2010-06-24 16:48:00,0.0,,United Kingdom,RETURN,False,original,2010-06-24,2010,6,3,True,PRICE_ZERO,True
513473,37446,MINI CAKE STAND WITH HANGING CAKES,-20,2010-06-24 16:51:00,0.0,,United Kingdom,RETURN,True,recovered,2010-06-24,2010,6,3,True,PRICE_ZERO,True
513474,84968D,?,-266,2010-06-24 16:52:00,0.0,,United Kingdom,RETURN,False,original,2010-06-24,2010,6,3,True,PRICE_ZERO,True
513475,84279B,CHERRY BLOSSOM DECORATIVE FLASK,-59,2010-06-24 16:53:00,0.0,,United Kingdom,RETURN,True,recovered,2010-06-24,2010,6,3,True,PRICE_ZERO,True
513476,84985A,SET OF 72 GREEN PAPER DOILIES,-66,2010-06-24 16:53:00,0.0,,United Kingdom,RETURN,True,recovered,2010-06-24,2010,6,3,True,PRICE_ZERO,True
513552,47598,NEW ENGLAND EGG WARMER,-4,2010-06-25 12:42:00,0.0,,United Kingdom,RETURN,True,recovered,2010-06-25,2010,6,4,True,PRICE_ZERO,True
513798,22082,RIBBON REEL STRIPES DESIGN,-27,2010-06-28 16:38:00,0.0,,United Kingdom,RETURN,True,recovered,2010-06-28,2010,6,0,True,PRICE_ZERO,True
513824,47566B,TEA TIME PARTY BUNTING,-144,2010-06-29 10:48:00,0.0,,United Kingdom,RETURN,True,recovered,2010-06-29,2010,6,1,True,PRICE_ZERO,True
513826,47566B,stock credited from royal yacht inc,-144,2010-06-29 10:50:00,0.0,,United Kingdom,RETURN,False,original,2010-06-29,2010,6,1,True,PRICE_ZERO,True
514017,21735,Damages,-143,2010-06-30 10:23:00,0.0,,United Kingdom,RETURN,False,original,2010-06-30,2010,6,2,True,PRICE_ZERO,True
514100,22470,crushed,-4,2010-06-30 12:30:00,0.0,,United Kingdom,RETURN,False,original,2010-06-30,2010,6,2,True,PRICE_ZERO,True
514099,21463,smashed,-7,2010-06-30 12:30:00,0.0,,United Kingdom,RETURN,False,original,2010-06-30,2010,6,2,True,PRICE_ZERO,True
514101,35001W,broken,-12,2010-06-30 12:31:00,0.0,,United Kingdom,RETURN,False,original,2010-06-30,2010,6,2,True,PRICE_ZERO,True
514102,22423,damaged,-14,2010-06-30 12:32:00,0.0,,United Kingdom,RETURN,False,original,2010-06-30,2010,6,2,True,PRICE_ZERO,True
514125,84932C,?,-33,2010-06-30 12:59:00,0.0,,United Kingdom,RETURN,False,original,2010-06-30,2010,6,2,True,PRICE_ZERO,True
514133,21165,BEWARE OF THE CAT METAL SIGN,-155,2010-06-30 13:25:00,0.0,,United Kingdom,RETURN,True,recovered,2010-06-30,2010,6,2,True,PRICE_ZERO,True
514301,22236,Rusty connections,-76,2010-07-01 12:39:00,0.0,,United Kingdom,RETURN,False,original,2010-07-01,2010,7,3,True,PRICE_ZERO,True
514363,84016,Ebay sales by the box.,-7100,2010-07-01 18:07:00,0.0,,United Kingdom,RETURN,False,original,2010-07-01,2010,7,3,True,PRICE_ZERO,True
514388,21655,HANGING RIDGE GLASS T-LIGHT HOLDER,-80,2010-07-02 11:49:00,0.0,,United Kingdom,RETURN,True,recovered,2010-07-02,2010,7,4,True,PRICE_ZERO,True
514584,20713,missing,-170,2010-07-05 12:06:00,0.0,,United Kingdom,RETURN,False,original,2010-07-05,2010,7,0,True,PRICE_ZERO,True
514623,21764,display stands,-3,2010-07-05 12:31:00,0.0,,United Kingdom,RETURN,False,original,2010-07-05,2010,7,0,True,PRICE_ZERO,True
514674,84375,SET OF 20 KIDS COOKIE CUTTERS,-50,2010-07-05 13:28:00,0.0,,United Kingdom,RETURN,True,recovered,2010-07-05,2010,7,0,True,PRICE_ZERO,True
514687,20712,missing,-239,2010-07-05 14:34:00,0.0,,United Kingdom,RETURN,False,original,2010-07-05,2010,7,0,True,PRICE_ZERO,True
514701,84795C,sold as D?,-10,2010-07-05 15:19:00,0.0,,United Kingdom,RETURN,False,original,2010-07-05,2010,7,0,True,PRICE_ZERO,True
514713,21155,?,-81,2010-07-05 15:29:00,0.0,,United Kingdom,RETURN,False,original,2010-07-05,2010,7,0,True,PRICE_ZERO,True
514942,21100,counted,-160,2010-07-07 11:42:00,0.0,,United Kingdom,RETURN,False,original,2010-07-07,2010,7,2,True,PRICE_ZERO,True
514944,21216,"SET 3 RETROSPOT TEA,COFFEE,SUGAR",-14,2010-07-07 11:43:00,0.0,,United Kingdom,RETURN,True,recovered,2010-07-07,2010,7,2,True,PRICE_ZERO,True
514947,84509F,SET OF 4 NEW ENGLAND PLACEMATS,-23,2010-07-07 11:45:00,0.0,,United Kingdom,RETURN,True,recovered,2010-07-07,2010,7,2,True,PRICE_ZERO,True
514948,21532,damaged,-57,2010-07-07 11:46:00,0.0,,United Kingdom,RETURN,False,original,2010-07-07,2010,7,2,True,PRICE_ZERO,True
514997,47599A,PINK PARTY BAGS,-105,2010-07-07 14:54:00,0.0,,United Kingdom,RETURN,True,recovered,2010-07-07,2010,7,2,True,PRICE_ZERO,True
515002,21048,Unknown Product,-2,2010-07-07 15:35:00,0.0,,United Kingdom,RETURN,False,unknown,2010-07-07,2010,7,2,True,PRICE_ZERO,True
515001,21920,Unknown Product,-2,2010-07-07 15:35:00,0.0,,United Kingdom,RETURN,False,unknown,2010-07-07,2010,7,2,True,PRICE_ZERO,True
515048,35972,check,-27,2010-07-08 10:48:00,0.0,,United Kingdom,RETURN,False,original,2010-07-08,2010,7,3,True,PRICE_ZERO,True
515049,35963,checked,-10,2010-07-08 10:50:00,0.0,,United Kingdom,RETURN,False,original,2010-07-08,2010,7,3,True,PRICE_ZERO,True
515052,85080,checked,-61,2010-07-08 10:50:00,0.0,,United Kingdom,RETURN,False,original,2010-07-08,2010,7,3,True,PRICE_ZERO,True
515055,35611B,damaged,-204,2010-07-08 10:53:00,0.0,,United Kingdom,RETURN,False,original,2010-07-08,2010,7,3,True,PRICE_ZERO,True
515060,21134,VICTORIAN METAL POSTCARD CHRISTMAS,-114,2010-07-08 10:54:00,0.0,,United Kingdom,RETURN,True,recovered,2010-07-08,2010,7,3,True,PRICE_ZERO,True
515058,35607B,checked,-57,2010-07-08 10:54:00,0.0,,United Kingdom,RETURN,False,original,2010-07-08,2010,7,3,True,PRICE_ZERO,True
515069,35978,damages,-48,2010-07-08 10:57:00,0.0,,United Kingdom,RETURN,False,original,2010-07-08,2010,7,3,True,PRICE_ZERO,True
515158,35603C,checked,-52,2010-07-08 15:31:00,0.0,,United Kingdom,RETURN,False,original,2010-07-08,2010,7,3,True,PRICE_ZERO,True
515160,85081,checked,-38,2010-07-08 15:33:00,0.0,,United Kingdom,RETURN,False,original,2010-07-08,2010,7,3,True,PRICE_ZERO,True
515163,35838B,missing,-137,2010-07-08 15:42:00,0.0,,United Kingdom,RETURN,False,original,2010-07-08,2010,7,3,True,PRICE_ZERO,True
515164,35955,cant find,-200,2010-07-08 15:43:00,0.0,,United Kingdom,RETURN,False,original,2010-07-08,2010,7,3,True,PRICE_ZERO,True
515190,22347,PIZZA SLICE DISH,-68,2010-07-09 10:06:00,0.0,,United Kingdom,RETURN,True,recovered,2010-07-09,2010,7,4,True,PRICE_ZERO,True
515284,84968B,"rust,missing sets etc",-256,2010-07-09 14:03:00,0.0,,United Kingdom,RETURN,False,original,2010-07-09,2010,7,4,True,PRICE_ZERO,True
515289,22057,smashed,-23,2010-07-09 14:59:00,0.0,,United Kingdom,RETURN,False,original,2010-07-09,2010,7,4,True,PRICE_ZERO,True
515297,22656,VINTAGE BLUE KITCHEN CABINET,-1,2010-07-09 15:23:00,0.0,,United Kingdom,RETURN,True,recovered,2010-07-09,2010,7,4,True,PRICE_ZERO,True
515300,21768,WALL MOUNTED VINTAGE ORGANISER,-7,2010-07-09 15:31:00,0.0,,United Kingdom,RETURN,True,recovered,2010-07-09,2010,7,4,True,PRICE_ZERO,True
515414,84078A,show display,-6,2010-07-12 12:52:00,0.0,,United Kingdom,RETURN,False,original,2010-07-12,2010,7,0,True,PRICE_ZERO,True
515413,84795A,coding mix up,-27,2010-07-12 12:52:00,0.0,,United Kingdom,RETURN,False,original,2010-07-12,2010,7,0,True,PRICE_ZERO,True
515459,20852,given away,-1000,2010-07-12 15:46:00,0.0,,United Kingdom,RETURN,False,original,2010-07-12,2010,7,0,True,PRICE_ZERO,True
515461,20852,given away,-1000,2010-07-12 15:46:00,0.0,,United Kingdom,RETURN,False,original,2010-07-12,2010,7,0,True,PRICE_ZERO,True
515460,20852,given away,-1000,2010-07-12 15:46:00,0.0,,United Kingdom,RETURN,False,original,2010-07-12,2010,7,0,True,PRICE_ZERO,True
515463,22126,given away,-5000,2010-07-12 15:47:00,0.0,,United Kingdom,RETURN,False,original,2010-07-12,2010,7,0,True,PRICE_ZERO,True
515462,20852,given away,-7000,2010-07-12 15:47:00,0.0,,United Kingdom,RETURN,False,original,2010-07-12,2010,7,0,True,PRICE_ZERO,True
515464,22126,given away,-5000,2010-07-12 15:48:00,0.0,,United Kingdom,RETURN,False,original,2010-07-12,2010,7,0,True,PRICE_ZERO,True
515478,21593,SWALLOW CIGAR BOX MATCHES,-151,2010-07-13 09:53:00,0.0,,United Kingdom,RETURN,True,recovered,2010-07-13,2010,7,1,True,PRICE_ZERO,True
515482,20787,damaged,-4,2010-07-13 10:21:00,0.0,,United Kingdom,RETURN,False,original,2010-07-13,2010,7,1,True,PRICE_ZERO,True
515818,20738,counted,-120,2010-07-15 09:54:00,0.0,,United Kingdom,RETURN,False,original,2010-07-15,2010,7,3,True,PRICE_ZERO,True
515820,21419,CONCH SHELL,-10,2010-07-15 09:57:00,0.0,,United Kingdom,RETURN,True,recovered,2010-07-15,2010,7,3,True,PRICE_ZERO,True
515821,22558,non colour fast,-60,2010-07-15 09:59:00,0.0,,United Kingdom,RETURN,False,original,2010-07-15,2010,7,3,True,PRICE_ZERO,True
515822,85017A,ENVELOPE 50 ROMANTIC IMAGES,-11,2010-07-15 10:03:00,0.0,,United Kingdom,RETURN,True,recovered,2010-07-15,2010,7,3,True,PRICE_ZERO,True
515823,21214,Came as green?,-153,2010-07-15 10:05:00,0.0,,United Kingdom,RETURN,False,original,2010-07-15,2010,7,3,True,PRICE_ZERO,True
515824,84510F,SET OF 4 NEW ENGLAND COASTERS,-29,2010-07-15 10:06:00,0.0,,United Kingdom,RETURN,True,recovered,2010-07-15,2010,7,3,True,PRICE_ZERO,True
515829,20692,?,-64,2010-07-15 11:08:00,0.0,,United Kingdom,RETURN,False,original,2010-07-15,2010,7,3,True,PRICE_ZERO,True
515849,22499,?,-106,2010-07-15 11:23:00,0.0,,United Kingdom,RETURN,False,original,2010-07-15,2010,7,3,True,PRICE_ZERO,True
515856,22607,damages,-70,2010-07-15 11:25:00,0.0,,United Kingdom,RETURN,False,original,2010-07-15,2010,7,3,True,PRICE_ZERO,True
515864,21777,RECIPE BOX WITH METAL HEART,-31,2010-07-15 11:27:00,0.0,,United Kingdom,RETURN,True,recovered,2010-07-15,2010,7,3,True,PRICE_ZERO,True
515867,22164,STRING OF STARS CARD HOLDER,-23,2010-07-15 11:28:00,0.0,,United Kingdom,RETURN,True,recovered,2010-07-15,2010,7,3,True,PRICE_ZERO,True
515872,84971S,?,-504,2010-07-15 11:29:00,0.0,,United Kingdom,RETURN,False,original,2010-07-15,2010,7,3,True,PRICE_ZERO,True
515876,21154,?,-220,2010-07-15 11:30:00,0.0,,United Kingdom,RETURN,False,original,2010-07-15,2010,7,3,True,PRICE_ZERO,True
515878,21877,damages,-190,2010-07-15 11:32:00,0.0,,United Kingdom,RETURN,False,original,2010-07-15,2010,7,3,True,PRICE_ZERO,True
516009,85074,Unknown Product,-120,2010-07-16 09:41:00,0.0,,United Kingdom,RETURN,False,unknown,2010-07-16,2010,7,4,True,PRICE_ZERO,True
516008,85073,Unknown Product,-599,2010-07-16 09:41:00,0.0,,United Kingdom,RETURN,False,unknown,2010-07-16,2010,7,4,True,PRICE_ZERO,True
516014,37479P,damages,-450,2010-07-16 09:57:00,0.0,,United Kingdom,RETURN,False,original,2010-07-16,2010,7,4,True,PRICE_ZERO,True
516017,22719,22467,-2,2010-07-16 10:11:00,0.0,,United Kingdom,RETURN,False,original,2010-07-16,2010,7,4,True,PRICE_ZERO,True
516121,22604,SET OF 4 NAPKIN CHARMS CUTLERY,-2560,2010-07-16 14:59:00,0.0,,United Kingdom,RETURN,True,recovered,2010-07-16,2010,7,4,True,PRICE_ZERO,True
516122,22638,SET OF 4 NAPKIN CHARMS CROWNS,-2560,2010-07-16 14:59:00,0.0,,United Kingdom,RETURN,True,recovered,2010-07-16,2010,7,4,True,PRICE_ZERO,True
516123,22639,SET OF 4 NAPKIN CHARMS HEARTS,-2560,2010-07-16 15:00:00,0.0,,United Kingdom,RETURN,True,recovered,2010-07-16,2010,7,4,True,PRICE_ZERO,True
516126,22642,SET OF 4 NAPKIN CHARMS STARS,-2560,2010-07-16 15:00:00,0.0,,United Kingdom,RETURN,True,recovered,2010-07-16,2010,7,4,True,PRICE_ZERO,True
516124,22640,SET OF 4 NAPKIN CHARMS 3 KEYS,-2560,2010-07-16 15:00:00,0.0,,United Kingdom,RETURN,True,recovered,2010-07-16,2010,7,4,True,PRICE_ZERO,True
516125,22641,SET OF 4 NAPKIN CHARMS INSTRUMENT,-2560,2010-07-16 15:00:00,0.0,,United Kingdom,RETURN,True,recovered,2010-07-16,2010,7,4,True,PRICE_ZERO,True
516127,22643,SET OF 4 NAPKIN CHARMS LEAVES,-2560,2010-07-16 15:00:00,0.0,,United Kingdom,RETURN,True,recovered,2010-07-16,2010,7,4,True,PRICE_ZERO,True
516198,21843,damaged,-11,2010-07-19 10:33:00,0.0,,United Kingdom,RETURN,False,original,2010-07-19,2010,7,0,True,PRICE_ZERO,True
516200,22423,smashed,-31,2010-07-19 10:33:00,0.0,,United Kingdom,RETURN,False,original,2010-07-19,2010,7,0,True,PRICE_ZERO,True
516472,21323,damges,-34,2010-07-20 15:55:00,0.0,,United Kingdom,RETURN,False,original,2010-07-20,2010,7,1,True,PRICE_ZERO,True
516473,21545,damages,-30,2010-07-20 15:56:00,0.0,,United Kingdom,RETURN,False,original,2010-07-20,2010,7,1,True,PRICE_ZERO,True
516474,21440,12 MINI TOADSTOOL PEGS,-21,2010-07-20 15:57:00,0.0,,United Kingdom,RETURN,True,recovered,2010-07-20,2010,7,1,True,PRICE_ZERO,True
516491,21463,damaged,-27,2010-07-21 10:24:00,0.0,,United Kingdom,RETURN,False,original,2010-07-21,2010,7,2,True,PRICE_ZERO,True
516654,22033,counted,-80,2010-07-22 11:27:00,0.0,,United Kingdom,RETURN,False,original,2010-07-22,2010,7,3,True,PRICE_ZERO,True
516660,48197,DOOR MAT BIRD ON THE WIRE,-7,2010-07-22 11:29:00,0.0,,United Kingdom,RETURN,True,recovered,2010-07-22,2010,7,3,True,PRICE_ZERO,True
516666,84715,SET OF 6 ICE CREAM SKITTLES,-43,2010-07-22 11:30:00,0.0,,United Kingdom,RETURN,True,recovered,2010-07-22,2010,7,3,True,PRICE_ZERO,True
516662,40018F,CHERRY DESIGN PAPERLANTERNS,-30,2010-07-22 11:30:00,0.0,,United Kingdom,RETURN,True,recovered,2010-07-22,2010,7,3,True,PRICE_ZERO,True
516669,84670,JAPANESE CROCHETED ANIMAL,-100,2010-07-22 11:32:00,0.0,,United Kingdom,RETURN,True,recovered,2010-07-22,2010,7,3,True,PRICE_ZERO,True
516675,22413,METAL SIGN TAKE IT OR LEAVE IT,-40,2010-07-22 11:34:00,0.0,,United Kingdom,RETURN,True,recovered,2010-07-22,2010,7,3,True,PRICE_ZERO,True
516681,22086,PAPER CHAIN KIT 50'S CHRISTMAS,-89,2010-07-22 11:37:00,0.0,,United Kingdom,RETURN,True,recovered,2010-07-22,2010,7,3,True,PRICE_ZERO,True
516723,85161,damaged,-7,2010-07-22 12:38:00,0.0,,United Kingdom,RETURN,False,original,2010-07-22,2010,7,3,True,PRICE_ZERO,True
516724,84356,damaged,-14,2010-07-22 12:40:00,0.0,,United Kingdom,RETURN,False,original,2010-07-22,2010,7,3,True,PRICE_ZERO,True
516755,22165,damaged,-11,2010-07-22 16:33:00,0.0,,United Kingdom,RETURN,False,original,2010-07-22,2010,7,3,True,PRICE_ZERO,True
516756,22167,damaged,-13,2010-07-22 16:33:00,0.0,,United Kingdom,RETURN,False,original,2010-07-22,2010,7,3,True,PRICE_ZERO,True
516759,45008C,"dirty, torn, thrown away.",-15,2010-07-22 16:40:00,0.0,,United Kingdom,RETURN,False,original,2010-07-22,2010,7,3,True,PRICE_ZERO,True
517255,44230,SQUARE MIRROR CURTAIN,-162,2010-07-27 16:32:00,0.0,,United Kingdom,RETURN,True,recovered,2010-07-27,2010,7,1,True,PRICE_ZERO,True
517278,22487,damages,-16,2010-07-28 10:28:00,0.0,,United Kingdom,RETURN,False,original,2010-07-28,2010,7,2,True,PRICE_ZERO,True
517396,37503,TEA TIME CAKE STAND IN GIFT BOX,-104,2010-07-29 10:08:00,0.0,,United Kingdom,RETURN,True,recovered,2010-07-29,2010,7,3,True,PRICE_ZERO,True
517879,21768,WALL MOUNTED VINTAGE ORGANISER,-387,2010-08-02 16:59:00,0.0,,United Kingdom,RETURN,True,recovered,2010-08-02,2010,8,0,True,PRICE_ZERO,True
517880,22655,VINTAGE RED KITCHEN CABINET,-19,2010-08-02 16:59:00,0.0,,United Kingdom,RETURN,True,recovered,2010-08-02,2010,8,0,True,PRICE_ZERO,True
517881,22656,VINTAGE BLUE KITCHEN CABINET,-23,2010-08-02 17:00:00,0.0,,United Kingdom,RETURN,True,recovered,2010-08-02,2010,8,0,True,PRICE_ZERO,True
517907,79029,GLASS HONEYPOT WASP CATCHER,-206,2010-08-03 10:06:00,0.0,,United Kingdom,RETURN,True,recovered,2010-08-03,2010,8,1,True,PRICE_ZERO,True
517908,84918,damages,-23,2010-08-03 10:16:00,0.0,,United Kingdom,RETURN,False,original,2010-08-03,2010,8,1,True,PRICE_ZERO,True
517954,44228,CANNABIS LEAF BEAD CURTAIN,-48,2010-08-03 11:56:00,0.0,,United Kingdom,RETURN,True,recovered,2010-08-03,2010,8,1,True,PRICE_ZERO,True
518223,84691,damages,-79,2010-08-05 13:54:00,0.0,,United Kingdom,RETURN,False,original,2010-08-05,2010,8,3,True,PRICE_ZERO,True
518277,17181,CIRCLE OF FRIENDS CANDLE HOLDER,-34,2010-08-06 10:07:00,0.0,,United Kingdom,RETURN,True,recovered,2010-08-06,2010,8,4,True,PRICE_ZERO,True
518304,37449,CERAMIC CAKE STAND + HANGING CAKES,-19,2010-08-06 12:02:00,0.0,,United Kingdom,RETURN,True,recovered,2010-08-06,2010,8,4,True,PRICE_ZERO,True
518424,47503K,ASSORTED FLORAL SECATEURS,-8,2010-08-09 09:28:00,0.0,,United Kingdom,RETURN,True,recovered,2010-08-09,2010,8,0,True,PRICE_ZERO,True
518425,17039,INLAID WOOD INCENSE HOLDER,-1227,2010-08-09 09:29:00,0.0,,United Kingdom,RETURN,True,recovered,2010-08-09,2010,8,0,True,PRICE_ZERO,True
518785,C3,Unknown Product,-4999,2010-08-11 16:55:00,0.0,,United Kingdom,RETURN,False,unknown,2010-08-11,2010,8,2,True,PRICE_ZERO,True
518965,84970L,SINGLE HEART ZINC T-LIGHT HOLDER,-32,2010-08-12 15:45:00,0.0,,United Kingdom,RETURN,True,recovered,2010-08-12,2010,8,3,True,PRICE_ZERO,True
518984,85150,?,-160,2010-08-12 17:01:00,0.0,,United Kingdom,RETURN,False,original,2010-08-12,2010,8,3,True,PRICE_ZERO,True
518986,82597,?,-410,2010-08-12 17:02:00,0.0,,United Kingdom,RETURN,False,original,2010-08-12,2010,8,3,True,PRICE_ZERO,True
519016,22752,SET 7 BABUSHKA NESTING BOXES,-6000,2010-08-13 09:13:00,0.0,,United Kingdom,RETURN,True,recovered,2010-08-13,2010,8,4,True,PRICE_ZERO,True
519017,22759,SET OF 3 NOTEBOOKS IN PARCEL,-9600,2010-08-13 09:14:00,0.0,,United Kingdom,RETURN,True,recovered,2010-08-13,2010,8,4,True,PRICE_ZERO,True
519018,22753,SMALL YELLOW BABUSHKA NOTEBOOK,-5000,2010-08-13 09:15:00,0.0,,United Kingdom,RETURN,True,recovered,2010-08-13,2010,8,4,True,PRICE_ZERO,True
519019,22754,SMALL RED BABUSHKA NOTEBOOK,-5000,2010-08-13 09:16:00,0.0,,United Kingdom,RETURN,True,recovered,2010-08-13,2010,8,4,True,PRICE_ZERO,True
519020,22755,SMALL PURPLE BABUSHKA NOTEBOOK,-5000,2010-08-13 09:17:00,0.0,,United Kingdom,RETURN,True,recovered,2010-08-13,2010,8,4,True,PRICE_ZERO,True
519022,22757,LARGE RED BABUSHKA NOTEBOOK,-5000,2010-08-13 09:17:00,0.0,,United Kingdom,RETURN,True,recovered,2010-08-13,2010,8,4,True,PRICE_ZERO,True
519023,22758,LARGE PURPLE BABUSHKA NOTEBOOK,-5000,2010-08-13 09:17:00,0.0,,United Kingdom,RETURN,True,recovered,2010-08-13,2010,8,4,True,PRICE_ZERO,True
519021,22756,LARGE YELLOW BABUSHKA NOTEBOOK,-5000,2010-08-13 09:17:00,0.0,,United Kingdom,RETURN,True,recovered,2010-08-13,2010,8,4,True,PRICE_ZERO,True
519088,10123C,HEARTS WRAPPING TAPE,-110,2010-08-13 11:46:00,0.0,,United Kingdom,RETURN,True,recovered,2010-08-13,2010,8,4,True,PRICE_ZERO,True
519090,84493,BLUE/PINK NEST STRIPE BOX,-65,2010-08-13 11:46:00,0.0,,United Kingdom,RETURN,True,recovered,2010-08-13,2010,8,4,True,PRICE_ZERO,True
519089,21336,GOLD WASHBAG,-17,2010-08-13 11:46:00,0.0,,United Kingdom,RETURN,True,recovered,2010-08-13,2010,8,4,True,PRICE_ZERO,True
519091,85006,SET 4 NURSERY DES ROUND BOXES,-33,2010-08-13 11:47:00,0.0,,United Kingdom,RETURN,True,recovered,2010-08-13,2010,8,4,True,PRICE_ZERO,True
519092,85184D,S/4 BLUE ROUND DECOUPAGE BOXES,-275,2010-08-13 11:47:00,0.0,,United Kingdom,RETURN,True,recovered,2010-08-13,2010,8,4,True,PRICE_ZERO,True
519093,85109,PINK BOUDOIR T-LIGHT HOLDER,-46,2010-08-13 11:47:00,0.0,,United Kingdom,RETURN,True,recovered,2010-08-13,2010,8,4,True,PRICE_ZERO,True
519094,85110,BLACK SILVER FLOWER T-LIGHT HOLDER,-33,2010-08-13 11:48:00,0.0,,United Kingdom,RETURN,True,recovered,2010-08-13,2010,8,4,True,PRICE_ZERO,True
519096,21281,VINTAGE KITCHEN PRINT SEAFOOD,-11,2010-08-13 11:48:00,0.0,,United Kingdom,RETURN,True,recovered,2010-08-13,2010,8,4,True,PRICE_ZERO,True
519097,21278,VINTAGE KITCHEN PRINT PUDDINGS,-26,2010-08-13 11:49:00,0.0,,United Kingdom,RETURN,True,recovered,2010-08-13,2010,8,4,True,PRICE_ZERO,True
519100,84924D,LA PALMIERA METAL SIGN CALENDAR,-5,2010-08-13 11:53:00,0.0,,United Kingdom,RETURN,True,recovered,2010-08-13,2010,8,4,True,PRICE_ZERO,True
519099,84927A,WAKE UP COCKEREL TILE HOOK,-15,2010-08-13 11:53:00,0.0,,United Kingdom,RETURN,True,recovered,2010-08-13,2010,8,4,True,PRICE_ZERO,True
519102,16202A,PASTEL PINK PHOTO ALBUM,-99,2010-08-13 11:54:00,0.0,,United Kingdom,RETURN,True,recovered,2010-08-13,2010,8,4,True,PRICE_ZERO,True
519103,16202B,PASTEL BLUE PHOTO ALBUM,-80,2010-08-13 11:54:00,0.0,,United Kingdom,RETURN,True,recovered,2010-08-13,2010,8,4,True,PRICE_ZERO,True
519101,84924F,PSYCHEDELIC METAL SIGN CALENDAR,-14,2010-08-13 11:54:00,0.0,,United Kingdom,RETURN,True,recovered,2010-08-13,2010,8,4,True,PRICE_ZERO,True
519105,16047,POP ART PEN CASE & PENS,-45,2010-08-13 11:55:00,0.0,,United Kingdom,RETURN,True,recovered,2010-08-13,2010,8,4,True,PRICE_ZERO,True
519104,16043,POP ART PUSH DOWN RUBBER,-295,2010-08-13 11:55:00,0.0,,United Kingdom,RETURN,True,recovered,2010-08-13,2010,8,4,True,PRICE_ZERO,True
519106,16053,POPART COL BALLPOINT PEN ASST,-412,2010-08-13 11:56:00,0.0,,United Kingdom,RETURN,True,recovered,2010-08-13,2010,8,4,True,PRICE_ZERO,True
519107,20663,QUEEN OF THE SKIES HOLIDAY PURSE,-18,2010-08-13 11:56:00,0.0,,United Kingdom,RETURN,True,recovered,2010-08-13,2010,8,4,True,PRICE_ZERO,True
519108,20666,ECONOMY HOLIDAY PURSE,-11,2010-08-13 11:56:00,0.0,,United Kingdom,RETURN,True,recovered,2010-08-13,2010,8,4,True,PRICE_ZERO,True
519110,21082,SET/20 FRUIT SALAD PAPER NAPKINS,-57,2010-08-13 11:57:00,0.0,,United Kingdom,RETURN,True,recovered,2010-08-13,2010,8,4,True,PRICE_ZERO,True
519109,20670,VIP HOLIDAY PURSE,-21,2010-08-13 11:57:00,0.0,,United Kingdom,RETURN,True,recovered,2010-08-13,2010,8,4,True,PRICE_ZERO,True
519111,37444A,YELLOW BREAKFAST CUP AND SAUCER,-30,2010-08-13 11:58:00,0.0,,United Kingdom,RETURN,True,recovered,2010-08-13,2010,8,4,True,PRICE_ZERO,True
519113,37444C,PINK BREAKFAST CUP AND SAUCER,-29,2010-08-13 11:58:00,0.0,,United Kingdom,RETURN,True,recovered,2010-08-13,2010,8,4,True,PRICE_ZERO,True
519117,21393,BLUE  SPOTTY PUDDING BOWL,-19,2010-08-13 11:59:00,0.0,,United Kingdom,RETURN,True,recovered,2010-08-13,2010,8,4,True,PRICE_ZERO,True
519114,37471,MULTICOLOUR DOTS PLATE,-111,2010-08-13 11:59:00,0.0,,United Kingdom,RETURN,True,recovered,2010-08-13,2010,8,4,True,PRICE_ZERO,True
519119,84847,FLORAL BATHROOM SET,-17,2010-08-13 12:00:00,0.0,,United Kingdom,RETURN,True,recovered,2010-08-13,2010,8,4,True,PRICE_ZERO,True
519118,84842,HELLO SAILOR BATHROOM SET,-11,2010-08-13 12:00:00,0.0,,United Kingdom,RETURN,True,recovered,2010-08-13,2010,8,4,True,PRICE_ZERO,True
519185,85099B,missing,-1400,2010-08-13 15:24:00,0.0,,United Kingdom,RETURN,False,original,2010-08-13,2010,8,4,True,PRICE_ZERO,True
519191,15036,ASSORTED COLOURS SILK FAN,-470,2010-08-13 16:53:00,0.0,,United Kingdom,RETURN,True,recovered,2010-08-13,2010,8,4,True,PRICE_ZERO,True
519359,85124A,damaged,-26,2010-08-16 12:47:00,0.0,,United Kingdom,RETURN,False,original,2010-08-16,2010,8,0,True,PRICE_ZERO,True
519361,22457,NATURAL SLATE HEART CHALKBOARD,-13,2010-08-16 12:49:00,0.0,,United Kingdom,RETURN,True,recovered,2010-08-16,2010,8,0,True,PRICE_ZERO,True
519362,85150,LADIES & GENTLEMEN METAL SIGN,-231,2010-08-16 12:53:00,0.0,,United Kingdom,RETURN,True,recovered,2010-08-16,2010,8,0,True,PRICE_ZERO,True
519365,21203,BUTTERFLIES  HONEYCOMB GARLAND,-58,2010-08-16 13:02:00,0.0,,United Kingdom,RETURN,True,recovered,2010-08-16,2010,8,0,True,PRICE_ZERO,True
519367,22427,ENAMEL FLOWER JUG CREAM,-12,2010-08-16 13:03:00,0.0,,United Kingdom,RETURN,True,recovered,2010-08-16,2010,8,0,True,PRICE_ZERO,True
519370,37449,CERAMIC CAKE STAND + HANGING CAKES,-8,2010-08-16 13:09:00,0.0,,United Kingdom,RETURN,True,recovered,2010-08-16,2010,8,0,True,PRICE_ZERO,True
519375,21900,"KEY FOB , SHED",-1520,2010-08-16 13:28:00,0.0,,United Kingdom,RETURN,True,recovered,2010-08-16,2010,8,0,True,PRICE_ZERO,True
519374,21900,reverse mistake,-1520,2010-08-16 13:28:00,0.0,,United Kingdom,RETURN,False,original,2010-08-16,2010,8,0,True,PRICE_ZERO,True
519376,21902,"KEY FOB , FRONT  DOOR",-181,2010-08-16 13:29:00,0.0,,United Kingdom,RETURN,True,recovered,2010-08-16,2010,8,0,True,PRICE_ZERO,True
519377,47568,?,-300,2010-08-16 13:30:00,0.0,,United Kingdom,RETURN,False,original,2010-08-16,2010,8,0,True,PRICE_ZERO,True
519379,85152,HAND OVER THE CHOCOLATE   SIGN,-315,2010-08-16 13:32:00,0.0,,United Kingdom,RETURN,True,recovered,2010-08-16,2010,8,0,True,PRICE_ZERO,True
519478,21652,damages,-58,2010-08-17 12:52:00,0.0,,United Kingdom,RETURN,False,original,2010-08-17,2010,8,1,True,PRICE_ZERO,True
519480,21529,damages,-62,2010-08-17 12:53:00,0.0,,United Kingdom,RETURN,False,original,2010-08-17,2010,8,1,True,PRICE_ZERO,True
519579,21542,WOODLAND WATER TRANSFER TATTOOS,-66,2010-08-18 13:10:00,0.0,,United Kingdom,RETURN,True,recovered,2010-08-18,2010,8,2,True,PRICE_ZERO,True
519603,37476,CONDIMENT TRAY 4 BOWLS AND 4 SPOONS,-20,2010-08-18 16:04:00,0.0,,United Kingdom,RETURN,True,recovered,2010-08-18,2010,8,2,True,PRICE_ZERO,True
520083,22302,COFFEE MUG PEARS  DESIGN,-317,2010-08-24 10:42:00,0.0,,United Kingdom,RETURN,True,recovered,2010-08-24,2010,8,1,True,PRICE_ZERO,True
520219,72801E,S/4 FESTIVE GREEN DINNER CANDLES,-60,2010-08-25 09:41:00,0.0,,United Kingdom,RETURN,True,recovered,2010-08-25,2010,8,2,True,PRICE_ZERO,True
520227,48187,DOORMAT NEW ENGLAND,-20,2010-08-25 10:21:00,0.0,,United Kingdom,RETURN,True,recovered,2010-08-25,2010,8,2,True,PRICE_ZERO,True
520321,21312,damaged,-45,2010-08-25 12:13:00,0.0,,United Kingdom,RETURN,False,original,2010-08-25,2010,8,2,True,PRICE_ZERO,True
520326,48116,DOORMAT MULTICOLOUR STRIPE,-16,2010-08-25 12:19:00,0.0,,United Kingdom,RETURN,True,recovered,2010-08-25,2010,8,2,True,PRICE_ZERO,True
520325,79303B,BLUE STAR BLOCK TABLE LAMP,-5,2010-08-25 12:19:00,0.0,,United Kingdom,RETURN,True,recovered,2010-08-25,2010,8,2,True,PRICE_ZERO,True
520328,85217,Dotcom multiple,-170,2010-08-25 12:25:00,0.0,,United Kingdom,RETURN,False,original,2010-08-25,2010,8,2,True,PRICE_ZERO,True
520330,85217,ASSORTED ICE CREAM FRIDGE MAGNETS,-70,2010-08-25 12:29:00,0.0,,United Kingdom,RETURN,True,recovered,2010-08-25,2010,8,2,True,PRICE_ZERO,True
520331,85031A,ROMANTIC IMAGES SCRAP BOOK SET,-9,2010-08-25 12:29:00,0.0,,United Kingdom,RETURN,True,recovered,2010-08-25,2010,8,2,True,PRICE_ZERO,True
520332,21445,12 PINK ROSE PEG PLACE SETTINGS,-93,2010-08-25 12:30:00,0.0,,United Kingdom,RETURN,True,recovered,2010-08-25,2010,8,2,True,PRICE_ZERO,True
520335,47502,POLKADOT CUTLERY 24 PCS IN TRAY,-31,2010-08-25 12:31:00,0.0,,United Kingdom,RETURN,True,recovered,2010-08-25,2010,8,2,True,PRICE_ZERO,True
520333,84989A,75 GREEN FAIRY CAKE CASES,-41,2010-08-25 12:31:00,0.0,,United Kingdom,RETURN,True,recovered,2010-08-25,2010,8,2,True,PRICE_ZERO,True
520399,21130,damaged,-17,2010-08-25 16:14:00,0.0,,United Kingdom,RETURN,False,original,2010-08-25,2010,8,2,True,PRICE_ZERO,True
520486,22300,COFFEE MUG DOG + BALL DESIGN,-200,2010-08-26 11:57:00,0.0,,United Kingdom,RETURN,True,recovered,2010-08-26,2010,8,3,True,PRICE_ZERO,True
520487,22301,COFFEE MUG CAT + BIRD DESIGN,-200,2010-08-26 11:57:00,0.0,,United Kingdom,RETURN,True,recovered,2010-08-26,2010,8,3,True,PRICE_ZERO,True
520488,22303,COFFEE MUG APPLES DESIGN,-200,2010-08-26 11:58:00,0.0,,United Kingdom,RETURN,True,recovered,2010-08-26,2010,8,3,True,PRICE_ZERO,True
520489,22304,COFFEE MUG BLUE PAISLEY DESIGN,-200,2010-08-26 11:58:00,0.0,,United Kingdom,RETURN,True,recovered,2010-08-26,2010,8,3,True,PRICE_ZERO,True
520492,22307,GOLD MUG BONE CHINA TREE OF LIFE,-200,2010-08-26 11:59:00,0.0,,United Kingdom,RETURN,True,recovered,2010-08-26,2010,8,3,True,PRICE_ZERO,True
520490,22305,COFFEE MUG PINK PAISLEY DESIGN,-200,2010-08-26 11:59:00,0.0,,United Kingdom,RETURN,True,recovered,2010-08-26,2010,8,3,True,PRICE_ZERO,True
520491,22306,SILVER MUG BONE CHINA TREE OF LIFE,-200,2010-08-26 11:59:00,0.0,,United Kingdom,RETURN,True,recovered,2010-08-26,2010,8,3,True,PRICE_ZERO,True
520501,84367,crushed,-24,2010-08-26 12:36:00,0.0,,United Kingdom,RETURN,False,original,2010-08-26,2010,8,3,True,PRICE_ZERO,True
520573,85070,for show,-1,2010-08-27 09:54:00,0.0,,United Kingdom,RETURN,False,original,2010-08-27,2010,8,4,True,PRICE_ZERO,True
520583,22621,?,-190,2010-08-27 10:39:00,0.0,,United Kingdom,RETURN,False,original,2010-08-27,2010,8,4,True,PRICE_ZERO,True
520739,21007,damages?,-121,2010-08-31 10:10:00,0.0,,United Kingdom,RETURN,False,original,2010-08-31,2010,8,1,True,PRICE_ZERO,True
520741,35811A,ENAMEL PINK SUGAR CONTAINER,-31,2010-08-31 10:11:00,0.0,,United Kingdom,RETURN,True,recovered,2010-08-31,2010,8,1,True,PRICE_ZERO,True
520852,22469,missing,-198,2010-08-31 13:04:00,0.0,,United Kingdom,RETURN,False,original,2010-08-31,2010,8,1,True,PRICE_ZERO,True
520898,22143,CHRISTMAS CRAFT HEART DECORATIONS,-88,2010-09-01 09:22:00,0.0,,United Kingdom,RETURN,True,recovered,2010-09-01,2010,9,2,True,PRICE_ZERO,True
521042,46000U,dotcom,-40,2010-09-02 09:34:00,0.0,,United Kingdom,RETURN,False,original,2010-09-02,2010,9,3,True,PRICE_ZERO,True
521171,84405A,damaged,-13,2010-09-02 15:13:00,0.0,,United Kingdom,RETURN,False,original,2010-09-02,2010,9,3,True,PRICE_ZERO,True
521198,79000,wet/smashed/unsellable,-700,2010-09-02 17:31:00,0.0,,United Kingdom,RETURN,False,original,2010-09-02,2010,9,3,True,PRICE_ZERO,True
521224,20960,WATERMELON BATH SPONGE,-118,2010-09-03 10:45:00,0.0,,United Kingdom,RETURN,True,recovered,2010-09-03,2010,9,4,True,PRICE_ZERO,True
521281,20960,WATERMELON BATH SPONGE,-2,2010-09-03 11:37:00,0.0,,United Kingdom,RETURN,True,recovered,2010-09-03,2010,9,4,True,PRICE_ZERO,True
521348,21770,OPEN CLOSED METAL SIGN,-36,2010-09-03 14:10:00,0.0,,United Kingdom,RETURN,True,recovered,2010-09-03,2010,9,4,True,PRICE_ZERO,True
521408,47597,NEW ENGLAND TEATOWELS,-22,2010-09-06 11:13:00,0.0,,United Kingdom,RETURN,True,recovered,2010-09-06,2010,9,0,True,PRICE_ZERO,True
521409,72801E,S/4 FESTIVE GREEN DINNER CANDLES,-5,2010-09-06 11:14:00,0.0,,United Kingdom,RETURN,True,recovered,2010-09-06,2010,9,0,True,PRICE_ZERO,True
521492,35001G,damages,-43,2010-09-06 13:46:00,0.0,,United Kingdom,RETURN,False,original,2010-09-06,2010,9,0,True,PRICE_ZERO,True
521491,35001W,damages,-39,2010-09-06 13:46:00,0.0,,United Kingdom,RETURN,False,original,2010-09-06,2010,9,0,True,PRICE_ZERO,True
521519,16033,MINI HIGHLIGHTER PENS,-999,2010-09-06 14:37:00,0.0,,United Kingdom,RETURN,True,recovered,2010-09-06,2010,9,0,True,PRICE_ZERO,True
521517,16033,MINI HIGHLIGHTER PENS,-1480,2010-09-06 14:37:00,0.0,,United Kingdom,RETURN,True,recovered,2010-09-06,2010,9,0,True,PRICE_ZERO,True
521545,21687,SILVER PLATE CANDLE BOWL LARGE,-39,2010-09-06 15:13:00,0.0,,United Kingdom,RETURN,True,recovered,2010-09-06,2010,9,0,True,PRICE_ZERO,True
521551,84966A,Sold as C,-16,2010-09-06 15:56:00,0.0,,United Kingdom,RETURN,False,original,2010-09-06,2010,9,0,True,PRICE_ZERO,True
521694,85162A,?,-242,2010-09-08 09:56:00,0.0,,United Kingdom,RETURN,False,original,2010-09-08,2010,9,2,True,PRICE_ZERO,True
521772,16169P,WRAP GREEN RUSSIAN FOLKART,-11,2010-09-08 12:36:00,0.0,,United Kingdom,RETURN,True,recovered,2010-09-08,2010,9,2,True,PRICE_ZERO,True
521773,16169N,WRAP BLUE RUSSIAN FOLKART,-42,2010-09-08 12:37:00,0.0,,United Kingdom,RETURN,True,recovered,2010-09-08,2010,9,2,True,PRICE_ZERO,True
521777,62096B,PURPLE/TURQ FLOWERS HANDBAG,-3,2010-09-08 12:38:00,0.0,,United Kingdom,RETURN,True,recovered,2010-09-08,2010,9,2,True,PRICE_ZERO,True
521776,47590B,PINK HAPPY BIRTHDAY BUNTING,-42,2010-09-08 12:38:00,0.0,,United Kingdom,RETURN,True,recovered,2010-09-08,2010,9,2,True,PRICE_ZERO,True
521778,82552,?,-364,2010-09-08 12:40:00,0.0,,United Kingdom,RETURN,False,original,2010-09-08,2010,9,2,True,PRICE_ZERO,True
521779,21548,CERAMIC BIRDHOUSE FINCH BLUE ROOF,-29,2010-09-08 12:42:00,0.0,,United Kingdom,RETURN,True,recovered,2010-09-08,2010,9,2,True,PRICE_ZERO,True
521780,84497,BUTTONS AND STRIPES NOTEBOOK,-71,2010-09-08 12:42:00,0.0,,United Kingdom,RETURN,True,recovered,2010-09-08,2010,9,2,True,PRICE_ZERO,True
521783,22087,PAPER BUNTING WHITE LACE,-67,2010-09-08 12:43:00,0.0,,United Kingdom,RETURN,True,recovered,2010-09-08,2010,9,2,True,PRICE_ZERO,True
521859,82607A,damages,-42,2010-09-09 11:00:00,0.0,,United Kingdom,RETURN,False,original,2010-09-09,2010,9,3,True,PRICE_ZERO,True
521863,16201A,PASTEL PINK PHOTO ALBUM,-18,2010-09-09 11:01:00,0.0,,United Kingdom,RETURN,True,recovered,2010-09-09,2010,9,3,True,PRICE_ZERO,True
521865,85098B,BLUE FLYING SINGING CANARY,-21,2010-09-09 11:01:00,0.0,,United Kingdom,RETURN,True,recovered,2010-09-09,2010,9,3,True,PRICE_ZERO,True
521867,35015,wet damages,-4354,2010-09-09 11:03:00,0.0,,United Kingdom,RETURN,False,original,2010-09-09,2010,9,3,True,PRICE_ZERO,True
521895,21335,LIBRARY LAMP,-2,2010-09-09 12:15:00,0.0,,United Kingdom,RETURN,True,recovered,2010-09-09,2010,9,3,True,PRICE_ZERO,True
521930,21761,WOOD AND GLASS MEDICINE CABINET,-4,2010-09-09 15:29:00,0.0,,United Kingdom,RETURN,True,recovered,2010-09-09,2010,9,3,True,PRICE_ZERO,True
521934,21760,used for show display,-3,2010-09-09 15:56:00,0.0,,United Kingdom,RETURN,False,original,2010-09-09,2010,9,3,True,PRICE_ZERO,True
521939,21431,crushed,-110,2010-09-09 16:33:00,0.0,,United Kingdom,RETURN,False,original,2010-09-09,2010,9,3,True,PRICE_ZERO,True
521940,47567B,missing,-198,2010-09-09 16:35:00,0.0,,United Kingdom,RETURN,False,original,2010-09-09,2010,9,3,True,PRICE_ZERO,True
522155,84990,?,-575,2010-09-13 10:49:00,0.0,,United Kingdom,RETURN,False,original,2010-09-13,2010,9,0,True,PRICE_ZERO,True
522195,22429,ENAMEL MEASURING JUG CREAM,-9,2010-09-13 11:54:00,0.0,,United Kingdom,RETURN,True,recovered,2010-09-13,2010,9,0,True,PRICE_ZERO,True
522194,21540,damages,-28,2010-09-13 11:54:00,0.0,,United Kingdom,RETURN,False,original,2010-09-13,2010,9,0,True,PRICE_ZERO,True
522551,22909,SET OF 20 VINTAGE CHRISTMAS NAPKINS,-1000,2010-09-15 11:55:00,0.0,,United Kingdom,RETURN,True,recovered,2010-09-15,2010,9,2,True,PRICE_ZERO,True
522556,22952,60 CAKE CASES VINTAGE CHRISTMAS,-1000,2010-09-15 11:56:00,0.0,,United Kingdom,RETURN,True,recovered,2010-09-15,2010,9,2,True,PRICE_ZERO,True
522554,22895,SET OF 2 TEA TOWELS APPLE AND PEARS,-1000,2010-09-15 11:56:00,0.0,,United Kingdom,RETURN,True,recovered,2010-09-15,2010,9,2,True,PRICE_ZERO,True
522559,22910,PAPER CHAIN KIT VINTAGE CHRISTMAS,-1000,2010-09-15 11:57:00,0.0,,United Kingdom,RETURN,True,recovered,2010-09-15,2010,9,2,True,PRICE_ZERO,True
522558,22950,36 DOILIES VINTAGE CHRISTMAS,-1000,2010-09-15 11:57:00,0.0,,United Kingdom,RETURN,True,recovered,2010-09-15,2010,9,2,True,PRICE_ZERO,True
522587,85224,?,-500,2010-09-15 12:37:00,0.0,,United Kingdom,RETURN,False,original,2010-09-15,2010,9,2,True,PRICE_ZERO,True
522747,35537,CANDLE RING W/CLEAR BEADS,-15,2010-09-16 13:14:00,0.0,,United Kingdom,RETURN,True,recovered,2010-09-16,2010,9,3,True,PRICE_ZERO,True
522749,79336,LIGHT PINK FLOCK GLASS CANDLEHOLDER,-30,2010-09-16 13:25:00,0.0,,United Kingdom,RETURN,True,recovered,2010-09-16,2010,9,3,True,PRICE_ZERO,True
522753,79328,BLUE FLOCK GLASS CANDLEHOLDER,-50,2010-09-16 13:34:00,0.0,,United Kingdom,RETURN,True,recovered,2010-09-16,2010,9,3,True,PRICE_ZERO,True
522756,84288B,SET/2 BLUE  NOODLE BASKETS,-2,2010-09-16 13:37:00,0.0,,United Kingdom,RETURN,True,recovered,2010-09-16,2010,9,3,True,PRICE_ZERO,True
522758,84529A,PINK KNITTED KIDS RUCKSACK,-1,2010-09-16 13:39:00,0.0,,United Kingdom,RETURN,True,recovered,2010-09-16,2010,9,3,True,PRICE_ZERO,True
522759,84555A,YELLOW VW BEETLE CERAMIC MONEY BOX,-1,2010-09-16 13:40:00,0.0,,United Kingdom,RETURN,True,recovered,2010-09-16,2010,9,3,True,PRICE_ZERO,True
522776,72225D,VANILLA SCENT CAKE CANDLE,-12,2010-09-16 14:37:00,0.0,,United Kingdom,RETURN,True,recovered,2010-09-16,2010,9,3,True,PRICE_ZERO,True
522781,84247D,Unknown Product,-3,2010-09-16 14:38:00,0.0,,United Kingdom,RETURN,False,unknown,2010-09-16,2010,9,3,True,PRICE_ZERO,True
522784,84614C,BLUE BAROQUE FLOCK CANDLE HOLDER,-2,2010-09-16 14:39:00,0.0,,United Kingdom,RETURN,True,recovered,2010-09-16,2010,9,3,True,PRICE_ZERO,True
522790,85231L,LAVENDER SCENTED SET/9 T-LIGHTS,-40,2010-09-16 14:48:00,0.0,,United Kingdom,RETURN,True,recovered,2010-09-16,2010,9,3,True,PRICE_ZERO,True
522804,82582,?,-1200,2010-09-16 16:35:00,0.0,,United Kingdom,RETURN,False,original,2010-09-16,2010,9,3,True,PRICE_ZERO,True
523284,72529W,WHITE ADVENT CANDLE,-88,2010-09-21 12:04:00,0.0,,United Kingdom,RETURN,True,recovered,2010-09-21,2010,9,1,True,PRICE_ZERO,True
523287,85033G,SET/6 GOLD REINDEER T-LIGHT CANDLES,-50,2010-09-21 12:14:00,0.0,,United Kingdom,RETURN,True,recovered,2010-09-21,2010,9,1,True,PRICE_ZERO,True
523288,85033S,SET/6 SILVER REINDEER T-LIGHTS,-23,2010-09-21 12:15:00,0.0,,United Kingdom,RETURN,True,recovered,2010-09-21,2010,9,1,True,PRICE_ZERO,True
523317,72529W,WHITE ADVENT CANDLE,-16,2010-09-21 13:31:00,0.0,,United Kingdom,RETURN,True,recovered,2010-09-21,2010,9,1,True,PRICE_ZERO,True
523318,85033G,SET/6 GOLD REINDEER T-LIGHT CANDLES,-2,2010-09-21 13:32:00,0.0,,United Kingdom,RETURN,True,recovered,2010-09-21,2010,9,1,True,PRICE_ZERO,True
523325,51008,AFGHAN SLIPPER SOCK PAIR,-266,2010-09-21 14:12:00,0.0,,United Kingdom,RETURN,True,recovered,2010-09-21,2010,9,1,True,PRICE_ZERO,True
523517,21269,ANTIQUE CREAM CUTLERY SHELF,-7,2010-09-22 13:02:00,0.0,,United Kingdom,RETURN,True,recovered,2010-09-22,2010,9,2,True,PRICE_ZERO,True
523518,84685,BEACH HUT KEY CABINET,-15,2010-09-22 13:02:00,0.0,,United Kingdom,RETURN,True,recovered,2010-09-22,2010,9,2,True,PRICE_ZERO,True
523519,84845C,CARNATION SQUARE HANDY TIN,-1,2010-09-22 13:03:00,0.0,,United Kingdom,RETURN,True,recovered,2010-09-22,2010,9,2,True,PRICE_ZERO,True
523520,84925F,?,-104,2010-09-22 13:03:00,0.0,,United Kingdom,RETURN,False,original,2010-09-22,2010,9,2,True,PRICE_ZERO,True
523523,17165B,ASS COL LARGE SAND GECKO P'WEIGHT,-55,2010-09-22 13:06:00,0.0,,United Kingdom,RETURN,True,recovered,2010-09-22,2010,9,2,True,PRICE_ZERO,True
523521,85049B,LUSH GREENS RIBBONS,-73,2010-09-22 13:06:00,0.0,,United Kingdom,RETURN,True,recovered,2010-09-22,2010,9,2,True,PRICE_ZERO,True
523525,22328,ROUND SNACK BOXES SET OF 4 FRUITS,-43,2010-09-22 13:07:00,0.0,,United Kingdom,RETURN,True,recovered,2010-09-22,2010,9,2,True,PRICE_ZERO,True
523527,21661,VINTAGE GLASS TEA CADDY,-16,2010-09-22 13:08:00,0.0,,United Kingdom,RETURN,True,recovered,2010-09-22,2010,9,2,True,PRICE_ZERO,True
523528,37333,"RETRO ""TEA FOR ONE""",-86,2010-09-22 13:08:00,0.0,,United Kingdom,RETURN,True,recovered,2010-09-22,2010,9,2,True,PRICE_ZERO,True
523529,20671,BLUE TEATIME PRINT BOWL,-117,2010-09-22 13:09:00,0.0,,United Kingdom,RETURN,True,recovered,2010-09-22,2010,9,2,True,PRICE_ZERO,True
523530,84782A,PINK 3 TIER GLASS PLATE STAND,-11,2010-09-22 13:10:00,0.0,,United Kingdom,RETURN,True,recovered,2010-09-22,2010,9,2,True,PRICE_ZERO,True
523533,85017C,?,-728,2010-09-22 13:16:00,0.0,,United Kingdom,RETURN,False,original,2010-09-22,2010,9,2,True,PRICE_ZERO,True
523534,82582,missings,-67,2010-09-22 13:23:00,0.0,,United Kingdom,RETURN,False,original,2010-09-22,2010,9,2,True,PRICE_ZERO,True
523737,22908,PACK OF 20 NAPKINS RED APPLES,-96,2010-09-23 17:46:00,0.0,,United Kingdom,RETURN,True,recovered,2010-09-23,2010,9,3,True,PRICE_ZERO,True
523914,22900,SET 2 TEA TOWELS I LOVE LONDON,-100,2010-09-24 16:13:00,0.0,,United Kingdom,RETURN,True,recovered,2010-09-24,2010,9,4,True,PRICE_ZERO,True
523915,22895,SET OF 2 TEA TOWELS APPLE AND PEARS,-100,2010-09-24 16:13:00,0.0,,United Kingdom,RETURN,True,recovered,2010-09-24,2010,9,4,True,PRICE_ZERO,True
523913,22902,dotcom,-200,2010-09-24 16:13:00,0.0,,United Kingdom,RETURN,False,original,2010-09-24,2010,9,4,True,PRICE_ZERO,True
523916,22898,CHILDRENS APRON APPLES DESIGN,-150,2010-09-24 16:13:00,0.0,,United Kingdom,RETURN,True,recovered,2010-09-24,2010,9,4,True,PRICE_ZERO,True
523919,22897,OVEN MITT APPLES DESIGN,-200,2010-09-24 16:14:00,0.0,,United Kingdom,RETURN,True,recovered,2010-09-24,2010,9,4,True,PRICE_ZERO,True
523917,22939,APRON APPLE DELIGHT,-50,2010-09-24 16:14:00,0.0,,United Kingdom,RETURN,True,recovered,2010-09-24,2010,9,4,True,PRICE_ZERO,True
523918,22894,TABLECLOTH RED APPLES DESIGN,-50,2010-09-24 16:14:00,0.0,,United Kingdom,RETURN,True,recovered,2010-09-24,2010,9,4,True,PRICE_ZERO,True
523920,22896,PEG BAG APPLES DESIGN,-200,2010-09-24 16:14:00,0.0,,United Kingdom,RETURN,True,recovered,2010-09-24,2010,9,4,True,PRICE_ZERO,True
523926,20943,SET/6 GINGERBREAD STAR T-LIGHTS,-59,2010-09-24 16:38:00,0.0,,United Kingdom,RETURN,True,recovered,2010-09-24,2010,9,4,True,PRICE_ZERO,True
523927,35966,FOLKART CHRISTMAS TREE T-LIGHT HOLD,-64,2010-09-24 16:38:00,0.0,,United Kingdom,RETURN,True,recovered,2010-09-24,2010,9,4,True,PRICE_ZERO,True
523925,21350,GINGHAM HEART WREATH,-4,2010-09-24 16:38:00,0.0,,United Kingdom,RETURN,True,recovered,2010-09-24,2010,9,4,True,PRICE_ZERO,True
523928,35962,12 ASS ZINC CHRISTMAS DECORATIONS,-32,2010-09-24 16:39:00,0.0,,United Kingdom,RETURN,True,recovered,2010-09-24,2010,9,4,True,PRICE_ZERO,True
524151,35600D,damages,-36,2010-09-27 15:42:00,0.0,,United Kingdom,RETURN,False,original,2010-09-27,2010,9,0,True,PRICE_ZERO,True
524297,22612,TEA COSY VINTAGE UNION JACK,-3,2010-09-28 13:12:00,0.0,,United Kingdom,RETURN,True,recovered,2010-09-28,2010,9,1,True,PRICE_ZERO,True
524570,84925D,incorrect credit,-372,2010-09-29 15:33:00,0.0,,United Kingdom,RETURN,False,original,2010-09-29,2010,9,2,True,PRICE_ZERO,True
524629,47589,CONGRATULATIONS BUNTING,-28,2010-09-30 11:02:00,0.0,,United Kingdom,RETURN,True,recovered,2010-09-30,2010,9,3,True,PRICE_ZERO,True
524630,22323,PINK POLKADOT KIDS BAG,-20,2010-09-30 11:03:00,0.0,,United Kingdom,RETURN,True,recovered,2010-09-30,2010,9,3,True,PRICE_ZERO,True
524631,21625,?,-191,2010-09-30 11:03:00,0.0,,United Kingdom,RETURN,False,original,2010-09-30,2010,9,3,True,PRICE_ZERO,True
524632,21612,SET 12 WILDFLOWER BOTANICAL T-LIGHT,-46,2010-09-30 11:21:00,0.0,,United Kingdom,RETURN,True,recovered,2010-09-30,2010,9,3,True,PRICE_ZERO,True
524639,21432,SET OF 3 CASES WOODLAND DESIGN,-26,2010-09-30 11:29:00,0.0,,United Kingdom,RETURN,True,recovered,2010-09-30,2010,9,3,True,PRICE_ZERO,True
525096,21432,SET OF 3 CASES WOODLAND DESIGN,-43,2010-10-04 09:32:00,0.0,,United Kingdom,RETURN,True,recovered,2010-10-04,2010,10,0,True,PRICE_ZERO,True
525266,45016,DECORATIVE NET CANOPY LEOPARD,-36,2010-10-04 16:13:00,0.0,,United Kingdom,RETURN,True,recovered,2010-10-04,2010,10,0,True,PRICE_ZERO,True
525292,20825,damages,-90,2010-10-05 09:05:00,0.0,,United Kingdom,RETURN,False,original,2010-10-05,2010,10,1,True,PRICE_ZERO,True
525293,79315W,FLYING SAUCER TABLE LIGHT IN WHITE,-6,2010-10-05 09:18:00,0.0,,United Kingdom,RETURN,True,recovered,2010-10-05,2010,10,1,True,PRICE_ZERO,True
525460,22423,"broken, uneven bottom",-35,2010-10-05 14:46:00,0.0,,United Kingdom,RETURN,False,original,2010-10-05,2010,10,1,True,PRICE_ZERO,True
525505,20784,RED RETRO BAR STOOL,-1,2010-10-05 17:02:00,0.0,,United Kingdom,RETURN,True,recovered,2010-10-05,2010,10,1,True,PRICE_ZERO,True
525506,85216,DOTCOM SETS,-569,2010-10-05 17:03:00,0.0,,United Kingdom,RETURN,False,original,2010-10-05,2010,10,1,True,PRICE_ZERO,True
525508,82578,KITCHEN METAL SIGN,-130,2010-10-05 17:04:00,0.0,,United Kingdom,RETURN,True,recovered,2010-10-05,2010,10,1,True,PRICE_ZERO,True
525507,21171,BATHROOM METAL SIGN,-110,2010-10-05 17:04:00,0.0,,United Kingdom,RETURN,True,recovered,2010-10-05,2010,10,1,True,PRICE_ZERO,True
525509,82581,?,-500,2010-10-05 17:05:00,0.0,,United Kingdom,RETURN,False,original,2010-10-05,2010,10,1,True,PRICE_ZERO,True
525510,21241,GREEN SPOTTY CUP,-90,2010-10-05 17:05:00,0.0,,United Kingdom,RETURN,True,recovered,2010-10-05,2010,10,1,True,PRICE_ZERO,True
525511,20798,show,-130,2010-10-05 17:06:00,0.0,,United Kingdom,RETURN,False,original,2010-10-05,2010,10,1,True,PRICE_ZERO,True
525512,84682,CLASSICAL ROSE DISH,-15,2010-10-05 17:06:00,0.0,,United Kingdom,RETURN,True,recovered,2010-10-05,2010,10,1,True,PRICE_ZERO,True
525513,21658,GLASS  BEURRE DISH,-18,2010-10-05 17:07:00,0.0,,United Kingdom,RETURN,True,recovered,2010-10-05,2010,10,1,True,PRICE_ZERO,True
525514,22303,COFFEE MUG APPLES DESIGN,-27,2010-10-05 17:07:00,0.0,,United Kingdom,RETURN,True,recovered,2010-10-05,2010,10,1,True,PRICE_ZERO,True
525515,35911B,PINK/FLOWER RABBIT EGG WARMER,-9,2010-10-05 17:08:00,0.0,,United Kingdom,RETURN,True,recovered,2010-10-05,2010,10,1,True,PRICE_ZERO,True
525516,22058,CERAMIC LOVE HEARTS DESIGN MUG,-11,2010-10-05 17:08:00,0.0,,United Kingdom,RETURN,True,recovered,2010-10-05,2010,10,1,True,PRICE_ZERO,True
525517,21004,ROSE DU SUD CHILDS APRON,-34,2010-10-05 17:09:00,0.0,,United Kingdom,RETURN,True,recovered,2010-10-05,2010,10,1,True,PRICE_ZERO,True
525518,45013,FOLDING SHOE TIDY,-6,2010-10-05 17:09:00,0.0,,United Kingdom,RETURN,True,recovered,2010-10-05,2010,10,1,True,PRICE_ZERO,True
525519,35594,WOODEN CHRISTMAS TREE 3 HANGING,-38,2010-10-05 17:10:00,0.0,,United Kingdom,RETURN,True,recovered,2010-10-05,2010,10,1,True,PRICE_ZERO,True
525525,22138,mouldy,-2000,2010-10-05 18:05:00,0.0,,United Kingdom,RETURN,False,original,2010-10-05,2010,10,1,True,PRICE_ZERO,True
525759,85065,damaged,-31,2010-10-07 10:34:00,0.0,,United Kingdom,RETURN,False,original,2010-10-07,2010,10,3,True,PRICE_ZERO,True
525893,90112,PINK DOLLY HAIR CLIPS,-19,2010-10-07 15:11:00,0.0,,United Kingdom,RETURN,True,recovered,2010-10-07,2010,10,3,True,PRICE_ZERO,True
525993,22326,ROUND SNACK BOXES SET OF4 WOODLAND,-15,2010-10-08 11:29:00,0.0,,United Kingdom,RETURN,True,recovered,2010-10-08,2010,10,4,True,PRICE_ZERO,True
526431,84967C,GREEN KASHMIRI OCCASIONAL TABLE,-2,2010-10-11 15:13:00,0.0,,United Kingdom,RETURN,True,recovered,2010-10-11,2010,10,0,True,PRICE_ZERO,True
526609,21735,broken glass,-53,2010-10-12 12:17:00,0.0,,United Kingdom,RETURN,False,original,2010-10-12,2010,10,1,True,PRICE_ZERO,True
526917,84406B,damaged,-11,2010-10-13 16:21:00,0.0,,United Kingdom,RETURN,False,original,2010-10-13,2010,10,2,True,PRICE_ZERO,True
527090,21611,SET OF 12 LILY BOTANICAL T-LIGHTS,-42,2010-10-14 15:53:00,0.0,,United Kingdom,RETURN,True,recovered,2010-10-14,2010,10,3,True,PRICE_ZERO,True
527112,37448,damages,-80,2010-10-14 17:27:00,0.0,,United Kingdom,RETURN,False,original,2010-10-14,2010,10,3,True,PRICE_ZERO,True
527346,22784,Incorrectly entered. should be 2279,-720,2010-10-15 15:48:00,0.0,,United Kingdom,RETURN,False,original,2010-10-15,2010,10,4,True,PRICE_ZERO,True
527465,21915,Mixed with blue,-390,2010-10-18 10:51:00,0.0,,United Kingdom,RETURN,False,original,2010-10-18,2010,10,0,True,PRICE_ZERO,True
527487,17033,Sold as 17003?,-160,2010-10-18 11:43:00,0.0,,United Kingdom,RETURN,False,original,2010-10-18,2010,10,0,True,PRICE_ZERO,True
527489,22689,?,-36,2010-10-18 11:48:00,0.0,,United Kingdom,RETURN,False,original,2010-10-18,2010,10,0,True,PRICE_ZERO,True
527652,16245A,damaged,-1,2010-10-18 13:56:00,0.0,,United Kingdom,RETURN,False,original,2010-10-18,2010,10,0,True,PRICE_ZERO,True
527665,22122,SET OF 2 FANCY FONT TEA TOWELS,-1,2010-10-18 14:32:00,0.0,,United Kingdom,RETURN,True,recovered,2010-10-18,2010,10,0,True,PRICE_ZERO,True
527666,21552,CERAMIC BIRDHOUSE BLACK ROSE  LARGE,-1,2010-10-18 14:34:00,0.0,,United Kingdom,RETURN,True,recovered,2010-10-18,2010,10,0,True,PRICE_ZERO,True
527667,35085E,IVORY ROSE LAMPSHADE,-1,2010-10-18 14:35:00,0.0,,United Kingdom,RETURN,True,recovered,2010-10-18,2010,10,0,True,PRICE_ZERO,True
527668,35817B,"ACRYLIC JEWEL SNOWFLAKE,BLUE",-1,2010-10-18 14:36:00,0.0,,United Kingdom,RETURN,True,recovered,2010-10-18,2010,10,0,True,PRICE_ZERO,True
527670,47592B,SCOTTIES DESIGN CHILD'S OVERALL,-1,2010-10-18 14:37:00,0.0,,United Kingdom,RETURN,True,recovered,2010-10-18,2010,10,0,True,PRICE_ZERO,True
527669,37506,NEW ENGLAND MILK JUG W GIFT BOX,-1,2010-10-18 14:37:00,0.0,,United Kingdom,RETURN,True,recovered,2010-10-18,2010,10,0,True,PRICE_ZERO,True
527671,62097A,PINK STRIPES SHOULDER BAG,-1,2010-10-18 14:42:00,0.0,,United Kingdom,RETURN,True,recovered,2010-10-18,2010,10,0,True,PRICE_ZERO,True
527672,72023F,RED ORGANIC CANDLE IN GLASS,-1,2010-10-18 14:42:00,0.0,,United Kingdom,RETURN,True,recovered,2010-10-18,2010,10,0,True,PRICE_ZERO,True
527673,81985A,"ICON ALARM CLOCK,FUSCHIA  PIN UP",-1,2010-10-18 14:43:00,0.0,,United Kingdom,RETURN,True,recovered,2010-10-18,2010,10,0,True,PRICE_ZERO,True
527674,82587,TEXRIO TOMATOES CANDLE+CUP,-1,2010-10-18 14:44:00,0.0,,United Kingdom,RETURN,True,recovered,2010-10-18,2010,10,0,True,PRICE_ZERO,True
527676,84327A,PINK JUMPER LARRY THE LAMB,-1,2010-10-18 14:48:00,0.0,,United Kingdom,RETURN,True,recovered,2010-10-18,2010,10,0,True,PRICE_ZERO,True
527677,84437A,S/6 PINK EASTER DECS IN BOX,-1,2010-10-18 14:49:00,0.0,,United Kingdom,RETURN,True,recovered,2010-10-18,2010,10,0,True,PRICE_ZERO,True
527680,21645,ASSORTED TUTTI FRUTTI ROUND BOX,-10,2010-10-18 14:51:00,0.0,,United Kingdom,RETURN,True,recovered,2010-10-18,2010,10,0,True,PRICE_ZERO,True
527681,84656,WHITE ROSE C/COVER,-1,2010-10-18 14:52:00,0.0,,United Kingdom,RETURN,True,recovered,2010-10-18,2010,10,0,True,PRICE_ZERO,True
527682,22080,?,-283,2010-10-18 14:53:00,0.0,,United Kingdom,RETURN,False,original,2010-10-18,2010,10,0,True,PRICE_ZERO,True
527683,84791,GINGHAM HEART DECORATION,-1,2010-10-18 14:53:00,0.0,,United Kingdom,RETURN,True,recovered,2010-10-18,2010,10,0,True,PRICE_ZERO,True
527685,84886,BLUE METAL WALL SHELF,-1,2010-10-18 14:54:00,0.0,,United Kingdom,RETURN,True,recovered,2010-10-18,2010,10,0,True,PRICE_ZERO,True
527686,21973,SET OF 36 MUSHROOM PAPER DOILIES,-178,2010-10-18 14:55:00,0.0,,United Kingdom,RETURN,True,recovered,2010-10-18,2010,10,0,True,PRICE_ZERO,True
527689,22596,CHRISTMAS STAR WISH LIST CHALKBOARD,-36,2010-10-18 14:57:00,0.0,,United Kingdom,RETURN,True,recovered,2010-10-18,2010,10,0,True,PRICE_ZERO,True
527692,84902,PINK KNITTED COW STUFFED TOY,-1,2010-10-18 15:10:00,0.0,,United Kingdom,RETURN,True,recovered,2010-10-18,2010,10,0,True,PRICE_ZERO,True
527707,22138,damages,-135,2010-10-18 15:16:00,0.0,,United Kingdom,RETURN,False,original,2010-10-18,2010,10,0,True,PRICE_ZERO,True
527708,84932D,SMALL ORIENTAL RED FOLDING STOOL,-2,2010-10-18 15:18:00,0.0,,United Kingdom,RETURN,True,recovered,2010-10-18,2010,10,0,True,PRICE_ZERO,True
527709,84932A,SMALL GREEN PEONY FOLDING STOOL,-3,2010-10-18 15:19:00,0.0,,United Kingdom,RETURN,True,recovered,2010-10-18,2010,10,0,True,PRICE_ZERO,True
527714,85014C,BLUE/BROWN DOTS RUFFLED UMBRELLA,-1,2010-10-18 15:24:00,0.0,,United Kingdom,RETURN,True,recovered,2010-10-18,2010,10,0,True,PRICE_ZERO,True
527726,17011D,ORIGAMI ROSE INCENSE+FLOWER,-1,2010-10-18 15:42:00,0.0,,United Kingdom,RETURN,True,recovered,2010-10-18,2010,10,0,True,PRICE_ZERO,True
527771,37462B,"PET MUG, BUDGIE",-13,2010-10-19 10:23:00,0.0,,United Kingdom,RETURN,True,recovered,2010-10-19,2010,10,1,True,PRICE_ZERO,True
528312,85042,ANTIQUE LILY FAIRY LIGHTS,-166,2010-10-21 12:20:00,0.0,,United Kingdom,RETURN,True,recovered,2010-10-21,2010,10,3,True,PRICE_ZERO,True
528371,22275,WEEKEND BAG VINTAGE ROSE PAISLEY,-34,2010-10-21 16:51:00,0.0,,United Kingdom,RETURN,True,recovered,2010-10-21,2010,10,3,True,PRICE_ZERO,True
528453,85047,WHITE BEADED GARLAND STRING 20LIGHT,-128,2010-10-22 11:30:00,0.0,,United Kingdom,RETURN,True,recovered,2010-10-22,2010,10,4,True,PRICE_ZERO,True
528455,20703,BLUE PADDED SOFT MOBILE,-36,2010-10-22 11:31:00,0.0,,United Kingdom,RETURN,True,recovered,2010-10-22,2010,10,4,True,PRICE_ZERO,True
528456,21410,COUNTRY COTTAGE  DOORSTOP GREEN,-4,2010-10-22 11:31:00,0.0,,United Kingdom,RETURN,True,recovered,2010-10-22,2010,10,4,True,PRICE_ZERO,True
528454,82615,PINK MARSHMALLOW SCARF KNITTING KIT,-123,2010-10-22 11:31:00,0.0,,United Kingdom,RETURN,True,recovered,2010-10-22,2010,10,4,True,PRICE_ZERO,True
528457,84854,GIRLY PINK TOOL SET,-4,2010-10-22 11:32:00,0.0,,United Kingdom,RETURN,True,recovered,2010-10-22,2010,10,4,True,PRICE_ZERO,True
528461,85044,RED REINDEER STRING OF 20 LIGHTS,-66,2010-10-22 11:35:00,0.0,,United Kingdom,RETURN,True,recovered,2010-10-22,2010,10,4,True,PRICE_ZERO,True
528462,16169F,WRAP BLIZZARD,-196,2010-10-22 11:35:00,0.0,,United Kingdom,RETURN,True,recovered,2010-10-22,2010,10,4,True,PRICE_ZERO,True
528463,21825,PAINTED METAL TREE WITH HOLLY BELLS,-40,2010-10-22 11:36:00,0.0,,United Kingdom,RETURN,True,recovered,2010-10-22,2010,10,4,True,PRICE_ZERO,True
528464,21146,ANTIQUE GLASS RIDGED HANGING BALL,-30,2010-10-22 11:36:00,0.0,,United Kingdom,RETURN,True,recovered,2010-10-22,2010,10,4,True,PRICE_ZERO,True
528465,21010,ETCHED GLASS BIRD TREE DECORATION,-59,2010-10-22 11:36:00,0.0,,United Kingdom,RETURN,True,recovered,2010-10-22,2010,10,4,True,PRICE_ZERO,True
528466,21009,ETCHED GLASS STAR TREE DECORATION,-135,2010-10-22 11:37:00,0.0,,United Kingdom,RETURN,True,recovered,2010-10-22,2010,10,4,True,PRICE_ZERO,True
528467,35951,FOLKART BAUBLE CHRISTMAS DECORATION,-148,2010-10-22 11:37:00,0.0,,United Kingdom,RETURN,True,recovered,2010-10-22,2010,10,4,True,PRICE_ZERO,True
528468,35937,CERISE+GOLD CHRISTMAS STOCKING DEC,-31,2010-10-22 11:38:00,0.0,,United Kingdom,RETURN,True,recovered,2010-10-22,2010,10,4,True,PRICE_ZERO,True
528469,85084,HOLLY TOP CHRISTMAS STOCKING,-50,2010-10-22 11:39:00,0.0,,United Kingdom,RETURN,True,recovered,2010-10-22,2010,10,4,True,PRICE_ZERO,True
528873,22554,PLASTERS IN TIN WOODLAND ANIMALS,-66,2010-10-25 11:50:00,0.0,,United Kingdom,RETURN,True,recovered,2010-10-25,2010,10,0,True,PRICE_ZERO,True
528905,72793,BLACK BOX MIRROR LANTERN,-12,2010-10-25 13:24:00,0.0,,United Kingdom,RETURN,True,recovered,2010-10-25,2010,10,0,True,PRICE_ZERO,True
528935,21268,VINTAGE BLUE TINSEL REEL,-2,2010-10-25 15:15:00,0.0,,United Kingdom,RETURN,True,recovered,2010-10-25,2010,10,0,True,PRICE_ZERO,True
528938,22950,36 DOILIES VINTAGE CHRISTMAS,-96,2010-10-25 15:27:00,0.0,,United Kingdom,RETURN,True,recovered,2010-10-25,2010,10,0,True,PRICE_ZERO,True
528943,21016,LIGHT BIRD HOUSE TREE DECORATION,-216,2010-10-25 15:30:00,0.0,,United Kingdom,RETURN,True,recovered,2010-10-25,2010,10,0,True,PRICE_ZERO,True
528958,35951,FOLKART BAUBLE CHRISTMAS DECORATION,-11,2010-10-26 09:19:00,0.0,,United Kingdom,RETURN,True,recovered,2010-10-26,2010,10,1,True,PRICE_ZERO,True
529134,22423,wonky bottom/broken,-35,2010-10-26 14:48:00,0.0,,United Kingdom,RETURN,False,original,2010-10-26,2010,10,1,True,PRICE_ZERO,True
529135,21843,broken,-10,2010-10-26 14:49:00,0.0,,United Kingdom,RETURN,False,original,2010-10-26,2010,10,1,True,PRICE_ZERO,True
529519,79140,gone,-8,2010-10-28 15:32:00,0.0,,United Kingdom,RETURN,False,original,2010-10-28,2010,10,3,True,PRICE_ZERO,True
529521,84709A,Damaged,-15,2010-10-28 15:35:00,0.0,,United Kingdom,RETURN,False,original,2010-10-28,2010,10,3,True,PRICE_ZERO,True
529523,85165,damages,-1,2010-10-28 15:37:00,0.0,,United Kingdom,RETURN,False,original,2010-10-28,2010,10,3,True,PRICE_ZERO,True
529525,85230F,JASMINE VOTIVE CANDLE,-174,2010-10-28 15:57:00,0.0,,United Kingdom,RETURN,True,recovered,2010-10-28,2010,10,3,True,PRICE_ZERO,True
529527,85185D,stock take,-96,2010-10-28 16:04:00,0.0,,United Kingdom,RETURN,False,original,2010-10-28,2010,10,3,True,PRICE_ZERO,True
529530,72803B,OCEAN SCENT CANDLE JEWELLED DRAWER,-12,2010-10-28 16:23:00,0.0,,United Kingdom,RETURN,True,recovered,2010-10-28,2010,10,3,True,PRICE_ZERO,True
529533,72606A,BROWN ANTIQUE CUBE CANDLE,-3,2010-10-28 16:30:00,0.0,,United Kingdom,RETURN,True,recovered,2010-10-28,2010,10,3,True,PRICE_ZERO,True
529534,21282,NATURAL BARK CANDLE LARGE,-20,2010-10-28 16:30:00,0.0,,United Kingdom,RETURN,True,recovered,2010-10-28,2010,10,3,True,PRICE_ZERO,True
529536,62095B,TURQOISE ICE CREAM SUNHAT,-32,2010-10-28 16:32:00,0.0,,United Kingdom,RETURN,True,recovered,2010-10-28,2010,10,3,True,PRICE_ZERO,True
529539,72796A,S/3 ENGLISH LAVENDER SQU CANDLE,-3,2010-10-28 16:34:00,0.0,,United Kingdom,RETURN,True,recovered,2010-10-28,2010,10,3,True,PRICE_ZERO,True
529540,17021,NAMASTE SWAGAT INCENSE,-1000,2010-10-28 16:36:00,0.0,,United Kingdom,RETURN,True,recovered,2010-10-28,2010,10,3,True,PRICE_ZERO,True
529541,72008,FROSTED BOX 9 WHITE T-LIGHT CANDLES,-77,2010-10-28 16:38:00,0.0,,United Kingdom,RETURN,True,recovered,2010-10-28,2010,10,3,True,PRICE_ZERO,True
529542,17014F,ORIGAMI SANDLEWOOD INCENSE CONES,-11,2010-10-28 16:40:00,0.0,,United Kingdom,RETURN,True,recovered,2010-10-28,2010,10,3,True,PRICE_ZERO,True
529543,21283,NATURAL BARK CANDLE SMALL,-15,2010-10-28 16:41:00,0.0,,United Kingdom,RETURN,True,recovered,2010-10-28,2010,10,3,True,PRICE_ZERO,True
529545,72529W,WHITE ADVENT CANDLE,-9,2010-10-28 17:10:00,0.0,,United Kingdom,RETURN,True,recovered,2010-10-28,2010,10,3,True,PRICE_ZERO,True
529548,21784,SHOE SHINE BOX,-5,2010-10-28 17:15:00,0.0,,United Kingdom,RETURN,True,recovered,2010-10-28,2010,10,3,True,PRICE_ZERO,True
529549,85018C,S/6 PAPER BOXES CURIOUS IMAGES,-1,2010-10-28 17:16:00,0.0,,United Kingdom,RETURN,True,recovered,2010-10-28,2010,10,3,True,PRICE_ZERO,True
529550,72232,wet cartons,-1400,2010-10-28 17:18:00,0.0,,United Kingdom,RETURN,False,original,2010-10-28,2010,10,3,True,PRICE_ZERO,True
529551,17014D,ORIGAMI ROSE INCENSE CONES,-4,2010-10-28 17:18:00,0.0,,United Kingdom,RETURN,True,recovered,2010-10-28,2010,10,3,True,PRICE_ZERO,True
529552,85018A,S/6 PAPER BOXES ROMANTIC IMAGES,-1,2010-10-28 17:20:00,0.0,,United Kingdom,RETURN,True,recovered,2010-10-28,2010,10,3,True,PRICE_ZERO,True
529555,72798C,SET/4 GARDEN ROSE DINNER CANDLE,-20,2010-10-28 17:43:00,0.0,,United Kingdom,RETURN,True,recovered,2010-10-28,2010,10,3,True,PRICE_ZERO,True
529556,72814,SET OF 3 CHRISTMAS BRIAR CANDLES,-19,2010-10-28 17:43:00,0.0,,United Kingdom,RETURN,True,recovered,2010-10-28,2010,10,3,True,PRICE_ZERO,True
529558,85230B,CINNAMON SCENTED VOTIVE CANDLE,-168,2010-10-28 17:52:00,0.0,,United Kingdom,RETURN,True,recovered,2010-10-28,2010,10,3,True,PRICE_ZERO,True
529560,20914,damages,-40,2010-10-28 18:02:00,0.0,,United Kingdom,RETURN,False,original,2010-10-28,2010,10,3,True,PRICE_ZERO,True
529563,20776,ABSTRACT CIRCLES NOTEBOOK,-7,2010-10-28 18:14:00,0.0,,United Kingdom,RETURN,True,recovered,2010-10-28,2010,10,3,True,PRICE_ZERO,True
529570,84375,SET OF 20 KIDS COOKIE CUTTERS,-31,2010-10-28 18:48:00,0.0,,United Kingdom,RETURN,True,recovered,2010-10-28,2010,10,3,True,PRICE_ZERO,True
529574,21077,SET/20 WOODLAND PAPER NAPKINS,-20,2010-10-28 18:54:00,0.0,,United Kingdom,RETURN,True,recovered,2010-10-28,2010,10,3,True,PRICE_ZERO,True
529579,37352,BIRD IN TREE MUG,-5,2010-10-28 19:01:00,0.0,,United Kingdom,RETURN,True,recovered,2010-10-28,2010,10,3,True,PRICE_ZERO,True
529580,72728,ROSE SCENT CANDLES IN GLASS,-6,2010-10-28 19:17:00,0.0,,United Kingdom,RETURN,True,recovered,2010-10-28,2010,10,3,True,PRICE_ZERO,True
529581,21085,SET/6 WOODLAND PAPER CUPS,-7,2010-10-28 19:20:00,0.0,,United Kingdom,RETURN,True,recovered,2010-10-28,2010,10,3,True,PRICE_ZERO,True
529583,84613C,BLUE NEW BAROQUE FLOCK CANDLESTICK,-17,2010-10-28 19:24:00,0.0,,United Kingdom,RETURN,True,recovered,2010-10-28,2010,10,3,True,PRICE_ZERO,True
529584,79302M,crushed,-40,2010-10-28 19:26:00,0.0,,United Kingdom,RETURN,False,original,2010-10-28,2010,10,3,True,PRICE_ZERO,True
529730,22785,broken zips,-9,2010-10-29 14:14:00,0.0,,United Kingdom,RETURN,False,original,2010-10-29,2010,10,4,True,PRICE_ZERO,True
529732,22786,broken zips,-10,2010-10-29 14:14:00,0.0,,United Kingdom,RETURN,False,original,2010-10-29,2010,10,4,True,PRICE_ZERO,True
530004,21247,SET OF RED SALAD SERVERS,-12,2010-11-01 09:24:00,0.0,,United Kingdom,RETURN,True,recovered,2010-11-01,2010,11,0,True,PRICE_ZERO,True
530118,72801G,4 BURGUNDY WINE DINNER CANDLES,-16,2010-11-01 14:38:00,0.0,,United Kingdom,RETURN,True,recovered,2010-11-01,2010,11,0,True,PRICE_ZERO,True
530119,72780,BLACK SILOUETTE CANDLE PLATE,-20,2010-11-01 14:39:00,0.0,,United Kingdom,RETURN,True,recovered,2010-11-01,2010,11,0,True,PRICE_ZERO,True
530126,21686,MEDINA STAMPED METAL STOOL,-8,2010-11-01 15:21:00,0.0,,United Kingdom,RETURN,True,recovered,2010-11-01,2010,11,0,True,PRICE_ZERO,True
530127,85164B,BLACK BAROQUE CUCKOO CLOCK,-3,2010-11-01 15:24:00,0.0,,United Kingdom,RETURN,True,recovered,2010-11-01,2010,11,0,True,PRICE_ZERO,True
530128,21319,GLASS CHALICE GREEN  SMALL,-37,2010-11-01 15:24:00,0.0,,United Kingdom,RETURN,True,recovered,2010-11-01,2010,11,0,True,PRICE_ZERO,True
530131,21316,SMALL CHUNKY GLASS ROMAN  BOWL,-16,2010-11-01 15:28:00,0.0,,United Kingdom,RETURN,True,recovered,2010-11-01,2010,11,0,True,PRICE_ZERO,True
530132,21950,SET OF 6 DOTS CHOPSTICKS,-90,2010-11-01 15:28:00,0.0,,United Kingdom,RETURN,True,recovered,2010-11-01,2010,11,0,True,PRICE_ZERO,True
530133,21078,SET/20 STRAWBERRY PAPER NAPKINS,-93,2010-11-01 15:30:00,0.0,,United Kingdom,RETURN,True,recovered,2010-11-01,2010,11,0,True,PRICE_ZERO,True
530134,84532B,FAIRY CAKES RECTANGLUAR BOXES,-2,2010-11-01 15:31:00,0.0,,United Kingdom,RETURN,True,recovered,2010-11-01,2010,11,0,True,PRICE_ZERO,True
530135,SP1002,KID'S CHALKBOARD/EASEL,-27,2010-11-01 15:33:00,0.0,,United Kingdom,RETURN,True,recovered,2010-11-01,2010,11,0,True,PRICE_ZERO,True
530141,82011C,BATHROOM SCALES FOOTPRINTS IN SAND,-27,2010-11-01 16:46:00,0.0,,United Kingdom,RETURN,True,recovered,2010-11-01,2010,11,0,True,PRICE_ZERO,True
530142,21664,RIDGED GLASS STORAGE JAR CREAM LID,-54,2010-11-01 16:48:00,0.0,,United Kingdom,RETURN,True,recovered,2010-11-01,2010,11,0,True,PRICE_ZERO,True
530143,21097,SET/6 GREEN SPRING  PAPER PLATE,-8,2010-11-01 16:49:00,0.0,,United Kingdom,RETURN,True,recovered,2010-11-01,2010,11,0,True,PRICE_ZERO,True
530145,17013F,ORIGAMI SANDLEWOOD INCENSE IN TUBE,-2,2010-11-01 16:50:00,0.0,,United Kingdom,RETURN,True,recovered,2010-11-01,2010,11,0,True,PRICE_ZERO,True
530147,21904,HOUSE WRECKING METAL SIGN,-27,2010-11-01 16:51:00,0.0,,United Kingdom,RETURN,True,recovered,2010-11-01,2010,11,0,True,PRICE_ZERO,True
530149,21910,WAY OUT METAL SIGN,-27,2010-11-01 16:51:00,0.0,,United Kingdom,RETURN,True,recovered,2010-11-01,2010,11,0,True,PRICE_ZERO,True
530150,35643,?,-223,2010-11-01 16:53:00,0.0,,United Kingdom,RETURN,False,original,2010-11-01,2010,11,0,True,PRICE_ZERO,True
530151,84247L,FAWN AND MUSHROOM GREETING CARD,-111,2010-11-01 16:53:00,0.0,,United Kingdom,RETURN,True,recovered,2010-11-01,2010,11,0,True,PRICE_ZERO,True
530152,84249D,FAIRY CAKE GREETINGS CARD,-16,2010-11-01 16:54:00,0.0,,United Kingdom,RETURN,True,recovered,2010-11-01,2010,11,0,True,PRICE_ZERO,True
530153,47552A,DOTS IRONING BOARD COVER,-1,2010-11-01 16:54:00,0.0,,United Kingdom,RETURN,True,recovered,2010-11-01,2010,11,0,True,PRICE_ZERO,True
530155,21652,GLASS ETCHED T-LIGHT HOLDER MEDIUM,-3,2010-11-01 16:55:00,0.0,,United Kingdom,RETURN,True,recovered,2010-11-01,2010,11,0,True,PRICE_ZERO,True
530154,17011B,ORIGAMI JASMINE INCENSE+FLOWER,-7,2010-11-01 16:55:00,0.0,,United Kingdom,RETURN,True,recovered,2010-11-01,2010,11,0,True,PRICE_ZERO,True
530156,84868B,BLUE BABY BOY'S MEMORY BOX,-2,2010-11-01 16:56:00,0.0,,United Kingdom,RETURN,True,recovered,2010-11-01,2010,11,0,True,PRICE_ZERO,True
530157,17038,PORCELAIN BUDAH INCENSE HOLDER,-1400,2010-11-01 16:58:00,0.0,,United Kingdom,RETURN,True,recovered,2010-11-01,2010,11,0,True,PRICE_ZERO,True
530158,72586,code mix up 72597,-500,2010-11-01 16:58:00,0.0,,United Kingdom,RETURN,False,original,2010-11-01,2010,11,0,True,PRICE_ZERO,True
530159,82551,LAUNDRY 15C METAL SIGN,-230,2010-11-01 16:59:00,0.0,,United Kingdom,RETURN,True,recovered,2010-11-01,2010,11,0,True,PRICE_ZERO,True
530230,84972L,GIANT PINK HEART MEMO HOLDER,-4,2010-11-02 11:25:00,0.0,,United Kingdom,RETURN,True,recovered,2010-11-02,2010,11,1,True,PRICE_ZERO,True
530309,84978,damages,-400,2010-11-02 13:25:00,0.0,,United Kingdom,RETURN,False,original,2010-11-02,2010,11,1,True,PRICE_ZERO,True
530313,85162C,WHITE RETRODISC LAMPSHADE,-1,2010-11-02 13:28:00,0.0,,United Kingdom,RETURN,True,recovered,2010-11-02,2010,11,1,True,PRICE_ZERO,True
530314,37330,SPOTS MUG,-284,2010-11-02 13:28:00,0.0,,United Kingdom,RETURN,True,recovered,2010-11-02,2010,11,1,True,PRICE_ZERO,True
530315,35645,VINTAGE BEAD PINK JEWEL BOX,-67,2010-11-02 13:29:00,0.0,,United Kingdom,RETURN,True,recovered,2010-11-02,2010,11,1,True,PRICE_ZERO,True
530316,20990,SPRING FLOWER CHOPSTICKS SET/5,-8,2010-11-02 13:30:00,0.0,,United Kingdom,RETURN,True,recovered,2010-11-02,2010,11,1,True,PRICE_ZERO,True
530317,35969,FOLKART CROWN TABLE DECORATIONS,-52,2010-11-02 13:32:00,0.0,,United Kingdom,RETURN,True,recovered,2010-11-02,2010,11,1,True,PRICE_ZERO,True
530319,85023C,PINK LARGE JEWELED PHOTOFRAME,-1,2010-11-02 13:33:00,0.0,,United Kingdom,RETURN,True,recovered,2010-11-02,2010,11,1,True,PRICE_ZERO,True
530320,84795C,OCEAN STRIPE HAMMOCK,-1,2010-11-02 13:33:00,0.0,,United Kingdom,RETURN,True,recovered,2010-11-02,2010,11,1,True,PRICE_ZERO,True
530322,20861,GOLD COSMETIC BAG PINK STAR,-19,2010-11-02 13:34:00,0.0,,United Kingdom,RETURN,True,recovered,2010-11-02,2010,11,1,True,PRICE_ZERO,True
530321,20860,GOLD COSMETICS BAG WITH BUTTERFLY,-8,2010-11-02 13:34:00,0.0,,United Kingdom,RETURN,True,recovered,2010-11-02,2010,11,1,True,PRICE_ZERO,True
530324,21651,HANGING GLASS ETCHED TEALIGHT,-90,2010-11-02 13:36:00,0.0,,United Kingdom,RETURN,True,recovered,2010-11-02,2010,11,1,True,PRICE_ZERO,True
530326,17014A,ORIGAMI VANILLA INCENSE CONES,-20,2010-11-02 13:40:00,0.0,,United Kingdom,RETURN,True,recovered,2010-11-02,2010,11,1,True,PRICE_ZERO,True
530327,35004P,SET OF 3 PINK FLYING DUCKS,-9,2010-11-02 13:41:00,0.0,,United Kingdom,RETURN,True,recovered,2010-11-02,2010,11,1,True,PRICE_ZERO,True
530337,22281,EASTER TREE YELLOW BIRDS,-2,2010-11-02 14:19:00,0.0,,United Kingdom,RETURN,True,recovered,2010-11-02,2010,11,1,True,PRICE_ZERO,True
530343,84864A,PINK PAISLEY PHOTO ALBUM,-4,2010-11-02 15:38:00,0.0,,United Kingdom,RETURN,True,recovered,2010-11-02,2010,11,1,True,PRICE_ZERO,True
530345,84510F,SET OF 4 NEW ENGLAND COASTERS,-1,2010-11-02 15:39:00,0.0,,United Kingdom,RETURN,True,recovered,2010-11-02,2010,11,1,True,PRICE_ZERO,True
530347,85215,sold as set/6 on dotcom,-490,2010-11-02 15:46:00,0.0,,United Kingdom,RETURN,False,original,2010-11-02,2010,11,1,True,PRICE_ZERO,True
530348,16235,?,-9000,2010-11-02 15:48:00,0.0,,United Kingdom,RETURN,False,original,2010-11-02,2010,11,1,True,PRICE_ZERO,True
530353,21482,MUSHROOM BLUE HOT WATER BOTTLE,-6,2010-11-02 15:50:00,0.0,,United Kingdom,RETURN,True,recovered,2010-11-02,2010,11,1,True,PRICE_ZERO,True
530355,84458,S/3 RABBIT FLOWER/EGG/CARROT ROPE,-3,2010-11-02 15:51:00,0.0,,United Kingdom,RETURN,True,recovered,2010-11-02,2010,11,1,True,PRICE_ZERO,True
530356,21667,GLASS CAKE COVER AND PLATE,-35,2010-11-02 15:52:00,0.0,,United Kingdom,RETURN,True,recovered,2010-11-02,2010,11,1,True,PRICE_ZERO,True
530357,20695,FLORAL BLUE MONSTER,-15,2010-11-02 15:52:00,0.0,,United Kingdom,RETURN,True,recovered,2010-11-02,2010,11,1,True,PRICE_ZERO,True
530359,85185C,COW  SOCK PUPPET,-4,2010-11-02 15:53:00,0.0,,United Kingdom,RETURN,True,recovered,2010-11-02,2010,11,1,True,PRICE_ZERO,True
530361,84989B,75 BLACK FAIRY CAKE CASES,-3,2010-11-02 15:53:00,0.0,,United Kingdom,RETURN,True,recovered,2010-11-02,2010,11,1,True,PRICE_ZERO,True
530363,79172D,PURPLE TINT ACRYLIC FLOWER VASE,-4,2010-11-02 15:57:00,0.0,,United Kingdom,RETURN,True,recovered,2010-11-02,2010,11,1,True,PRICE_ZERO,True
530364,22596,CHRISTMAS STAR WISH LIST CHALKBOARD,-23,2010-11-02 15:58:00,0.0,,United Kingdom,RETURN,True,recovered,2010-11-02,2010,11,1,True,PRICE_ZERO,True
530365,72225C,?,-1609,2010-11-02 16:03:00,0.0,,United Kingdom,RETURN,False,original,2010-11-02,2010,11,1,True,PRICE_ZERO,True
530368,84613A,poor quality,-72,2010-11-02 16:07:00,0.0,,United Kingdom,RETURN,False,original,2010-11-02,2010,11,1,True,PRICE_ZERO,True
530374,21133,PAINTED BIRD ASSORTED CHRISTMAS,-4,2010-11-02 16:26:00,0.0,,United Kingdom,RETURN,True,recovered,2010-11-02,2010,11,1,True,PRICE_ZERO,True
530376,21657,MILK BOTTLE WITH GLASS STOPPER,-5,2010-11-02 16:27:00,0.0,,United Kingdom,RETURN,True,recovered,2010-11-02,2010,11,1,True,PRICE_ZERO,True
530375,21134,VICTORIAN METAL POSTCARD CHRISTMAS,-66,2010-11-02 16:27:00,0.0,,United Kingdom,RETURN,True,recovered,2010-11-02,2010,11,1,True,PRICE_ZERO,True
530558,84454,WOBBLING METAL CHICKEN EASTER,-2,2010-11-03 13:41:00,0.0,,United Kingdom,RETURN,True,recovered,2010-11-03,2010,11,2,True,PRICE_ZERO,True
530566,37449,CERAMIC CAKE STAND + HANGING CAKES,-1,2010-11-03 13:54:00,0.0,,United Kingdom,RETURN,True,recovered,2010-11-03,2010,11,2,True,PRICE_ZERO,True
530591,20830,damages,-161,2010-11-03 15:12:00,0.0,,United Kingdom,RETURN,False,original,2010-11-03,2010,11,2,True,PRICE_ZERO,True
530592,20855,PINK PATCH PURSE BLUE HEART,-14,2010-11-03 15:12:00,0.0,,United Kingdom,RETURN,True,recovered,2010-11-03,2010,11,2,True,PRICE_ZERO,True
530594,84855,BLOKEY SILVER TOOL SET,-3,2010-11-03 15:14:00,0.0,,United Kingdom,RETURN,True,recovered,2010-11-03,2010,11,2,True,PRICE_ZERO,True
530596,22145,CHRISTMAS CRAFT HEART STOCKING,-80,2010-11-03 15:15:00,0.0,,United Kingdom,RETURN,True,recovered,2010-11-03,2010,11,2,True,PRICE_ZERO,True
530597,21051,?,-240,2010-11-03 15:16:00,0.0,,United Kingdom,RETURN,False,original,2010-11-03,2010,11,2,True,PRICE_ZERO,True
530599,84537B,FAIRY CAKES GIFT BAG,-5,2010-11-03 15:16:00,0.0,,United Kingdom,RETURN,True,recovered,2010-11-03,2010,11,2,True,PRICE_ZERO,True
530600,85017D,Unknown Product,-36,2010-11-03 15:17:00,0.0,,United Kingdom,RETURN,False,unknown,2010-11-03,2010,11,2,True,PRICE_ZERO,True
530601,21535,RED RETROSPOT SMALL MILK JUG,-170,2010-11-03 15:17:00,0.0,,United Kingdom,RETURN,True,recovered,2010-11-03,2010,11,2,True,PRICE_ZERO,True
530603,79000,damaged,-1500,2010-11-03 15:18:00,0.0,,United Kingdom,RETURN,False,original,2010-11-03,2010,11,2,True,PRICE_ZERO,True
530605,84782C,GREEN 3 TIER GLASS PLATE STAND,-13,2010-11-03 15:20:00,0.0,,United Kingdom,RETURN,True,recovered,2010-11-03,2010,11,2,True,PRICE_ZERO,True
530604,35832,WOOLLY HAT SOCK GLOVE ADVENT STRING,-205,2010-11-03 15:20:00,0.0,,United Kingdom,RETURN,True,recovered,2010-11-03,2010,11,2,True,PRICE_ZERO,True
530606,20865,PATCHWORK PENCIL CASE BUTTERFLY,-25,2010-11-03 15:21:00,0.0,,United Kingdom,RETURN,True,recovered,2010-11-03,2010,11,2,True,PRICE_ZERO,True
530607,20864,DENIM PATCH PENCIL CASE BUTTERFLY,-16,2010-11-03 15:21:00,0.0,,United Kingdom,RETURN,True,recovered,2010-11-03,2010,11,2,True,PRICE_ZERO,True
530617,85033S,SET/6 SILVER REINDEER T-LIGHTS,-1,2010-11-03 15:58:00,0.0,,United Kingdom,RETURN,True,recovered,2010-11-03,2010,11,2,True,PRICE_ZERO,True
530620,84250M,"GREETING CARD, BLACKPOOL ROCK",-2,2010-11-03 15:59:00,0.0,,United Kingdom,RETURN,True,recovered,2010-11-03,2010,11,2,True,PRICE_ZERO,True
530619,21541,DINOSAURS WATER TRANSFER TATTOOS,-125,2010-11-03 15:59:00,0.0,,United Kingdom,RETURN,True,recovered,2010-11-03,2010,11,2,True,PRICE_ZERO,True
530623,90167,BEADED LOVE HEART JEWELLERY SET,-9,2010-11-03 16:00:00,0.0,,United Kingdom,RETURN,True,recovered,2010-11-03,2010,11,2,True,PRICE_ZERO,True
530622,85232A,SET/3 POLKA DOT STACKING TINS,-45,2010-11-03 16:00:00,0.0,,United Kingdom,RETURN,True,recovered,2010-11-03,2010,11,2,True,PRICE_ZERO,True
530621,16256C,HEARTS PENCIL/RUBBER+5 MINI PENCILS,-105,2010-11-03 16:00:00,0.0,,United Kingdom,RETURN,True,recovered,2010-11-03,2010,11,2,True,PRICE_ZERO,True
530625,72715,SPHERICAL IVORY CANDLE,-2,2010-11-03 16:01:00,0.0,,United Kingdom,RETURN,True,recovered,2010-11-03,2010,11,2,True,PRICE_ZERO,True
530624,44241C,BLUE BUTTERFLY ON SPRING,-1,2010-11-03 16:01:00,0.0,,United Kingdom,RETURN,True,recovered,2010-11-03,2010,11,2,True,PRICE_ZERO,True
530626,84762B,PINK PICNIC BARBECUE BUCKET,-2,2010-11-03 16:01:00,0.0,,United Kingdom,RETURN,True,recovered,2010-11-03,2010,11,2,True,PRICE_ZERO,True
530628,35596,WOOD XMAS TREE 9 FIG SHELVES,-1,2010-11-03 16:02:00,0.0,,United Kingdom,RETURN,True,recovered,2010-11-03,2010,11,2,True,PRICE_ZERO,True
530629,21153,RED SPOTTY TABLECLOTH,-3,2010-11-03 16:02:00,0.0,,United Kingdom,RETURN,True,recovered,2010-11-03,2010,11,2,True,PRICE_ZERO,True
530630,22172,METAL SHELF WITH RAIL,-5,2010-11-03 16:04:00,0.0,,United Kingdom,RETURN,True,recovered,2010-11-03,2010,11,2,True,PRICE_ZERO,True
530632,85126,LARGE ROUND CUTGLASS CANDLESTICK,-37,2010-11-03 16:05:00,0.0,,United Kingdom,RETURN,True,recovered,2010-11-03,2010,11,2,True,PRICE_ZERO,True
530633,20730,STRAWBERRY CANDY BAG,-20,2010-11-03 16:06:00,0.0,,United Kingdom,RETURN,True,recovered,2010-11-03,2010,11,2,True,PRICE_ZERO,True
530636,22461,SAVOY ART DECO CLOCK,-32,2010-11-03 16:07:00,0.0,,United Kingdom,RETURN,True,recovered,2010-11-03,2010,11,2,True,PRICE_ZERO,True
530635,85132B,CHARLIE AND LOLA TABLE TINS,-90,2010-11-03 16:07:00,0.0,,United Kingdom,RETURN,True,recovered,2010-11-03,2010,11,2,True,PRICE_ZERO,True
530637,35001G,HAND OPEN SHAPE GOLD,-200,2010-11-03 16:08:00,0.0,,United Kingdom,RETURN,True,recovered,2010-11-03,2010,11,2,True,PRICE_ZERO,True
530851,37508,NEW ENGLAND CERAMIC CAKE SERVER,-4,2010-11-04 14:52:00,0.0,,United Kingdom,RETURN,True,recovered,2010-11-04,2010,11,3,True,PRICE_ZERO,True
530853,40003,?,-240,2010-11-04 14:54:00,0.0,,United Kingdom,RETURN,False,original,2010-11-04,2010,11,3,True,PRICE_ZERO,True
530857,84601A,NEW BAROQUE IVORY CUSHION COVER,-5,2010-11-04 14:55:00,0.0,,United Kingdom,RETURN,True,recovered,2010-11-04,2010,11,3,True,PRICE_ZERO,True
530856,84750B,BLACK SMALL GLASS CAKE STAND,-35,2010-11-04 14:55:00,0.0,,United Kingdom,RETURN,True,recovered,2010-11-04,2010,11,3,True,PRICE_ZERO,True
530858,85135B,BLUE DRAGONFLY HELICOPTER,-54,2010-11-04 14:56:00,0.0,,United Kingdom,RETURN,True,recovered,2010-11-04,2010,11,3,True,PRICE_ZERO,True
530861,85136B,BLUE SHARK HELICOPTER,-3,2010-11-04 14:57:00,0.0,,United Kingdom,RETURN,True,recovered,2010-11-04,2010,11,3,True,PRICE_ZERO,True
530862,84192,ASSORTED COLOUR METAL CAT,-130,2010-11-04 14:57:00,0.0,,United Kingdom,RETURN,True,recovered,2010-11-04,2010,11,3,True,PRICE_ZERO,True
530860,85135C,RED DRAGONFLY HELICOPTER,-25,2010-11-04 14:57:00,0.0,,United Kingdom,RETURN,True,recovered,2010-11-04,2010,11,3,True,PRICE_ZERO,True
530864,21763,VINTAGE WOODEN BAR STOOL,-6,2010-11-04 14:58:00,0.0,,United Kingdom,RETURN,True,recovered,2010-11-04,2010,11,3,True,PRICE_ZERO,True
530863,16047,POP ART PEN CASE & PENS,-22,2010-11-04 14:58:00,0.0,,United Kingdom,RETURN,True,recovered,2010-11-04,2010,11,3,True,PRICE_ZERO,True
530865,21767,FRENCH STYLE WIRE DOOR CABINET,-1,2010-11-04 14:58:00,0.0,,United Kingdom,RETURN,True,recovered,2010-11-04,2010,11,3,True,PRICE_ZERO,True
530866,20849,ZINC HEART LATTICE DOUBLE PLANTER,-3,2010-11-04 14:59:00,0.0,,United Kingdom,RETURN,True,recovered,2010-11-04,2010,11,3,True,PRICE_ZERO,True
530868,79320,FLAMINGO LIGHTS,-2,2010-11-04 14:59:00,0.0,,United Kingdom,RETURN,True,recovered,2010-11-04,2010,11,3,True,PRICE_ZERO,True
530867,20800,LARGE GLASS SUNDAE DISH CLEAR,-26,2010-11-04 14:59:00,0.0,,United Kingdom,RETURN,True,recovered,2010-11-04,2010,11,3,True,PRICE_ZERO,True
530869,79071B,ENGLISH ROSE METAL WASTE BIN,-4,2010-11-04 15:00:00,0.0,,United Kingdom,RETURN,True,recovered,2010-11-04,2010,11,3,True,PRICE_ZERO,True
530870,84664,CHERRY BLOSSOM BATHROOM CABINET,-10,2010-11-04 15:00:00,0.0,,United Kingdom,RETURN,True,recovered,2010-11-04,2010,11,3,True,PRICE_ZERO,True
530871,21443,OLIVE CHALET BIRDFEEDER,-2,2010-11-04 15:00:00,0.0,,United Kingdom,RETURN,True,recovered,2010-11-04,2010,11,3,True,PRICE_ZERO,True
530872,22056,CERAMIC PLATE LOVE HEART DESIGN,-18,2010-11-04 15:01:00,0.0,,United Kingdom,RETURN,True,recovered,2010-11-04,2010,11,3,True,PRICE_ZERO,True
530873,21737,SET 3 WICKER LOG BASKETS,-3,2010-11-04 15:01:00,0.0,,United Kingdom,RETURN,True,recovered,2010-11-04,2010,11,3,True,PRICE_ZERO,True
530874,84627,CANDY STRIPE ROSE C/COVER,-1,2010-11-04 15:02:00,0.0,,United Kingdom,RETURN,True,recovered,2010-11-04,2010,11,3,True,PRICE_ZERO,True
530876,35004B,?,-230,2010-11-04 15:03:00,0.0,,United Kingdom,RETURN,False,original,2010-11-04,2010,11,3,True,PRICE_ZERO,True
530878,37509,NEW ENGLAND MUG W GIFT BOX,-10,2010-11-04 15:04:00,0.0,,United Kingdom,RETURN,True,recovered,2010-11-04,2010,11,3,True,PRICE_ZERO,True
530877,84751B,BLACK MEDIUM GLASS CAKE STAND,-60,2010-11-04 15:04:00,0.0,,United Kingdom,RETURN,True,recovered,2010-11-04,2010,11,3,True,PRICE_ZERO,True
530879,21756,BATH BUILDING BLOCK WORD,-2,2010-11-04 15:04:00,0.0,,United Kingdom,RETURN,True,recovered,2010-11-04,2010,11,3,True,PRICE_ZERO,True
530880,84839,SWEETHEART KEY CABINET,-15,2010-11-04 15:05:00,0.0,,United Kingdom,RETURN,True,recovered,2010-11-04,2010,11,3,True,PRICE_ZERO,True
530881,21339,MARAKESH LANTERN LARGE,-2,2010-11-04 15:05:00,0.0,,United Kingdom,RETURN,True,recovered,2010-11-04,2010,11,3,True,PRICE_ZERO,True
530882,17181,CIRCLE OF FRIENDS CANDLE HOLDER,-2,2010-11-04 15:06:00,0.0,,United Kingdom,RETURN,True,recovered,2010-11-04,2010,11,3,True,PRICE_ZERO,True
530883,21770,OPEN CLOSED METAL SIGN,-52,2010-11-04 15:06:00,0.0,,United Kingdom,RETURN,True,recovered,2010-11-04,2010,11,3,True,PRICE_ZERO,True
530884,84891B,GREEN WIRE GOBLET CANDLEHOLDER,-4,2010-11-04 15:07:00,0.0,,United Kingdom,RETURN,True,recovered,2010-11-04,2010,11,3,True,PRICE_ZERO,True
530886,16212,FUNKY GIRLZ ASST MAGNETIC MEMO PAD,-73,2010-11-04 15:07:00,0.0,,United Kingdom,RETURN,True,recovered,2010-11-04,2010,11,3,True,PRICE_ZERO,True
530888,35980C,REDWHITE STRIPE SCANDINAVIAN HEART,-1,2010-11-04 15:08:00,0.0,,United Kingdom,RETURN,True,recovered,2010-11-04,2010,11,3,True,PRICE_ZERO,True
530889,84682,CLASSICAL ROSE DISH,-2,2010-11-04 15:08:00,0.0,,United Kingdom,RETURN,True,recovered,2010-11-04,2010,11,3,True,PRICE_ZERO,True
530890,21269,ANTIQUE CREAM CUTLERY SHELF,-14,2010-11-04 15:08:00,0.0,,United Kingdom,RETURN,True,recovered,2010-11-04,2010,11,3,True,PRICE_ZERO,True
530887,20825,GOLD WINE GLASS,-5,2010-11-04 15:08:00,0.0,,United Kingdom,RETURN,True,recovered,2010-11-04,2010,11,3,True,PRICE_ZERO,True
530891,84760S,SMALL HANGING GLASS+ZINC LANTERN,-30,2010-11-04 15:09:00,0.0,,United Kingdom,RETURN,True,recovered,2010-11-04,2010,11,3,True,PRICE_ZERO,True
530892,21444,BLUE CHALET BIRDFEEDER,-10,2010-11-04 15:09:00,0.0,,United Kingdom,RETURN,True,recovered,2010-11-04,2010,11,3,True,PRICE_ZERO,True
530893,22864,MUG AND COASTER SET RED CIRCLES,-6,2010-11-04 15:09:00,0.0,,United Kingdom,RETURN,True,recovered,2010-11-04,2010,11,3,True,PRICE_ZERO,True
530895,37343,SPOTS DESIGN MUG W PINK INSIDE,-50,2010-11-04 15:10:00,0.0,,United Kingdom,RETURN,True,recovered,2010-11-04,2010,11,3,True,PRICE_ZERO,True
530898,47579,TEA TIME BREAKFAST BASKET,-13,2010-11-04 15:11:00,0.0,,United Kingdom,RETURN,True,recovered,2010-11-04,2010,11,3,True,PRICE_ZERO,True
530896,35471A,SET OF 3 BIRD L.BLUE FEATHER,-54,2010-11-04 15:11:00,0.0,,United Kingdom,RETURN,True,recovered,2010-11-04,2010,11,3,True,PRICE_ZERO,True
530899,84914A,PINK ROSE PICNIC RUG,-2,2010-11-04 15:12:00,0.0,,United Kingdom,RETURN,True,recovered,2010-11-04,2010,11,3,True,PRICE_ZERO,True
530900,84676,BATH DUCK WATERING CAN,-7,2010-11-04 15:13:00,0.0,,United Kingdom,RETURN,True,recovered,2010-11-04,2010,11,3,True,PRICE_ZERO,True
530901,85109,PINK BOUDOIR T-LIGHT HOLDER,-120,2010-11-04 15:13:00,0.0,,United Kingdom,RETURN,True,recovered,2010-11-04,2010,11,3,True,PRICE_ZERO,True
531039,20799,PINK MILKSHAKE GLASS,-2,2010-11-05 11:59:00,0.0,,United Kingdom,RETURN,True,recovered,2010-11-05,2010,11,4,True,PRICE_ZERO,True
531042,37503,TEA TIME CAKE STAND IN GIFT BOX,-2,2010-11-05 11:59:00,0.0,,United Kingdom,RETURN,True,recovered,2010-11-05,2010,11,4,True,PRICE_ZERO,True
531137,22734,Carton qnty was 216 not 144 as stat,-900,2010-11-05 14:09:00,0.0,,United Kingdom,RETURN,False,original,2010-11-05,2010,11,4,True,PRICE_ZERO,True
531139,79030A,"TUMBLER, ENGLISH ROSE",-44,2010-11-05 14:10:00,0.0,,United Kingdom,RETURN,True,recovered,2010-11-05,2010,11,4,True,PRICE_ZERO,True
531140,15002,rex use,-1000,2010-11-05 14:11:00,0.0,,United Kingdom,RETURN,False,original,2010-11-05,2010,11,4,True,PRICE_ZERO,True
531143,85189,HANGING BUTTERFLY  EGG,-32,2010-11-05 14:12:00,0.0,,United Kingdom,RETURN,True,recovered,2010-11-05,2010,11,4,True,PRICE_ZERO,True
531142,20827,GOLD APERITIF GLASS,-45,2010-11-05 14:12:00,0.0,,United Kingdom,RETURN,True,recovered,2010-11-05,2010,11,4,True,PRICE_ZERO,True
531144,17178,FLAT PALM T-LIGHT HOLDER,-4,2010-11-05 14:12:00,0.0,,United Kingdom,RETURN,True,recovered,2010-11-05,2010,11,4,True,PRICE_ZERO,True
531147,47592A,CAROUSEL DES CHILD'S OVERALL,-28,2010-11-05 14:14:00,0.0,,United Kingdom,RETURN,True,recovered,2010-11-05,2010,11,4,True,PRICE_ZERO,True
531148,85195,HANGING HEART BASKET,-110,2010-11-05 14:16:00,0.0,,United Kingdom,RETURN,True,recovered,2010-11-05,2010,11,4,True,PRICE_ZERO,True
531150,79303A,WHITE ROHMBIC BLOCK TABLE LAMP,-5,2010-11-05 14:16:00,0.0,,United Kingdom,RETURN,True,recovered,2010-11-05,2010,11,4,True,PRICE_ZERO,True
531151,37422,WHITE WITH BLACK CATS BOWL,-2,2010-11-05 14:17:00,0.0,,United Kingdom,RETURN,True,recovered,2010-11-05,2010,11,4,True,PRICE_ZERO,True
531152,37423,WHITE WITH BLACK CATS PLATE,-120,2010-11-05 14:17:00,0.0,,United Kingdom,RETURN,True,recovered,2010-11-05,2010,11,4,True,PRICE_ZERO,True
531153,37424,WHITE WITH BLACK CATS MUG,-135,2010-11-05 14:18:00,0.0,,United Kingdom,RETURN,True,recovered,2010-11-05,2010,11,4,True,PRICE_ZERO,True
531154,84425A,WHITE GLASS TV TRIPLE FRAME,-2,2010-11-05 14:18:00,0.0,,United Kingdom,RETURN,True,recovered,2010-11-05,2010,11,4,True,PRICE_ZERO,True
531157,37444B,BLUE BREAKFAST CUP AND SAUCER,-16,2010-11-05 14:19:00,0.0,,United Kingdom,RETURN,True,recovered,2010-11-05,2010,11,4,True,PRICE_ZERO,True
531155,35981C,WHITE SNOW SCANDINAVIAN STOCKING,-8,2010-11-05 14:19:00,0.0,,United Kingdom,RETURN,True,recovered,2010-11-05,2010,11,4,True,PRICE_ZERO,True
531156,37461,FUNKY MONKEY MUG,-12,2010-11-05 14:19:00,0.0,,United Kingdom,RETURN,True,recovered,2010-11-05,2010,11,4,True,PRICE_ZERO,True
531160,47581B,FAIRY CAKE WICKER PICNIC BASKET,-2,2010-11-05 14:20:00,0.0,,United Kingdom,RETURN,True,recovered,2010-11-05,2010,11,4,True,PRICE_ZERO,True
531159,84802A,WHITE ANEMONE ARTIFICIAL FLOWER,-4,2010-11-05 14:20:00,0.0,,United Kingdom,RETURN,True,recovered,2010-11-05,2010,11,4,True,PRICE_ZERO,True
531163,47568,ENGLISH ROSE DESIGN PEG BAG,-2,2010-11-05 14:21:00,0.0,,United Kingdom,RETURN,True,recovered,2010-11-05,2010,11,4,True,PRICE_ZERO,True
531161,85121C,RETRO LAUNDRY TUB PISTACHIO,-15,2010-11-05 14:21:00,0.0,,United Kingdom,RETURN,True,recovered,2010-11-05,2010,11,4,True,PRICE_ZERO,True
531165,16015,MEDIUM CHINESE STYLE SCISSOR,-270,2010-11-05 14:28:00,0.0,,United Kingdom,RETURN,True,recovered,2010-11-05,2010,11,4,True,PRICE_ZERO,True
531168,47504E,ENGLISH ROSE SCISSORS,-36,2010-11-05 14:34:00,0.0,,United Kingdom,RETURN,True,recovered,2010-11-05,2010,11,4,True,PRICE_ZERO,True
531167,47503H,ASS FLORAL PRINT SPIRIT LEVEL,-10,2010-11-05 14:34:00,0.0,,United Kingdom,RETURN,True,recovered,2010-11-05,2010,11,4,True,PRICE_ZERO,True
531169,47503E,ASS FLORAL PRINT SCISSORS,-15,2010-11-05 14:34:00,0.0,,United Kingdom,RETURN,True,recovered,2010-11-05,2010,11,4,True,PRICE_ZERO,True
531172,84765,SILVER ROCOCO CANDELABRA,-4,2010-11-05 14:36:00,0.0,,United Kingdom,RETURN,True,recovered,2010-11-05,2010,11,4,True,PRICE_ZERO,True
531170,35936,CERISE+GOLD CHRISTMAS TREE DEC,-23,2010-11-05 14:36:00,0.0,,United Kingdom,RETURN,True,recovered,2010-11-05,2010,11,4,True,PRICE_ZERO,True
531171,84762A,WHITE PICNIC BARBECUE BUCKET,-6,2010-11-05 14:36:00,0.0,,United Kingdom,RETURN,True,recovered,2010-11-05,2010,11,4,True,PRICE_ZERO,True
531173,37464,ROBOT MUG IN DISPLAY BOX,-210,2010-11-05 14:37:00,0.0,,United Kingdom,RETURN,True,recovered,2010-11-05,2010,11,4,True,PRICE_ZERO,True
531174,84965B,BLUE KASHMIRI COFFEE TABLE,-1,2010-11-05 14:38:00,0.0,,United Kingdom,RETURN,True,recovered,2010-11-05,2010,11,4,True,PRICE_ZERO,True
531175,84962,SET/3 COLOUR PAINTED KASHMIRI STOOL,-2,2010-11-05 14:38:00,0.0,,United Kingdom,RETURN,True,recovered,2010-11-05,2010,11,4,True,PRICE_ZERO,True
531177,20852,Given away,-8800,2010-11-05 14:40:00,0.0,,United Kingdom,RETURN,False,original,2010-11-05,2010,11,4,True,PRICE_ZERO,True
531178,22126,given away,-6400,2010-11-05 14:40:00,0.0,,United Kingdom,RETURN,True,recovered,2010-11-05,2010,11,4,True,PRICE_ZERO,True
531216,21614,SET OF 12 ROSE BOTANICAL T-LIGHTS,-74,2010-11-05 16:25:00,0.0,,United Kingdom,RETURN,True,recovered,2010-11-05,2010,11,4,True,PRICE_ZERO,True
531218,84686,BEACH HUT MIRROR,-44,2010-11-05 16:26:00,0.0,,United Kingdom,RETURN,True,recovered,2010-11-05,2010,11,4,True,PRICE_ZERO,True
531217,20933,YELLOW POT PLANT CANDLE,-5,2010-11-05 16:26:00,0.0,,United Kingdom,RETURN,True,recovered,2010-11-05,2010,11,4,True,PRICE_ZERO,True
531222,22218,CAKE STAND LACE WHITE,-2,2010-11-05 16:27:00,0.0,,United Kingdom,RETURN,True,recovered,2010-11-05,2010,11,4,True,PRICE_ZERO,True
531223,22591,CARDHOLDER GINGHAM CHRISTMAS TREE,-20,2010-11-05 16:29:00,0.0,,United Kingdom,RETURN,True,recovered,2010-11-05,2010,11,4,True,PRICE_ZERO,True
531224,20950,SET/6  ANGEL T-LIGHTS WHITE/GOLD,-16,2010-11-05 16:30:00,0.0,,United Kingdom,RETURN,True,recovered,2010-11-05,2010,11,4,True,PRICE_ZERO,True
531225,72814,SET OF 3 CHRISTMAS BRIAR CANDLES,-61,2010-11-05 16:36:00,0.0,,United Kingdom,RETURN,True,recovered,2010-11-05,2010,11,4,True,PRICE_ZERO,True
531226,21146,ANTIQUE GLASS RIDGED HANGING BALL,-18,2010-11-05 16:36:00,0.0,,United Kingdom,RETURN,True,recovered,2010-11-05,2010,11,4,True,PRICE_ZERO,True
531475,21491,SET OF THREE VINTAGE GIFT WRAPS,-15,2010-11-08 14:16:00,0.0,,United Kingdom,RETURN,True,recovered,2010-11-08,2010,11,0,True,PRICE_ZERO,True
531757,82552,WASHROOM METAL SIGN,-2,2010-11-09 13:26:00,0.0,,United Kingdom,RETURN,True,recovered,2010-11-09,2010,11,1,True,PRICE_ZERO,True
531862,85232B,wrong code,-258,2010-11-10 10:49:00,0.0,,United Kingdom,RETURN,False,original,2010-11-10,2010,11,2,True,PRICE_ZERO,True
532132,21360,JOY LARGE WOOD LETTERS,-25,2010-11-11 10:53:00,0.0,,United Kingdom,RETURN,True,recovered,2010-11-11,2010,11,3,True,PRICE_ZERO,True
532133,35591T,TURQUOISE CHRISTMAS TREE,-24,2010-11-11 10:53:00,0.0,,United Kingdom,RETURN,True,recovered,2010-11-11,2010,11,3,True,PRICE_ZERO,True
532134,72815,3 WICK CHRISTMAS BRIAR CANDLE,-34,2010-11-11 10:53:00,0.0,,United Kingdom,RETURN,True,recovered,2010-11-11,2010,11,3,True,PRICE_ZERO,True
532135,22959,WRAP CHRISTMAS VILLAGE,-63,2010-11-11 11:01:00,0.0,,United Kingdom,RETURN,True,recovered,2010-11-11,2010,11,3,True,PRICE_ZERO,True
532843,35400,damages,-189,2010-11-15 10:11:00,0.0,,United Kingdom,RETURN,False,original,2010-11-15,2010,11,0,True,PRICE_ZERO,True
532854,22470,HEART OF WICKER LARGE,-126,2010-11-15 10:59:00,0.0,,United Kingdom,RETURN,True,recovered,2010-11-15,2010,11,0,True,PRICE_ZERO,True
533324,72750B,FLOWER FAIRY SET 3 CANDLES LAVENDER,-44,2010-11-16 17:38:00,0.0,,United Kingdom,RETURN,True,recovered,2010-11-16,2010,11,1,True,PRICE_ZERO,True
533403,22850,BREAD BIN DINER STYLE BLACK,-8,2010-11-17 11:12:00,0.0,,United Kingdom,RETURN,True,recovered,2010-11-17,2010,11,2,True,PRICE_ZERO,True
533868,21843,damaged,-25,2010-11-19 11:34:00,0.0,,United Kingdom,RETURN,False,original,2010-11-19,2010,11,4,True,PRICE_ZERO,True
533872,22423,damaged,-29,2010-11-19 11:35:00,0.0,,United Kingdom,RETURN,False,original,2010-11-19,2010,11,4,True,PRICE_ZERO,True
533992,85063,damaged,-16,2010-11-19 14:05:00,0.0,,United Kingdom,RETURN,False,original,2010-11-19,2010,11,4,True,PRICE_ZERO,True
534475,21841,BABY MOUSE RED GINGHAM DRESS,-142,2010-11-23 10:45:00,0.0,,United Kingdom,RETURN,True,recovered,2010-11-23,2010,11,1,True,PRICE_ZERO,True
534477,21826,EIGHT PIECE DINOSAUR SET,-23,2010-11-23 10:45:00,0.0,,United Kingdom,RETURN,True,recovered,2010-11-23,2010,11,1,True,PRICE_ZERO,True
534476,85226A,WHITE/BLUE PULL BACK RACING CAR,-327,2010-11-23 10:45:00,0.0,,United Kingdom,RETURN,True,recovered,2010-11-23,2010,11,1,True,PRICE_ZERO,True
534479,21681,GIANT MEDINA STAMPED METAL BOWL,-7,2010-11-23 10:46:00,0.0,,United Kingdom,RETURN,True,recovered,2010-11-23,2010,11,1,True,PRICE_ZERO,True
534478,21815,STAR  T-LIGHT HOLDER,-46,2010-11-23 10:46:00,0.0,,United Kingdom,RETURN,True,recovered,2010-11-23,2010,11,1,True,PRICE_ZERO,True
534480,20871,OPULENT VELVET SET/3 CANDLES,-230,2010-11-23 10:47:00,0.0,,United Kingdom,RETURN,True,recovered,2010-11-23,2010,11,1,True,PRICE_ZERO,True
534483,21333,CLASSIC WHITE FRAME,-31,2010-11-23 10:47:00,0.0,,United Kingdom,RETURN,True,recovered,2010-11-23,2010,11,1,True,PRICE_ZERO,True
534481,84625D,WHITE NEWBAROQUE CANDLESTICK CANDLE,-30,2010-11-23 10:47:00,0.0,,United Kingdom,RETURN,True,recovered,2010-11-23,2010,11,1,True,PRICE_ZERO,True
534482,72801G,4 BURGUNDY WINE DINNER CANDLES,-34,2010-11-23 10:47:00,0.0,,United Kingdom,RETURN,True,recovered,2010-11-23,2010,11,1,True,PRICE_ZERO,True
534485,22451,SILK PURSE BABUSHKA RED,-90,2010-11-23 10:48:00,0.0,,United Kingdom,RETURN,True,recovered,2010-11-23,2010,11,1,True,PRICE_ZERO,True
534484,22450,SILK PURSE BABUSHKA BLUE,-90,2010-11-23 10:48:00,0.0,,United Kingdom,RETURN,True,recovered,2010-11-23,2010,11,1,True,PRICE_ZERO,True
534487,35471A,SET OF 3 BIRD L.BLUE FEATHER,-24,2010-11-23 10:49:00,0.0,,United Kingdom,RETURN,True,recovered,2010-11-23,2010,11,1,True,PRICE_ZERO,True
534488,21412,VINTAGE GOLD TINSEL REEL,-32,2010-11-23 10:50:00,0.0,,United Kingdom,RETURN,True,recovered,2010-11-23,2010,11,1,True,PRICE_ZERO,True
534491,20878,SET/9 CHRISTMAS T-LIGHTS SCENTED,-58,2010-11-23 10:50:00,0.0,,United Kingdom,RETURN,True,recovered,2010-11-23,2010,11,1,True,PRICE_ZERO,True
534492,35958,FOLKART ZINC STAR CHRISTMAS DEC,-198,2010-11-23 10:51:00,0.0,,United Kingdom,RETURN,True,recovered,2010-11-23,2010,11,1,True,PRICE_ZERO,True
534493,21653,?,-130,2010-11-23 10:55:00,0.0,,United Kingdom,RETURN,False,original,2010-11-23,2010,11,1,True,PRICE_ZERO,True
534494,84908A,PINK 5 PATCH FLOWER CUSHION COVER,-43,2010-11-23 10:58:00,0.0,,United Kingdom,RETURN,True,recovered,2010-11-23,2010,11,1,True,PRICE_ZERO,True
534496,21017,RED BIRD HOUSE TREE DECORATION,-160,2010-11-23 10:59:00,0.0,,United Kingdom,RETURN,True,recovered,2010-11-23,2010,11,1,True,PRICE_ZERO,True
534495,84908B,BLUE 5 PATCH FLOWER CUSHION COVER,-53,2010-11-23 10:59:00,0.0,,United Kingdom,RETURN,True,recovered,2010-11-23,2010,11,1,True,PRICE_ZERO,True
534502,20786,Damages,-18,2010-11-23 11:29:00,0.0,,United Kingdom,RETURN,False,original,2010-11-23,2010,11,1,True,PRICE_ZERO,True
534503,20787,damaged,-1,2010-11-23 11:30:00,0.0,,United Kingdom,RETURN,False,original,2010-11-23,2010,11,1,True,PRICE_ZERO,True
535280,16169C,damages,-200,2010-11-25 14:16:00,0.0,,United Kingdom,RETURN,False,original,2010-11-25,2010,11,3,True,PRICE_ZERO,True
535339,85084,Damages,-15,2010-11-25 16:16:00,0.0,,United Kingdom,RETURN,False,original,2010-11-25,2010,11,3,True,PRICE_ZERO,True
535636,22963,JAM JAR WITH GREEN LID,-100,2010-11-26 18:08:00,0.0,,United Kingdom,RETURN,True,recovered,2010-11-26,2010,11,4,True,PRICE_ZERO,True
535635,22962,JAM JAR WITH PINK LID,-100,2010-11-26 18:08:00,0.0,,United Kingdom,RETURN,True,recovered,2010-11-26,2010,11,4,True,PRICE_ZERO,True
535634,22961,JAM MAKING SET PRINTED,-100,2010-11-26 18:08:00,0.0,,United Kingdom,RETURN,True,recovered,2010-11-26,2010,11,4,True,PRICE_ZERO,True
535638,22558,CLOTHES PEGS RETROSPOT PACK 24,-12,2010-11-26 18:09:00,0.0,,United Kingdom,RETURN,True,recovered,2010-11-26,2010,11,4,True,PRICE_ZERO,True
535637,22960,JAM MAKING SET WITH JARS,-100,2010-11-26 18:09:00,0.0,,United Kingdom,RETURN,True,recovered,2010-11-26,2010,11,4,True,PRICE_ZERO,True
535829,21614,SET OF 12 ROSE BOTANICAL T-LIGHTS,-5,2010-11-29 09:31:00,0.0,,United Kingdom,RETURN,True,recovered,2010-11-29,2010,11,0,True,PRICE_ZERO,True
535833,21614,SET OF 12 ROSE BOTANICAL T-LIGHTS,-1,2010-11-29 09:43:00,0.0,,United Kingdom,RETURN,True,recovered,2010-11-29,2010,11,0,True,PRICE_ZERO,True
535840,21017,RED BIRD HOUSE TREE DECORATION,-8,2010-11-29 10:17:00,0.0,,United Kingdom,RETURN,True,recovered,2010-11-29,2010,11,0,True,PRICE_ZERO,True
535841,21016,LIGHT BIRD HOUSE TREE DECORATION,-1,2010-11-29 10:17:00,0.0,,United Kingdom,RETURN,True,recovered,2010-11-29,2010,11,0,True,PRICE_ZERO,True
535884,84270,Damaged,-411,2010-11-29 11:11:00,0.0,,United Kingdom,RETURN,False,original,2010-11-29,2010,11,0,True,PRICE_ZERO,True
536181,85170A,SET/6 IVORY BIRD T-LIGHT CANDLES,-115,2010-11-30 12:24:00,0.0,,United Kingdom,RETURN,True,recovered,2010-11-30,2010,11,1,True,PRICE_ZERO,True
536362,22698,PINK REGENCY TEACUP AND SAUCER,-50,2010-11-30 18:50:00,0.0,,United Kingdom,RETURN,True,recovered,2010-11-30,2010,11,1,True,PRICE_ZERO,True
536589,21777,RECIPE BOX WITH METAL HEART,-10,2010-12-01 16:50:00,0.0,,United Kingdom,RETURN,True,recovered,2010-12-01,2010,12,2,True,PRICE_ZERO,True
536764,84952C,MIRROR LOVE BIRD T-LIGHT HOLDER,-38,2010-12-02 14:42:00,0.0,,United Kingdom,RETURN,True,recovered,2010-12-02,2010,12,3,True,PRICE_ZERO,True
536998,85067,CREAM SWEETHEART WALL CABINET,-6,2010-12-03 15:30:00,0.0,,United Kingdom,RETURN,True,recovered,2010-12-03,2010,12,4,True,PRICE_ZERO,True
536996,22712,CARD DOLLY GIRL,-20,2010-12-03 15:30:00,0.0,,United Kingdom,RETURN,True,recovered,2010-12-03,2010,12,4,True,PRICE_ZERO,True
536997,22028,PENNY FARTHING BIRTHDAY CARD,-20,2010-12-03 15:30:00,0.0,,United Kingdom,RETURN,True,recovered,2010-12-03,2010,12,4,True,PRICE_ZERO,True
537000,21414,SCALLOP SHELL SOAP DISH,-22,2010-12-03 15:32:00,0.0,,United Kingdom,RETURN,True,recovered,2010-12-03,2010,12,4,True,PRICE_ZERO,True
537001,21653,GLASS ETCHED T-LIGHT HOLDER LARGE,-6,2010-12-03 15:33:00,0.0,,United Kingdom,RETURN,True,recovered,2010-12-03,2010,12,4,True,PRICE_ZERO,True
537003,85126,LARGE ROUND CUTGLASS CANDLESTICK,-2,2010-12-03 15:33:00,0.0,,United Kingdom,RETURN,True,recovered,2010-12-03,2010,12,4,True,PRICE_ZERO,True
537004,21814,HEART T-LIGHT HOLDER,-30,2010-12-03 15:34:00,0.0,,United Kingdom,RETURN,True,recovered,2010-12-03,2010,12,4,True,PRICE_ZERO,True
537005,21692,SILVER LATTICE VANILLA CANDLE POT,-70,2010-12-03 15:35:00,0.0,,United Kingdom,RETURN,True,recovered,2010-12-03,2010,12,4,True,PRICE_ZERO,True
537007,21172,PARTY METAL SIGN,-80,2010-12-03 15:36:00,0.0,,United Kingdom,RETURN,True,recovered,2010-12-03,2010,12,4,True,PRICE_ZERO,True
537006,21648,ASSORTED TUTTI FRUTTI SMALL PURSE,-130,2010-12-03 15:36:00,0.0,,United Kingdom,RETURN,True,recovered,2010-12-03,2010,12,4,True,PRICE_ZERO,True
537008,21161,KEEP OUT BOYS DOOR HANGER,-120,2010-12-03 15:37:00,0.0,,United Kingdom,RETURN,True,recovered,2010-12-03,2010,12,4,True,PRICE_ZERO,True
537009,84534B,FAIRY CAKE NOTEBOOK A5 SIZE,-80,2010-12-03 15:38:00,0.0,,United Kingdom,RETURN,True,recovered,2010-12-03,2010,12,4,True,PRICE_ZERO,True
537010,22162,HEART GARLAND RUSTIC PADDED,-40,2010-12-03 15:38:00,0.0,,United Kingdom,RETURN,True,recovered,2010-12-03,2010,12,4,True,PRICE_ZERO,True
537011,22139,RETROSPOT TEA SET CERAMIC 11 PC,-5,2010-12-03 15:38:00,0.0,,United Kingdom,RETURN,True,recovered,2010-12-03,2010,12,4,True,PRICE_ZERO,True
537012,21535,RED RETROSPOT SMALL MILK JUG,-12,2010-12-03 15:39:00,0.0,,United Kingdom,RETURN,True,recovered,2010-12-03,2010,12,4,True,PRICE_ZERO,True
537014,21040,MODERN VINTAGE COTTON SHOPPING BAG,-20,2010-12-03 15:40:00,0.0,,United Kingdom,RETURN,True,recovered,2010-12-03,2010,12,4,True,PRICE_ZERO,True
537013,35965,FOLKART HEART NAPKIN RINGS,-25,2010-12-03 15:40:00,0.0,,United Kingdom,RETURN,True,recovered,2010-12-03,2010,12,4,True,PRICE_ZERO,True
537016,21836,GINGHAM OVEN GLOVE RED HEART,-15,2010-12-03 15:41:00,0.0,,United Kingdom,RETURN,True,recovered,2010-12-03,2010,12,4,True,PRICE_ZERO,True
537017,47556B,TEA TIME TEA TOWELS,-69,2010-12-03 15:41:00,0.0,,United Kingdom,RETURN,True,recovered,2010-12-03,2010,12,4,True,PRICE_ZERO,True
537015,37464,ROBOT MUG IN DISPLAY BOX,-14,2010-12-03 15:41:00,0.0,,United Kingdom,RETURN,True,recovered,2010-12-03,2010,12,4,True,PRICE_ZERO,True
537018,84562A,PINK/WHITE RIBBED MELAMINE JUG,-3,2010-12-03 15:42:00,0.0,,United Kingdom,RETURN,True,recovered,2010-12-03,2010,12,4,True,PRICE_ZERO,True
537019,37474,SET/4 2 TONE EGG SHAPE MIXING BOWLS,-15,2010-12-03 15:43:00,0.0,,United Kingdom,RETURN,True,recovered,2010-12-03,2010,12,4,True,PRICE_ZERO,True
537020,21807,WHITE CHRISTMAS STAR DECORATION,-30,2010-12-03 15:43:00,0.0,,United Kingdom,RETURN,True,recovered,2010-12-03,2010,12,4,True,PRICE_ZERO,True
537021,21011,GLITTER SNOW PEAR TREE DECORATION,-20,2010-12-03 15:43:00,0.0,,United Kingdom,RETURN,True,recovered,2010-12-03,2010,12,4,True,PRICE_ZERO,True
537027,18098C,PORCELAIN BUTTERFLY OIL BURNER,-140,2010-12-03 16:36:00,0.0,,United Kingdom,RETURN,True,recovered,2010-12-03,2010,12,4,True,PRICE_ZERO,True
537028,21696,SMALL SILVER TRELLIS CANDLEPOT,-320,2010-12-03 16:36:00,0.0,,United Kingdom,RETURN,True,recovered,2010-12-03,2010,12,4,True,PRICE_ZERO,True
537029,37476,CONDIMENT TRAY 4 BOWLS AND 4 SPOONS,-6,2010-12-03 16:37:00,0.0,,United Kingdom,RETURN,True,recovered,2010-12-03,2010,12,4,True,PRICE_ZERO,True
537032,21275,?,-30,2010-12-03 16:50:00,0.0,,United Kingdom,RETURN,False,original,2010-12-03,2010,12,4,True,PRICE_ZERO,True
537363,84569B,PACK 3 FIRE ENGINE/CAR PATCHES,-20,2010-12-06 12:35:00,0.0,,United Kingdom,RETURN,True,recovered,2010-12-06,2010,12,0,True,PRICE_ZERO,True
537364,21027,NINJA RABBIT PINK,-70,2010-12-06 12:36:00,0.0,,United Kingdom,RETURN,True,recovered,2010-12-06,2010,12,0,True,PRICE_ZERO,True
537401,84898F,YELLOW FLOWERS FELT HANDBAG KIT,-24,2010-12-06 14:37:00,0.0,,United Kingdom,RETURN,True,recovered,2010-12-06,2010,12,0,True,PRICE_ZERO,True
537425,84968F,check,-20,2010-12-06 15:35:00,0.0,,United Kingdom,RETURN,False,original,2010-12-06,2010,12,0,True,PRICE_ZERO,True
537426,84968E,check,-35,2010-12-06 15:36:00,0.0,,United Kingdom,RETURN,False,original,2010-12-06,2010,12,0,True,PRICE_ZERO,True
537427,84968B,S/16 VINTAGE IVORY CUTLERY,-21,2010-12-06 15:37:00,0.0,,United Kingdom,RETURN,True,recovered,2010-12-06,2010,12,0,True,PRICE_ZERO,True
537432,35833G,damages,-43,2010-12-06 16:10:00,0.0,,United Kingdom,RETURN,False,original,2010-12-06,2010,12,0,True,PRICE_ZERO,True
537449,21054,NURSE'S BAG SOFT TOY,-30,2010-12-07 09:26:00,0.0,,United Kingdom,RETURN,True,recovered,2010-12-07,2010,12,1,True,PRICE_ZERO,True
537450,20684,STRAWBERRY DREAM CHILDS UMBRELLA,-19,2010-12-07 09:26:00,0.0,,United Kingdom,RETURN,True,recovered,2010-12-07,2010,12,1,True,PRICE_ZERO,True
537451,84881,BLUE WIRE SPIRAL CANDLE HOLDER,-11,2010-12-07 09:27:00,0.0,,United Kingdom,RETURN,True,recovered,2010-12-07,2010,12,1,True,PRICE_ZERO,True
537452,20941,FROG CANDLE,-24,2010-12-07 09:28:00,0.0,,United Kingdom,RETURN,True,recovered,2010-12-07,2010,12,1,True,PRICE_ZERO,True
537453,21248,DOOR HANGER  MUM + DADS ROOM,-18,2010-12-07 09:28:00,0.0,,United Kingdom,RETURN,True,recovered,2010-12-07,2010,12,1,True,PRICE_ZERO,True
537454,21349,IVY HEART WREATH,-44,2010-12-07 09:30:00,0.0,,United Kingdom,RETURN,True,recovered,2010-12-07,2010,12,1,True,PRICE_ZERO,True
537455,22155,STAR DECORATION RUSTIC,-70,2010-12-07 09:31:00,0.0,,United Kingdom,RETURN,True,recovered,2010-12-07,2010,12,1,True,PRICE_ZERO,True
537466,21488,RED WHITE SCARF  HOT WATER BOTTLE,-50,2010-12-07 10:33:00,0.0,,United Kingdom,RETURN,True,recovered,2010-12-07,2010,12,1,True,PRICE_ZERO,True
537687,84840,SWEETHEART CARRY-ALL BASKET,-9,2010-12-08 10:26:00,0.0,,United Kingdom,RETURN,True,recovered,2010-12-08,2010,12,2,True,PRICE_ZERO,True
537870,21486,PINK HEART DOTS HOT WATER BOTTLE,-77,2010-12-08 17:08:00,0.0,,United Kingdom,RETURN,True,recovered,2010-12-08,2010,12,2,True,PRICE_ZERO,True
537999,22034,ROBIN CHRISTMAS CARD,-223,2010-12-09 11:44:00,0.0,,United Kingdom,RETURN,True,recovered,2010-12-09,2010,12,3,True,PRICE_ZERO,True
538042,21763,VINTAGE WOODEN BAR STOOL,-4,2010-12-09 13:10:00,0.0,,United Kingdom,RETURN,True,recovered,2010-12-09,2010,12,3,True,PRICE_ZERO,True
538043,22833,HALL CABINET WITH 3 DRAWERS,-1,2010-12-09 13:10:00,0.0,,United Kingdom,RETURN,True,recovered,2010-12-09,2010,12,3,True,PRICE_ZERO,True
538046,85008,SET OF 3 CONEY ISLAND OVAL BOXES,-15,2010-12-09 13:12:00,0.0,,United Kingdom,RETURN,True,recovered,2010-12-09,2010,12,3,True,PRICE_ZERO,True
538047,21429,RED GINGHAM ROSE JEWELLERY BOX,-70,2010-12-09 13:13:00,0.0,,United Kingdom,RETURN,True,recovered,2010-12-09,2010,12,3,True,PRICE_ZERO,True
538054,85167B,BLACK GRAND BAROQUE PHOTO FRAME,-24,2010-12-09 13:34:00,0.0,,United Kingdom,RETURN,True,recovered,2010-12-09,2010,12,3,True,PRICE_ZERO,True
538055,22454,MEASURING TAPE BABUSHKA RED,-20,2010-12-09 13:34:00,0.0,,United Kingdom,RETURN,True,recovered,2010-12-09,2010,12,3,True,PRICE_ZERO,True
538058,20966,SANDWICH BATH SPONGE,-150,2010-12-09 13:38:00,0.0,,United Kingdom,RETURN,True,recovered,2010-12-09,2010,12,3,True,PRICE_ZERO,True
538061,21801,CHRISTMAS TREE DECORATION WITH BELL,-38,2010-12-09 13:39:00,0.0,,United Kingdom,RETURN,True,recovered,2010-12-09,2010,12,3,True,PRICE_ZERO,True
538072,22423,faulty,-13,2010-12-09 14:10:00,0.0,,United Kingdom,RETURN,False,original,2010-12-09,2010,12,3,True,PRICE_ZERO,True
538074,21743,STAR PORTABLE TABLE LIGHT,-80,2010-12-09 14:11:00,0.0,,United Kingdom,RETURN,True,recovered,2010-12-09,2010,12,3,True,PRICE_ZERO,True
538090,20956,?,-723,2010-12-09 14:48:00,0.0,,United Kingdom,RETURN,False,original,2010-12-09,2010,12,3,True,PRICE_ZERO,True
538092,37467,PIG MUG IN TWO COLOUR DESIGNS,-177,2010-12-09 14:49:00,0.0,,United Kingdom,RETURN,True,recovered,2010-12-09,2010,12,3,True,PRICE_ZERO,True
538159,21324,HANGING MEDINA LANTERN SMALL,-18,2010-12-09 17:17:00,0.0,,United Kingdom,RETURN,True,recovered,2010-12-09,2010,12,3,True,PRICE_ZERO,True
538158,20892,SET/3 TALL GLASS CANDLE HOLDER PINK,-32,2010-12-09 17:17:00,0.0,,United Kingdom,RETURN,True,recovered,2010-12-09,2010,12,3,True,PRICE_ZERO,True
538161,46000S,Dotcom sales,-100,2010-12-09 17:25:00,0.0,,United Kingdom,RETURN,False,original,2010-12-09,2010,12,3,True,PRICE_ZERO,True
538162,46000M,Dotcom sales,-100,2010-12-09 17:25:00,0.0,,United Kingdom,RETURN,False,original,2010-12-09,2010,12,3,True,PRICE_ZERO,True
538173,22353,LUNCH BOX WITH CUTLERY FAIRY CAKES,-28,2010-12-10 09:35:00,0.0,,United Kingdom,RETURN,True,recovered,2010-12-10,2010,12,4,True,PRICE_ZERO,True
538241,21431,GREEN GINGHAM FLOWER JEWELLERY BOX,-21,2010-12-10 12:00:00,0.0,,United Kingdom,RETURN,True,recovered,2010-12-10,2010,12,4,True,PRICE_ZERO,True
538247,79067,CORONA MEXICAN TRAY,-145,2010-12-10 12:09:00,0.0,,United Kingdom,RETURN,True,recovered,2010-12-10,2010,12,4,True,PRICE_ZERO,True
538837,85135B,BLUE DRAGONFLY HELICOPTER,-40,2010-12-14 13:10:00,0.0,,United Kingdom,RETURN,True,recovered,2010-12-14,2010,12,1,True,PRICE_ZERO,True
538906,21895,POTTING SHED SOW 'N' GROW SET,-5,2010-12-15 10:31:00,0.0,,United Kingdom,RETURN,True,recovered,2010-12-15,2010,12,2,True,PRICE_ZERO,True
539980,35001W,HAND OPEN SHAPE DECO.WHITE,-36,2010-12-23 14:34:00,0.0,,United Kingdom,RETURN,True,recovered,2010-12-23,2010,12,3,True,PRICE_ZERO,True
539994,22830,UTILTY CABINET WITH HOOKS,-1,2011-01-04 10:09:00,0.0,,United Kingdom,RETURN,True,recovered,2011-01-04,2011,1,1,True,PRICE_ZERO,True
539996,21784,SHOE SHINE BOX,-10,2011-01-04 10:12:00,0.0,,United Kingdom,RETURN,True,recovered,2011-01-04,2011,1,1,True,PRICE_ZERO,True
539995,85064,CREAM SWEETHEART LETTER RACK,-12,2011-01-04 10:12:00,0.0,,United Kingdom,RETURN,True,recovered,2011-01-04,2011,1,1,True,PRICE_ZERO,True
539999,20892,SET/3 TALL GLASS CANDLE HOLDER PINK,-1,2011-01-04 10:16:00,0.0,,United Kingdom,RETURN,True,recovered,2011-01-04,2011,1,1,True,PRICE_ZERO,True
540000,84499,BLACK FLOWER CANDLE PLATE,-9,2011-01-04 10:17:00,0.0,,United Kingdom,RETURN,True,recovered,2011-01-04,2011,1,1,True,PRICE_ZERO,True
540008,85230F,JASMINE VOTIVE CANDLE,-48,2011-01-04 11:10:00,0.0,,United Kingdom,RETURN,True,recovered,2011-01-04,2011,1,1,True,PRICE_ZERO,True
540009,22158,3 HEARTS HANGING DECORATION RUSTIC,-120,2011-01-04 11:10:00,0.0,,United Kingdom,RETURN,True,recovered,2011-01-04,2011,1,1,True,PRICE_ZERO,True
540010,22501,reverse 21/5/10 adjustment,-100,2011-01-04 11:13:00,0.0,,United Kingdom,RETURN,False,original,2011-01-04,2011,1,1,True,PRICE_ZERO,True
540012,22502,reverse 21/5/10 adjustment,-100,2011-01-04 11:14:00,0.0,,United Kingdom,RETURN,False,original,2011-01-04,2011,1,1,True,PRICE_ZERO,True
540100,22837,?,-106,2011-01-04 16:53:00,0.0,,United Kingdom,RETURN,False,original,2011-01-04,2011,1,1,True,PRICE_ZERO,True
540119,22865,HAND WARMER OWL DESIGN,-60,2011-01-05 10:07:00,0.0,,United Kingdom,RETURN,True,recovered,2011-01-05,2011,1,2,True,PRICE_ZERO,True
540241,35957,SMALLFOLKART BAUBLE CHRISTMAS DEC,-939,2011-01-05 15:17:00,0.0,,United Kingdom,RETURN,True,recovered,2011-01-05,2011,1,2,True,PRICE_ZERO,True
540252,22198,LARGE POPCORN HOLDER,-100,2011-01-05 16:25:00,0.0,,United Kingdom,RETURN,True,recovered,2011-01-05,2011,1,2,True,PRICE_ZERO,True
540272,90096,NECKLACE+BRACELET SET BLUE BLOSSOM,-54,2011-01-06 11:57:00,0.0,,United Kingdom,RETURN,True,recovered,2011-01-06,2011,1,3,True,PRICE_ZERO,True
540369,47591D,PINK FAIRY CAKE CHILDRENS APRON,-201,2011-01-06 16:20:00,0.0,,United Kingdom,RETURN,True,recovered,2011-01-06,2011,1,3,True,PRICE_ZERO,True
540549,21587,COSY HOUR GIANT TUBE MATCHES,-53,2011-01-10 09:07:00,0.0,,United Kingdom,RETURN,True,recovered,2011-01-10,2011,1,0,True,PRICE_ZERO,True
540558,21258,?,-29,2011-01-10 10:04:00,0.0,,United Kingdom,RETURN,False,original,2011-01-10,2011,1,0,True,PRICE_ZERO,True
540560,21589,SWALLOW GIANT TUBE MATCHES,-14,2011-01-10 10:08:00,0.0,,United Kingdom,RETURN,True,recovered,2011-01-10,2011,1,0,True,PRICE_ZERO,True
540564,22617,"mouldy, thrown away.",-2600,2011-01-10 10:36:00,0.0,,United Kingdom,RETURN,False,original,2011-01-10,2011,1,0,True,PRICE_ZERO,True
540637,21275,ZINC TOP  2 DOOR WOODEN SHELF,-5,2011-01-10 12:13:00,0.0,,United Kingdom,RETURN,True,recovered,2011-01-10,2011,1,0,True,PRICE_ZERO,True
540638,72038P,damages,-990,2011-01-10 12:14:00,0.0,,United Kingdom,RETURN,False,original,2011-01-10,2011,1,0,True,PRICE_ZERO,True
540650,85124C,GREEN JUICY FRUIT PHOTO FRAME,-8,2011-01-10 14:59:00,0.0,,United Kingdom,RETURN,True,recovered,2011-01-10,2011,1,0,True,PRICE_ZERO,True
540651,82599,?,-290,2011-01-10 15:00:00,0.0,,United Kingdom,RETURN,False,original,2011-01-10,2011,1,0,True,PRICE_ZERO,True
540678,21667,GLASS CAKE COVER AND PLATE,-1,2011-01-10 16:21:00,0.0,,United Kingdom,RETURN,True,recovered,2011-01-10,2011,1,0,True,PRICE_ZERO,True
540679,21667,GLASS CAKE COVER AND PLATE,-1,2011-01-10 16:21:00,0.0,,United Kingdom,RETURN,True,recovered,2011-01-10,2011,1,0,True,PRICE_ZERO,True
540683,84546,CROCHET POODLE KEYRING,-45,2011-01-10 17:00:00,0.0,,United Kingdom,RETURN,True,recovered,2011-01-10,2011,1,0,True,PRICE_ZERO,True
540684,35271S,GOLD PRINT PAPER BAG,-13,2011-01-10 17:01:00,0.0,,United Kingdom,RETURN,True,recovered,2011-01-10,2011,1,0,True,PRICE_ZERO,True
540778,84029E,RED WOOLLY HOTTIE WHITE HEART.,-50,2011-01-11 11:15:00,0.0,,United Kingdom,RETURN,True,recovered,2011-01-11,2011,1,1,True,PRICE_ZERO,True
540978,84050,counted,-310,2011-01-12 15:04:00,0.0,,United Kingdom,RETURN,False,original,2011-01-12,2011,1,2,True,PRICE_ZERO,True
540987,17011A,ORIGAMI VANILLA INCENSE+FLOWER,-61,2011-01-12 16:15:00,0.0,,United Kingdom,RETURN,True,recovered,2011-01-12,2011,1,2,True,PRICE_ZERO,True
541000,21632,VINTAGE PINK DECORATIVE PARASOL,-41,2011-01-13 10:11:00,0.0,,United Kingdom,RETURN,True,recovered,2011-01-13,2011,1,3,True,PRICE_ZERO,True
541482,22837,HOT WATER BOTTLE BABUSHKA,-35,2011-01-18 12:32:00,0.0,,United Kingdom,RETURN,True,recovered,2011-01-18,2011,1,1,True,PRICE_ZERO,True
541487,85118,HEART T-LIGHT HOLDER,-35,2011-01-18 13:19:00,0.0,,United Kingdom,RETURN,True,recovered,2011-01-18,2011,1,1,True,PRICE_ZERO,True
541519,21429,RED GINGHAM ROSE JEWELLERY BOX,-15,2011-01-19 09:11:00,0.0,,United Kingdom,RETURN,True,recovered,2011-01-19,2011,1,2,True,PRICE_ZERO,True
541600,22866,HAND WARMER SCOTTY DOG DESIGN,-64,2011-01-19 16:48:00,0.0,,United Kingdom,RETURN,True,recovered,2011-01-19,2011,1,2,True,PRICE_ZERO,True
541601,22632,HAND WARMER RED RETROSPOT,-84,2011-01-19 16:48:00,0.0,,United Kingdom,RETURN,True,recovered,2011-01-19,2011,1,2,True,PRICE_ZERO,True
541685,22351,Given away,-1400,2011-01-20 15:41:00,0.0,,United Kingdom,RETURN,False,original,2011-01-20,2011,1,3,True,PRICE_ZERO,True
541687,46000S,Dotcom,-300,2011-01-20 15:42:00,0.0,,United Kingdom,RETURN,False,original,2011-01-20,2011,1,3,True,PRICE_ZERO,True
541702,22451,SILK PURSE BABUSHKA RED,-30,2011-01-21 09:44:00,0.0,,United Kingdom,RETURN,True,recovered,2011-01-21,2011,1,4,True,PRICE_ZERO,True
541802,20854,BLUE PATCH PURSE PINK HEART,-80,2011-01-21 14:45:00,0.0,,United Kingdom,RETURN,True,recovered,2011-01-21,2011,1,4,True,PRICE_ZERO,True
541882,48185,?,-57,2011-01-24 10:54:00,0.0,,United Kingdom,RETURN,False,original,2011-01-24,2011,1,0,True,PRICE_ZERO,True
541967,84823,DANISH ROSE FOLDING CHAIR,-3,2011-01-24 13:35:00,0.0,,United Kingdom,RETURN,True,recovered,2011-01-24,2011,1,0,True,PRICE_ZERO,True
542225,85096,label mix up,-59,2011-01-26 13:10:00,0.0,,United Kingdom,RETURN,False,original,2011-01-26,2011,1,2,True,PRICE_ZERO,True
542361,85161,samples/damages,-20,2011-01-27 12:47:00,0.0,,United Kingdom,RETURN,False,original,2011-01-27,2011,1,3,True,PRICE_ZERO,True
542362,20699,MOUSEY LONG LEGS SOFT TOY,-16,2011-01-27 12:49:00,0.0,,United Kingdom,RETURN,True,recovered,2011-01-27,2011,1,3,True,PRICE_ZERO,True
542365,21897,POTTING SHED CANDLE CITRONELLA,-22,2011-01-27 12:51:00,0.0,,United Kingdom,RETURN,True,recovered,2011-01-27,2011,1,3,True,PRICE_ZERO,True
542367,82583,HOT BATHS METAL SIGN,-30,2011-01-27 12:57:00,0.0,,United Kingdom,RETURN,True,recovered,2011-01-27,2011,1,3,True,PRICE_ZERO,True
542368,85188B,PINK METAL SWINGING BUNNY,-70,2011-01-27 12:59:00,0.0,,United Kingdom,RETURN,True,recovered,2011-01-27,2011,1,3,True,PRICE_ZERO,True
542379,35922,EASTER BUNNY WREATH,-30,2011-01-27 13:58:00,0.0,,United Kingdom,RETURN,True,recovered,2011-01-27,2011,1,3,True,PRICE_ZERO,True
542380,84917,WHITE HAND TOWEL WITH BUTTERFLY,-50,2011-01-27 13:59:00,0.0,,United Kingdom,RETURN,True,recovered,2011-01-27,2011,1,3,True,PRICE_ZERO,True
542391,84455,SET OF 3 RABBIT CARROTS EASTER,-31,2011-01-27 14:54:00,0.0,,United Kingdom,RETURN,True,recovered,2011-01-27,2011,1,3,True,PRICE_ZERO,True
542392,84227,HEN HOUSE W CHICK IN NEST,-2,2011-01-27 14:56:00,0.0,,United Kingdom,RETURN,True,recovered,2011-01-27,2011,1,3,True,PRICE_ZERO,True
542396,22146,EASTER CRAFT IVY WREATH WITH CHICK,-4,2011-01-27 15:12:00,0.0,,United Kingdom,RETURN,True,recovered,2011-01-27,2011,1,3,True,PRICE_ZERO,True
542415,84967B,BLUE KASHMIRI OCCASIONAL TABLE,-1,2011-01-27 17:15:00,0.0,,United Kingdom,RETURN,True,recovered,2011-01-27,2011,1,3,True,PRICE_ZERO,True
542414,84967A,PINK KASHMIRI OCCASIONAL TABLE,-2,2011-01-27 17:15:00,0.0,,United Kingdom,RETURN,True,recovered,2011-01-27,2011,1,3,True,PRICE_ZERO,True
542417,84966B,BLUE KASHMIRI BOXED MIRROR,-11,2011-01-27 17:38:00,0.0,,United Kingdom,RETURN,True,recovered,2011-01-27,2011,1,3,True,PRICE_ZERO,True
542418,84966A,PINK KASHMIRI BOXED MIRROR,-17,2011-01-27 17:39:00,0.0,,United Kingdom,RETURN,True,recovered,2011-01-27,2011,1,3,True,PRICE_ZERO,True
542518,22184,CAKE STAND VICTORIAN FILIGREE LARGE,-13,2011-01-28 12:17:00,0.0,,United Kingdom,RETURN,True,recovered,2011-01-28,2011,1,4,True,PRICE_ZERO,True
542529,DCGS0055,Unknown Product,-1,2011-01-28 13:08:00,0.0,,United Kingdom,RETURN,False,unknown,2011-01-28,2011,1,4,True,PRICE_ZERO,True
542531,DCGS0072,CAT CAMOUFLAGUE COLLAR,-1,2011-01-28 13:08:00,0.0,,United Kingdom,RETURN,True,recovered,2011-01-28,2011,1,4,True,PRICE_ZERO,True
542532,DCGS0074,Unknown Product,-1,2011-01-28 13:09:00,0.0,,United Kingdom,RETURN,False,unknown,2011-01-28,2011,1,4,True,PRICE_ZERO,True
542544,17165D,ASS COL LARGE SAND FROG P'WEIGHT,-10,2011-01-28 14:43:00,0.0,,United Kingdom,RETURN,True,recovered,2011-01-28,2011,1,4,True,PRICE_ZERO,True
542546,20734,SILVER MINI TAPE MEASURE,-1,2011-01-28 14:44:00,0.0,,United Kingdom,RETURN,True,recovered,2011-01-28,2011,1,4,True,PRICE_ZERO,True
542548,20892,SET/3 TALL GLASS CANDLE HOLDER PINK,-1,2011-01-28 14:45:00,0.0,,United Kingdom,RETURN,True,recovered,2011-01-28,2011,1,4,True,PRICE_ZERO,True
542547,20864,DENIM PATCH PENCIL CASE BUTTERFLY,-1,2011-01-28 14:45:00,0.0,,United Kingdom,RETURN,True,recovered,2011-01-28,2011,1,4,True,PRICE_ZERO,True
542550,20910,VINTAGE PHOTO ALBUM PARIS DAYS,-1,2011-01-28 14:45:00,0.0,,United Kingdom,RETURN,True,recovered,2011-01-28,2011,1,4,True,PRICE_ZERO,True
542551,21282,NATURAL BARK CANDLE LARGE,-1,2011-01-28 14:46:00,0.0,,United Kingdom,RETURN,True,recovered,2011-01-28,2011,1,4,True,PRICE_ZERO,True
542552,21645,ASSORTED TUTTI FRUTTI ROUND BOX,-1,2011-01-28 14:47:00,0.0,,United Kingdom,RETURN,True,recovered,2011-01-28,2011,1,4,True,PRICE_ZERO,True
542553,21805,WHITE CHRISTMAS TREE DECORATION,-1,2011-01-28 14:49:00,0.0,,United Kingdom,RETURN,True,recovered,2011-01-28,2011,1,4,True,PRICE_ZERO,True
542554,21836,GINGHAM OVEN GLOVE RED HEART,-1,2011-01-28 14:49:00,0.0,,United Kingdom,RETURN,True,recovered,2011-01-28,2011,1,4,True,PRICE_ZERO,True
542555,21841,BABY MOUSE RED GINGHAM DRESS,-1,2011-01-28 14:50:00,0.0,,United Kingdom,RETURN,True,recovered,2011-01-28,2011,1,4,True,PRICE_ZERO,True
542557,22765,NEWSPAPER STAND,-1,2011-01-28 14:50:00,0.0,,United Kingdom,RETURN,True,recovered,2011-01-28,2011,1,4,True,PRICE_ZERO,True
542556,22143,CHRISTMAS CRAFT HEART DECORATIONS,-1,2011-01-28 14:50:00,0.0,,United Kingdom,RETURN,True,recovered,2011-01-28,2011,1,4,True,PRICE_ZERO,True
542558,35644,PAIR PINK/BLACK COATHANGERS,-1,2011-01-28 14:51:00,0.0,,United Kingdom,RETURN,True,recovered,2011-01-28,2011,1,4,True,PRICE_ZERO,True
542560,47579,TEA TIME BREAKFAST BASKET,-1,2011-01-28 14:51:00,0.0,,United Kingdom,RETURN,True,recovered,2011-01-28,2011,1,4,True,PRICE_ZERO,True
542559,35991,SET/6 BLACK SNOWFLAKE T-LIGHTS,-1,2011-01-28 14:51:00,0.0,,United Kingdom,RETURN,True,recovered,2011-01-28,2011,1,4,True,PRICE_ZERO,True
542561,84424A,FOUR PICTURE WHITE GLASS FRAME,-1,2011-01-28 14:52:00,0.0,,United Kingdom,RETURN,True,recovered,2011-01-28,2011,1,4,True,PRICE_ZERO,True
542563,84509F,SET OF 4 NEW ENGLAND PLACEMATS,-1,2011-01-28 14:52:00,0.0,,United Kingdom,RETURN,True,recovered,2011-01-28,2011,1,4,True,PRICE_ZERO,True
542562,84499,BLACK FLOWER CANDLE PLATE,-1,2011-01-28 14:52:00,0.0,,United Kingdom,RETURN,True,recovered,2011-01-28,2011,1,4,True,PRICE_ZERO,True
542564,84526,GIANT BLACK SUNGLASSES,-1,2011-01-28 14:52:00,0.0,,United Kingdom,RETURN,True,recovered,2011-01-28,2011,1,4,True,PRICE_ZERO,True
542565,84664,CHERRY BLOSSOM BATHROOM CABINET,-1,2011-01-28 14:52:00,0.0,,United Kingdom,RETURN,True,recovered,2011-01-28,2011,1,4,True,PRICE_ZERO,True
542570,85028S,FRENCH CHATEAU SMALL FRUITBOWL,-1,2011-01-28 14:53:00,0.0,,United Kingdom,RETURN,True,recovered,2011-01-28,2011,1,4,True,PRICE_ZERO,True
542566,84964B,BLUE PAINTED KASHMIRI TABLE,-1,2011-01-28 14:53:00,0.0,,United Kingdom,RETURN,True,recovered,2011-01-28,2011,1,4,True,PRICE_ZERO,True
542567,84975,HEART SHAPED MIRROR,-1,2011-01-28 14:53:00,0.0,,United Kingdom,RETURN,True,recovered,2011-01-28,2011,1,4,True,PRICE_ZERO,True
542569,85028L,FRENCH CHATEAU LARGE FRUIT BOWL,-1,2011-01-28 14:53:00,0.0,,United Kingdom,RETURN,True,recovered,2011-01-28,2011,1,4,True,PRICE_ZERO,True
542572,85064,CREAM SWEETHEART LETTER RACK,-1,2011-01-28 14:54:00,0.0,,United Kingdom,RETURN,True,recovered,2011-01-28,2011,1,4,True,PRICE_ZERO,True
542571,85031C,CURIOUS IMAGES SCRAP BOOK SET,-1,2011-01-28 14:54:00,0.0,,United Kingdom,RETURN,True,recovered,2011-01-28,2011,1,4,True,PRICE_ZERO,True
542573,85110,BLACK SILVER FLOWER T-LIGHT HOLDER,-1,2011-01-28 14:55:00,0.0,,United Kingdom,RETURN,True,recovered,2011-01-28,2011,1,4,True,PRICE_ZERO,True
542574,85119,WATERING CAN SINGLE HOOK PISTACHIO,-1,2011-01-28 14:55:00,0.0,,United Kingdom,RETURN,True,recovered,2011-01-28,2011,1,4,True,PRICE_ZERO,True
542575,85126,LARGE ROUND CUTGLASS CANDLESTICK,-1,2011-01-28 14:55:00,0.0,,United Kingdom,RETURN,True,recovered,2011-01-28,2011,1,4,True,PRICE_ZERO,True
542576,85179B,WHITE BITTY LIGHT CHAIN,-1,2011-01-28 14:56:00,0.0,,United Kingdom,RETURN,True,recovered,2011-01-28,2011,1,4,True,PRICE_ZERO,True
542577,85232B,SET/3 RUSSIAN DOLL STACKING TINS,-1,2011-01-28 14:56:00,0.0,,United Kingdom,RETURN,True,recovered,2011-01-28,2011,1,4,True,PRICE_ZERO,True
542579,90000C,OPAL WHITE/SILVER FLOWER NECKLACE,-1,2011-01-28 14:57:00,0.0,,United Kingdom,RETURN,True,recovered,2011-01-28,2011,1,4,True,PRICE_ZERO,True
542580,90095,NECKLACE+BRACELET SET PINK BLOSSOM,-1,2011-01-28 14:58:00,0.0,,United Kingdom,RETURN,True,recovered,2011-01-28,2011,1,4,True,PRICE_ZERO,True
542581,90091,CRYSTAL DRAGONFLY PHONE CHARM,-1,2011-01-28 14:58:00,0.0,,United Kingdom,RETURN,True,recovered,2011-01-28,2011,1,4,True,PRICE_ZERO,True
542582,DCGS0057,Unknown Product,-6,2011-01-28 15:01:00,0.0,,United Kingdom,RETURN,False,unknown,2011-01-28,2011,1,4,True,PRICE_ZERO,True
542861,47591B,?,-207,2011-02-01 11:47:00,0.0,,United Kingdom,RETURN,False,original,2011-02-01,2011,2,1,True,PRICE_ZERO,True
542879,22242,"HOOK, 5 HANGER , MAGIC TOADSTOOL",-19,2011-02-01 12:52:00,0.0,,United Kingdom,RETURN,True,recovered,2011-02-01,2011,2,1,True,PRICE_ZERO,True
542882,22162,HEART GARLAND RUSTIC PADDED,-40,2011-02-01 12:55:00,0.0,,United Kingdom,RETURN,True,recovered,2011-02-01,2011,2,1,True,PRICE_ZERO,True
542883,21448,12 DAISY PEGS IN WOOD BOX,-40,2011-02-01 13:07:00,0.0,,United Kingdom,RETURN,True,recovered,2011-02-01,2011,2,1,True,PRICE_ZERO,True
542885,84465,15 PINK FLUFFY CHICKS IN BOX,-6,2011-02-01 13:08:00,0.0,,United Kingdom,RETURN,True,recovered,2011-02-01,2011,2,1,True,PRICE_ZERO,True
542884,84748,FOLK FELT HANGING MULTICOL GARLAND,-52,2011-02-01 13:08:00,0.0,,United Kingdom,RETURN,True,recovered,2011-02-01,2011,2,1,True,PRICE_ZERO,True
543034,85049F,BABY BOOM RIBBONS,-130,2011-02-02 15:50:00,0.0,,United Kingdom,RETURN,True,recovered,2011-02-02,2011,2,2,True,PRICE_ZERO,True
543035,35004C,SET OF 3 COLOURED  FLYING DUCKS,-206,2011-02-02 15:51:00,0.0,,United Kingdom,RETURN,True,recovered,2011-02-02,2011,2,2,True,PRICE_ZERO,True
543194,21355,TOAST ITS - I LOVE YOU,-217,2011-02-04 12:25:00,0.0,,United Kingdom,RETURN,True,recovered,2011-02-04,2011,2,4,True,PRICE_ZERO,True
543257,84611B,thrown away,-1430,2011-02-04 16:06:00,0.0,,United Kingdom,RETURN,False,original,2011-02-04,2011,2,4,True,PRICE_ZERO,True
543259,84612B,thrown away,-162,2011-02-04 16:07:00,0.0,,United Kingdom,RETURN,False,original,2011-02-04,2011,2,4,True,PRICE_ZERO,True
543260,84613A,thrown away,-230,2011-02-04 16:07:00,0.0,,United Kingdom,RETURN,False,original,2011-02-04,2011,2,4,True,PRICE_ZERO,True
543261,84613C,BLUE NEW BAROQUE FLOCK CANDLESTICK,-173,2011-02-04 16:08:00,0.0,,United Kingdom,RETURN,True,recovered,2011-02-04,2011,2,4,True,PRICE_ZERO,True
543262,84614A,thrown away,-390,2011-02-04 16:08:00,0.0,,United Kingdom,RETURN,False,original,2011-02-04,2011,2,4,True,PRICE_ZERO,True
543265,84872A,TEATIME FUNKY FLOWER BACKPACK FOR 2,-4,2011-02-04 17:23:00,0.0,,United Kingdom,RETURN,True,recovered,2011-02-04,2011,2,4,True,PRICE_ZERO,True
543266,82095,HEART BUTTONS JEWELLERY BOX,-5,2011-02-04 17:24:00,0.0,,United Kingdom,RETURN,True,recovered,2011-02-04,2011,2,4,True,PRICE_ZERO,True
543270,84631,FRUIT TREE AND BIRDS WALL PLAQUE,-19,2011-02-04 17:25:00,0.0,,United Kingdom,RETURN,True,recovered,2011-02-04,2011,2,4,True,PRICE_ZERO,True
543269,84638,SMALL KITCHEN FLOWER POTS PLAQUE,-18,2011-02-04 17:25:00,0.0,,United Kingdom,RETURN,True,recovered,2011-02-04,2011,2,4,True,PRICE_ZERO,True
543271,21087,SET/6 POSIES PAPER CUPS,-6,2011-02-04 17:26:00,0.0,,United Kingdom,RETURN,True,recovered,2011-02-04,2011,2,4,True,PRICE_ZERO,True
543308,35969,FOLKART CROWN TABLE DECORATIONS,-3,2011-02-07 12:04:00,0.0,,United Kingdom,RETURN,True,recovered,2011-02-07,2011,2,0,True,PRICE_ZERO,True
543310,35954,SMALL FOLKART STAR CHRISTMAS DEC,-234,2011-02-07 12:10:00,0.0,,United Kingdom,RETURN,True,recovered,2011-02-07,2011,2,0,True,PRICE_ZERO,True
543390,84880,WHITE WIRE EGG HOLDER,-5,2011-02-08 10:02:00,0.0,,United Kingdom,RETURN,True,recovered,2011-02-08,2011,2,1,True,PRICE_ZERO,True
543521,22769,CHALKBOARD KITCHEN ORGANISER,-6,2011-02-09 11:49:00,0.0,,United Kingdom,RETURN,True,recovered,2011-02-09,2011,2,2,True,PRICE_ZERO,True
543545,22627,MINT KITCHEN SCALES,-11,2011-02-09 15:50:00,0.0,,United Kingdom,RETURN,True,recovered,2011-02-09,2011,2,2,True,PRICE_ZERO,True
543552,22847,BREAD BIN DINER STYLE IVORY,-10,2011-02-10 10:05:00,0.0,,United Kingdom,RETURN,True,recovered,2011-02-10,2011,2,3,True,PRICE_ZERO,True
543654,22525,CHILDRENS GARDEN GLOVES PINK,-57,2011-02-11 10:29:00,0.0,,United Kingdom,RETURN,True,recovered,2011-02-11,2011,2,4,True,PRICE_ZERO,True
543655,21717,EASTER TIN BUCKET,-42,2011-02-11 10:30:00,0.0,,United Kingdom,RETURN,True,recovered,2011-02-11,2011,2,4,True,PRICE_ZERO,True
543656,84801B,WHITE HYDRANGEA ART FLOWER,-44,2011-02-11 10:30:00,0.0,,United Kingdom,RETURN,True,recovered,2011-02-11,2011,2,4,True,PRICE_ZERO,True
543783,20966,SANDWICH BATH SPONGE,-41,2011-02-11 16:45:00,0.0,,United Kingdom,RETURN,True,recovered,2011-02-11,2011,2,4,True,PRICE_ZERO,True
543827,84406B,incorrectly made-thrown away.,-64,2011-02-14 09:44:00,0.0,,United Kingdom,RETURN,False,original,2011-02-14,2011,2,0,True,PRICE_ZERO,True
544046,21785,RAIN PONCHO,-140,2011-02-15 12:34:00,0.0,,United Kingdom,RETURN,True,recovered,2011-02-15,2011,2,1,True,PRICE_ZERO,True
544063,22837,HOT WATER BOTTLE BABUSHKA,-9,2011-02-15 13:37:00,0.0,,United Kingdom,RETURN,True,recovered,2011-02-15,2011,2,1,True,PRICE_ZERO,True
544086,21785,RAIN PONCHO,-7,2011-02-15 16:49:00,0.0,,United Kingdom,RETURN,True,recovered,2011-02-15,2011,2,1,True,PRICE_ZERO,True
544342,22633,HAND WARMER UNION JACK,-53,2011-02-18 09:44:00,0.0,,United Kingdom,RETURN,True,recovered,2011-02-18,2011,2,4,True,PRICE_ZERO,True
544343,22867,HAND WARMER BIRD DESIGN,-99,2011-02-18 09:45:00,0.0,,United Kingdom,RETURN,True,recovered,2011-02-18,2011,2,4,True,PRICE_ZERO,True
544346,22114,HOT WATER BOTTLE TEA AND SYMPATHY,-21,2011-02-18 09:50:00,0.0,,United Kingdom,RETURN,True,recovered,2011-02-18,2011,2,4,True,PRICE_ZERO,True
544347,22114,HOT WATER BOTTLE TEA AND SYMPATHY,-4,2011-02-18 09:51:00,0.0,,United Kingdom,RETURN,True,recovered,2011-02-18,2011,2,4,True,PRICE_ZERO,True
544396,62094B,TURQ ICE CREAM BUM BAG,-92,2011-02-18 12:16:00,0.0,,United Kingdom,RETURN,True,recovered,2011-02-18,2011,2,4,True,PRICE_ZERO,True
544410,84997C,?,-741,2011-02-18 13:54:00,0.0,,United Kingdom,RETURN,False,original,2011-02-18,2011,2,4,True,PRICE_ZERO,True
544554,22588,CARD HOLDER GINGHAM HEART,-41,2011-02-21 12:12:00,0.0,,United Kingdom,RETURN,True,recovered,2011-02-21,2011,2,0,True,PRICE_ZERO,True
544579,21651,HANGING GLASS ETCHED TEALIGHT,-6,2011-02-21 14:05:00,0.0,,United Kingdom,RETURN,True,recovered,2011-02-21,2011,2,0,True,PRICE_ZERO,True
544649,21621,?,-400,2011-02-22 12:37:00,0.0,,United Kingdom,RETURN,False,original,2011-02-22,2011,2,1,True,PRICE_ZERO,True
544703,22202,MILK PAN PINK RETROSPOT,-114,2011-02-23 10:35:00,0.0,,United Kingdom,RETURN,True,recovered,2011-02-23,2011,2,2,True,PRICE_ZERO,True
544832,62096A,PINK/YELLOW FLOWERS HANDBAG,-88,2011-02-24 10:05:00,0.0,,United Kingdom,RETURN,True,recovered,2011-02-24,2011,2,3,True,PRICE_ZERO,True
544834,90200C,BLUE SWEETHEART BRACELET,-33,2011-02-24 10:15:00,0.0,,United Kingdom,RETURN,True,recovered,2011-02-24,2011,2,3,True,PRICE_ZERO,True
545127,22024,RAINY LADIES BIRTHDAY CARD,-50,2011-02-28 12:04:00,0.0,,United Kingdom,RETURN,True,recovered,2011-02-28,2011,2,0,True,PRICE_ZERO,True
545135,22028,PENNY FARTHING BIRTHDAY CARD,-30,2011-02-28 12:06:00,0.0,,United Kingdom,RETURN,True,recovered,2011-02-28,2011,2,0,True,PRICE_ZERO,True
545219,20738,GREEN MINI TAPE MEASURE,-36,2011-02-28 17:04:00,0.0,,United Kingdom,RETURN,True,recovered,2011-02-28,2011,2,0,True,PRICE_ZERO,True
545236,22797,damages,-15,2011-03-01 10:32:00,0.0,,United Kingdom,RETURN,False,original,2011-03-01,2011,3,1,True,PRICE_ZERO,True
545401,21769,showroom,-5,2011-03-02 12:03:00,0.0,,United Kingdom,RETURN,False,original,2011-03-02,2011,3,2,True,PRICE_ZERO,True
545402,22862,LOVE HEART NAPKIN BOX,-33,2011-03-02 12:07:00,0.0,,United Kingdom,RETURN,True,recovered,2011-03-02,2011,3,2,True,PRICE_ZERO,True
545546,84249A,check,-150,2011-03-03 15:03:00,0.0,,United Kingdom,RETURN,False,original,2011-03-03,2011,3,3,True,PRICE_ZERO,True
545547,85061W,WHITE JEWELLED HEART DECORATION,-391,2011-03-03 15:07:00,0.0,,United Kingdom,RETURN,True,recovered,2011-03-03,2011,3,3,True,PRICE_ZERO,True
545548,77101A,UNION FLAG WINDSOCK,-87,2011-03-03 15:08:00,0.0,,United Kingdom,RETURN,True,recovered,2011-03-03,2011,3,3,True,PRICE_ZERO,True
545549,15058B,PINK POLKADOT GARDEN PARASOL,-61,2011-03-03 15:10:00,0.0,,United Kingdom,RETURN,True,recovered,2011-03-03,2011,3,3,True,PRICE_ZERO,True
545552,22021,BLUE FELT EASTER EGG BASKET,-20,2011-03-03 15:11:00,0.0,,United Kingdom,RETURN,True,recovered,2011-03-03,2011,3,3,True,PRICE_ZERO,True
545554,22988,SOLDIERS EGG CUP,-70,2011-03-03 15:12:00,0.0,,United Kingdom,RETURN,True,recovered,2011-03-03,2011,3,3,True,PRICE_ZERO,True
545560,37464,ROBOT MUG IN DISPLAY BOX,-2,2011-03-03 16:12:00,0.0,,United Kingdom,RETURN,True,recovered,2011-03-03,2011,3,3,True,PRICE_ZERO,True
545561,37379A,PINK CHERRY BLOSSOM CUP & SAUCER,-9,2011-03-03 16:12:00,0.0,,United Kingdom,RETURN,True,recovered,2011-03-03,2011,3,3,True,PRICE_ZERO,True
545562,20689,RETRO SISTERS EXPRESSO CUPS,-5,2011-03-03 16:12:00,0.0,,United Kingdom,RETURN,True,recovered,2011-03-03,2011,3,3,True,PRICE_ZERO,True
545563,20671,BLUE TEATIME PRINT BOWL,-22,2011-03-03 16:13:00,0.0,,United Kingdom,RETURN,True,recovered,2011-03-03,2011,3,3,True,PRICE_ZERO,True
545564,85092,CANDY SPOT TEA COSY,-9,2011-03-03 16:13:00,0.0,,United Kingdom,RETURN,True,recovered,2011-03-03,2011,3,3,True,PRICE_ZERO,True
545565,47563B,WAVELINE SURF IRONING BOARD COVER,-10,2011-03-03 16:14:00,0.0,,United Kingdom,RETURN,True,recovered,2011-03-03,2011,3,3,True,PRICE_ZERO,True
545567,37444B,BLUE BREAKFAST CUP AND SAUCER,-3,2011-03-03 16:14:00,0.0,,United Kingdom,RETURN,True,recovered,2011-03-03,2011,3,3,True,PRICE_ZERO,True
545566,37477D,Unknown Product,-9,2011-03-03 16:14:00,0.0,,United Kingdom,RETURN,False,unknown,2011-03-03,2011,3,3,True,PRICE_ZERO,True
545598,22080,RIBBON REEL SPOTS DESIGN,-278,2011-03-04 11:16:00,0.0,,United Kingdom,RETURN,True,recovered,2011-03-04,2011,3,4,True,PRICE_ZERO,True
545599,22272,FELTCRAFT DOLL MARIA,-140,2011-03-04 11:17:00,0.0,,United Kingdom,RETURN,True,recovered,2011-03-04,2011,3,4,True,PRICE_ZERO,True
545600,85160A,WHITE BIRD GARDEN DESIGN MUG,-21,2011-03-04 11:45:00,0.0,,United Kingdom,RETURN,True,recovered,2011-03-04,2011,3,4,True,PRICE_ZERO,True
545857,20681,MIA,-154,2011-03-07 13:56:00,0.0,,United Kingdom,RETURN,False,original,2011-03-07,2011,3,0,True,PRICE_ZERO,True
545990,84598,check,-3000,2011-03-08 13:07:00,0.0,,United Kingdom,RETURN,False,original,2011-03-08,2011,3,1,True,PRICE_ZERO,True
546010,22423,damages,-19,2011-03-08 15:55:00,0.0,,United Kingdom,RETURN,False,original,2011-03-08,2011,3,1,True,PRICE_ZERO,True
546016,85172,Dotcom set,-675,2011-03-08 17:21:00,0.0,,United Kingdom,RETURN,False,original,2011-03-08,2011,3,1,True,PRICE_ZERO,True
546018,85172,wrongly sold as sets,-600,2011-03-08 17:23:00,0.0,,United Kingdom,RETURN,False,original,2011-03-08,2011,3,1,True,PRICE_ZERO,True
546021,85175,dotcom sold sets,-345,2011-03-08 17:27:00,0.0,,United Kingdom,RETURN,False,original,2011-03-08,2011,3,1,True,PRICE_ZERO,True
546020,85175,Amazon sold sets,-210,2011-03-08 17:27:00,0.0,,United Kingdom,RETURN,False,original,2011-03-08,2011,3,1,True,PRICE_ZERO,True
546023,85175,wrongly sold sets,-975,2011-03-08 17:29:00,0.0,,United Kingdom,RETURN,False,original,2011-03-08,2011,3,1,True,PRICE_ZERO,True
546025,85172,?sold as sets?,-600,2011-03-08 17:31:00,0.0,,United Kingdom,RETURN,False,original,2011-03-08,2011,3,1,True,PRICE_ZERO,True
546024,85175,? sold as sets?,-1200,2011-03-08 17:31:00,0.0,,United Kingdom,RETURN,False,original,2011-03-08,2011,3,1,True,PRICE_ZERO,True
546124,35610C,Thrown away.,-1121,2011-03-09 14:50:00,0.0,,United Kingdom,RETURN,False,original,2011-03-09,2011,3,2,True,PRICE_ZERO,True
546126,35611B,thrown away,-27,2011-03-09 14:52:00,0.0,,United Kingdom,RETURN,False,original,2011-03-09,2011,3,2,True,PRICE_ZERO,True
546129,35610B,thrown away,-541,2011-03-09 15:07:00,0.0,,United Kingdom,RETURN,False,original,2011-03-09,2011,3,2,True,PRICE_ZERO,True
546130,35610A,thrown away,-1277,2011-03-09 15:08:00,0.0,,United Kingdom,RETURN,False,original,2011-03-09,2011,3,2,True,PRICE_ZERO,True
546137,20893,damages/display,-197,2011-03-09 16:33:00,0.0,,United Kingdom,RETURN,False,original,2011-03-09,2011,3,2,True,PRICE_ZERO,True
546138,21815,?,-300,2011-03-09 16:34:00,0.0,,United Kingdom,RETURN,False,original,2011-03-09,2011,3,2,True,PRICE_ZERO,True
546140,21527,damages,-30,2011-03-09 16:35:00,0.0,,United Kingdom,RETURN,False,original,2011-03-09,2011,3,2,True,PRICE_ZERO,True
546142,40016,damaged stock,-1100,2011-03-09 16:37:00,0.0,,United Kingdom,RETURN,False,original,2011-03-09,2011,3,2,True,PRICE_ZERO,True
546145,21537,?,-80,2011-03-09 16:39:00,0.0,,United Kingdom,RETURN,False,original,2011-03-09,2011,3,2,True,PRICE_ZERO,True
546146,20752,BLUE POLKADOT WASHING UP GLOVES,-40,2011-03-09 16:41:00,0.0,,United Kingdom,RETURN,True,recovered,2011-03-09,2011,3,2,True,PRICE_ZERO,True
546147,21320,broken,-63,2011-03-09 16:42:00,0.0,,United Kingdom,RETURN,False,original,2011-03-09,2011,3,2,True,PRICE_ZERO,True
546148,85049D,?,-100,2011-03-09 16:43:00,0.0,,United Kingdom,RETURN,False,original,2011-03-09,2011,3,2,True,PRICE_ZERO,True
546149,20866,?,-230,2011-03-09 17:02:00,0.0,,United Kingdom,RETURN,False,original,2011-03-09,2011,3,2,True,PRICE_ZERO,True
546150,21503,TOYBOX  WRAP,-140,2011-03-09 17:03:00,0.0,,United Kingdom,RETURN,True,recovered,2011-03-09,2011,3,2,True,PRICE_ZERO,True
546151,21504,SKULLS GREETING CARD,-80,2011-03-09 17:04:00,0.0,,United Kingdom,RETURN,True,recovered,2011-03-09,2011,3,2,True,PRICE_ZERO,True
546152,72140F,throw away,-5368,2011-03-09 17:25:00,0.0,,United Kingdom,RETURN,False,original,2011-03-09,2011,3,2,True,PRICE_ZERO,True
546245,85185B,?,-259,2011-03-10 13:26:00,0.0,,United Kingdom,RETURN,False,original,2011-03-10,2011,3,3,True,PRICE_ZERO,True
546379,72225C,LAVENDER SCENT CAKE CANDLE,-82,2011-03-11 12:21:00,0.0,,United Kingdom,RETURN,True,recovered,2011-03-11,2011,3,4,True,PRICE_ZERO,True
546407,22719,wrong barcode (22467),-178,2011-03-11 16:24:00,0.0,,United Kingdom,RETURN,False,original,2011-03-11,2011,3,4,True,PRICE_ZERO,True
546409,21833,damages,-110,2011-03-11 16:27:00,0.0,,United Kingdom,RETURN,False,original,2011-03-11,2011,3,4,True,PRICE_ZERO,True
546551,84563A,PINK & WHITE BREAKFAST TRAY,-10,2011-03-14 17:33:00,0.0,,United Kingdom,RETURN,True,recovered,2011-03-14,2011,3,0,True,PRICE_ZERO,True
546661,22777,GLASS CLOCHE LARGE,-25,2011-03-15 14:33:00,0.0,,United Kingdom,RETURN,True,recovered,2011-03-15,2011,3,1,True,PRICE_ZERO,True
546672,85206A,CREAM FELT EASTER EGG BASKET,-77,2011-03-15 15:47:00,0.0,,United Kingdom,RETURN,True,recovered,2011-03-15,2011,3,1,True,PRICE_ZERO,True
546756,79067,CORONA MEXICAN TRAY,-5,2011-03-16 13:31:00,0.0,,United Kingdom,RETURN,True,recovered,2011-03-16,2011,3,2,True,PRICE_ZERO,True
547329,20681,PINK SPOTTY CHILDS UMBRELLA,-1,2011-03-22 11:38:00,0.0,,United Kingdom,RETURN,True,recovered,2011-03-22,2011,3,1,True,PRICE_ZERO,True
547330,21894,POTTING SHED SEED ENVELOPES,-40,2011-03-22 11:40:00,0.0,,United Kingdom,RETURN,True,recovered,2011-03-22,2011,3,1,True,PRICE_ZERO,True
547331,17013D,ORIGAMI ROSE INCENSE IN TUBE,-20,2011-03-22 11:41:00,0.0,,United Kingdom,RETURN,True,recovered,2011-03-22,2011,3,1,True,PRICE_ZERO,True
547332,21613,S/12 VANILLA  BOTANICAL T-LIGHTS,-47,2011-03-22 11:42:00,0.0,,United Kingdom,RETURN,True,recovered,2011-03-22,2011,3,1,True,PRICE_ZERO,True
547333,22791,T-LIGHT GLASS FLUTED ANTIQUE,-70,2011-03-22 11:43:00,0.0,,United Kingdom,RETURN,True,recovered,2011-03-22,2011,3,1,True,PRICE_ZERO,True
547335,20934,SET/3 POT PLANT CANDLES,-15,2011-03-22 11:44:00,0.0,,United Kingdom,RETURN,True,recovered,2011-03-22,2011,3,1,True,PRICE_ZERO,True
547336,21689,wrong barcode,-323,2011-03-22 11:45:00,0.0,,United Kingdom,RETURN,False,original,2011-03-22,2011,3,1,True,PRICE_ZERO,True
547337,85025C,barcode problem,-230,2011-03-22 11:47:00,0.0,,United Kingdom,RETURN,False,original,2011-03-22,2011,3,1,True,PRICE_ZERO,True
547338,22245,"HOOK, 1 HANGER ,MAGIC GARDEN",-110,2011-03-22 11:49:00,0.0,,United Kingdom,RETURN,True,recovered,2011-03-22,2011,3,1,True,PRICE_ZERO,True
547339,84406B,?,-450,2011-03-22 11:51:00,0.0,,United Kingdom,RETURN,False,original,2011-03-22,2011,3,1,True,PRICE_ZERO,True
547341,85049D,BRIGHT BLUES RIBBONS,-20,2011-03-22 11:53:00,0.0,,United Kingdom,RETURN,True,recovered,2011-03-22,2011,3,1,True,PRICE_ZERO,True
547345,22838,3 TIER CAKE TIN RED AND CREAM,-10,2011-03-22 11:55:00,0.0,,United Kingdom,RETURN,True,recovered,2011-03-22,2011,3,1,True,PRICE_ZERO,True
547346,21000,ROSE DU SUD COSMETICS BAG,-41,2011-03-22 11:56:00,0.0,,United Kingdom,RETURN,True,recovered,2011-03-22,2011,3,1,True,PRICE_ZERO,True
547347,22470,HEART OF WICKER LARGE,-6,2011-03-22 11:56:00,0.0,,United Kingdom,RETURN,True,recovered,2011-03-22,2011,3,1,True,PRICE_ZERO,True
547363,22459,?lost,-232,2011-03-22 12:33:00,0.0,,United Kingdom,RETURN,False,original,2011-03-22,2011,3,1,True,PRICE_ZERO,True
547369,21898,POTTING SHED ROSE CANDLE,-83,2011-03-22 13:24:00,0.0,,United Kingdom,RETURN,True,recovered,2011-03-22,2011,3,1,True,PRICE_ZERO,True
547403,85028L,FRENCH CHATEAU LARGE FRUIT BOWL,-2,2011-03-22 17:05:00,0.0,,United Kingdom,RETURN,True,recovered,2011-03-22,2011,3,1,True,PRICE_ZERO,True
547487,84596E,SMALL LICORICE DES PINK BOWL,-153,2011-03-23 11:29:00,0.0,,United Kingdom,RETURN,True,recovered,2011-03-23,2011,3,2,True,PRICE_ZERO,True
547505,22198,LARGE POPCORN HOLDER,-9,2011-03-23 13:36:00,0.0,,United Kingdom,RETURN,True,recovered,2011-03-23,2011,3,2,True,PRICE_ZERO,True
547506,21538,DAIRY MAID  PUDDING BOWL,-2,2011-03-23 13:38:00,0.0,,United Kingdom,RETURN,True,recovered,2011-03-23,2011,3,2,True,PRICE_ZERO,True
547559,72759,thrown away-can't sell.,-524,2011-03-23 17:27:00,0.0,,United Kingdom,RETURN,False,original,2011-03-23,2011,3,2,True,PRICE_ZERO,True
547560,72732,thrown away-can't sell,-2472,2011-03-23 17:28:00,0.0,,United Kingdom,RETURN,False,original,2011-03-23,2011,3,2,True,PRICE_ZERO,True
547593,20785,FUSCHIA RETRO BAR STOOL,-2,2011-03-24 11:18:00,0.0,,United Kingdom,RETURN,True,recovered,2011-03-24,2011,3,3,True,PRICE_ZERO,True
547595,82483,WOOD 2 DRAWER CABINET WHITE FINISH,-12,2011-03-24 11:20:00,0.0,,United Kingdom,RETURN,True,recovered,2011-03-24,2011,3,3,True,PRICE_ZERO,True
547596,84306,S/3 PINK SQUARE PLANTERS ROSES,-5,2011-03-24 11:20:00,0.0,,United Kingdom,RETURN,True,recovered,2011-03-24,2011,3,3,True,PRICE_ZERO,True
547597,17011F,ORIGAMI SANDLEWOOD INCENSE+FLOWER,-18,2011-03-24 11:21:00,0.0,,United Kingdom,RETURN,True,recovered,2011-03-24,2011,3,3,True,PRICE_ZERO,True
547598,21332,MOROCCAN BEATEN METAL MIRROR,-25,2011-03-24 11:24:00,0.0,,United Kingdom,RETURN,True,recovered,2011-03-24,2011,3,3,True,PRICE_ZERO,True
547599,21361,LOVE LARGE WOOD LETTERS,-10,2011-03-24 11:24:00,0.0,,United Kingdom,RETURN,True,recovered,2011-03-24,2011,3,3,True,PRICE_ZERO,True
547611,84631,FRUIT TREE AND BIRDS WALL PLAQUE,-9,2011-03-24 11:26:00,0.0,,United Kingdom,RETURN,True,recovered,2011-03-24,2011,3,3,True,PRICE_ZERO,True
547606,22173,METAL 4 HOOK HANGER FRENCH CHATEAU,-22,2011-03-24 11:26:00,0.0,,United Kingdom,RETURN,True,recovered,2011-03-24,2011,3,3,True,PRICE_ZERO,True
547618,21547,CERAMIC BIRDHOUSE CRESTED TIT SMALL,-12,2011-03-24 11:28:00,0.0,,United Kingdom,RETURN,True,recovered,2011-03-24,2011,3,3,True,PRICE_ZERO,True
547646,84849D,HOT BATHS SOAP HOLDER,-80,2011-03-24 11:42:00,0.0,,United Kingdom,RETURN,True,recovered,2011-03-24,2011,3,3,True,PRICE_ZERO,True
547699,21143,ANTIQUE GLASS HEART DECORATION,-32,2011-03-24 16:38:00,0.0,,United Kingdom,RETURN,True,recovered,2011-03-24,2011,3,3,True,PRICE_ZERO,True
547700,21147,JINGLE BELLS TREE DECORATION,-105,2011-03-24 16:39:00,0.0,,United Kingdom,RETURN,True,recovered,2011-03-24,2011,3,3,True,PRICE_ZERO,True
547701,84559D,3D SHEET OF SEA WORLD STICKERS,-7,2011-03-24 16:42:00,0.0,,United Kingdom,RETURN,True,recovered,2011-03-24,2011,3,3,True,PRICE_ZERO,True
547916,22459,CAST IRON HOOK GARDEN TROWEL,-36,2011-03-28 12:46:00,0.0,,United Kingdom,RETURN,True,recovered,2011-03-28,2011,3,0,True,PRICE_ZERO,True
547950,35241,damages?,-40,2011-03-28 15:11:00,0.0,,United Kingdom,RETURN,False,original,2011-03-28,2011,3,0,True,PRICE_ZERO,True
547989,21621,re dotcom quick fix.,-100,2011-03-29 09:36:00,0.0,,United Kingdom,RETURN,False,original,2011-03-29,2011,3,1,True,PRICE_ZERO,True
547994,21228,"POCKET MIRROR ""GLAMOROUS""",-7,2011-03-29 10:18:00,0.0,,United Kingdom,RETURN,True,recovered,2011-03-29,2011,3,1,True,PRICE_ZERO,True
547995,35823P,"ACRYLIC BEAD GARLAND,PINK",-12,2011-03-29 10:20:00,0.0,,United Kingdom,RETURN,True,recovered,2011-03-29,2011,3,1,True,PRICE_ZERO,True
547996,84534B,FAIRY CAKE NOTEBOOK A5 SIZE,-10,2011-03-29 10:22:00,0.0,,United Kingdom,RETURN,True,recovered,2011-03-29,2011,3,1,True,PRICE_ZERO,True
547997,20857,BLUE ROSE PATCH PURSE PINK BUTTERFL,-34,2011-03-29 10:22:00,0.0,,United Kingdom,RETURN,True,recovered,2011-03-29,2011,3,1,True,PRICE_ZERO,True
547998,20854,BLUE PATCH PURSE PINK HEART,-2,2011-03-29 10:23:00,0.0,,United Kingdom,RETURN,True,recovered,2011-03-29,2011,3,1,True,PRICE_ZERO,True
547999,20860,GOLD COSMETICS BAG WITH BUTTERFLY,-7,2011-03-29 10:24:00,0.0,,United Kingdom,RETURN,True,recovered,2011-03-29,2011,3,1,True,PRICE_ZERO,True
548000,85224,ASSORTED COLOUR SILK GLASSES CASE,-7,2011-03-29 10:24:00,0.0,,United Kingdom,RETURN,True,recovered,2011-03-29,2011,3,1,True,PRICE_ZERO,True
548002,21051,RIBBONS PURSE,-25,2011-03-29 10:27:00,0.0,,United Kingdom,RETURN,True,recovered,2011-03-29,2011,3,1,True,PRICE_ZERO,True
548008,21190,PINK HEARTS PAPER GARLAND,-80,2011-03-29 10:52:00,0.0,,United Kingdom,RETURN,True,recovered,2011-03-29,2011,3,1,True,PRICE_ZERO,True
548069,20713,JUMBO BAG OWLS,-22,2011-03-29 12:10:00,0.0,,United Kingdom,RETURN,True,recovered,2011-03-29,2011,3,1,True,PRICE_ZERO,True
548098,21283,NATURAL BARK CANDLE SMALL,-15,2011-03-29 12:17:00,0.0,,United Kingdom,RETURN,True,recovered,2011-03-29,2011,3,1,True,PRICE_ZERO,True
548095,20850,ZINC HEART LATTICE PLANTER BOWL,-3,2011-03-29 12:17:00,0.0,,United Kingdom,RETURN,True,recovered,2011-03-29,2011,3,1,True,PRICE_ZERO,True
548104,84854,GIRLY PINK TOOL SET,-3,2011-03-29 12:18:00,0.0,,United Kingdom,RETURN,True,recovered,2011-03-29,2011,3,1,True,PRICE_ZERO,True
548110,21911,GARDEN METAL SIGN,-27,2011-03-29 12:20:00,0.0,,United Kingdom,RETURN,True,recovered,2011-03-29,2011,3,1,True,PRICE_ZERO,True
548149,72821,CUPID SCENTED CANDLE IN GLASS,-2,2011-03-29 12:36:00,0.0,,United Kingdom,RETURN,True,recovered,2011-03-29,2011,3,1,True,PRICE_ZERO,True
548173,85067,CREAM SWEETHEART WALL CABINET,-3,2011-03-29 14:17:00,0.0,,United Kingdom,RETURN,True,recovered,2011-03-29,2011,3,1,True,PRICE_ZERO,True
548175,46115B,GREEN POP ART MAO CUSHION COVER,-2,2011-03-29 14:19:00,0.0,,United Kingdom,RETURN,True,recovered,2011-03-29,2011,3,1,True,PRICE_ZERO,True
548206,22469,HEART OF WICKER SMALL,-53,2011-03-29 16:56:00,0.0,,United Kingdom,RETURN,True,recovered,2011-03-29,2011,3,1,True,PRICE_ZERO,True
548209,21621,VINTAGE UNION JACK BUNTING,-30,2011-03-29 17:21:00,0.0,,United Kingdom,RETURN,True,recovered,2011-03-29,2011,3,1,True,PRICE_ZERO,True
548227,90099,NECKLACE+BRACELET SET BLUE HIBISCUS,-19,2011-03-30 10:24:00,0.0,,United Kingdom,RETURN,True,recovered,2011-03-30,2011,3,2,True,PRICE_ZERO,True
548269,22036,DINOSAUR BIRTHDAY CARD,-45,2011-03-30 11:35:00,0.0,,United Kingdom,RETURN,True,recovered,2011-03-30,2011,3,2,True,PRICE_ZERO,True
548328,21527,RED RETROSPOT TRADITIONAL TEAPOT,-21,2011-03-30 13:11:00,0.0,,United Kingdom,RETURN,True,recovered,2011-03-30,2011,3,2,True,PRICE_ZERO,True
548339,21827,EIGHT PIECE CREEPY CRAWLIE SET,-42,2011-03-30 14:08:00,0.0,,United Kingdom,RETURN,True,recovered,2011-03-30,2011,3,2,True,PRICE_ZERO,True
548365,79172D,PURPLE TINT ACRYLIC FLOWER VASE,-7,2011-03-30 15:49:00,0.0,,United Kingdom,RETURN,True,recovered,2011-03-30,2011,3,2,True,PRICE_ZERO,True
548366,84678,CLASSICAL ROSE SMALL VASE,-33,2011-03-30 15:50:00,0.0,,United Kingdom,RETURN,True,recovered,2011-03-30,2011,3,2,True,PRICE_ZERO,True
548369,84683,CLASSICAL ROSE CANDLESTAND,-6,2011-03-30 16:00:00,0.0,,United Kingdom,RETURN,True,recovered,2011-03-30,2011,3,2,True,PRICE_ZERO,True
548376,22533,MAGIC DRAWING SLATE BAKE A CAKE,-80,2011-03-30 16:39:00,0.0,,United Kingdom,RETURN,True,recovered,2011-03-30,2011,3,2,True,PRICE_ZERO,True
548377,85016,SET OF 6 VINTAGE NOTELETS KIT,-46,2011-03-30 16:40:00,0.0,,United Kingdom,RETURN,True,recovered,2011-03-30,2011,3,2,True,PRICE_ZERO,True
548378,22052,VINTAGE CARAVAN GIFT WRAP,-75,2011-03-30 16:41:00,0.0,,United Kingdom,RETURN,True,recovered,2011-03-30,2011,3,2,True,PRICE_ZERO,True
548380,22127,Dotcom sold in 6's,-60,2011-03-30 16:44:00,0.0,,United Kingdom,RETURN,False,original,2011-03-30,2011,3,2,True,PRICE_ZERO,True
548381,22127,sold in set?,-690,2011-03-30 16:45:00,0.0,,United Kingdom,RETURN,False,original,2011-03-30,2011,3,2,True,PRICE_ZERO,True
548382,84898F,YELLOW FLOWERS FELT HANDBAG KIT,-2,2011-03-30 16:46:00,0.0,,United Kingdom,RETURN,True,recovered,2011-03-30,2011,3,2,True,PRICE_ZERO,True
548385,22168,ORGANISER WOOD ANTIQUE WHITE,-19,2011-03-30 16:47:00,0.0,,United Kingdom,RETURN,True,recovered,2011-03-30,2011,3,2,True,PRICE_ZERO,True
548394,82494L,cracked,-39,2011-03-30 17:18:00,0.0,,United Kingdom,RETURN,False,original,2011-03-30,2011,3,2,True,PRICE_ZERO,True
548395,22194,BLACK DINER WALL CLOCK,-9,2011-03-30 17:20:00,0.0,,United Kingdom,RETURN,True,recovered,2011-03-30,2011,3,2,True,PRICE_ZERO,True
548396,22719,sold as 22467,-25,2011-03-30 17:21:00,0.0,,United Kingdom,RETURN,False,original,2011-03-30,2011,3,2,True,PRICE_ZERO,True
548397,21195,PINK  HONEYCOMB PAPER BALL,-30,2011-03-30 17:23:00,0.0,,United Kingdom,RETURN,True,recovered,2011-03-30,2011,3,2,True,PRICE_ZERO,True
548398,22482,BLUE TEA TOWEL CLASSIC DESIGN,-66,2011-03-30 17:24:00,0.0,,United Kingdom,RETURN,True,recovered,2011-03-30,2011,3,2,True,PRICE_ZERO,True
548402,21040,MODERN VINTAGE COTTON SHOPPING BAG,-5,2011-03-31 09:26:00,0.0,,United Kingdom,RETURN,True,recovered,2011-03-31,2011,3,3,True,PRICE_ZERO,True
548536,90010B,BLACK/WHITE GLASS/SILVER BRACELET,-50,2011-03-31 17:34:00,0.0,,United Kingdom,RETURN,True,recovered,2011-03-31,2011,3,3,True,PRICE_ZERO,True
548537,90173,PAIR BUTTERFLY HAIR CLIPS,-28,2011-03-31 17:35:00,0.0,,United Kingdom,RETURN,True,recovered,2011-03-31,2011,3,3,True,PRICE_ZERO,True
548540,90035A,"PEARL & SHELL 42""NECKL. GREEN",-9,2011-03-31 17:51:00,0.0,,United Kingdom,RETURN,True,recovered,2011-03-31,2011,3,3,True,PRICE_ZERO,True
548615,16010,FOLDING CAMPING SCISSOR W/KNIF & S,-7,2011-04-01 11:47:00,0.0,,United Kingdom,RETURN,True,recovered,2011-04-01,2011,4,4,True,PRICE_ZERO,True
548620,84313B,Damaged,-32,2011-04-01 11:53:00,0.0,,United Kingdom,RETURN,False,original,2011-04-01,2011,4,4,True,PRICE_ZERO,True
548646,21472,LADYBIRD + BEE RAFFIA FOOD COVER,-140,2011-04-01 13:15:00,0.0,,United Kingdom,RETURN,True,recovered,2011-04-01,2011,4,4,True,PRICE_ZERO,True
548662,82494L,WOODEN FRAME ANTIQUE WHITE,-180,2011-04-01 14:31:00,0.0,,United Kingdom,RETURN,True,recovered,2011-04-01,2011,4,4,True,PRICE_ZERO,True
548675,85185D,FROG SOCK PUPPET,-2,2011-04-01 16:39:00,0.0,,United Kingdom,RETURN,True,recovered,2011-04-01,2011,4,4,True,PRICE_ZERO,True
548677,72781,BLACK SILOUETTE CANDLE PLATE,-30,2011-04-01 16:40:00,0.0,,United Kingdom,RETURN,True,recovered,2011-04-01,2011,4,4,True,PRICE_ZERO,True
548676,72800F,4 IVORY DINNER CANDLES GOLD FLOCK,-5,2011-04-01 16:40:00,0.0,,United Kingdom,RETURN,True,recovered,2011-04-01,2011,4,4,True,PRICE_ZERO,True
548678,35015,JACOBS LADDER SMALL,-9,2011-04-01 16:41:00,0.0,,United Kingdom,RETURN,True,recovered,2011-04-01,2011,4,4,True,PRICE_ZERO,True
548679,72793,BLACK BOX MIRROR LANTERN,-3,2011-04-01 16:42:00,0.0,,United Kingdom,RETURN,True,recovered,2011-04-01,2011,4,4,True,PRICE_ZERO,True
548680,72800D,4 BLUE DINNER CANDLES SILVER FLOCK,-18,2011-04-01 16:43:00,0.0,,United Kingdom,RETURN,True,recovered,2011-04-01,2011,4,4,True,PRICE_ZERO,True
548682,72789,BASKET/8 SCENTED LOVE TOKEN CANDLES,-2,2011-04-01 16:44:00,0.0,,United Kingdom,RETURN,True,recovered,2011-04-01,2011,4,4,True,PRICE_ZERO,True
548684,72798C,SET/4 GARDEN ROSE DINNER CANDLE,-2,2011-04-01 16:46:00,0.0,,United Kingdom,RETURN,True,recovered,2011-04-01,2011,4,4,True,PRICE_ZERO,True
548685,85018B,S/6 PAPER BOXES BLOSSOM IMAGES,-2,2011-04-01 16:47:00,0.0,,United Kingdom,RETURN,True,recovered,2011-04-01,2011,4,4,True,PRICE_ZERO,True
548693,22720,SET OF 3 CAKE TINS PANTRY DESIGN,-60,2011-04-01 17:25:00,0.0,,United Kingdom,RETURN,True,recovered,2011-04-01,2011,4,4,True,PRICE_ZERO,True
548886,85118,HEART T-LIGHT HOLDER,-6,2011-04-04 15:23:00,0.0,,United Kingdom,RETURN,True,recovered,2011-04-04,2011,4,0,True,PRICE_ZERO,True
548887,35824B,"HANGING FLOWERS+MIRROR,BLUE",-8,2011-04-04 15:24:00,0.0,,United Kingdom,RETURN,True,recovered,2011-04-04,2011,4,0,True,PRICE_ZERO,True
548888,84726,LILLIES CANVAS PICTURE,-14,2011-04-04 15:25:00,0.0,,United Kingdom,RETURN,True,recovered,2011-04-04,2011,4,0,True,PRICE_ZERO,True
548890,84876C,SILVER HEART COMPACT MIRROR,-19,2011-04-04 15:26:00,0.0,,United Kingdom,RETURN,True,recovered,2011-04-04,2011,4,0,True,PRICE_ZERO,True
548889,84875A,PINK SQUARE COMPACT MIRROR,-17,2011-04-04 15:26:00,0.0,,United Kingdom,RETURN,True,recovered,2011-04-04,2011,4,0,True,PRICE_ZERO,True
548897,47570B,TEA TIME TABLE CLOTH,-70,2011-04-04 16:22:00,0.0,,United Kingdom,RETURN,True,recovered,2011-04-04,2011,4,0,True,PRICE_ZERO,True
548980,22114,HOT WATER BOTTLE TEA AND SYMPATHY,-194,2011-04-05 12:21:00,0.0,,United Kingdom,RETURN,True,recovered,2011-04-05,2011,4,1,True,PRICE_ZERO,True
548986,21210,SET OF 72 RETROSPOT PAPER  DOILIES,-177,2011-04-05 12:46:00,0.0,,United Kingdom,RETURN,True,recovered,2011-04-05,2011,4,1,True,PRICE_ZERO,True
548989,72799F,IVORY PILLAR CANDLE GOLD FLOCK,-46,2011-04-05 13:19:00,0.0,,United Kingdom,RETURN,True,recovered,2011-04-05,2011,4,1,True,PRICE_ZERO,True
548999,84743C,damages,-26,2011-04-05 14:34:00,0.0,,United Kingdom,RETURN,False,original,2011-04-05,2011,4,1,True,PRICE_ZERO,True
549001,84845D,GERANIUM SQUARE HANDY TIN,-5,2011-04-05 14:35:00,0.0,,United Kingdom,RETURN,True,recovered,2011-04-05,2011,4,1,True,PRICE_ZERO,True
549000,35972,DAISY FOLKART HEART DECORATION,-45,2011-04-05 14:35:00,0.0,,United Kingdom,RETURN,True,recovered,2011-04-05,2011,4,1,True,PRICE_ZERO,True
549005,16020C,CLEAR STATIONERY BOX SET,-5,2011-04-05 14:37:00,0.0,,United Kingdom,RETURN,True,recovered,2011-04-05,2011,4,1,True,PRICE_ZERO,True
549004,21274,EMBOSSED HEART 3 DRAWER SHELF,-3,2011-04-05 14:37:00,0.0,,United Kingdom,RETURN,True,recovered,2011-04-05,2011,4,1,True,PRICE_ZERO,True
549008,21281,VINTAGE KITCHEN PRINT SEAFOOD,-31,2011-04-05 14:38:00,0.0,,United Kingdom,RETURN,True,recovered,2011-04-05,2011,4,1,True,PRICE_ZERO,True
549006,84508B,STRIPES DESIGN TEDDY,-23,2011-04-05 14:38:00,0.0,,United Kingdom,RETURN,True,recovered,2011-04-05,2011,4,1,True,PRICE_ZERO,True
549009,21474,SWEETHEART CREAM STEEL FOLDIN BENCH,-8,2011-04-05 14:39:00,0.0,,United Kingdom,RETURN,True,recovered,2011-04-05,2011,4,1,True,PRICE_ZERO,True
549010,21684,SMALL MEDINA STAMPED METAL BOWL,-62,2011-04-05 14:39:00,0.0,,United Kingdom,RETURN,True,recovered,2011-04-05,2011,4,1,True,PRICE_ZERO,True
549011,62096B,PURPLE/TURQ FLOWERS HANDBAG,-8,2011-04-05 14:41:00,0.0,,United Kingdom,RETURN,True,recovered,2011-04-05,2011,4,1,True,PRICE_ZERO,True
549028,84569A,PACK 3 IRON ON DOG PATCHES,-18,2011-04-05 17:02:00,0.0,,United Kingdom,RETURN,True,recovered,2011-04-05,2011,4,1,True,PRICE_ZERO,True
549029,84569B,PACK 3 FIRE ENGINE/CAR PATCHES,-17,2011-04-05 17:03:00,0.0,,United Kingdom,RETURN,True,recovered,2011-04-05,2011,4,1,True,PRICE_ZERO,True
549030,84520B,PACK 20 ENGLISH ROSE PAPER NAPKINS,-61,2011-04-05 17:03:00,0.0,,United Kingdom,RETURN,True,recovered,2011-04-05,2011,4,1,True,PRICE_ZERO,True
549031,10134,COLOURING PENCILS BROWN TUBE,-19,2011-04-05 17:04:00,0.0,,United Kingdom,RETURN,True,recovered,2011-04-05,2011,4,1,True,PRICE_ZERO,True
549032,20778,GARDEN PATH NOTEBOOK,-6,2011-04-05 17:06:00,0.0,,United Kingdom,RETURN,True,recovered,2011-04-05,2011,4,1,True,PRICE_ZERO,True
549033,16254,TRANSPARENT ACRYLIC TAPE DISPENSER,-5,2011-04-05 17:08:00,0.0,,United Kingdom,RETURN,True,recovered,2011-04-05,2011,4,1,True,PRICE_ZERO,True
549035,72051S,BAG OF SILVER STONES,-15,2011-04-05 17:09:00,0.0,,United Kingdom,RETURN,True,recovered,2011-04-05,2011,4,1,True,PRICE_ZERO,True
549037,84569C,PACK 4 FLOWER/BUTTERFLY PATCHES,-37,2011-04-05 17:09:00,0.0,,United Kingdom,RETURN,True,recovered,2011-04-05,2011,4,1,True,PRICE_ZERO,True
549036,84993B,75 BLACK PETIT FOUR CASES,-54,2011-04-05 17:09:00,0.0,,United Kingdom,RETURN,True,recovered,2011-04-05,2011,4,1,True,PRICE_ZERO,True
549038,84569D,PACK 6 HEART/ICE-CREAM PATCHES,-70,2011-04-05 17:10:00,0.0,,United Kingdom,RETURN,True,recovered,2011-04-05,2011,4,1,True,PRICE_ZERO,True
549042,21681,GIANT MEDINA STAMPED METAL BOWL,-2,2011-04-05 17:24:00,0.0,,United Kingdom,RETURN,True,recovered,2011-04-05,2011,4,1,True,PRICE_ZERO,True
549043,84990,60 GOLD AND SILVER FAIRY CAKE CASES,-24,2011-04-05 17:26:00,0.0,,United Kingdom,RETURN,True,recovered,2011-04-05,2011,4,1,True,PRICE_ZERO,True
549134,20758,ABSTRACT CIRCLES POCKET BOOK,-54,2011-04-06 15:22:00,0.0,,United Kingdom,RETURN,True,recovered,2011-04-06,2011,4,2,True,PRICE_ZERO,True
549132,20756,GREEN FERN POCKET BOOK,-70,2011-04-06 15:22:00,0.0,,United Kingdom,RETURN,True,recovered,2011-04-06,2011,4,2,True,PRICE_ZERO,True
549133,20759,CHRYSANTHEMUM POCKET BOOK,-52,2011-04-06 15:22:00,0.0,,United Kingdom,RETURN,True,recovered,2011-04-06,2011,4,2,True,PRICE_ZERO,True
549136,21414,SCALLOP SHELL SOAP DISH,-3,2011-04-06 15:23:00,0.0,,United Kingdom,RETURN,True,recovered,2011-04-06,2011,4,2,True,PRICE_ZERO,True
549137,84459B,YELLOW METAL CHICKEN HEART,-7,2011-04-06 15:24:00,0.0,,United Kingdom,RETURN,True,recovered,2011-04-06,2011,4,2,True,PRICE_ZERO,True
549139,22988,SOLDIERS EGG CUP,-91,2011-04-06 15:26:00,0.0,,United Kingdom,RETURN,True,recovered,2011-04-06,2011,4,2,True,PRICE_ZERO,True
549142,35650,VINTAGE BEAD PINK JEWEL STAND,-24,2011-04-06 15:26:00,0.0,,United Kingdom,RETURN,True,recovered,2011-04-06,2011,4,2,True,PRICE_ZERO,True
549143,84597C,RETRO PINK BALL ASHTRAY,-17,2011-04-06 15:27:00,0.0,,United Kingdom,RETURN,True,recovered,2011-04-06,2011,4,2,True,PRICE_ZERO,True
549144,21416,CLAM SHELL LARGE,-14,2011-04-06 15:28:00,0.0,,United Kingdom,RETURN,True,recovered,2011-04-06,2011,4,2,True,PRICE_ZERO,True
549146,85017A,ENVELOPE 50 ROMANTIC IMAGES,-10,2011-04-06 15:29:00,0.0,,United Kingdom,RETURN,True,recovered,2011-04-06,2011,4,2,True,PRICE_ZERO,True
549147,20773,BLUE PAISLEY NOTEBOOK,-4,2011-04-06 15:30:00,0.0,,United Kingdom,RETURN,True,recovered,2011-04-06,2011,4,2,True,PRICE_ZERO,True
549149,35649,VINTAGE BEAD COSMETIC BAG,-43,2011-04-06 15:31:00,0.0,,United Kingdom,RETURN,True,recovered,2011-04-06,2011,4,2,True,PRICE_ZERO,True
549150,79336,LIGHT PINK FLOCK GLASS CANDLEHOLDER,-47,2011-04-06 15:32:00,0.0,,United Kingdom,RETURN,True,recovered,2011-04-06,2011,4,2,True,PRICE_ZERO,True
549156,17013D,ORIGAMI ROSE INCENSE IN TUBE,-9,2011-04-06 17:11:00,0.0,,United Kingdom,RETURN,True,recovered,2011-04-06,2011,4,2,True,PRICE_ZERO,True
549158,21910,WAY OUT METAL SIGN,-1,2011-04-06 17:13:00,0.0,,United Kingdom,RETURN,True,recovered,2011-04-06,2011,4,2,True,PRICE_ZERO,True
549157,21511,VINTAGE COLLAGE  GREETING  CARD,-9,2011-04-06 17:13:00,0.0,,United Kingdom,RETURN,True,recovered,2011-04-06,2011,4,2,True,PRICE_ZERO,True
549159,22052,VINTAGE CARAVAN GIFT WRAP,-25,2011-04-06 17:14:00,0.0,,United Kingdom,RETURN,True,recovered,2011-04-06,2011,4,2,True,PRICE_ZERO,True
549161,21518,BANK ACCOUNT  GREETING  CARD,-31,2011-04-06 17:15:00,0.0,,United Kingdom,RETURN,True,recovered,2011-04-06,2011,4,2,True,PRICE_ZERO,True
549160,81953P,ROUND ARTICULATED PINK CLOCK W/SUCK,-7,2011-04-06 17:15:00,0.0,,United Kingdom,RETURN,True,recovered,2011-04-06,2011,4,2,True,PRICE_ZERO,True
549164,16169P,WRAP GREEN RUSSIAN FOLKART,-75,2011-04-06 17:20:00,0.0,,United Kingdom,RETURN,True,recovered,2011-04-06,2011,4,2,True,PRICE_ZERO,True
549165,35815P,"ACRYLIC JEWEL SNOWFLAKE, PINK",-63,2011-04-06 17:20:00,0.0,,United Kingdom,RETURN,True,recovered,2011-04-06,2011,4,2,True,PRICE_ZERO,True
549168,21161,KEEP OUT BOYS DOOR HANGER,-10,2011-04-06 17:24:00,0.0,,United Kingdom,RETURN,True,recovered,2011-04-06,2011,4,2,True,PRICE_ZERO,True
549167,84846A,SCENTED CANDLE IN DIGITALIS TIN,-8,2011-04-06 17:24:00,0.0,,United Kingdom,RETURN,True,recovered,2011-04-06,2011,4,2,True,PRICE_ZERO,True
549170,82545A,COGNAC AUX OEUFS METAL 1 HOOK,-4,2011-04-06 17:25:00,0.0,,United Kingdom,RETURN,True,recovered,2011-04-06,2011,4,2,True,PRICE_ZERO,True
549171,84251F,"GREETING CARD, RITA",-2,2011-04-06 17:26:00,0.0,,United Kingdom,RETURN,True,recovered,2011-04-06,2011,4,2,True,PRICE_ZERO,True
549172,21637,ASSORTED SANSKRIT MINI NOTEBOOK,-139,2011-04-06 17:27:00,0.0,,United Kingdom,RETURN,True,recovered,2011-04-06,2011,4,2,True,PRICE_ZERO,True
549173,84218,BOX/12 CHICK & EGG IN BASKET,-2,2011-04-06 17:28:00,0.0,,United Kingdom,RETURN,True,recovered,2011-04-06,2011,4,2,True,PRICE_ZERO,True
549175,21171,BATHROOM METAL SIGN,-30,2011-04-06 17:30:00,0.0,,United Kingdom,RETURN,True,recovered,2011-04-06,2011,4,2,True,PRICE_ZERO,True
549174,21160,KEEP OUT GIRLS DOOR HANGER,-7,2011-04-06 17:30:00,0.0,,United Kingdom,RETURN,True,recovered,2011-04-06,2011,4,2,True,PRICE_ZERO,True
549176,35603B,S/16 BLACK SHINY/MAT BAUBLES,-12,2011-04-06 17:31:00,0.0,,United Kingdom,RETURN,True,recovered,2011-04-06,2011,4,2,True,PRICE_ZERO,True
549178,47502,POLKADOT CUTLERY 24 PCS IN TRAY,-19,2011-04-06 17:33:00,0.0,,United Kingdom,RETURN,True,recovered,2011-04-06,2011,4,2,True,PRICE_ZERO,True
549179,84007,MAGIC GARDEN MOUNT FUJI,-3,2011-04-06 17:34:00,0.0,,United Kingdom,RETURN,True,recovered,2011-04-06,2011,4,2,True,PRICE_ZERO,True
549180,84522,PINK PARTY SUNGLASSES,-30,2011-04-06 17:34:00,0.0,,United Kingdom,RETURN,True,recovered,2011-04-06,2011,4,2,True,PRICE_ZERO,True
549244,79331,PINK FLOCK GLASS CANDLEHOLDER,-3,2011-04-07 11:53:00,0.0,,United Kingdom,RETURN,True,recovered,2011-04-07,2011,4,3,True,PRICE_ZERO,True
549264,21337,SILVER WASHBAG,-21,2011-04-07 12:45:00,0.0,,United Kingdom,RETURN,True,recovered,2011-04-07,2011,4,3,True,PRICE_ZERO,True
549266,84593,CROCHET ROSE DES CLOTHES HANGER,-5,2011-04-07 12:45:00,0.0,,United Kingdom,RETURN,True,recovered,2011-04-07,2011,4,3,True,PRICE_ZERO,True
549267,46037A,PINK CANVAS DES CUSHION COVER,-5,2011-04-07 12:46:00,0.0,,United Kingdom,RETURN,True,recovered,2011-04-07,2011,4,3,True,PRICE_ZERO,True
549268,84856S,SMALL TAHITI BEACH BAG,-7,2011-04-07 12:47:00,0.0,,United Kingdom,RETURN,True,recovered,2011-04-07,2011,4,3,True,PRICE_ZERO,True
549271,62096B,PURPLE/TURQ FLOWERS HANDBAG,-2,2011-04-07 12:48:00,0.0,,United Kingdom,RETURN,True,recovered,2011-04-07,2011,4,3,True,PRICE_ZERO,True
549270,84856L,LARGE TAHITI BEACH BAG,-27,2011-04-07 12:48:00,0.0,,United Kingdom,RETURN,True,recovered,2011-04-07,2011,4,3,True,PRICE_ZERO,True
549326,21738,COSY SLIPPER SHOES SMALL  RED,-5,2011-04-08 10:45:00,0.0,,United Kingdom,RETURN,True,recovered,2011-04-08,2011,4,4,True,PRICE_ZERO,True
549328,51008,AFGHAN SLIPPER SOCK PAIR,-110,2011-04-08 10:49:00,0.0,,United Kingdom,RETURN,True,recovered,2011-04-08,2011,4,4,True,PRICE_ZERO,True
549329,84989A,75 GREEN FAIRY CAKE CASES,-1,2011-04-08 10:49:00,0.0,,United Kingdom,RETURN,True,recovered,2011-04-08,2011,4,4,True,PRICE_ZERO,True
549330,84251J,"GREETING CARD, THE BLACK CAT",-28,2011-04-08 10:53:00,0.0,,United Kingdom,RETURN,True,recovered,2011-04-08,2011,4,4,True,PRICE_ZERO,True
549331,40018F,CHERRY DESIGN PAPERLANTERNS,-22,2011-04-08 10:54:00,0.0,,United Kingdom,RETURN,True,recovered,2011-04-08,2011,4,4,True,PRICE_ZERO,True
549332,84864A,PINK PAISLEY PHOTO ALBUM,-2,2011-04-08 10:55:00,0.0,,United Kingdom,RETURN,True,recovered,2011-04-08,2011,4,4,True,PRICE_ZERO,True
549340,20774,GREEN FERN NOTEBOOK,-11,2011-04-08 11:02:00,0.0,,United Kingdom,RETURN,True,recovered,2011-04-08,2011,4,4,True,PRICE_ZERO,True
549342,35818B,"ACRYLIC JEWEL ICICLE, BLUE",-53,2011-04-08 11:06:00,0.0,,United Kingdom,RETURN,True,recovered,2011-04-08,2011,4,4,True,PRICE_ZERO,True
549343,72815,3 WICK CHRISTMAS BRIAR CANDLE,-3,2011-04-08 11:07:00,0.0,,United Kingdom,RETURN,True,recovered,2011-04-08,2011,4,4,True,PRICE_ZERO,True
549344,21825,PAINTED METAL TREE WITH HOLLY BELLS,-14,2011-04-08 11:08:00,0.0,,United Kingdom,RETURN,True,recovered,2011-04-08,2011,4,4,True,PRICE_ZERO,True
549346,22033,BOTANICAL ROSE GREETING CARD,-50,2011-04-08 11:10:00,0.0,,United Kingdom,RETURN,True,recovered,2011-04-08,2011,4,4,True,PRICE_ZERO,True
549349,10123G,ARMY CAMO WRAPPING TAPE,-38,2011-04-08 11:13:00,0.0,,United Kingdom,RETURN,True,recovered,2011-04-08,2011,4,4,True,PRICE_ZERO,True
549348,84251B,"GREETING CARD, STICKY GORDON",-60,2011-04-08 11:13:00,0.0,,United Kingdom,RETURN,True,recovered,2011-04-08,2011,4,4,True,PRICE_ZERO,True
549350,84597B,RETRO BROWN BALL ASHTRAY,-13,2011-04-08 11:14:00,0.0,,United Kingdom,RETURN,True,recovered,2011-04-08,2011,4,4,True,PRICE_ZERO,True
549351,85006,SET 4 NURSERY DES ROUND BOXES,-21,2011-04-08 11:14:00,0.0,,United Kingdom,RETURN,True,recovered,2011-04-08,2011,4,4,True,PRICE_ZERO,True
549355,84899F,YELLOW PURPLE DAISY FELT PURSE KIT,-5,2011-04-08 11:21:00,0.0,,United Kingdom,RETURN,True,recovered,2011-04-08,2011,4,4,True,PRICE_ZERO,True
549371,84921,CREAM AND PINK FLOWERS PONY,-17,2011-04-08 11:27:00,0.0,,United Kingdom,RETURN,True,recovered,2011-04-08,2011,4,4,True,PRICE_ZERO,True
549373,85008,SET OF 3 CONEY ISLAND OVAL BOXES,-2,2011-04-08 11:28:00,0.0,,United Kingdom,RETURN,True,recovered,2011-04-08,2011,4,4,True,PRICE_ZERO,True
549375,20863,BLUE PATCH PENCIL CASE PINK HEART,-6,2011-04-08 11:29:00,0.0,,United Kingdom,RETURN,True,recovered,2011-04-08,2011,4,4,True,PRICE_ZERO,True
549374,20775,DAISY NOTEBOOK,-29,2011-04-08 11:29:00,0.0,,United Kingdom,RETURN,True,recovered,2011-04-08,2011,4,4,True,PRICE_ZERO,True
549426,22078,RIBBON REEL LACE DESIGN,-201,2011-04-08 11:55:00,0.0,,United Kingdom,RETURN,True,recovered,2011-04-08,2011,4,4,True,PRICE_ZERO,True
549427,22797,damages,-12,2011-04-08 11:56:00,0.0,,United Kingdom,RETURN,False,original,2011-04-08,2011,4,4,True,PRICE_ZERO,True
549455,84858C,PINK RIVIERA HANDBAG,-10,2011-04-08 14:18:00,0.0,,United Kingdom,RETURN,True,recovered,2011-04-08,2011,4,4,True,PRICE_ZERO,True
549457,47344B,BLUE FLOWER DES PURSE,-16,2011-04-08 14:19:00,0.0,,United Kingdom,RETURN,True,recovered,2011-04-08,2011,4,4,True,PRICE_ZERO,True
549456,47341A,FUSCHIA TABLE RUN FLOWER,-6,2011-04-08 14:19:00,0.0,,United Kingdom,RETURN,True,recovered,2011-04-08,2011,4,4,True,PRICE_ZERO,True
549458,62097B,BLUE STRIPES SHOULDER BAG,-6,2011-04-08 14:19:00,0.0,,United Kingdom,RETURN,True,recovered,2011-04-08,2011,4,4,True,PRICE_ZERO,True
549460,20716,PARTY FOOD SHOPPER BAG,-82,2011-04-08 14:20:00,0.0,,United Kingdom,RETURN,True,recovered,2011-04-08,2011,4,4,True,PRICE_ZERO,True
549461,20731,POSY CANDY BAG,-16,2011-04-08 14:20:00,0.0,,United Kingdom,RETURN,True,recovered,2011-04-08,2011,4,4,True,PRICE_ZERO,True
549462,84910A,PINK PAISLEY CUSHION COVER,-16,2011-04-08 14:21:00,0.0,,United Kingdom,RETURN,True,recovered,2011-04-08,2011,4,4,True,PRICE_ZERO,True
549463,84919,BLUE CUSHION COVER WITH FLOWER,-17,2011-04-08 14:21:00,0.0,,United Kingdom,RETURN,True,recovered,2011-04-08,2011,4,4,True,PRICE_ZERO,True
549464,20701,PINK CAT FLORAL CUSHION COVER,-6,2011-04-08 14:21:00,0.0,,United Kingdom,RETURN,True,recovered,2011-04-08,2011,4,4,True,PRICE_ZERO,True
549465,84415B,BLUE FLOCK CUSHION COVER,-5,2011-04-08 14:22:00,0.0,,United Kingdom,RETURN,True,recovered,2011-04-08,2011,4,4,True,PRICE_ZERO,True
549466,20816,GOLD FLOWER CUSHION COVER,-11,2011-04-08 14:22:00,0.0,,United Kingdom,RETURN,True,recovered,2011-04-08,2011,4,4,True,PRICE_ZERO,True
549470,46775D,SUNSET COLOUR CHUNKY KNITTED THROW,-8,2011-04-08 14:28:00,0.0,,United Kingdom,RETURN,True,recovered,2011-04-08,2011,4,4,True,PRICE_ZERO,True
549506,22415,WHITE TISSUE REAM,-31,2011-04-08 15:07:00,0.0,,United Kingdom,RETURN,True,recovered,2011-04-08,2011,4,4,True,PRICE_ZERO,True
549510,84559B,3D SHEET OF CAT STICKERS,-158,2011-04-08 15:08:00,0.0,,United Kingdom,RETURN,True,recovered,2011-04-08,2011,4,4,True,PRICE_ZERO,True
549514,20820,SILVER LOOKING MIRROR,-3,2011-04-08 15:09:00,0.0,,United Kingdom,RETURN,True,recovered,2011-04-08,2011,4,4,True,PRICE_ZERO,True
549527,21620,mystery! Only ever imported 1800,-1479,2011-04-08 16:03:00,0.0,,United Kingdom,RETURN,False,original,2011-04-08,2011,4,4,True,PRICE_ZERO,True
549528,21422,PORCELAIN ROSE SMALL,-55,2011-04-08 16:44:00,0.0,,United Kingdom,RETURN,True,recovered,2011-04-08,2011,4,4,True,PRICE_ZERO,True
549529,21830,"MERCHANT CHANDLER CREDIT ERROR, STO",-576,2011-04-08 16:56:00,0.0,,United Kingdom,RETURN,False,original,2011-04-08,2011,4,4,True,PRICE_ZERO,True
549531,21622,POSSIBLE DAMAGES OR LOST?,-750,2011-04-08 17:05:00,0.0,,United Kingdom,RETURN,False,original,2011-04-08,2011,4,4,True,PRICE_ZERO,True
549695,84751B,BLACK MEDIUM GLASS CAKE STAND,-24,2011-04-11 13:50:00,0.0,,United Kingdom,RETURN,True,recovered,2011-04-11,2011,4,0,True,PRICE_ZERO,True
549846,21100,Damaged,-6,2011-04-12 14:30:00,0.0,,United Kingdom,RETURN,False,original,2011-04-12,2011,4,1,True,PRICE_ZERO,True
549848,84531A,PINK KNITTED EGG COSY,-34,2011-04-12 14:51:00,0.0,,United Kingdom,RETURN,True,recovered,2011-04-12,2011,4,1,True,PRICE_ZERO,True
549849,84531B,BLUE KNITTED EGG COSY,-23,2011-04-12 14:51:00,0.0,,United Kingdom,RETURN,True,recovered,2011-04-12,2011,4,1,True,PRICE_ZERO,True
549935,35915C,damaged,-43,2011-04-13 11:16:00,0.0,,United Kingdom,RETURN,False,original,2011-04-13,2011,4,2,True,PRICE_ZERO,True
549948,37488A,damaged,-1,2011-04-13 12:55:00,0.0,,United Kingdom,RETURN,False,original,2011-04-13,2011,4,2,True,PRICE_ZERO,True
549950,37487B,Damaged,-6,2011-04-13 12:57:00,0.0,,United Kingdom,RETURN,False,original,2011-04-13,2011,4,2,True,PRICE_ZERO,True
549952,37482P,Damaged,-93,2011-04-13 13:05:00,0.0,,United Kingdom,RETURN,False,original,2011-04-13,2011,4,2,True,PRICE_ZERO,True
550133,85099F,JUMBO BAG STRAWBERRY,-1092,2011-04-14 13:49:00,0.0,,United Kingdom,RETURN,True,recovered,2011-04-14,2011,4,3,True,PRICE_ZERO,True
550153,85167B,DAMAGED,-1,2011-04-14 14:44:00,0.0,,United Kingdom,RETURN,False,original,2011-04-14,2011,4,3,True,PRICE_ZERO,True
550753,84763,Display,-150,2011-04-20 11:53:00,0.0,,United Kingdom,RETURN,False,original,2011-04-20,2011,4,2,True,PRICE_ZERO,True
550757,16202B,PASTEL BLUE PHOTO ALBUM,-9,2011-04-20 12:08:00,0.0,,United Kingdom,RETURN,True,recovered,2011-04-20,2011,4,2,True,PRICE_ZERO,True
550760,84750B,BLACK SMALL GLASS CAKE STAND,-4,2011-04-20 12:09:00,0.0,,United Kingdom,RETURN,True,recovered,2011-04-20,2011,4,2,True,PRICE_ZERO,True
550758,85017A,ENVELOPE 50 ROMANTIC IMAGES,-8,2011-04-20 12:09:00,0.0,,United Kingdom,RETURN,True,recovered,2011-04-20,2011,4,2,True,PRICE_ZERO,True
550759,21087,SET/6 POSIES PAPER CUPS,-7,2011-04-20 12:09:00,0.0,,United Kingdom,RETURN,True,recovered,2011-04-20,2011,4,2,True,PRICE_ZERO,True
550762,85030,FRENCH CHATEAU OVAL PLATTER,-9,2011-04-20 12:10:00,0.0,,United Kingdom,RETURN,True,recovered,2011-04-20,2011,4,2,True,PRICE_ZERO,True
550763,84666,SQUARE CHERRY BLOSSOM CABINET,-5,2011-04-20 12:11:00,0.0,,United Kingdom,RETURN,True,recovered,2011-04-20,2011,4,2,True,PRICE_ZERO,True
550800,22458,Missing,-65,2011-04-20 14:48:00,0.0,,United Kingdom,RETURN,False,original,2011-04-20,2011,4,2,True,PRICE_ZERO,True
550908,20827,damages,-68,2011-04-21 12:39:00,0.0,,United Kingdom,RETURN,False,original,2011-04-21,2011,4,3,True,PRICE_ZERO,True
550922,22784,damages,-25,2011-04-21 14:29:00,0.0,,United Kingdom,RETURN,False,original,2011-04-21,2011,4,3,True,PRICE_ZERO,True
550943,21316,SMALL CHUNKY GLASS ROMAN  BOWL,-5,2011-04-21 15:51:00,0.0,,United Kingdom,RETURN,True,recovered,2011-04-21,2011,4,3,True,PRICE_ZERO,True
550945,79329,PINK FLOCK GLASS CANDLEHOLDER,-2,2011-04-21 15:52:00,0.0,,United Kingdom,RETURN,True,recovered,2011-04-21,2011,4,3,True,PRICE_ZERO,True
550954,47013A,damaged,-2,2011-04-21 16:18:00,0.0,,United Kingdom,RETURN,False,original,2011-04-21,2011,4,3,True,PRICE_ZERO,True
550970,82599,FANNY'S REST STOPMETAL SIGN,-11,2011-04-21 17:02:00,0.0,,United Kingdom,RETURN,True,recovered,2011-04-21,2011,4,3,True,PRICE_ZERO,True
551019,22467,wrong code?,-100,2011-04-26 11:19:00,0.0,,United Kingdom,RETURN,False,original,2011-04-26,2011,4,1,True,PRICE_ZERO,True
551020,22719,wrong code,-110,2011-04-26 11:19:00,0.0,,United Kingdom,RETURN,False,original,2011-04-26,2011,4,1,True,PRICE_ZERO,True
551168,85068,CREAM SWEETHEART SHELF + HOOKS,-4,2011-04-26 16:06:00,0.0,,United Kingdom,RETURN,True,recovered,2011-04-26,2011,4,1,True,PRICE_ZERO,True
551201,16015,MEDIUM CHINESE STYLE SCISSOR,-620,2011-04-27 11:33:00,0.0,,United Kingdom,RETURN,True,recovered,2011-04-27,2011,4,2,True,PRICE_ZERO,True
551243,51020B,adjust,-53,2011-04-27 11:49:00,0.0,,United Kingdom,RETURN,False,original,2011-04-27,2011,4,2,True,PRICE_ZERO,True
551302,48189,damaged,-18,2011-04-27 14:55:00,0.0,,United Kingdom,RETURN,False,original,2011-04-27,2011,4,2,True,PRICE_ZERO,True
551323,21398,damages,-9,2011-04-27 15:31:00,0.0,,United Kingdom,RETURN,False,original,2011-04-27,2011,4,2,True,PRICE_ZERO,True
551326,85017A,ENVELOPE 50 ROMANTIC IMAGES,-2,2011-04-27 15:51:00,0.0,,United Kingdom,RETURN,True,recovered,2011-04-27,2011,4,2,True,PRICE_ZERO,True
551327,84228,crushed,-4,2011-04-27 16:01:00,0.0,,United Kingdom,RETURN,False,original,2011-04-27,2011,4,2,True,PRICE_ZERO,True
551328,21320,GLASS CHALICE GREEN  LARGE,-23,2011-04-27 16:08:00,0.0,,United Kingdom,RETURN,True,recovered,2011-04-27,2011,4,2,True,PRICE_ZERO,True
551422,22084,PAPER CHAIN KIT EMPIRE,-150,2011-04-28 14:11:00,0.0,,United Kingdom,RETURN,True,recovered,2011-04-28,2011,4,3,True,PRICE_ZERO,True
551429,10002,INFLATABLE POLITICAL GLOBE,-3,2011-04-28 15:05:00,0.0,,United Kingdom,RETURN,True,recovered,2011-04-28,2011,4,3,True,PRICE_ZERO,True
551430,20966,SANDWICH BATH SPONGE,-3,2011-04-28 15:06:00,0.0,,United Kingdom,RETURN,True,recovered,2011-04-28,2011,4,3,True,PRICE_ZERO,True
551431,44091A,BLUE CRUSOE CHECK LAMPSHADE,-2,2011-04-28 15:06:00,0.0,,United Kingdom,RETURN,True,recovered,2011-04-28,2011,4,3,True,PRICE_ZERO,True
551432,21923,RED/CREAM STRIPE FRINGE HAMMOCK,-5,2011-04-28 15:06:00,0.0,,United Kingdom,RETURN,True,recovered,2011-04-28,2011,4,3,True,PRICE_ZERO,True
551434,20896,VINTAGE NOTEBOOK PINK FLOWER,-5,2011-04-28 15:07:00,0.0,,United Kingdom,RETURN,True,recovered,2011-04-28,2011,4,3,True,PRICE_ZERO,True
551433,21784,SHOE SHINE BOX,-2,2011-04-28 15:07:00,0.0,,United Kingdom,RETURN,True,recovered,2011-04-28,2011,4,3,True,PRICE_ZERO,True
551435,20825,GOLD WINE GLASS,-5,2011-04-28 15:08:00,0.0,,United Kingdom,RETURN,True,recovered,2011-04-28,2011,4,3,True,PRICE_ZERO,True
551441,85136B,BLUE SHARK HELICOPTER,-4,2011-04-28 15:50:00,0.0,,United Kingdom,RETURN,True,recovered,2011-04-28,2011,4,3,True,PRICE_ZERO,True
551442,85060,WOOD FAN WITH FLOWER DESIGN,-4,2011-04-28 15:50:00,0.0,,United Kingdom,RETURN,True,recovered,2011-04-28,2011,4,3,True,PRICE_ZERO,True
551443,35920,FOUR RABBIT EASTER DECORATIONS,-4,2011-04-28 15:51:00,0.0,,United Kingdom,RETURN,True,recovered,2011-04-28,2011,4,3,True,PRICE_ZERO,True
551444,35809B,ENAMEL BLUE RIM TEA CONTAINER,-4,2011-04-28 15:58:00,0.0,,United Kingdom,RETURN,True,recovered,2011-04-28,2011,4,3,True,PRICE_ZERO,True
551446,35594,WOODEN CHRISTMAS TREE 3 HANGING,-4,2011-04-28 15:58:00,0.0,,United Kingdom,RETURN,True,recovered,2011-04-28,2011,4,3,True,PRICE_ZERO,True
551447,35004C,SET OF 3 COLOURED  FLYING DUCKS,-4,2011-04-28 15:59:00,0.0,,United Kingdom,RETURN,True,recovered,2011-04-28,2011,4,3,True,PRICE_ZERO,True
551448,22734,SET OF 6 RIBBONS VINTAGE CHRISTMAS,-4,2011-04-28 15:59:00,0.0,,United Kingdom,RETURN,True,recovered,2011-04-28,2011,4,3,True,PRICE_ZERO,True
551449,22525,CHILDRENS GARDEN GLOVES PINK,-4,2011-04-28 16:00:00,0.0,,United Kingdom,RETURN,True,recovered,2011-04-28,2011,4,3,True,PRICE_ZERO,True
551450,21410,COUNTRY COTTAGE  DOORSTOP GREEN,-4,2011-04-28 16:00:00,0.0,,United Kingdom,RETURN,True,recovered,2011-04-28,2011,4,3,True,PRICE_ZERO,True
551453,82494L,WOODEN FRAME ANTIQUE WHITE,-3,2011-04-28 16:01:00,0.0,,United Kingdom,RETURN,True,recovered,2011-04-28,2011,4,3,True,PRICE_ZERO,True
551452,84715,SET OF 6 ICE CREAM SKITTLES,-3,2011-04-28 16:01:00,0.0,,United Kingdom,RETURN,True,recovered,2011-04-28,2011,4,3,True,PRICE_ZERO,True
551451,21330,WOODLAND ANIMAL  WRITING SET,-4,2011-04-28 16:01:00,0.0,,United Kingdom,RETURN,True,recovered,2011-04-28,2011,4,3,True,PRICE_ZERO,True
551454,78027,SEAGRASS S/2 CORNER LAUNDRY,-3,2011-04-28 16:02:00,0.0,,United Kingdom,RETURN,True,recovered,2011-04-28,2011,4,3,True,PRICE_ZERO,True
551455,37333,"RETRO ""TEA FOR ONE""",-1,2011-04-28 16:03:00,0.0,,United Kingdom,RETURN,True,recovered,2011-04-28,2011,4,3,True,PRICE_ZERO,True
551456,22795,SWEETHEART RECIPE BOOK STAND,-3,2011-04-28 16:03:00,0.0,,United Kingdom,RETURN,True,recovered,2011-04-28,2011,4,3,True,PRICE_ZERO,True
551459,22173,METAL 4 HOOK HANGER FRENCH CHATEAU,-30,2011-04-28 16:04:00,0.0,,United Kingdom,RETURN,True,recovered,2011-04-28,2011,4,3,True,PRICE_ZERO,True
551457,22719,GUMBALL MONOCHROME COAT RACK,-3,2011-04-28 16:04:00,0.0,,United Kingdom,RETURN,True,recovered,2011-04-28,2011,4,3,True,PRICE_ZERO,True
551461,21806,WHITE CHRISTMAS HEART DECORATION,-3,2011-04-28 16:05:00,0.0,,United Kingdom,RETURN,True,recovered,2011-04-28,2011,4,3,True,PRICE_ZERO,True
551553,22521,CHILDS GARDEN TROWEL PINK,-90,2011-05-03 10:15:00,0.0,,United Kingdom,RETURN,True,recovered,2011-05-03,2011,5,1,True,PRICE_ZERO,True
551554,22720,SET OF 3 CAKE TINS PANTRY DESIGN,-4,2011-05-03 10:19:00,0.0,,United Kingdom,RETURN,True,recovered,2011-05-03,2011,5,1,True,PRICE_ZERO,True
551565,85135A,YELLOW DRAGONFLY HELICOPTER,-7,2011-05-03 11:10:00,0.0,,United Kingdom,RETURN,True,recovered,2011-05-03,2011,5,1,True,PRICE_ZERO,True
551568,21038,SET/4 MODERN VINTAGE COTTON NAPKINS,-6,2011-05-03 11:12:00,0.0,,United Kingdom,RETURN,True,recovered,2011-05-03,2011,5,1,True,PRICE_ZERO,True
551570,85189,HANGING BUTTERFLY  EGG,-6,2011-05-03 11:13:00,0.0,,United Kingdom,RETURN,True,recovered,2011-05-03,2011,5,1,True,PRICE_ZERO,True
551569,85226C,BLUE PULL BACK RACING CAR,-6,2011-05-03 11:13:00,0.0,,United Kingdom,RETURN,True,recovered,2011-05-03,2011,5,1,True,PRICE_ZERO,True
551571,47591A,CAROUSEL DES CHILD'S APRON,-6,2011-05-03 11:14:00,0.0,,United Kingdom,RETURN,True,recovered,2011-05-03,2011,5,1,True,PRICE_ZERO,True
551573,22726,ALARM CLOCK BAKELIKE GREEN,-5,2011-05-03 11:15:00,0.0,,United Kingdom,RETURN,True,recovered,2011-05-03,2011,5,1,True,PRICE_ZERO,True
551572,37424,WHITE WITH BLACK CATS MUG,-6,2011-05-03 11:15:00,0.0,,United Kingdom,RETURN,True,recovered,2011-05-03,2011,5,1,True,PRICE_ZERO,True
551575,21412,VINTAGE GOLD TINSEL REEL,-6,2011-05-03 11:16:00,0.0,,United Kingdom,RETURN,True,recovered,2011-05-03,2011,5,1,True,PRICE_ZERO,True
551574,21692,SILVER LATTICE VANILLA CANDLE POT,-6,2011-05-03 11:16:00,0.0,,United Kingdom,RETURN,True,recovered,2011-05-03,2011,5,1,True,PRICE_ZERO,True
551577,90100,NECKLACE+BRACELET SET PINK DAISY,-5,2011-05-03 11:19:00,0.0,,United Kingdom,RETURN,True,recovered,2011-05-03,2011,5,1,True,PRICE_ZERO,True
551578,90037D,TINY CRYSTALS BRACELET BLACK,-5,2011-05-03 11:19:00,0.0,,United Kingdom,RETURN,True,recovered,2011-05-03,2011,5,1,True,PRICE_ZERO,True
551579,85098B,BLUE FLYING SINGING CANARY,-5,2011-05-03 11:20:00,0.0,,United Kingdom,RETURN,True,recovered,2011-05-03,2011,5,1,True,PRICE_ZERO,True
551580,85084,HOLLY TOP CHRISTMAS STOCKING,-5,2011-05-03 11:20:00,0.0,,United Kingdom,RETURN,True,recovered,2011-05-03,2011,5,1,True,PRICE_ZERO,True
551582,84857A,SILVER MONTE CARLO HANDBAG,-5,2011-05-03 11:21:00,0.0,,United Kingdom,RETURN,True,recovered,2011-05-03,2011,5,1,True,PRICE_ZERO,True
551583,84482,BUTTONS DESIGN JEWELLERY BOX,-5,2011-05-03 11:21:00,0.0,,United Kingdom,RETURN,True,recovered,2011-05-03,2011,5,1,True,PRICE_ZERO,True
551586,21120,*Boombox Ipod Classic,-6,2011-05-03 11:24:00,0.0,,United Kingdom,RETURN,True,recovered,2011-05-03,2011,5,1,True,PRICE_ZERO,True
551589,21854,EURO FOOTBALL STARS TOP TRUMPS GAME,-2,2011-05-03 11:30:00,0.0,,United Kingdom,RETURN,True,recovered,2011-05-03,2011,5,1,True,PRICE_ZERO,True
551663,84548,CROCHET BEAR RED/BLUE  KEYRING,-70,2011-05-03 12:34:00,0.0,,United Kingdom,RETURN,True,recovered,2011-05-03,2011,5,1,True,PRICE_ZERO,True
551664,20933,YELLOW POT PLANT CANDLE,-3,2011-05-03 12:34:00,0.0,,United Kingdom,RETURN,True,recovered,2011-05-03,2011,5,1,True,PRICE_ZERO,True
551666,84750A,PINK SMALL GLASS CAKE STAND,-10,2011-05-03 12:35:00,0.0,,United Kingdom,RETURN,True,recovered,2011-05-03,2011,5,1,True,PRICE_ZERO,True
551668,22444,GROW YOUR OWN PLANT IN A CAN,-10,2011-05-03 12:37:00,0.0,,United Kingdom,RETURN,True,recovered,2011-05-03,2011,5,1,True,PRICE_ZERO,True
551671,20734,SILVER MINI TAPE MEASURE,-10,2011-05-03 12:38:00,0.0,,United Kingdom,RETURN,True,recovered,2011-05-03,2011,5,1,True,PRICE_ZERO,True
551672,84631,FRUIT TREE AND BIRDS WALL PLAQUE,-4,2011-05-03 12:39:00,0.0,,United Kingdom,RETURN,True,recovered,2011-05-03,2011,5,1,True,PRICE_ZERO,True
551673,79192A,RETRO PLASTIC 70'S TRAY,-9,2011-05-03 12:39:00,0.0,,United Kingdom,RETURN,True,recovered,2011-05-03,2011,5,1,True,PRICE_ZERO,True
551690,21143,ANTIQUE GLASS HEART DECORATION,-9,2011-05-03 13:35:00,0.0,,United Kingdom,RETURN,True,recovered,2011-05-03,2011,5,1,True,PRICE_ZERO,True
551689,22625,RED KITCHEN SCALES,-9,2011-05-03 13:35:00,0.0,,United Kingdom,RETURN,True,recovered,2011-05-03,2011,5,1,True,PRICE_ZERO,True
551695,22467,GUMBALL COAT RACK,-8,2011-05-03 13:37:00,0.0,,United Kingdom,RETURN,True,recovered,2011-05-03,2011,5,1,True,PRICE_ZERO,True
551700,85144,JARDIN ETCHED GLASS CHEESE DISH,-38,2011-05-03 14:13:00,0.0,,United Kingdom,RETURN,True,recovered,2011-05-03,2011,5,1,True,PRICE_ZERO,True
551701,84683,CLASSICAL ROSE CANDLESTAND,-2,2011-05-03 14:15:00,0.0,,United Kingdom,RETURN,True,recovered,2011-05-03,2011,5,1,True,PRICE_ZERO,True
551704,22656,VINTAGE BLUE KITCHEN CABINET,-2,2011-05-03 14:33:00,0.0,,United Kingdom,RETURN,True,recovered,2011-05-03,2011,5,1,True,PRICE_ZERO,True
551705,22655,damages/showroom etc,-11,2011-05-03 14:35:00,0.0,,United Kingdom,RETURN,False,original,2011-05-03,2011,5,1,True,PRICE_ZERO,True
551722,20975,12 PENCILS SMALL TUBE RED RETROSPOT,-170,2011-05-03 16:50:00,0.0,,United Kingdom,RETURN,True,recovered,2011-05-03,2011,5,1,True,PRICE_ZERO,True
551723,22136,LOVE HEART SOCK HANGER,-23,2011-05-03 16:51:00,0.0,,United Kingdom,RETURN,True,recovered,2011-05-03,2011,5,1,True,PRICE_ZERO,True
551735,21656,samples,-19,2011-05-04 10:25:00,0.0,,United Kingdom,RETURN,False,original,2011-05-04,2011,5,2,True,PRICE_ZERO,True
551837,79164,damages/credits from ASOS.,-1512,2011-05-04 13:23:00,0.0,,United Kingdom,RETURN,False,original,2011-05-04,2011,5,2,True,PRICE_ZERO,True
551838,35609A,PINK FEATHER CHRISTMAS DECORATION,-51,2011-05-04 13:31:00,0.0,,United Kingdom,RETURN,True,recovered,2011-05-04,2011,5,2,True,PRICE_ZERO,True
552050,84916,HAND TOWEL PALE BLUE W FLOWERS,-32,2011-05-06 10:08:00,0.0,,United Kingdom,RETURN,True,recovered,2011-05-06,2011,5,4,True,PRICE_ZERO,True
552052,84917,WHITE HAND TOWEL WITH BUTTERFLY,-8,2011-05-06 10:10:00,0.0,,United Kingdom,RETURN,True,recovered,2011-05-06,2011,5,4,True,PRICE_ZERO,True
552214,84872A,TEATIME FUNKY FLOWER BACKPACK FOR 2,-12,2011-05-06 15:11:00,0.0,,United Kingdom,RETURN,True,recovered,2011-05-06,2011,5,4,True,PRICE_ZERO,True
552216,21363,HOME SMALL WOOD LETTERS,-19,2011-05-06 15:12:00,0.0,,United Kingdom,RETURN,True,recovered,2011-05-06,2011,5,4,True,PRICE_ZERO,True
552215,17096,ASSORTED LAQUERED INCENSE HOLDERS,-41,2011-05-06 15:12:00,0.0,,United Kingdom,RETURN,True,recovered,2011-05-06,2011,5,4,True,PRICE_ZERO,True
552218,84406B,CREAM CUPID HEARTS COAT HANGER,-38,2011-05-06 15:15:00,0.0,,United Kingdom,RETURN,True,recovered,2011-05-06,2011,5,4,True,PRICE_ZERO,True
552219,22073,RED RETROSPOT STORAGE JAR,-56,2011-05-06 15:16:00,0.0,,United Kingdom,RETURN,True,recovered,2011-05-06,2011,5,4,True,PRICE_ZERO,True
552221,21043,APRON MODERN VINTAGE COTTON,-38,2011-05-06 15:20:00,0.0,,United Kingdom,RETURN,True,recovered,2011-05-06,2011,5,4,True,PRICE_ZERO,True
552222,21974,SET OF 36 PAISLEY FLOWER DOILIES,-45,2011-05-06 15:22:00,0.0,,United Kingdom,RETURN,True,recovered,2011-05-06,2011,5,4,True,PRICE_ZERO,True
552223,22524,CHILDRENS GARDEN GLOVES BLUE,-49,2011-05-06 15:24:00,0.0,,United Kingdom,RETURN,True,recovered,2011-05-06,2011,5,4,True,PRICE_ZERO,True
552224,84766,SILVER ROCOCO CANDLE STICK,-37,2011-05-06 15:25:00,0.0,,United Kingdom,RETURN,True,recovered,2011-05-06,2011,5,4,True,PRICE_ZERO,True
552225,22775,PURPLE DRAWERKNOB ACRYLIC EDWARDIAN,-40,2011-05-06 15:26:00,0.0,,United Kingdom,RETURN,True,recovered,2011-05-06,2011,5,4,True,PRICE_ZERO,True
552226,22035,VINTAGE CARAVAN GREETING CARD,-160,2011-05-06 15:26:00,0.0,,United Kingdom,RETURN,True,recovered,2011-05-06,2011,5,4,True,PRICE_ZERO,True
552228,84912B,GREEN ROSE WASHBAG,-93,2011-05-06 15:29:00,0.0,,United Kingdom,RETURN,True,recovered,2011-05-06,2011,5,4,True,PRICE_ZERO,True
552331,22667,damaged,-30,2011-05-09 10:24:00,0.0,,United Kingdom,RETURN,False,original,2011-05-09,2011,5,0,True,PRICE_ZERO,True
552443,22796,Not rcvd in 10/11/2010 delivery,-360,2011-05-09 13:05:00,0.0,,United Kingdom,RETURN,False,original,2011-05-09,2011,5,0,True,PRICE_ZERO,True
552653,22926,IVORY GIANT GARDEN THERMOMETER,-48,2011-05-10 14:12:00,0.0,,United Kingdom,RETURN,True,recovered,2011-05-10,2011,5,1,True,PRICE_ZERO,True
552733,23059,Thrown away-rusty,-2376,2011-05-11 10:48:00,0.0,,United Kingdom,RETURN,False,original,2011-05-11,2011,5,2,True,PRICE_ZERO,True
552763,21137,BLACK RECORD COVER FRAME,-25,2011-05-11 11:33:00,0.0,,United Kingdom,RETURN,True,recovered,2011-05-11,2011,5,2,True,PRICE_ZERO,True
552766,22084,PAPER CHAIN KIT EMPIRE,-56,2011-05-11 11:41:00,0.0,,United Kingdom,RETURN,True,recovered,2011-05-11,2011,5,2,True,PRICE_ZERO,True
552767,79164,BLACK WINE GLASS,-47,2011-05-11 11:42:00,0.0,,United Kingdom,RETURN,True,recovered,2011-05-11,2011,5,2,True,PRICE_ZERO,True
552768,22087,PAPER BUNTING WHITE LACE,-26,2011-05-11 11:43:00,0.0,,United Kingdom,RETURN,True,recovered,2011-05-11,2011,5,2,True,PRICE_ZERO,True
552979,35970,ZINC FOLKART SLEIGH BELLS,-217,2011-05-12 14:49:00,0.0,,United Kingdom,RETURN,True,recovered,2011-05-12,2011,5,3,True,PRICE_ZERO,True
553041,22521,CHILDS GARDEN TROWEL PINK,-9,2011-05-13 09:01:00,0.0,,United Kingdom,RETURN,True,recovered,2011-05-13,2011,5,4,True,PRICE_ZERO,True
553147,84879,damaged,-160,2011-05-13 13:58:00,0.0,,United Kingdom,RETURN,False,original,2011-05-13,2011,5,4,True,PRICE_ZERO,True
553391,37370,sold as set/6 by dotcom,-786,2011-05-16 16:42:00,0.0,,United Kingdom,RETURN,False,original,2011-05-16,2011,5,0,True,PRICE_ZERO,True
553395,15058C,wet/rusty,-30,2011-05-16 16:47:00,0.0,,United Kingdom,RETURN,False,original,2011-05-16,2011,5,0,True,PRICE_ZERO,True
553394,15058A,wet/rusty,-30,2011-05-16 16:47:00,0.0,,United Kingdom,RETURN,False,original,2011-05-16,2011,5,0,True,PRICE_ZERO,True
553396,22423,damages,-21,2011-05-16 16:48:00,0.0,,United Kingdom,RETURN,False,original,2011-05-16,2011,5,0,True,PRICE_ZERO,True
553398,37370,damages/dotcom?,-590,2011-05-16 17:07:00,0.0,,United Kingdom,RETURN,False,original,2011-05-16,2011,5,0,True,PRICE_ZERO,True
553399,84789,ENCHANTED BIRD PLANT CAGE,-2,2011-05-16 17:08:00,0.0,,United Kingdom,RETURN,True,recovered,2011-05-16,2011,5,0,True,PRICE_ZERO,True
553400,20803,damages,-40,2011-05-16 17:09:00,0.0,,United Kingdom,RETURN,False,original,2011-05-16,2011,5,0,True,PRICE_ZERO,True
553401,22060,LARGE CAKE STAND HANGING HEARTS,-16,2011-05-16 17:10:00,0.0,,United Kingdom,RETURN,True,recovered,2011-05-16,2011,5,0,True,PRICE_ZERO,True
553413,21259,VICTORIAN SEWING BOX SMALL,-51,2011-05-17 09:45:00,0.0,,United Kingdom,RETURN,True,recovered,2011-05-17,2011,5,1,True,PRICE_ZERO,True
553548,75131,METAL TUBE CHIME ON BAMBOO,-48,2011-05-17 15:57:00,0.0,,United Kingdom,RETURN,True,recovered,2011-05-17,2011,5,1,True,PRICE_ZERO,True
553651,46126A,ELVIS WALLHANGING / CURTAIN,-23,2011-05-18 11:06:00,0.0,,United Kingdom,RETURN,True,recovered,2011-05-18,2011,5,2,True,PRICE_ZERO,True
553652,20826,SILVER APERITIF GLASS,-168,2011-05-18 11:06:00,0.0,,United Kingdom,RETURN,True,recovered,2011-05-18,2011,5,2,True,PRICE_ZERO,True
553659,20967,GREY FLORAL FELTCRAFT SHOULDER BAG,-77,2011-05-18 11:47:00,0.0,,United Kingdom,RETURN,True,recovered,2011-05-18,2011,5,2,True,PRICE_ZERO,True
553743,21318,GLASS CHALICE BLUE SMALL,-62,2011-05-19 09:44:00,0.0,,United Kingdom,RETURN,True,recovered,2011-05-19,2011,5,3,True,PRICE_ZERO,True
553744,85141,JARDIN ETCHED GLASS FRUITBOWL,-7,2011-05-19 09:44:00,0.0,,United Kingdom,RETURN,True,recovered,2011-05-19,2011,5,3,True,PRICE_ZERO,True
554017,22520,CHILDS GARDEN TROWEL BLUE,-101,2011-05-20 13:15:00,0.0,,United Kingdom,RETURN,True,recovered,2011-05-20,2011,5,4,True,PRICE_ZERO,True
554020,22518,CHILDS GARDEN BRUSH BLUE,-30,2011-05-20 13:17:00,0.0,,United Kingdom,RETURN,True,recovered,2011-05-20,2011,5,4,True,PRICE_ZERO,True
554021,20886,BOX OF 9 PEBBLE CANDLES,-65,2011-05-20 13:18:00,0.0,,United Kingdom,RETURN,True,recovered,2011-05-20,2011,5,4,True,PRICE_ZERO,True
554023,82613B,"METAL SIGN,CUPCAKE SINGLE HOOK",-71,2011-05-20 13:20:00,0.0,,United Kingdom,RETURN,True,recovered,2011-05-20,2011,5,4,True,PRICE_ZERO,True
554024,20998,ROSE DU SUD OVEN GLOVE,-11,2011-05-20 13:21:00,0.0,,United Kingdom,RETURN,True,recovered,2011-05-20,2011,5,4,True,PRICE_ZERO,True
554128,84563A,damaged,-4,2011-05-23 09:26:00,0.0,,United Kingdom,RETURN,False,original,2011-05-23,2011,5,0,True,PRICE_ZERO,True
554133,84596J,MIXED NUTS LIGHT GREEN BOWL,-3,2011-05-23 09:46:00,0.0,,United Kingdom,RETURN,True,recovered,2011-05-23,2011,5,0,True,PRICE_ZERO,True
554143,79030G,damages,-413,2011-05-23 10:40:00,0.0,,United Kingdom,RETURN,False,original,2011-05-23,2011,5,0,True,PRICE_ZERO,True
554144,79030D,damages,-664,2011-05-23 10:42:00,0.0,,United Kingdom,RETURN,False,original,2011-05-23,2011,5,0,True,PRICE_ZERO,True
554145,84313C,ORANGE TV TRAY TABLE,-12,2011-05-23 10:43:00,0.0,,United Kingdom,RETURN,True,recovered,2011-05-23,2011,5,0,True,PRICE_ZERO,True
554276,22966,GINGERBREAD MAN COOKIE CUTTER,-58,2011-05-23 13:19:00,0.0,,United Kingdom,RETURN,True,recovered,2011-05-23,2011,5,0,True,PRICE_ZERO,True
554287,22700,smashed,-48,2011-05-23 14:17:00,0.0,,United Kingdom,RETURN,False,original,2011-05-23,2011,5,0,True,PRICE_ZERO,True
554299,20975,12 PENCILS SMALL TUBE RED RETROSPOT,-39,2011-05-23 14:28:00,0.0,,United Kingdom,RETURN,True,recovered,2011-05-23,2011,5,0,True,PRICE_ZERO,True
554312,84741C,CITRUS GARLAND FELT FLOWERS,-2,2011-05-23 15:28:00,0.0,,United Kingdom,RETURN,True,recovered,2011-05-23,2011,5,0,True,PRICE_ZERO,True
554311,84743C,ORANGE FELT VASE + FLOWERS,-16,2011-05-23 15:28:00,0.0,,United Kingdom,RETURN,True,recovered,2011-05-23,2011,5,0,True,PRICE_ZERO,True
554313,21144,PINK POODLE HANGING DECORATION,-63,2011-05-23 15:28:00,0.0,,United Kingdom,RETURN,True,recovered,2011-05-23,2011,5,0,True,PRICE_ZERO,True
554316,21195,PINK  HONEYCOMB PAPER BALL,-1,2011-05-23 15:29:00,0.0,,United Kingdom,RETURN,True,recovered,2011-05-23,2011,5,0,True,PRICE_ZERO,True
554317,85198,ASSORTED FARMYARD ANIMALS IN BUCKET,-11,2011-05-23 15:29:00,0.0,,United Kingdom,RETURN,True,recovered,2011-05-23,2011,5,0,True,PRICE_ZERO,True
554314,85195,HANGING HEART BASKET,-13,2011-05-23 15:29:00,0.0,,United Kingdom,RETURN,True,recovered,2011-05-23,2011,5,0,True,PRICE_ZERO,True
554318,84535A,ENGLISH ROSE NOTEBOOK A6 SIZE,-65,2011-05-23 15:30:00,0.0,,United Kingdom,RETURN,True,recovered,2011-05-23,2011,5,0,True,PRICE_ZERO,True
554319,47574B,ENGLISH ROSE SCENTED HANGING HEART,-13,2011-05-23 15:31:00,0.0,,United Kingdom,RETURN,True,recovered,2011-05-23,2011,5,0,True,PRICE_ZERO,True
554320,16053,POPART COL BALLPOINT PEN ASST,-102,2011-05-23 15:32:00,0.0,,United Kingdom,RETURN,True,recovered,2011-05-23,2011,5,0,True,PRICE_ZERO,True
554321,16244B,MAXWELL 2 TONE BLUE 60 PAGE PHOTO A,-5,2011-05-23 15:32:00,0.0,,United Kingdom,RETURN,True,recovered,2011-05-23,2011,5,0,True,PRICE_ZERO,True
554328,21609,SET 12 LAVENDER  BOTANICAL T-LIGHTS,-46,2011-05-23 16:49:00,0.0,,United Kingdom,RETURN,True,recovered,2011-05-23,2011,5,0,True,PRICE_ZERO,True
554360,22524,CHILDRENS GARDEN GLOVES BLUE,-13,2011-05-24 09:59:00,0.0,,United Kingdom,RETURN,True,recovered,2011-05-24,2011,5,1,True,PRICE_ZERO,True
554432,85132A,damaged,-97,2011-05-24 12:16:00,0.0,,United Kingdom,RETURN,False,original,2011-05-24,2011,5,1,True,PRICE_ZERO,True
554488,84913A,SOFT PINK ROSE TOWEL,-75,2011-05-24 13:35:00,0.0,,United Kingdom,RETURN,True,recovered,2011-05-24,2011,5,1,True,PRICE_ZERO,True
554551,47566B,reverse previous adjustment,-1300,2011-05-25 09:58:00,0.0,,United Kingdom,RETURN,False,original,2011-05-25,2011,5,2,True,PRICE_ZERO,True
554553,47566B,incorrectly credited C550456 see 47,-1300,2011-05-25 09:59:00,0.0,,United Kingdom,RETURN,False,original,2011-05-25,2011,5,2,True,PRICE_ZERO,True
554559,16151A,FLOWERS HANDBAG blue and orange,-2,2011-05-25 10:28:00,0.0,,United Kingdom,RETURN,True,recovered,2011-05-25,2011,5,2,True,PRICE_ZERO,True
554675,20903,VINTAGE KEEPSAKE BOX TRAVELOGUE,-33,2011-05-25 16:01:00,0.0,,United Kingdom,RETURN,True,recovered,2011-05-25,2011,5,2,True,PRICE_ZERO,True
554676,71143,SILVER BOOK MARK WITH BEADS,-31,2011-05-25 16:03:00,0.0,,United Kingdom,RETURN,True,recovered,2011-05-25,2011,5,2,True,PRICE_ZERO,True
554678,85086A,CANDY SPOT HEART DECORATION,-30,2011-05-25 16:03:00,0.0,,United Kingdom,RETURN,True,recovered,2011-05-25,2011,5,2,True,PRICE_ZERO,True
554681,35916C,PINK FELT HANGING HEART W FLOWER,-32,2011-05-25 16:04:00,0.0,,United Kingdom,RETURN,True,recovered,2011-05-25,2011,5,2,True,PRICE_ZERO,True
554679,35916A,YELLOW FELT HANGING HEART W FLOWER,-21,2011-05-25 16:04:00,0.0,,United Kingdom,RETURN,True,recovered,2011-05-25,2011,5,2,True,PRICE_ZERO,True
554680,35916B,BLUE FELT HANGING HEART WITH FLOWER,-21,2011-05-25 16:04:00,0.0,,United Kingdom,RETURN,True,recovered,2011-05-25,2011,5,2,True,PRICE_ZERO,True
554852,21272,?,-212,2011-05-27 09:24:00,0.0,,United Kingdom,RETURN,False,original,2011-05-27,2011,5,4,True,PRICE_ZERO,True
554907,40003,WHITE BAMBOO RIBS LAMPSHADE,-11,2011-05-27 11:45:00,0.0,,United Kingdom,RETURN,True,recovered,2011-05-27,2011,5,4,True,PRICE_ZERO,True
554928,21763,VINTAGE WOODEN BAR STOOL,-3,2011-05-27 13:03:00,0.0,,United Kingdom,RETURN,True,recovered,2011-05-27,2011,5,4,True,PRICE_ZERO,True
555332,84801A,wet damaged,-48,2011-06-02 11:11:00,0.0,,United Kingdom,RETURN,False,original,2011-06-02,2011,6,3,True,PRICE_ZERO,True
555331,84800L,wet damaged,-144,2011-06-02 11:11:00,0.0,,United Kingdom,RETURN,False,original,2011-06-02,2011,6,3,True,PRICE_ZERO,True
555330,84804A,wet damaged,-125,2011-06-02 11:11:00,0.0,,United Kingdom,RETURN,False,original,2011-06-02,2011,6,3,True,PRICE_ZERO,True
555333,84805B,wet damaged,-96,2011-06-02 11:12:00,0.0,,United Kingdom,RETURN,False,original,2011-06-02,2011,6,3,True,PRICE_ZERO,True
555334,84805A,wet damaged,-96,2011-06-02 11:12:00,0.0,,United Kingdom,RETURN,False,original,2011-06-02,2011,6,3,True,PRICE_ZERO,True
555335,84804B,BLUE DELPHINIUM ARTIFICIAL FLOWER,-96,2011-06-02 11:13:00,0.0,,United Kingdom,RETURN,True,recovered,2011-06-02,2011,6,3,True,PRICE_ZERO,True
555387,22276,WASH BAG VINTAGE ROSE PAISLEY,-59,2011-06-02 15:30:00,0.0,,United Kingdom,RETURN,True,recovered,2011-06-02,2011,6,3,True,PRICE_ZERO,True
555391,22501,PICNIC BASKET WICKER LARGE,-10,2011-06-02 16:29:00,0.0,,United Kingdom,RETURN,True,recovered,2011-06-02,2011,6,3,True,PRICE_ZERO,True
555503,84313C,damaged,-1,2011-06-03 15:39:00,0.0,,United Kingdom,RETURN,False,original,2011-06-03,2011,6,4,True,PRICE_ZERO,True
555505,79030G,Water damaged,-16,2011-06-03 15:48:00,0.0,,United Kingdom,RETURN,False,original,2011-06-03,2011,6,4,True,PRICE_ZERO,True
555506,21397,damaged,-57,2011-06-03 16:03:00,0.0,,United Kingdom,RETURN,False,original,2011-06-03,2011,6,4,True,PRICE_ZERO,True
555821,21399,BLUE POLKADOT COFFEE MUG,-116,2011-06-07 12:01:00,0.0,,United Kingdom,RETURN,True,recovered,2011-06-07,2011,6,1,True,PRICE_ZERO,True
555822,35809A,ENAMEL PINK TEA CONTAINER,-13,2011-06-07 12:04:00,0.0,,United Kingdom,RETURN,True,recovered,2011-06-07,2011,6,1,True,PRICE_ZERO,True
555823,47021G,SET/6 BEAD COASTERS GAUZE BAG GOLD,-52,2011-06-07 12:06:00,0.0,,United Kingdom,RETURN,True,recovered,2011-06-07,2011,6,1,True,PRICE_ZERO,True
555824,21043,APRON MODERN VINTAGE COTTON,-12,2011-06-07 12:06:00,0.0,,United Kingdom,RETURN,True,recovered,2011-06-07,2011,6,1,True,PRICE_ZERO,True
555838,22966,GINGERBREAD MAN COOKIE CUTTER,-6,2011-06-07 12:37:00,0.0,,United Kingdom,RETURN,True,recovered,2011-06-07,2011,6,1,True,PRICE_ZERO,True
556012,15044B,BLUE PAPER PARASOL,-27,2011-06-08 11:45:00,0.0,,United Kingdom,RETURN,True,recovered,2011-06-08,2011,6,2,True,PRICE_ZERO,True
556014,37476,CONDIMENT TRAY 4 BOWLS AND 4 SPOONS,-3,2011-06-08 11:46:00,0.0,,United Kingdom,RETURN,True,recovered,2011-06-08,2011,6,2,True,PRICE_ZERO,True
556013,21662,VINTAGE GLASS COFFEE CADDY,-17,2011-06-08 11:46:00,0.0,,United Kingdom,RETURN,True,recovered,2011-06-08,2011,6,2,True,PRICE_ZERO,True
556015,37501,TEA TIME TEA SET IN GIFT BOX,-13,2011-06-08 11:50:00,0.0,,United Kingdom,RETURN,True,recovered,2011-06-08,2011,6,2,True,PRICE_ZERO,True
556046,21890,missing,-140,2011-06-08 12:56:00,0.0,,United Kingdom,RETURN,False,original,2011-06-08,2011,6,2,True,PRICE_ZERO,True
556061,20906,VINTAGE NOTEBOOK BEAUTY GIRL,-21,2011-06-08 14:04:00,0.0,,United Kingdom,RETURN,True,recovered,2011-06-08,2011,6,2,True,PRICE_ZERO,True
556069,84226,HEN HOUSE W FAMILY IN BARN & NEST,-34,2011-06-08 14:41:00,0.0,,United Kingdom,RETURN,True,recovered,2011-06-08,2011,6,2,True,PRICE_ZERO,True
556074,22519,CHILDS GARDEN BRUSH PINK,-19,2011-06-08 15:14:00,0.0,,United Kingdom,RETURN,True,recovered,2011-06-08,2011,6,2,True,PRICE_ZERO,True
556122,85019C,Damaged,-108,2011-06-09 10:12:00,0.0,,United Kingdom,RETURN,False,original,2011-06-09,2011,6,3,True,PRICE_ZERO,True
556123,22272,Damaged,-15,2011-06-09 10:13:00,0.0,,United Kingdom,RETURN,False,original,2011-06-09,2011,6,3,True,PRICE_ZERO,True
556124,17007B,S/3 POT POURI CUSHIONS BLUE COLOURS,-4,2011-06-09 10:14:00,0.0,,United Kingdom,RETURN,True,recovered,2011-06-09,2011,6,3,True,PRICE_ZERO,True
556232,21135,sold as set on dotcom,-304,2011-06-09 15:15:00,0.0,,United Kingdom,RETURN,False,original,2011-06-09,2011,6,3,True,PRICE_ZERO,True
556233,21136,sold as set on dotcom,-272,2011-06-09 15:20:00,0.0,,United Kingdom,RETURN,False,original,2011-06-09,2011,6,3,True,PRICE_ZERO,True
556242,21700,sold as set on dotcom and amazon,-1206,2011-06-09 16:06:00,0.0,,United Kingdom,RETURN,False,original,2011-06-09,2011,6,3,True,PRICE_ZERO,True
556260,37340,sold as set on dotcom,-18,2011-06-09 18:02:00,0.0,,United Kingdom,RETURN,False,original,2011-06-09,2011,6,3,True,PRICE_ZERO,True
556261,79051A,sold as set on dotcom,-6,2011-06-09 18:03:00,0.0,,United Kingdom,RETURN,False,original,2011-06-09,2011,6,3,True,PRICE_ZERO,True
556262,37327,sold as set on dotcom,-95,2011-06-09 18:04:00,0.0,,United Kingdom,RETURN,False,original,2011-06-09,2011,6,3,True,PRICE_ZERO,True
556286,16052,TEATIME PUSH DOWN RUBBER,-16,2011-06-10 09:22:00,0.0,,United Kingdom,RETURN,True,recovered,2011-06-10,2011,6,4,True,PRICE_ZERO,True
556287,16043,POP ART PUSH DOWN RUBBER,-45,2011-06-10 09:22:00,0.0,,United Kingdom,RETURN,True,recovered,2011-06-10,2011,6,4,True,PRICE_ZERO,True
556289,20823,GOLD WINE GOBLET,-102,2011-06-10 09:23:00,0.0,,United Kingdom,RETURN,True,recovered,2011-06-10,2011,6,4,True,PRICE_ZERO,True
556292,21472,LADYBIRD + BEE RAFFIA FOOD COVER,-1,2011-06-10 09:24:00,0.0,,United Kingdom,RETURN,True,recovered,2011-06-10,2011,6,4,True,PRICE_ZERO,True
556299,21937,?,-161,2011-06-10 10:17:00,0.0,,United Kingdom,RETURN,False,original,2011-06-10,2011,6,4,True,PRICE_ZERO,True
556300,20735,BLACK MINI TAPE MEASURE,-472,2011-06-10 10:18:00,0.0,,United Kingdom,RETURN,True,recovered,2011-06-10,2011,6,4,True,PRICE_ZERO,True
556301,22968,water damage,-50,2011-06-10 10:18:00,0.0,,United Kingdom,RETURN,False,original,2011-06-10,2011,6,4,True,PRICE_ZERO,True
556306,37479B,sold as set by dotcom,-30,2011-06-10 10:38:00,0.0,,United Kingdom,RETURN,False,original,2011-06-10,2011,6,4,True,PRICE_ZERO,True
556307,37479P,sold as set on dotcom,-30,2011-06-10 10:39:00,0.0,,United Kingdom,RETURN,False,original,2011-06-10,2011,6,4,True,PRICE_ZERO,True
556308,22130,sold as set on dotcom,-390,2011-06-10 10:43:00,0.0,,United Kingdom,RETURN,False,original,2011-06-10,2011,6,4,True,PRICE_ZERO,True
556309,22856,sold as set on dotcom,-30,2011-06-10 10:44:00,0.0,,United Kingdom,RETURN,False,original,2011-06-10,2011,6,4,True,PRICE_ZERO,True
556310,22944,sold as set on dotcom,-42,2011-06-10 10:44:00,0.0,,United Kingdom,RETURN,False,original,2011-06-10,2011,6,4,True,PRICE_ZERO,True
556311,37471,sold as set on dotcom,-12,2011-06-10 10:45:00,0.0,,United Kingdom,RETURN,False,original,2011-06-10,2011,6,4,True,PRICE_ZERO,True
556312,22924,sold as set on dotcom,-30,2011-06-10 10:46:00,0.0,,United Kingdom,RETURN,False,original,2011-06-10,2011,6,4,True,PRICE_ZERO,True
556313,22923,sold as set on dotcom,-12,2011-06-10 10:46:00,0.0,,United Kingdom,RETURN,False,original,2011-06-10,2011,6,4,True,PRICE_ZERO,True
556314,23155,sold as set on dotcom,-84,2011-06-10 10:47:00,0.0,,United Kingdom,RETURN,False,original,2011-06-10,2011,6,4,True,PRICE_ZERO,True
556315,22948,sold as set on dotcom,-108,2011-06-10 10:47:00,0.0,,United Kingdom,RETURN,False,original,2011-06-10,2011,6,4,True,PRICE_ZERO,True
556316,22128,sold as set on dotcom,-24,2011-06-10 10:48:00,0.0,,United Kingdom,RETURN,False,original,2011-06-10,2011,6,4,True,PRICE_ZERO,True
556317,22857,sold as set on dotcom,-48,2011-06-10 10:48:00,0.0,,United Kingdom,RETURN,False,original,2011-06-10,2011,6,4,True,PRICE_ZERO,True
556319,22945,sold as set on dotcom,-618,2011-06-10 10:49:00,0.0,,United Kingdom,RETURN,False,original,2011-06-10,2011,6,4,True,PRICE_ZERO,True
556320,22922,sold as set on dotcom,-42,2011-06-10 10:50:00,0.0,,United Kingdom,RETURN,False,original,2011-06-10,2011,6,4,True,PRICE_ZERO,True
556321,79163,sold as set on dotcom,-24,2011-06-10 10:50:00,0.0,,United Kingdom,RETURN,False,original,2011-06-10,2011,6,4,True,PRICE_ZERO,True
556322,22915,sold as set on dotcom,-204,2011-06-10 10:51:00,0.0,,United Kingdom,RETURN,False,original,2011-06-10,2011,6,4,True,PRICE_ZERO,True
556687,23003,Printing smudges/thrown away,-9058,2011-06-14 10:36:00,0.0,,United Kingdom,RETURN,False,original,2011-06-14,2011,6,1,True,PRICE_ZERO,True
556690,23005,printing smudges/thrown away,-9600,2011-06-14 10:37:00,0.0,,United Kingdom,RETURN,False,original,2011-06-14,2011,6,1,True,PRICE_ZERO,True
556691,23005,printing smudges/thrown away,-9600,2011-06-14 10:37:00,0.0,,United Kingdom,RETURN,False,original,2011-06-14,2011,6,1,True,PRICE_ZERO,True
556884,22698,PINK REGENCY TEACUP AND SAUCER,-61,2011-06-15 12:27:00,0.0,,United Kingdom,RETURN,True,recovered,2011-06-15,2011,6,2,True,PRICE_ZERO,True
556944,84800L,LARGE WHITE/PINK ROSE ART FLOWER,-29,2011-06-15 16:54:00,0.0,,United Kingdom,RETURN,True,recovered,2011-06-15,2011,6,2,True,PRICE_ZERO,True
556943,84809A,WHITE CHRYSANTHEMUMS ART FLOWER,-126,2011-06-15 16:54:00,0.0,,United Kingdom,RETURN,True,recovered,2011-06-15,2011,6,2,True,PRICE_ZERO,True
556963,35965,found some more on shelf,-9,2011-06-16 09:40:00,0.0,,United Kingdom,RETURN,False,original,2011-06-16,2011,6,3,True,PRICE_ZERO,True
557025,22192,BLUE DINER WALL CLOCK,-9,2011-06-16 13:09:00,0.0,,United Kingdom,RETURN,True,recovered,2011-06-16,2011,6,3,True,PRICE_ZERO,True
557028,79071B,ENGLISH ROSE METAL WASTE BIN,-4,2011-06-16 13:25:00,0.0,,United Kingdom,RETURN,True,recovered,2011-06-16,2011,6,3,True,PRICE_ZERO,True
557029,22480,RED TEA TOWEL CLASSIC DESIGN,-24,2011-06-16 13:29:00,0.0,,United Kingdom,RETURN,True,recovered,2011-06-16,2011,6,3,True,PRICE_ZERO,True
557030,21446,12 RED ROSE PEG PLACE SETTINGS,-50,2011-06-16 13:30:00,0.0,,United Kingdom,RETURN,True,recovered,2011-06-16,2011,6,3,True,PRICE_ZERO,True
557031,21447,12 IVORY ROSE PEG PLACE SETTINGS,-65,2011-06-16 13:31:00,0.0,,United Kingdom,RETURN,True,recovered,2011-06-16,2011,6,3,True,PRICE_ZERO,True
557035,82583,?,-220,2011-06-16 13:52:00,0.0,,United Kingdom,RETURN,False,original,2011-06-16,2011,6,3,True,PRICE_ZERO,True
557036,20867,?,-271,2011-06-16 13:53:00,0.0,,United Kingdom,RETURN,False,original,2011-06-16,2011,6,3,True,PRICE_ZERO,True
557108,23113,Damaged,-1440,2011-06-16 15:58:00,0.0,,United Kingdom,RETURN,False,original,2011-06-16,2011,6,3,True,PRICE_ZERO,True
557390,21360,Show Samples,-4,2011-06-20 11:12:00,0.0,,United Kingdom,RETURN,False,original,2011-06-20,2011,6,0,True,PRICE_ZERO,True
557417,84809B,damaged,-324,2011-06-20 11:51:00,0.0,,United Kingdom,RETURN,False,original,2011-06-20,2011,6,0,True,PRICE_ZERO,True
557596,23114,Damaged,-1440,2011-06-21 11:33:00,0.0,,United Kingdom,RETURN,False,original,2011-06-21,2011,6,1,True,PRICE_ZERO,True
557597,23115,Damaged,-1440,2011-06-21 11:33:00,0.0,,United Kingdom,RETURN,False,original,2011-06-21,2011,6,1,True,PRICE_ZERO,True
557599,23116,Damaged,-1440,2011-06-21 11:34:00,0.0,,United Kingdom,RETURN,False,original,2011-06-21,2011,6,1,True,PRICE_ZERO,True
557600,23117,Damaged,-1440,2011-06-21 11:35:00,0.0,,United Kingdom,RETURN,False,original,2011-06-21,2011,6,1,True,PRICE_ZERO,True
557756,22567,20 DOLLY PEGS RETROSPOT,-14,2011-06-22 13:18:00,0.0,,United Kingdom,RETURN,True,recovered,2011-06-22,2011,6,2,True,PRICE_ZERO,True
557777,44265,M/COLOUR POM-POM CURTAIN,-5,2011-06-22 15:11:00,0.0,,United Kingdom,RETURN,True,recovered,2011-06-22,2011,6,2,True,PRICE_ZERO,True
557778,21161,KEEP OUT BOYS DOOR HANGER,-38,2011-06-22 15:11:00,0.0,,United Kingdom,RETURN,True,recovered,2011-06-22,2011,6,2,True,PRICE_ZERO,True
557784,21421,damaged,-5,2011-06-22 15:49:00,0.0,,United Kingdom,RETURN,False,original,2011-06-22,2011,6,2,True,PRICE_ZERO,True
557806,84706D,CHERRY BLOSSOM TABLE CLOCK,-5,2011-06-23 10:32:00,0.0,,United Kingdom,RETURN,True,recovered,2011-06-23,2011,6,3,True,PRICE_ZERO,True
557851,85130A,BEADED PEARL HEART WHITE LARGE,-23,2011-06-23 10:57:00,0.0,,United Kingdom,RETURN,True,recovered,2011-06-23,2011,6,3,True,PRICE_ZERO,True
558032,22443,GROW YOUR OWN HERBS SET OF 3,-7,2011-06-24 12:14:00,0.0,,United Kingdom,RETURN,True,recovered,2011-06-24,2011,6,4,True,PRICE_ZERO,True
558033,84876B,GREEN HEART COMPACT MIRROR,-59,2011-06-24 12:15:00,0.0,,United Kingdom,RETURN,True,recovered,2011-06-24,2011,6,4,True,PRICE_ZERO,True
558034,20658,RED SPOTTY LUGGAGE TAG,-78,2011-06-24 12:17:00,0.0,,United Kingdom,RETURN,True,recovered,2011-06-24,2011,6,4,True,PRICE_ZERO,True
558238,22722,SET OF 6 SPICE TINS PANTRY DESIGN,-21,2011-06-27 15:04:00,0.0,,United Kingdom,RETURN,True,recovered,2011-06-27,2011,6,0,True,PRICE_ZERO,True
558244,84796B,BLUE SAVANNAH PICNIC HAMPER FOR 2,-2,2011-06-27 15:52:00,0.0,,United Kingdom,RETURN,True,recovered,2011-06-27,2011,6,0,True,PRICE_ZERO,True
558268,21351,damaged,-220,2011-06-28 10:17:00,0.0,,United Kingdom,RETURN,False,original,2011-06-28,2011,6,1,True,PRICE_ZERO,True
558306,85232D,mix up with c,-118,2011-06-28 10:59:00,0.0,,United Kingdom,RETURN,False,original,2011-06-28,2011,6,1,True,PRICE_ZERO,True
558308,84576,BLUE CAT BISCUIT BARREL PINK HEART,-10,2011-06-28 11:02:00,0.0,,United Kingdom,RETURN,True,recovered,2011-06-28,2011,6,1,True,PRICE_ZERO,True
558307,22088,PAPER BUNTING COLOURED LACE,-39,2011-06-28 11:02:00,0.0,,United Kingdom,RETURN,True,recovered,2011-06-28,2011,6,1,True,PRICE_ZERO,True
558309,85132B,CHARLIE AND LOLA TABLE TINS,-42,2011-06-28 11:03:00,0.0,,United Kingdom,RETURN,True,recovered,2011-06-28,2011,6,1,True,PRICE_ZERO,True
558318,85232A,SET/3 POLKA DOT STACKING TINS,-14,2011-06-28 11:52:00,0.0,,United Kingdom,RETURN,True,recovered,2011-06-28,2011,6,1,True,PRICE_ZERO,True
558377,37423,WHITE WITH BLACK CATS PLATE,-17,2011-06-28 16:24:00,0.0,,United Kingdom,RETURN,True,recovered,2011-06-28,2011,6,1,True,PRICE_ZERO,True
558378,79161A,ST GEORGE SET OF 10 PARTY LIGHTS,-13,2011-06-28 16:27:00,0.0,,United Kingdom,RETURN,True,recovered,2011-06-28,2011,6,1,True,PRICE_ZERO,True
558379,22618,"mouldy, unsaleable.",-1681,2011-06-28 16:34:00,0.0,,United Kingdom,RETURN,False,original,2011-06-28,2011,6,1,True,PRICE_ZERO,True
558445,22034,ROBIN CHRISTMAS CARD,-18,2011-06-29 13:39:00,0.0,,United Kingdom,RETURN,True,recovered,2011-06-29,2011,6,2,True,PRICE_ZERO,True
558448,22163,HEART STRING MEMO HOLDER HANGING,-90,2011-06-29 13:40:00,0.0,,United Kingdom,RETURN,True,recovered,2011-06-29,2011,6,2,True,PRICE_ZERO,True
558446,22164,STRING OF STARS CARD HOLDER,-80,2011-06-29 13:40:00,0.0,,United Kingdom,RETURN,True,recovered,2011-06-29,2011,6,2,True,PRICE_ZERO,True
558449,21807,WHITE CHRISTMAS STAR DECORATION,-35,2011-06-29 13:40:00,0.0,,United Kingdom,RETURN,True,recovered,2011-06-29,2011,6,2,True,PRICE_ZERO,True
558451,21817,GLITTER CHRISTMAS TREE,-80,2011-06-29 13:41:00,0.0,,United Kingdom,RETURN,True,recovered,2011-06-29,2011,6,2,True,PRICE_ZERO,True
558457,21147,?,-95,2011-06-29 13:59:00,0.0,,United Kingdom,RETURN,False,original,2011-06-29,2011,6,2,True,PRICE_ZERO,True
558464,35966,FOLKART CHRISTMAS TREE T-LIGHT HOLD,-20,2011-06-29 15:17:00,0.0,,United Kingdom,RETURN,True,recovered,2011-06-29,2011,6,2,True,PRICE_ZERO,True
558476,84597B,damages,-6,2011-06-29 16:04:00,0.0,,United Kingdom,RETURN,False,original,2011-06-29,2011,6,2,True,PRICE_ZERO,True
558477,84597C,RETRO PINK BALL ASHTRAY,-1,2011-06-29 16:04:00,0.0,,United Kingdom,RETURN,True,recovered,2011-06-29,2011,6,2,True,PRICE_ZERO,True
558520,21896,POTTING SHED TWINE,-38,2011-06-30 10:25:00,0.0,,United Kingdom,RETURN,True,recovered,2011-06-30,2011,6,3,True,PRICE_ZERO,True
558723,84865,damaged,-7,2011-07-01 14:28:00,0.0,,United Kingdom,RETURN,False,original,2011-07-01,2011,7,4,True,PRICE_ZERO,True
558728,20826,SILVER APERITIF GLASS,-1,2011-07-01 14:50:00,0.0,,United Kingdom,RETURN,True,recovered,2011-07-01,2011,7,4,True,PRICE_ZERO,True
558730,22060,damaged,-1,2011-07-01 14:51:00,0.0,,United Kingdom,RETURN,False,original,2011-07-01,2011,7,4,True,PRICE_ZERO,True
558732,47341A,FUSCHIA TABLE RUN FLOWER,-1,2011-07-01 14:55:00,0.0,,United Kingdom,RETURN,True,recovered,2011-07-01,2011,7,4,True,PRICE_ZERO,True
558741,37444C,PINK BREAKFAST CUP AND SAUCER,-1,2011-07-01 15:52:00,0.0,,United Kingdom,RETURN,True,recovered,2011-07-01,2011,7,4,True,PRICE_ZERO,True
558742,62043B,BLUE CHECK BAG W HANDLE 34X20CM,-1,2011-07-01 15:56:00,0.0,,United Kingdom,RETURN,True,recovered,2011-07-01,2011,7,4,True,PRICE_ZERO,True
558743,35810B,ENAMEL BLUE RIM COFFEE CONTAINER,-4,2011-07-01 15:56:00,0.0,,United Kingdom,RETURN,True,recovered,2011-07-01,2011,7,4,True,PRICE_ZERO,True
558890,84857C,PINK MONTE CARLO HANDBAG,-24,2011-07-04 15:34:00,0.0,,United Kingdom,RETURN,True,recovered,2011-07-04,2011,7,0,True,PRICE_ZERO,True
559314,84584,?,-50,2011-07-07 13:51:00,0.0,,United Kingdom,RETURN,False,original,2011-07-07,2011,7,3,True,PRICE_ZERO,True
559365,22451,SILK PURSE BABUSHKA RED,-3,2011-07-08 08:53:00,0.0,,United Kingdom,RETURN,True,recovered,2011-07-08,2011,7,4,True,PRICE_ZERO,True
559373,16156S,WRAP PINK FAIRY CAKES,-110,2011-07-08 10:36:00,0.0,,United Kingdom,RETURN,True,recovered,2011-07-08,2011,7,4,True,PRICE_ZERO,True
559374,22050,PINK PAISLEY ROSE GIFT WRAP,-100,2011-07-08 10:37:00,0.0,,United Kingdom,RETURN,True,recovered,2011-07-08,2011,7,4,True,PRICE_ZERO,True
559375,22051,?,-300,2011-07-08 10:37:00,0.0,,United Kingdom,RETURN,False,original,2011-07-08,2011,7,4,True,PRICE_ZERO,True
559376,48116,DOORMAT MULTICOLOUR STRIPE,-35,2011-07-08 10:38:00,0.0,,United Kingdom,RETURN,True,recovered,2011-07-08,2011,7,4,True,PRICE_ZERO,True
559378,21781,damages?,-39,2011-07-08 10:40:00,0.0,,United Kingdom,RETURN,False,original,2011-07-08,2011,7,4,True,PRICE_ZERO,True
559379,79337,BLUE FLOCK GLASS CANDLEHOLDER,-8,2011-07-08 10:42:00,0.0,,United Kingdom,RETURN,True,recovered,2011-07-08,2011,7,4,True,PRICE_ZERO,True
559390,21700,BIG DOUGHNUT FRIDGE MAGNETS,-110,2011-07-08 10:46:00,0.0,,United Kingdom,RETURN,True,recovered,2011-07-08,2011,7,4,True,PRICE_ZERO,True
559398,21169,YOU'RE CONFUSING ME METAL SIGN,-70,2011-07-08 10:48:00,0.0,,United Kingdom,RETURN,True,recovered,2011-07-08,2011,7,4,True,PRICE_ZERO,True
559402,21635,MADRAS NOTEBOOK LARGE,-8,2011-07-08 10:49:00,0.0,,United Kingdom,RETURN,True,recovered,2011-07-08,2011,7,4,True,PRICE_ZERO,True
559405,22863,SOAP DISH BROCANTE,-7,2011-07-08 10:50:00,0.0,,United Kingdom,RETURN,True,recovered,2011-07-08,2011,7,4,True,PRICE_ZERO,True
559410,84341B,SMALL PINK MAGIC CHRISTMAS TREE,-179,2011-07-08 10:51:00,0.0,,United Kingdom,RETURN,True,recovered,2011-07-08,2011,7,4,True,PRICE_ZERO,True
559414,22855,FINE WICKER HEART,-4,2011-07-08 10:52:00,0.0,,United Kingdom,RETURN,True,recovered,2011-07-08,2011,7,4,True,PRICE_ZERO,True
559423,71143,SILVER BOOK MARK WITH BEADS,-14,2011-07-08 12:06:00,0.0,,United Kingdom,RETURN,True,recovered,2011-07-08,2011,7,4,True,PRICE_ZERO,True
559655,21166,?,-124,2011-07-11 12:57:00,0.0,,United Kingdom,RETURN,False,original,2011-07-11,2011,7,0,True,PRICE_ZERO,True
559792,21067,VINTAGE RED TEATIME MUG,-66,2011-07-12 12:31:00,0.0,,United Kingdom,RETURN,True,recovered,2011-07-12,2011,7,1,True,PRICE_ZERO,True
559943,21578,?,-251,2011-07-14 10:21:00,0.0,,United Kingdom,RETURN,False,original,2011-07-14,2011,7,3,True,PRICE_ZERO,True
560037,22242,"HOOK, 5 HANGER , MAGIC TOADSTOOL",-34,2011-07-14 14:00:00,0.0,,United Kingdom,RETURN,True,recovered,2011-07-14,2011,7,3,True,PRICE_ZERO,True
560039,20713,wrongly marked. 23343 in box,-3100,2011-07-14 14:27:00,0.0,,United Kingdom,RETURN,False,original,2011-07-14,2011,7,3,True,PRICE_ZERO,True
560091,44236,PINK/PURPLE CIRCLE CURTAIN,-10,2011-07-14 17:03:00,0.0,,United Kingdom,RETURN,True,recovered,2011-07-14,2011,7,3,True,PRICE_ZERO,True
560110,21673,WHITE SPOT BLUE CERAMIC DRAWER KNOB,-40,2011-07-15 09:51:00,0.0,,United Kingdom,RETURN,True,recovered,2011-07-15,2011,7,4,True,PRICE_ZERO,True
560111,84874B,BLUE TRAVEL FIRST AID KIT,-3,2011-07-15 09:52:00,0.0,,United Kingdom,RETURN,True,recovered,2011-07-15,2011,7,4,True,PRICE_ZERO,True
560112,21683,MEDIUM MEDINA STAMPED METAL BOWL,-38,2011-07-15 09:52:00,0.0,,United Kingdom,RETURN,True,recovered,2011-07-15,2011,7,4,True,PRICE_ZERO,True
560113,21865,PINK UNION JACK  PASSPORT COVER,-40,2011-07-15 09:52:00,0.0,,United Kingdom,RETURN,True,recovered,2011-07-15,2011,7,4,True,PRICE_ZERO,True
560114,75172,PAINTED SEA SHELL METAL WINDCHIME,-35,2011-07-15 09:53:00,0.0,,United Kingdom,RETURN,True,recovered,2011-07-15,2011,7,4,True,PRICE_ZERO,True
560213,10123C,HEARTS WRAPPING TAPE,-18,2011-07-15 15:05:00,0.0,,United Kingdom,RETURN,True,recovered,2011-07-15,2011,7,4,True,PRICE_ZERO,True
560214,16162L,THE KING GIFT BAG,-54,2011-07-15 15:07:00,0.0,,United Kingdom,RETURN,True,recovered,2011-07-15,2011,7,4,True,PRICE_ZERO,True
560215,16162M,THE KING GIFT BAG 25x24x12cm,-84,2011-07-15 15:08:00,0.0,,United Kingdom,RETURN,True,recovered,2011-07-15,2011,7,4,True,PRICE_ZERO,True
560423,16169K,WRAP FOLK ART,-25,2011-07-18 15:15:00,0.0,,United Kingdom,RETURN,True,recovered,2011-07-18,2011,7,0,True,PRICE_ZERO,True
560425,81950B,FLOWER BLUE CLOCK W/SUCKER,-23,2011-07-18 15:15:00,0.0,,United Kingdom,RETURN,True,recovered,2011-07-18,2011,7,0,True,PRICE_ZERO,True
560424,21503,TOYBOX  WRAP,-84,2011-07-18 15:15:00,0.0,,United Kingdom,RETURN,True,recovered,2011-07-18,2011,7,0,True,PRICE_ZERO,True
560427,84629,WHITE 3 FRAME BIRDS AND TREE,-2,2011-07-18 15:16:00,0.0,,United Kingdom,RETURN,True,recovered,2011-07-18,2011,7,0,True,PRICE_ZERO,True
560428,21634,ASSORTED MINI MADRAS NOTEBOOK,-169,2011-07-18 15:17:00,0.0,,United Kingdom,RETURN,True,recovered,2011-07-18,2011,7,0,True,PRICE_ZERO,True
560440,84029E,RED WOOLLY HOTTIE WHITE HEART.,-1,2011-07-18 16:36:00,0.0,,United Kingdom,RETURN,True,recovered,2011-07-18,2011,7,0,True,PRICE_ZERO,True
560583,17096,ASSORTED LAQUERED INCENSE HOLDERS,-7,2011-07-19 15:31:00,0.0,,United Kingdom,RETURN,True,recovered,2011-07-19,2011,7,1,True,PRICE_ZERO,True
560600,18007,ESSENTIAL BALM 3.5g TIN IN ENVELOPE,-2834,2011-07-19 17:04:00,0.0,,United Kingdom,RETURN,True,recovered,2011-07-19,2011,7,1,True,PRICE_ZERO,True
560717,84576,damaged,-3,2011-07-20 13:28:00,0.0,,United Kingdom,RETURN,False,original,2011-07-20,2011,7,2,True,PRICE_ZERO,True
560719,84877A,PINK ROUND COMPACT MIRROR,-21,2011-07-20 13:30:00,0.0,,United Kingdom,RETURN,True,recovered,2011-07-20,2011,7,2,True,PRICE_ZERO,True
560722,16049,TEATIME GEL PENS ASST,-31,2011-07-20 13:37:00,0.0,,United Kingdom,RETURN,True,recovered,2011-07-20,2011,7,2,True,PRICE_ZERO,True
560730,84797B,BLUE SAVANNAH PICNIC HAMPER FOR 4,-2,2011-07-20 14:53:00,0.0,,United Kingdom,RETURN,True,recovered,2011-07-20,2011,7,2,True,PRICE_ZERO,True
560737,84798B,PURPLE FOXGLOVE ARTIIFCIAL FLOWER,-109,2011-07-20 15:34:00,0.0,,United Kingdom,RETURN,True,recovered,2011-07-20,2011,7,2,True,PRICE_ZERO,True
560830,81953B,ROUND BLUE CLOCK WITH SUCKER,-6,2011-07-21 12:03:00,0.0,,United Kingdom,RETURN,True,recovered,2011-07-21,2011,7,3,True,PRICE_ZERO,True
560831,81950V,FLOWER PURPLE CLOCK W/SUCKER,-1,2011-07-21 12:04:00,0.0,,United Kingdom,RETURN,True,recovered,2011-07-21,2011,7,3,True,PRICE_ZERO,True
560867,21891,TRADITIONAL WOODEN SKIPPING ROPE,-21,2011-07-21 14:10:00,0.0,,United Kingdom,RETURN,True,recovered,2011-07-21,2011,7,3,True,PRICE_ZERO,True
560923,22777,GLASS CLOCHE LARGE,-14,2011-07-22 08:54:00,0.0,,United Kingdom,RETURN,True,recovered,2011-07-22,2011,7,4,True,PRICE_ZERO,True
560940,72127,COLUMBIAN CANDLE ROUND,-53,2011-07-22 11:20:00,0.0,,United Kingdom,RETURN,True,recovered,2011-07-22,2011,7,4,True,PRICE_ZERO,True
560939,84907,PINK YELLOW PATCH CUSHION COVER,-3,2011-07-22 11:20:00,0.0,,United Kingdom,RETURN,True,recovered,2011-07-22,2011,7,4,True,PRICE_ZERO,True
560941,85230E,STRAWBRY SCENTED VOTIVE CANDLE,-178,2011-07-22 11:21:00,0.0,,United Kingdom,RETURN,True,recovered,2011-07-22,2011,7,4,True,PRICE_ZERO,True
561086,15036,ASSORTED COLOURS SILK FAN,-530,2011-07-25 09:32:00,0.0,,United Kingdom,RETURN,True,recovered,2011-07-25,2011,7,0,True,PRICE_ZERO,True
561103,85103,stock creditted wrongly,-32,2011-07-25 11:23:00,0.0,,United Kingdom,RETURN,False,original,2011-07-25,2011,7,0,True,PRICE_ZERO,True
561107,84763,ZINC FINISH 15CM PLANTER POTS,-5,2011-07-25 11:42:00,0.0,,United Kingdom,RETURN,True,recovered,2011-07-25,2011,7,0,True,PRICE_ZERO,True
561108,46775D,SUNSET COLOUR CHUNKY KNITTED THROW,-7,2011-07-25 11:43:00,0.0,,United Kingdom,RETURN,True,recovered,2011-07-25,2011,7,0,True,PRICE_ZERO,True
561110,85087,CANDY SPOT CUSHION COVER,-16,2011-07-25 11:44:00,0.0,,United Kingdom,RETURN,True,recovered,2011-07-25,2011,7,0,True,PRICE_ZERO,True
561249,DCGS0073,ebay,-4,2011-07-26 11:51:00,0.0,,United Kingdom,RETURN,False,original,2011-07-26,2011,7,1,True,PRICE_ZERO,True
561250,DCGS0071,Unknown Product,-2,2011-07-26 11:51:00,0.0,,United Kingdom,RETURN,False,unknown,2011-07-26,2011,7,1,True,PRICE_ZERO,True
561251,DCGS0070,CAMOUFLAGE DOG COLLAR,-8,2011-07-26 11:51:00,0.0,,United Kingdom,RETURN,True,recovered,2011-07-26,2011,7,1,True,PRICE_ZERO,True
561255,DCGS0066P,Unknown Product,-3,2011-07-26 11:52:00,0.0,,United Kingdom,RETURN,False,unknown,2011-07-26,2011,7,1,True,PRICE_ZERO,True
561252,DCGS0069,ebay,-5,2011-07-26 11:52:00,0.0,,United Kingdom,RETURN,False,original,2011-07-26,2011,7,1,True,PRICE_ZERO,True
561253,DCGS0068,ebay,-10,2011-07-26 11:52:00,0.0,,United Kingdom,RETURN,False,original,2011-07-26,2011,7,1,True,PRICE_ZERO,True
561254,DCGS0067,ebay,-11,2011-07-26 11:52:00,0.0,,United Kingdom,RETURN,False,original,2011-07-26,2011,7,1,True,PRICE_ZERO,True
561256,DCGS0003,ebay,-7,2011-07-26 11:53:00,0.0,,United Kingdom,RETURN,False,original,2011-07-26,2011,7,1,True,PRICE_ZERO,True
561326,21294,damaged,-227,2011-07-26 13:50:00,0.0,,United Kingdom,RETURN,False,original,2011-07-26,2011,7,1,True,PRICE_ZERO,True
561354,21792,CLASSIC FRENCH STYLE BASKET GREEN,-8,2011-07-26 14:50:00,0.0,,United Kingdom,RETURN,True,recovered,2011-07-26,2011,7,1,True,PRICE_ZERO,True
561362,84415A,PINK FLOCK SUEDE CUSHION COVER,-11,2011-07-26 15:41:00,0.0,,United Kingdom,RETURN,True,recovered,2011-07-26,2011,7,1,True,PRICE_ZERO,True
561364,84415B,BLUE FLOCK CUSHION COVER,-4,2011-07-26 15:42:00,0.0,,United Kingdom,RETURN,True,recovered,2011-07-26,2011,7,1,True,PRICE_ZERO,True
561476,21839,MUMMY MOUSE RED GINGHAM RIBBON,-36,2011-07-27 13:29:00,0.0,,United Kingdom,RETURN,True,recovered,2011-07-27,2011,7,2,True,PRICE_ZERO,True
561475,84584,PINK GINGHAM CAT WITH SCARF,-3,2011-07-27 13:29:00,0.0,,United Kingdom,RETURN,True,recovered,2011-07-27,2011,7,2,True,PRICE_ZERO,True
561478,20954,*USB Office Mirror Ball,-2,2011-07-27 13:32:00,0.0,,United Kingdom,RETURN,True,recovered,2011-07-27,2011,7,2,True,PRICE_ZERO,True
561479,21594,Dr. Jam's Arouzer Stress Ball,-1,2011-07-27 13:32:00,0.0,,United Kingdom,RETURN,True,recovered,2011-07-27,2011,7,2,True,PRICE_ZERO,True
561480,21858,HIGH SCHOOL MUSICAL 3 TOP TRUMPS,-12,2011-07-27 13:32:00,0.0,,United Kingdom,RETURN,True,recovered,2011-07-27,2011,7,2,True,PRICE_ZERO,True
561481,20684,STRAWBERRY DREAM CHILDS UMBRELLA,-27,2011-07-27 13:38:00,0.0,,United Kingdom,RETURN,True,recovered,2011-07-27,2011,7,2,True,PRICE_ZERO,True
561482,21432,SET OF 3 CASES WOODLAND DESIGN,-2,2011-07-27 13:39:00,0.0,,United Kingdom,RETURN,True,recovered,2011-07-27,2011,7,2,True,PRICE_ZERO,True
561484,77081,FLOWER WINDMILL,-39,2011-07-27 13:41:00,0.0,,United Kingdom,RETURN,True,recovered,2011-07-27,2011,7,2,True,PRICE_ZERO,True
561486,21765,HANGING METAL BIRD BATH,-2,2011-07-27 13:48:00,0.0,,United Kingdom,RETURN,True,recovered,2011-07-27,2011,7,2,True,PRICE_ZERO,True
561487,22168,ORGANISER WOOD ANTIQUE WHITE,-1,2011-07-27 13:51:00,0.0,,United Kingdom,RETURN,True,recovered,2011-07-27,2011,7,2,True,PRICE_ZERO,True
561489,84905,PINK BUTTERFLY CUSHION COVER,-2,2011-07-27 13:52:00,0.0,,United Kingdom,RETURN,True,recovered,2011-07-27,2011,7,2,True,PRICE_ZERO,True
561491,21781,MA CAMPAGNE CUTLERY BOX,-2,2011-07-27 13:56:00,0.0,,United Kingdom,RETURN,True,recovered,2011-07-27,2011,7,2,True,PRICE_ZERO,True
561492,22528,GARDENERS KNEELING PAD,-1,2011-07-27 13:57:00,0.0,,United Kingdom,RETURN,True,recovered,2011-07-27,2011,7,2,True,PRICE_ZERO,True
561493,84761,IVORY HANGING BIRD PLANTER,-11,2011-07-27 13:59:00,0.0,,United Kingdom,RETURN,True,recovered,2011-07-27,2011,7,2,True,PRICE_ZERO,True
561494,18097A,PINK TALL PORCELAIN T-LIGHT HOLDER,-23,2011-07-27 14:04:00,0.0,,United Kingdom,RETURN,True,recovered,2011-07-27,2011,7,2,True,PRICE_ZERO,True
561496,17090D,VANILLA INCENSE 40 CONES IN TIN,-10,2011-07-27 14:08:00,0.0,,United Kingdom,RETURN,True,recovered,2011-07-27,2011,7,2,True,PRICE_ZERO,True
561498,21610,SET 12 PEAR BOTANICAL T-LIGHTS,-14,2011-07-27 14:10:00,0.0,,United Kingdom,RETURN,True,recovered,2011-07-27,2011,7,2,True,PRICE_ZERO,True
561500,85040B,SET/4 BLUE FLOWER CANDLES IN BOWL,-1,2011-07-27 14:12:00,0.0,,United Kingdom,RETURN,True,recovered,2011-07-27,2011,7,2,True,PRICE_ZERO,True
561501,21278,VINTAGE KITCHEN PRINT PUDDINGS,-1,2011-07-27 14:13:00,0.0,,United Kingdom,RETURN,True,recovered,2011-07-27,2011,7,2,True,PRICE_ZERO,True
561503,22194,BLACK DINER WALL CLOCK,-4,2011-07-27 14:14:00,0.0,,United Kingdom,RETURN,True,recovered,2011-07-27,2011,7,2,True,PRICE_ZERO,True
561504,21361,LOVE LARGE WOOD LETTERS,-7,2011-07-27 14:15:00,0.0,,United Kingdom,RETURN,True,recovered,2011-07-27,2011,7,2,True,PRICE_ZERO,True
561505,84925D,LA PALMIERA WALL THERMOMETER,-12,2011-07-27 14:16:00,0.0,,United Kingdom,RETURN,True,recovered,2011-07-27,2011,7,2,True,PRICE_ZERO,True
561506,72051S,BAG OF SILVER STONES,-1,2011-07-27 14:18:00,0.0,,United Kingdom,RETURN,True,recovered,2011-07-27,2011,7,2,True,PRICE_ZERO,True
561523,20973,12 PENCIL SMALL TUBE WOODLAND,-45,2011-07-27 17:38:00,0.0,,United Kingdom,RETURN,True,recovered,2011-07-27,2011,7,2,True,PRICE_ZERO,True
561524,16020C,CLEAR STATIONERY BOX SET,-2,2011-07-27 17:39:00,0.0,,United Kingdom,RETURN,True,recovered,2011-07-27,2011,7,2,True,PRICE_ZERO,True
561526,21051,RIBBONS PURSE,-2,2011-07-27 17:40:00,0.0,,United Kingdom,RETURN,True,recovered,2011-07-27,2011,7,2,True,PRICE_ZERO,True
561525,84466,TOP SECRET PEN SET,-1,2011-07-27 17:40:00,0.0,,United Kingdom,RETURN,True,recovered,2011-07-27,2011,7,2,True,PRICE_ZERO,True
561527,20666,ECONOMY HOLIDAY PURSE,-5,2011-07-27 17:40:00,0.0,,United Kingdom,RETURN,True,recovered,2011-07-27,2011,7,2,True,PRICE_ZERO,True
561536,84927E,FLOWERS TILE HOOK,-2,2011-07-28 09:58:00,0.0,,United Kingdom,RETURN,True,recovered,2011-07-28,2011,7,3,True,PRICE_ZERO,True
561538,84927D,LA PALMIERA TILE HOOK,-1,2011-07-28 09:58:00,0.0,,United Kingdom,RETURN,True,recovered,2011-07-28,2011,7,3,True,PRICE_ZERO,True
561539,79026B,"S/4 ICON COASTER,ELVIS LIVES",-1,2011-07-28 10:08:00,0.0,,United Kingdom,RETURN,True,recovered,2011-07-28,2011,7,3,True,PRICE_ZERO,True
561540,84279B,CHERRY BLOSSOM DECORATIVE FLASK,-1,2011-07-28 10:08:00,0.0,,United Kingdom,RETURN,True,recovered,2011-07-28,2011,7,3,True,PRICE_ZERO,True
561541,21658,GLASS  BEURRE DISH,-1,2011-07-28 10:09:00,0.0,,United Kingdom,RETURN,True,recovered,2011-07-28,2011,7,3,True,PRICE_ZERO,True
561543,22202,MILK PAN PINK RETROSPOT,-1,2011-07-28 10:10:00,0.0,,United Kingdom,RETURN,True,recovered,2011-07-28,2011,7,3,True,PRICE_ZERO,True
561553,21392,RED SPOTTY PUDDING BOWL,-29,2011-07-28 10:20:00,0.0,,United Kingdom,RETURN,True,recovered,2011-07-28,2011,7,3,True,PRICE_ZERO,True
561555,37477B,"FLOWER FAIRY MUG+COASTER,LAVENDER",-11,2011-07-28 10:21:00,0.0,,United Kingdom,RETURN,True,recovered,2011-07-28,2011,7,3,True,PRICE_ZERO,True
561557,37477C,"FLOWER FAIRY MUG+COASTER,ROSE",-31,2011-07-28 10:21:00,0.0,,United Kingdom,RETURN,True,recovered,2011-07-28,2011,7,3,True,PRICE_ZERO,True
561609,47589,CONGRATULATIONS BUNTING,-1,2011-07-28 12:24:00,0.0,,United Kingdom,RETURN,True,recovered,2011-07-28,2011,7,3,True,PRICE_ZERO,True
561640,84802B,PURPLE ANEMONE ARTIFICIAL FLOWER,-125,2011-07-28 14:58:00,0.0,,United Kingdom,RETURN,True,recovered,2011-07-28,2011,7,3,True,PRICE_ZERO,True
561639,84799,SPRIG LAVENDER ARTIFICIAL FLOWER,-346,2011-07-28 14:58:00,0.0,,United Kingdom,RETURN,True,recovered,2011-07-28,2011,7,3,True,PRICE_ZERO,True
561663,22501,incorrectly put back into stock,-108,2011-07-28 16:40:00,0.0,,United Kingdom,RETURN,False,original,2011-07-28,2011,7,3,True,PRICE_ZERO,True
561668,44091A,BLUE CRUSOE CHECK LAMPSHADE,-2,2011-07-28 17:03:00,0.0,,United Kingdom,RETURN,True,recovered,2011-07-28,2011,7,3,True,PRICE_ZERO,True
561805,23284,DOORMAT KEEP CALM AND COME IN,-15,2011-07-29 14:42:00,0.0,,United Kingdom,RETURN,True,recovered,2011-07-29,2011,7,4,True,PRICE_ZERO,True
561918,85127,SMALL SQUARE CUT GLASS CANDLESTICK,-6,2011-08-01 12:05:00,0.0,,United Kingdom,RETURN,True,recovered,2011-08-01,2011,8,0,True,PRICE_ZERO,True
561919,85017B,ENVELOPE 50 BLOSSOM IMAGES,-188,2011-08-01 12:08:00,0.0,,United Kingdom,RETURN,True,recovered,2011-08-01,2011,8,0,True,PRICE_ZERO,True
561920,84352,Damages/samples,-52,2011-08-01 12:10:00,0.0,,United Kingdom,RETURN,False,original,2011-08-01,2011,8,0,True,PRICE_ZERO,True
561921,22044,CHRISTMAS CARD STACK OF PRESENTS,-240,2011-08-01 12:11:00,0.0,,United Kingdom,RETURN,True,recovered,2011-08-01,2011,8,0,True,PRICE_ZERO,True
561924,22042,CHRISTMAS CARD SINGING ANGEL,-197,2011-08-01 12:27:00,0.0,,United Kingdom,RETURN,True,recovered,2011-08-01,2011,8,0,True,PRICE_ZERO,True
561927,22740,?,-1060,2011-08-01 12:49:00,0.0,,United Kingdom,RETURN,False,original,2011-08-01,2011,8,0,True,PRICE_ZERO,True
562164,21257,?,-94,2011-08-03 12:08:00,0.0,,United Kingdom,RETURN,False,original,2011-08-03,2011,8,2,True,PRICE_ZERO,True
562212,21187,WHITE BELL HONEYCOMB PAPER GARLAND,-97,2011-08-03 13:28:00,0.0,,United Kingdom,RETURN,True,recovered,2011-08-03,2011,8,2,True,PRICE_ZERO,True
562278,21391,Sold as 1 on dotcom,-342,2011-08-04 10:27:00,0.0,,United Kingdom,RETURN,False,original,2011-08-04,2011,8,3,True,PRICE_ZERO,True
562279,21391,FRENCH LAVENDER SCENT HEART,-26,2011-08-04 10:28:00,0.0,,United Kingdom,RETURN,True,recovered,2011-08-04,2011,8,3,True,PRICE_ZERO,True
562352,21735,damages,-59,2011-08-04 13:12:00,0.0,,United Kingdom,RETURN,False,original,2011-08-04,2011,8,3,True,PRICE_ZERO,True
562382,22927,?,-40,2011-08-04 15:36:00,0.0,,United Kingdom,RETURN,False,original,2011-08-04,2011,8,3,True,PRICE_ZERO,True
562383,22523,?,-90,2011-08-04 15:37:00,0.0,,United Kingdom,RETURN,False,original,2011-08-04,2011,8,3,True,PRICE_ZERO,True
562384,23175,REGENCY MILK JUG PINK,-44,2011-08-04 15:41:00,0.0,,United Kingdom,RETURN,True,recovered,2011-08-04,2011,8,3,True,PRICE_ZERO,True
562385,47559B,TEA TIME OVEN GLOVE,-84,2011-08-04 15:42:00,0.0,,United Kingdom,RETURN,True,recovered,2011-08-04,2011,8,3,True,PRICE_ZERO,True
562386,84596L,BISCUITS SMALL BOWL LIGHT BLUE,-21,2011-08-04 15:43:00,0.0,,United Kingdom,RETURN,True,recovered,2011-08-04,2011,8,3,True,PRICE_ZERO,True
562390,21246,RED RETROSPOT BIG BOWL,-92,2011-08-04 16:00:00,0.0,,United Kingdom,RETURN,True,recovered,2011-08-04,2011,8,3,True,PRICE_ZERO,True
562391,22854,CREAM SWEETHEART EGG HOLDER,-40,2011-08-04 16:02:00,0.0,,United Kingdom,RETURN,True,recovered,2011-08-04,2011,8,3,True,PRICE_ZERO,True
562463,85152,HAND OVER THE CHOCOLATE   SIGN,-6,2011-08-05 11:30:00,0.0,,United Kingdom,RETURN,True,recovered,2011-08-05,2011,8,4,True,PRICE_ZERO,True
562464,20701,PINK CAT FLORAL CUSHION COVER,-24,2011-08-05 11:31:00,0.0,,United Kingdom,RETURN,True,recovered,2011-08-05,2011,8,4,True,PRICE_ZERO,True
562544,84920,PINK FLOWER FABRIC PONY,-9,2011-08-05 15:46:00,0.0,,United Kingdom,RETURN,True,recovered,2011-08-05,2011,8,4,True,PRICE_ZERO,True
562546,20694,?,-110,2011-08-05 15:46:00,0.0,,United Kingdom,RETURN,False,original,2011-08-05,2011,8,4,True,PRICE_ZERO,True
562547,21918,SET 12 KIDS COLOUR  CHALK STICKS,-343,2011-08-05 15:49:00,0.0,,United Kingdom,RETURN,True,recovered,2011-08-05,2011,8,4,True,PRICE_ZERO,True
562548,23084,RABBIT NIGHT LIGHT,-84,2011-08-05 16:00:00,0.0,,United Kingdom,RETURN,True,recovered,2011-08-05,2011,8,4,True,PRICE_ZERO,True
562653,21359,RELAX LARGE WOOD LETTERS,-30,2011-08-08 13:35:00,0.0,,United Kingdom,RETURN,True,recovered,2011-08-08,2011,8,0,True,PRICE_ZERO,True
562785,21033,JUMBO BAG CHARLIE AND LOLA TOYS,-455,2011-08-09 13:32:00,0.0,,United Kingdom,RETURN,True,recovered,2011-08-09,2011,8,1,True,PRICE_ZERO,True
562855,84800M,MEDIUM WHITE/PINK ROSE ART FLOWER,-124,2011-08-10 10:16:00,0.0,,United Kingdom,RETURN,True,recovered,2011-08-10,2011,8,2,True,PRICE_ZERO,True
563148,21033,JUMBO BAG CHARLIE AND LOLA TOYS,-37,2011-08-12 11:35:00,0.0,,United Kingdom,RETURN,True,recovered,2011-08-12,2011,8,4,True,PRICE_ZERO,True
563244,22740,POLKADOT PEN,-36,2011-08-15 10:49:00,0.0,,United Kingdom,RETURN,True,recovered,2011-08-15,2011,8,0,True,PRICE_ZERO,True
563453,21033,taig adjust no stock,-24,2011-08-16 14:34:00,0.0,,United Kingdom,RETURN,False,original,2011-08-16,2011,8,1,True,PRICE_ZERO,True
563652,22461,SAVOY ART DECO CLOCK,-36,2011-08-18 10:43:00,0.0,,United Kingdom,RETURN,True,recovered,2011-08-18,2011,8,3,True,PRICE_ZERO,True
563650,79163,BLACK CHAMPAGNE GLASS,-156,2011-08-18 10:43:00,0.0,,United Kingdom,RETURN,True,recovered,2011-08-18,2011,8,3,True,PRICE_ZERO,True
563700,85106,CUT GLASS HEXAGON T-LIGHT HOLDER,-553,2011-08-18 13:55:00,0.0,,United Kingdom,RETURN,True,recovered,2011-08-18,2011,8,3,True,PRICE_ZERO,True
563704,37342,POLKADOT COFFEE CUP & SAUCER PINK,-66,2011-08-18 14:03:00,0.0,,United Kingdom,RETURN,True,recovered,2011-08-18,2011,8,3,True,PRICE_ZERO,True
563715,90120D,WHITE MURANO TWIST BRACELET,-18,2011-08-18 16:08:00,0.0,,United Kingdom,RETURN,True,recovered,2011-08-18,2011,8,3,True,PRICE_ZERO,True
564667,23084,RABBIT NIGHT LIGHT,-400,2011-08-26 15:08:00,0.0,,United Kingdom,RETURN,True,recovered,2011-08-26,2011,8,4,True,PRICE_ZERO,True
564914,85132C,damages,-109,2011-08-31 12:40:00,0.0,,United Kingdom,RETURN,False,original,2011-08-31,2011,8,2,True,PRICE_ZERO,True
565042,85185B,PINK HORSE SOCK PUPPET,-27,2011-08-31 17:01:00,0.0,,United Kingdom,RETURN,True,recovered,2011-08-31,2011,8,2,True,PRICE_ZERO,True
565045,21670,BLUE SPOT CERAMIC DRAWER KNOB,-115,2011-08-31 17:03:00,0.0,,United Kingdom,RETURN,True,recovered,2011-08-31,2011,8,2,True,PRICE_ZERO,True
565046,22606,WOODEN SKITTLES GARDEN SET,-49,2011-08-31 17:04:00,0.0,,United Kingdom,RETURN,True,recovered,2011-08-31,2011,8,2,True,PRICE_ZERO,True
565048,84976,RECTANGULAR SHAPED MIRROR,-66,2011-08-31 17:06:00,0.0,,United Kingdom,RETURN,True,recovered,2011-08-31,2011,8,2,True,PRICE_ZERO,True
565049,21907,I'M ON HOLIDAY METAL SIGN,-77,2011-08-31 17:09:00,0.0,,United Kingdom,RETURN,True,recovered,2011-08-31,2011,8,2,True,PRICE_ZERO,True
565052,21179,NO JUNK MAIL METAL SIGN,-60,2011-08-31 17:11:00,0.0,,United Kingdom,RETURN,True,recovered,2011-08-31,2011,8,2,True,PRICE_ZERO,True
565055,21172,PARTY METAL SIGN,-10,2011-08-31 17:11:00,0.0,,United Kingdom,RETURN,True,recovered,2011-08-31,2011,8,2,True,PRICE_ZERO,True
565057,82551,LAUNDRY 15C METAL SIGN,-110,2011-08-31 17:12:00,0.0,,United Kingdom,RETURN,True,recovered,2011-08-31,2011,8,2,True,PRICE_ZERO,True
565060,21165,BEWARE OF THE CAT METAL SIGN,-46,2011-08-31 17:15:00,0.0,,United Kingdom,RETURN,True,recovered,2011-08-31,2011,8,2,True,PRICE_ZERO,True
565063,21175,GIN + TONIC DIET METAL SIGN,-18,2011-08-31 17:15:00,0.0,,United Kingdom,RETURN,True,recovered,2011-08-31,2011,8,2,True,PRICE_ZERO,True
565069,20665,RED RETROSPOT PURSE,-49,2011-08-31 17:18:00,0.0,,United Kingdom,RETURN,True,recovered,2011-08-31,2011,8,2,True,PRICE_ZERO,True
565071,84754,S/15 SILVER GLASS BAUBLES IN BAG,-242,2011-08-31 17:21:00,0.0,,United Kingdom,RETURN,True,recovered,2011-08-31,2011,8,2,True,PRICE_ZERO,True
565072,21820,GLITTER HEART GARLAND WITH BELLS,-210,2011-08-31 17:22:00,0.0,,United Kingdom,RETURN,True,recovered,2011-08-31,2011,8,2,True,PRICE_ZERO,True
565275,90209C,PINK ENAMEL+GLASS HAIR COMB,-72,2011-09-02 11:08:00,0.0,,United Kingdom,RETURN,True,recovered,2011-09-02,2011,9,4,True,PRICE_ZERO,True
565296,84929,code mix up? 84930,-967,2011-09-02 12:04:00,0.0,,United Kingdom,RETURN,False,original,2011-09-02,2011,9,4,True,PRICE_ZERO,True
565297,84877D,?,-203,2011-09-02 12:06:00,0.0,,United Kingdom,RETURN,False,original,2011-09-02,2011,9,4,True,PRICE_ZERO,True
565302,21682,?display?,-156,2011-09-02 12:16:00,0.0,,United Kingdom,RETURN,False,original,2011-09-02,2011,9,4,True,PRICE_ZERO,True
565304,16259,PIECE OF CAMO STATIONERY SET,-3167,2011-09-02 12:18:00,0.0,,United Kingdom,RETURN,True,recovered,2011-09-02,2011,9,4,True,PRICE_ZERO,True
565306,21830,sold as 1,-252,2011-09-02 12:20:00,0.0,,United Kingdom,RETURN,False,original,2011-09-02,2011,9,4,True,PRICE_ZERO,True
565307,21830,?,-443,2011-09-02 12:20:00,0.0,,United Kingdom,RETURN,False,original,2011-09-02,2011,9,4,True,PRICE_ZERO,True
565308,21829,sold as 1,-432,2011-09-02 12:22:00,0.0,,United Kingdom,RETURN,False,original,2011-09-02,2011,9,4,True,PRICE_ZERO,True
565310,21829,?missing,-1897,2011-09-02 12:26:00,0.0,,United Kingdom,RETURN,False,original,2011-09-02,2011,9,4,True,PRICE_ZERO,True
565314,84660C,PINK STITCHED WALL CLOCK,-21,2011-09-02 12:43:00,0.0,,United Kingdom,RETURN,True,recovered,2011-09-02,2011,9,4,True,PRICE_ZERO,True
565370,82494L,crushed ctn,-33,2011-09-02 15:04:00,0.0,,United Kingdom,RETURN,False,original,2011-09-02,2011,9,4,True,PRICE_ZERO,True
565371,82483,crushed,-13,2011-09-02 15:04:00,0.0,,United Kingdom,RETURN,False,original,2011-09-02,2011,9,4,True,PRICE_ZERO,True
565385,22435,?missing,-434,2011-09-02 15:46:00,0.0,,United Kingdom,RETURN,False,original,2011-09-02,2011,9,4,True,PRICE_ZERO,True
565389,47343A,FUSCHIA FLOWER PURSE WITH BEADS,-16,2011-09-02 16:19:00,0.0,,United Kingdom,RETURN,True,recovered,2011-09-02,2011,9,4,True,PRICE_ZERO,True
565935,23064,Crushed,-8,2011-09-08 10:46:00,0.0,,United Kingdom,RETURN,False,original,2011-09-08,2011,9,3,True,PRICE_ZERO,True
565938,23066,SMALL DECO JEWELLERY STAND,-13,2011-09-08 10:54:00,0.0,,United Kingdom,RETURN,True,recovered,2011-09-08,2011,9,3,True,PRICE_ZERO,True
566067,20686,DOLLY MIXTURE CHILDREN'S UMBRELLA,-95,2011-09-08 16:36:00,0.0,,United Kingdom,RETURN,True,recovered,2011-09-08,2011,9,3,True,PRICE_ZERO,True
566066,15060B,FAIRY CAKE DESIGN UMBRELLA,-52,2011-09-08 16:36:00,0.0,,United Kingdom,RETURN,True,recovered,2011-09-08,2011,9,3,True,PRICE_ZERO,True
566068,22268,EASTER DECORATION SITTING BUNNY,-86,2011-09-08 16:37:00,0.0,,United Kingdom,RETURN,True,recovered,2011-09-08,2011,9,3,True,PRICE_ZERO,True
566121,23306,SET OF 36 DOILIES PANTRY DESIGN,-682,2011-09-09 10:56:00,0.0,,United Kingdom,RETURN,True,recovered,2011-09-09,2011,9,4,True,PRICE_ZERO,True
566122,23084,temp adjustment,-484,2011-09-09 10:57:00,0.0,,United Kingdom,RETURN,False,original,2011-09-09,2011,9,4,True,PRICE_ZERO,True
566449,20856,??,-140,2011-09-12 16:07:00,0.0,,United Kingdom,RETURN,False,original,2011-09-12,2011,9,0,True,PRICE_ZERO,True
566573,22823,test,-22,2011-09-13 13:10:00,0.0,,United Kingdom,RETURN,False,original,2011-09-13,2011,9,1,True,PRICE_ZERO,True
566711,21578,WOODLAND DESIGN  COTTON TOTE BAG,-31,2011-09-14 12:03:00,0.0,,United Kingdom,RETURN,True,recovered,2011-09-14,2011,9,2,True,PRICE_ZERO,True
566710,16207B,PINK HEART RED HANDBAG,-4,2011-09-14 12:03:00,0.0,,United Kingdom,RETURN,True,recovered,2011-09-14,2011,9,2,True,PRICE_ZERO,True
566712,22030,??,-635,2011-09-14 12:04:00,0.0,,United Kingdom,RETURN,False,original,2011-09-14,2011,9,2,True,PRICE_ZERO,True
566763,84708B,PINK JEWELLED PHOTO FRAME,-5,2011-09-14 17:48:00,0.0,,United Kingdom,RETURN,True,recovered,2011-09-14,2011,9,2,True,PRICE_ZERO,True
566764,23065,LARGE DECO JEWELLERY STAND,-13,2011-09-14 17:49:00,0.0,,United Kingdom,RETURN,True,recovered,2011-09-14,2011,9,2,True,PRICE_ZERO,True
566765,22244,3 HOOK HANGER MAGIC GARDEN,-9,2011-09-14 17:50:00,0.0,,United Kingdom,RETURN,True,recovered,2011-09-14,2011,9,2,True,PRICE_ZERO,True
566766,21311,SET/4 BIRD MIRROR MAGNETS,-117,2011-09-14 17:51:00,0.0,,United Kingdom,RETURN,True,recovered,2011-09-14,2011,9,2,True,PRICE_ZERO,True
566767,20977,36 PENCILS TUBE WOODLAND,-188,2011-09-14 17:52:00,0.0,,United Kingdom,RETURN,True,recovered,2011-09-14,2011,9,2,True,PRICE_ZERO,True
566768,16045,POPART WOODEN PENCILS ASST,-3667,2011-09-14 17:53:00,0.0,,United Kingdom,RETURN,True,recovered,2011-09-14,2011,9,2,True,PRICE_ZERO,True
566977,48173C,DOORMAT BLACK FLOCK,-54,2011-09-16 09:47:00,0.0,,United Kingdom,RETURN,True,recovered,2011-09-16,2011,9,4,True,PRICE_ZERO,True
567057,84725,FREESTYLE CANVAS ART PICTURE,-8,2011-09-16 11:39:00,0.0,,United Kingdom,RETURN,True,recovered,2011-09-16,2011,9,4,True,PRICE_ZERO,True
567058,22453,MEASURING TAPE BABUSHKA BLUE,-12,2011-09-16 11:40:00,0.0,,United Kingdom,RETURN,True,recovered,2011-09-16,2011,9,4,True,PRICE_ZERO,True
567060,22445,PENCIL CASE LIFE IS BEAUTIFUL,-62,2011-09-16 11:41:00,0.0,,United Kingdom,RETURN,True,recovered,2011-09-16,2011,9,4,True,PRICE_ZERO,True
567059,22452,MEASURING TAPE BABUSHKA PINK,-63,2011-09-16 11:41:00,0.0,,United Kingdom,RETURN,True,recovered,2011-09-16,2011,9,4,True,PRICE_ZERO,True
567061,84877B,GREEN ROUND COMPACT MIRROR,-27,2011-09-16 11:42:00,0.0,,United Kingdom,RETURN,True,recovered,2011-09-16,2011,9,4,True,PRICE_ZERO,True
567063,23135,SMALL ZINC HEART WALL ORGANISER,-27,2011-09-16 11:50:00,0.0,,United Kingdom,RETURN,True,recovered,2011-09-16,2011,9,4,True,PRICE_ZERO,True
567113,85215,Damaged,-29,2011-09-16 13:39:00,0.0,,United Kingdom,RETURN,False,original,2011-09-16,2011,9,4,True,PRICE_ZERO,True
567125,21246,damaged,-2,2011-09-16 13:49:00,0.0,,United Kingdom,RETURN,False,original,2011-09-16,2011,9,4,True,PRICE_ZERO,True
567127,85230E,Damaged,-48,2011-09-16 14:01:00,0.0,,United Kingdom,RETURN,False,original,2011-09-16,2011,9,4,True,PRICE_ZERO,True
567132,21830,OOPS ! adjustment,-384,2011-09-16 14:14:00,0.0,,United Kingdom,RETURN,False,original,2011-09-16,2011,9,4,True,PRICE_ZERO,True
567143,21179,damaged,-14,2011-09-16 15:02:00,0.0,,United Kingdom,RETURN,False,original,2011-09-16,2011,9,4,True,PRICE_ZERO,True
567149,35607B,thrown away,-9,2011-09-16 15:29:00,0.0,,United Kingdom,RETURN,False,original,2011-09-16,2011,9,4,True,PRICE_ZERO,True
567150,35817P,thrown away,-44,2011-09-16 15:29:00,0.0,,United Kingdom,RETURN,False,original,2011-09-16,2011,9,4,True,PRICE_ZERO,True
567363,23028,DRAWER KNOB CRACKLE GLAZE BLUE,-49,2011-09-19 16:58:00,0.0,,United Kingdom,RETURN,True,recovered,2011-09-19,2011,9,0,True,PRICE_ZERO,True
567364,22925,BLUE GIANT GARDEN THERMOMETER,-20,2011-09-19 16:58:00,0.0,,United Kingdom,RETURN,True,recovered,2011-09-19,2011,9,0,True,PRICE_ZERO,True
567366,21174,POTTERING IN THE SHED METAL SIGN,-138,2011-09-19 16:59:00,0.0,,United Kingdom,RETURN,True,recovered,2011-09-19,2011,9,0,True,PRICE_ZERO,True
567367,17012A,ORIGAMI VANILLA INCENSE/CANDLE SET,-86,2011-09-19 17:15:00,0.0,,United Kingdom,RETURN,True,recovered,2011-09-19,2011,9,0,True,PRICE_ZERO,True
567629,40016,?,-752,2011-09-21 13:21:00,0.0,,United Kingdom,RETURN,False,original,2011-09-21,2011,9,2,True,PRICE_ZERO,True
567645,21447,12 IVORY ROSE PEG PLACE SETTINGS,-53,2011-09-21 14:27:00,0.0,,United Kingdom,RETURN,True,recovered,2011-09-21,2011,9,2,True,PRICE_ZERO,True
567693,85199L,?,-250,2011-09-21 17:26:00,0.0,,United Kingdom,RETURN,False,original,2011-09-21,2011,9,2,True,PRICE_ZERO,True
567694,22665,RECIPE BOX BLUE SKETCHBOOK DESIGN,-24,2011-09-21 17:30:00,0.0,,United Kingdom,RETURN,True,recovered,2011-09-21,2011,9,2,True,PRICE_ZERO,True
567695,22688,DOORMAT PEACE ON EARTH BLUE,-42,2011-09-21 17:31:00,0.0,,United Kingdom,RETURN,True,recovered,2011-09-21,2011,9,2,True,PRICE_ZERO,True
567696,23091,ZINC HERB GARDEN CONTAINER,-15,2011-09-21 17:32:00,0.0,,United Kingdom,RETURN,True,recovered,2011-09-21,2011,9,2,True,PRICE_ZERO,True
567719,20980,36 PENCILS TUBE POSY,-7,2011-09-22 10:32:00,0.0,,United Kingdom,RETURN,True,recovered,2011-09-22,2011,9,3,True,PRICE_ZERO,True
567861,35597A,DUSTY PINK CHRISTMAS TREE 30CM,-14,2011-09-22 14:01:00,0.0,,United Kingdom,RETURN,True,recovered,2011-09-22,2011,9,3,True,PRICE_ZERO,True
567862,35591T,TURQUOISE CHRISTMAS TREE,-4,2011-09-22 14:02:00,0.0,,United Kingdom,RETURN,True,recovered,2011-09-22,2011,9,3,True,PRICE_ZERO,True
567918,79163,damaged,-1,2011-09-22 17:20:00,0.0,,United Kingdom,RETURN,False,original,2011-09-22,2011,9,3,True,PRICE_ZERO,True
567921,21089,damaged,-7,2011-09-22 17:24:00,0.0,,United Kingdom,RETURN,False,original,2011-09-22,2011,9,3,True,PRICE_ZERO,True
567923,37343,damaged,-2,2011-09-22 17:24:00,0.0,,United Kingdom,RETURN,False,original,2011-09-22,2011,9,3,True,PRICE_ZERO,True
567925,84876D,damaged,-2,2011-09-22 17:26:00,0.0,,United Kingdom,RETURN,False,original,2011-09-22,2011,9,3,True,PRICE_ZERO,True
567927,21654,Damaged,-3,2011-09-22 17:28:00,0.0,,United Kingdom,RETURN,False,original,2011-09-22,2011,9,3,True,PRICE_ZERO,True
567931,84563B,damaged,-11,2011-09-22 17:38:00,0.0,,United Kingdom,RETURN,False,original,2011-09-22,2011,9,3,True,PRICE_ZERO,True
567932,85213,MINI  ZINC GARDEN DECORATIONS,-12,2011-09-22 17:39:00,0.0,,United Kingdom,RETURN,True,recovered,2011-09-22,2011,9,3,True,PRICE_ZERO,True
567933,84422,Dagamed,-30,2011-09-22 17:49:00,0.0,,United Kingdom,RETURN,False,original,2011-09-22,2011,9,3,True,PRICE_ZERO,True
568052,90209C,PINK ENAMEL+GLASS HAIR COMB,-3,2011-09-23 12:42:00,0.0,,United Kingdom,RETURN,True,recovered,2011-09-23,2011,9,4,True,PRICE_ZERO,True
568079,85197,SET OF 12 MINI BUNNIES IN A BUCKET,-1,2011-09-23 14:35:00,0.0,,United Kingdom,RETURN,True,recovered,2011-09-23,2011,9,4,True,PRICE_ZERO,True
568080,44236,PINK/PURPLE CIRCLE CURTAIN,-2,2011-09-23 14:35:00,0.0,,United Kingdom,RETURN,True,recovered,2011-09-23,2011,9,4,True,PRICE_ZERO,True
568081,84663A,GRASS HOPPER WOODEN WALL CLOCK,-9,2011-09-23 14:36:00,0.0,,United Kingdom,RETURN,True,recovered,2011-09-23,2011,9,4,True,PRICE_ZERO,True
568084,84927A,WAKE UP COCKEREL TILE HOOK,-7,2011-09-23 14:38:00,0.0,,United Kingdom,RETURN,True,recovered,2011-09-23,2011,9,4,True,PRICE_ZERO,True
568087,85049D,BRIGHT BLUES RIBBONS,-8,2011-09-23 14:40:00,0.0,,United Kingdom,RETURN,True,recovered,2011-09-23,2011,9,4,True,PRICE_ZERO,True
568088,21641,ASSORTED TUTTI FRUTTI KEYRING BALL,-49,2011-09-23 14:40:00,0.0,,United Kingdom,RETURN,True,recovered,2011-09-23,2011,9,4,True,PRICE_ZERO,True
568089,22245,"HOOK, 1 HANGER ,MAGIC GARDEN",-37,2011-09-23 14:41:00,0.0,,United Kingdom,RETURN,True,recovered,2011-09-23,2011,9,4,True,PRICE_ZERO,True
568090,20793,BLUE TILED TRAY,-5,2011-09-23 14:41:00,0.0,,United Kingdom,RETURN,True,recovered,2011-09-23,2011,9,4,True,PRICE_ZERO,True
568091,85211,S/4 GROOVY CAT MAGNETS,-3,2011-09-23 14:41:00,0.0,,United Kingdom,RETURN,True,recovered,2011-09-23,2011,9,4,True,PRICE_ZERO,True
568093,20773,BLUE PAISLEY NOTEBOOK,-9,2011-09-23 14:42:00,0.0,,United Kingdom,RETURN,True,recovered,2011-09-23,2011,9,4,True,PRICE_ZERO,True
568233,21586,KINGS CHOICE GIANT TUBE MATCHES,-147,2011-09-26 11:37:00,0.0,,United Kingdom,RETURN,True,recovered,2011-09-26,2011,9,0,True,PRICE_ZERO,True
568302,20700,?,-121,2011-09-26 12:46:00,0.0,,United Kingdom,RETURN,False,original,2011-09-26,2011,9,0,True,PRICE_ZERO,True
568371,22687,DOORMAT CHRISTMAS VILLAGE,-41,2011-09-26 16:48:00,0.0,,United Kingdom,RETURN,True,recovered,2011-09-26,2011,9,0,True,PRICE_ZERO,True
568372,90082D,DIAMANTE BOW BROOCH BLACK COLOUR,-19,2011-09-26 16:54:00,0.0,,United Kingdom,RETURN,True,recovered,2011-09-26,2011,9,0,True,PRICE_ZERO,True
568401,21394,damages,-35,2011-09-27 10:30:00,0.0,,United Kingdom,RETURN,False,original,2011-09-27,2011,9,1,True,PRICE_ZERO,True
568403,84905,PINK BUTTERFLY CUSHION COVER,-3,2011-09-27 10:35:00,0.0,,United Kingdom,RETURN,True,recovered,2011-09-27,2011,9,1,True,PRICE_ZERO,True
568405,22893,MINI CAKE STAND T-LIGHT HOLDER,-42,2011-09-27 10:36:00,0.0,,United Kingdom,RETURN,True,recovered,2011-09-27,2011,9,1,True,PRICE_ZERO,True
568404,22497,SET OF 2 TINS VINTAGE BATHROOM,-17,2011-09-27 10:36:00,0.0,,United Kingdom,RETURN,True,recovered,2011-09-27,2011,9,1,True,PRICE_ZERO,True
568406,18094C,WHITE AND BLUE CERAMIC OIL BURNER,-67,2011-09-27 10:37:00,0.0,,United Kingdom,RETURN,True,recovered,2011-09-27,2011,9,1,True,PRICE_ZERO,True
568407,84660A,WHITE STITCHED WALL CLOCK,-8,2011-09-27 10:38:00,0.0,,United Kingdom,RETURN,True,recovered,2011-09-27,2011,9,1,True,PRICE_ZERO,True
568442,37327,damages,-131,2011-09-27 11:31:00,0.0,,United Kingdom,RETURN,False,original,2011-09-27,2011,9,1,True,PRICE_ZERO,True
568543,84920,PINK FLOWER FABRIC PONY,-21,2011-09-27 14:33:00,0.0,,United Kingdom,RETURN,True,recovered,2011-09-27,2011,9,1,True,PRICE_ZERO,True
568545,22548,HEADS AND TAILS SPORTING FUN,-70,2011-09-27 14:34:00,0.0,,United Kingdom,RETURN,True,recovered,2011-09-27,2011,9,1,True,PRICE_ZERO,True
568546,22409,MONEY BOX BISCUITS DESIGN,-20,2011-09-27 14:35:00,0.0,,United Kingdom,RETURN,True,recovered,2011-09-27,2011,9,1,True,PRICE_ZERO,True
568724,84816,damages,-21,2011-09-28 16:27:00,0.0,,United Kingdom,RETURN,False,original,2011-09-28,2011,9,2,True,PRICE_ZERO,True
568725,79000,MOROCCAN TEA GLASS,-209,2011-09-28 16:28:00,0.0,,United Kingdom,RETURN,True,recovered,2011-09-28,2011,9,2,True,PRICE_ZERO,True
569098,21098,damages?,-231,2011-09-30 12:09:00,0.0,,United Kingdom,RETURN,False,original,2011-09-30,2011,9,4,True,PRICE_ZERO,True
569102,21098,CHRISTMAS TOILET ROLL,-129,2011-09-30 12:25:00,0.0,,United Kingdom,RETURN,True,recovered,2011-09-30,2011,9,4,True,PRICE_ZERO,True
569121,21244,BLUE POLKADOT PLATE,-38,2011-09-30 13:03:00,0.0,,United Kingdom,RETURN,True,recovered,2011-09-30,2011,9,4,True,PRICE_ZERO,True
569131,22927,damaged,-5,2011-09-30 13:49:00,0.0,,United Kingdom,RETURN,False,original,2011-09-30,2011,9,4,True,PRICE_ZERO,True
569256,20774,damaged,-14,2011-10-03 11:15:00,0.0,,United Kingdom,RETURN,False,original,2011-10-03,2011,10,0,True,PRICE_ZERO,True
569335,84660A,damaged,-15,2011-10-03 13:57:00,0.0,,United Kingdom,RETURN,False,original,2011-10-03,2011,10,0,True,PRICE_ZERO,True
569341,82600,historic computer difference?....se,-458,2011-10-03 14:19:00,0.0,,United Kingdom,RETURN,False,original,2011-10-03,2011,10,0,True,PRICE_ZERO,True
569347,85086A,CANDY SPOT HEART DECORATION,-6,2011-10-03 14:38:00,0.0,,United Kingdom,RETURN,True,recovered,2011-10-03,2011,10,0,True,PRICE_ZERO,True
569376,85106,CUT GLASS HEXAGON T-LIGHT HOLDER,-9,2011-10-03 16:29:00,0.0,,United Kingdom,RETURN,True,recovered,2011-10-03,2011,10,0,True,PRICE_ZERO,True
569377,22784,LANTERN CREAM GAZEBO,-14,2011-10-03 16:30:00,0.0,,United Kingdom,RETURN,True,recovered,2011-10-03,2011,10,0,True,PRICE_ZERO,True
569378,72799F,IVORY PILLAR CANDLE GOLD FLOCK,-5,2011-10-03 16:31:00,0.0,,United Kingdom,RETURN,True,recovered,2011-10-03,2011,10,0,True,PRICE_ZERO,True
569379,16015,MEDIUM CHINESE STYLE SCISSOR,-69,2011-10-03 16:33:00,0.0,,United Kingdom,RETURN,True,recovered,2011-10-03,2011,10,0,True,PRICE_ZERO,True
569380,21809,CHRISTMAS HANGING TREE WITH BELL,-140,2011-10-03 16:40:00,0.0,,United Kingdom,RETURN,True,recovered,2011-10-03,2011,10,0,True,PRICE_ZERO,True
569391,84625C,BLUE NEW BAROQUE CANDLESTICK CANDLE,-32,2011-10-03 17:13:00,0.0,,United Kingdom,RETURN,True,recovered,2011-10-03,2011,10,0,True,PRICE_ZERO,True
569392,47504K,ENGLISH ROSE GARDEN SECATEURS,-275,2011-10-03 17:15:00,0.0,,United Kingdom,RETURN,True,recovered,2011-10-03,2011,10,0,True,PRICE_ZERO,True
569393,23152,IVORY SWEETHEART WIRE LETTER RACK,-23,2011-10-03 17:15:00,0.0,,United Kingdom,RETURN,True,recovered,2011-10-03,2011,10,0,True,PRICE_ZERO,True
569394,21163,DO NOT TOUCH MY STUFF DOOR HANGER,-70,2011-10-03 17:16:00,0.0,,United Kingdom,RETURN,True,recovered,2011-10-03,2011,10,0,True,PRICE_ZERO,True
569464,23268,Incorrect stock entry.,-1440,2011-10-04 11:40:00,0.0,,United Kingdom,RETURN,False,original,2011-10-04,2011,10,1,True,PRICE_ZERO,True
569465,23269,incorrect stock entry.,-1440,2011-10-04 11:41:00,0.0,,United Kingdom,RETURN,False,original,2011-10-04,2011,10,1,True,PRICE_ZERO,True
569466,23270,incorrect stock entry.,-2880,2011-10-04 11:42:00,0.0,,United Kingdom,RETURN,False,original,2011-10-04,2011,10,1,True,PRICE_ZERO,True
569817,21870,I CAN ONLY PLEASE ONE PERSON MUG,-26,2011-10-06 12:09:00,0.0,,United Kingdom,RETURN,True,recovered,2011-10-06,2011,10,3,True,PRICE_ZERO,True
569831,20713,wrongly coded-23343,-800,2011-10-06 12:38:00,0.0,,United Kingdom,RETURN,False,original,2011-10-06,2011,10,3,True,PRICE_ZERO,True
569854,35954,counted,-430,2011-10-06 14:26:00,0.0,,United Kingdom,RETURN,False,original,2011-10-06,2011,10,3,True,PRICE_ZERO,True
569855,23412,?,-30,2011-10-06 14:27:00,0.0,,United Kingdom,RETURN,False,original,2011-10-06,2011,10,3,True,PRICE_ZERO,True
569874,90180A,stock check,-32,2011-10-06 15:06:00,0.0,,United Kingdom,RETURN,False,original,2011-10-06,2011,10,3,True,PRICE_ZERO,True
569875,90195A,check,-45,2011-10-06 15:07:00,0.0,,United Kingdom,RETURN,False,original,2011-10-06,2011,10,3,True,PRICE_ZERO,True
569876,90210D,check,-28,2011-10-06 15:08:00,0.0,,United Kingdom,RETURN,False,original,2011-10-06,2011,10,3,True,PRICE_ZERO,True
569877,90210C,RED   ACRYLIC FACETED BANGLE,-10,2011-10-06 15:09:00,0.0,,United Kingdom,RETURN,True,recovered,2011-10-06,2011,10,3,True,PRICE_ZERO,True
569878,90057,crushed boxes,-380,2011-10-06 15:12:00,0.0,,United Kingdom,RETURN,False,original,2011-10-06,2011,10,3,True,PRICE_ZERO,True
569879,90012B,check,-5,2011-10-06 15:13:00,0.0,,United Kingdom,RETURN,False,original,2011-10-06,2011,10,3,True,PRICE_ZERO,True
569880,90012A,stock check,-18,2011-10-06 15:14:00,0.0,,United Kingdom,RETURN,False,original,2011-10-06,2011,10,3,True,PRICE_ZERO,True
569881,90014C,SILVER/BLACK ORBIT NECKLACE,-8,2011-10-06 15:14:00,0.0,,United Kingdom,RETURN,True,recovered,2011-10-06,2011,10,3,True,PRICE_ZERO,True
569882,90014B,GOLD M PEARL  ORBIT NECKLACE,-1,2011-10-06 15:15:00,0.0,,United Kingdom,RETURN,True,recovered,2011-10-06,2011,10,3,True,PRICE_ZERO,True
569883,90014A,check,-12,2011-10-06 15:16:00,0.0,,United Kingdom,RETURN,False,original,2011-10-06,2011,10,3,True,PRICE_ZERO,True
569884,90164B,WHITE  ROSEBUD PEARL BRACELET,-14,2011-10-06 15:16:00,0.0,,United Kingdom,RETURN,True,recovered,2011-10-06,2011,10,3,True,PRICE_ZERO,True
569885,90164A,PINK ROSEBUD PEARL BRACELET,-15,2011-10-06 15:17:00,0.0,,United Kingdom,RETURN,True,recovered,2011-10-06,2011,10,3,True,PRICE_ZERO,True
569886,90191,??,-60,2011-10-06 15:24:00,0.0,,United Kingdom,RETURN,False,original,2011-10-06,2011,10,3,True,PRICE_ZERO,True
570013,21395,BLUE POLKADOT BEAKER,-38,2011-10-07 09:55:00,0.0,,United Kingdom,RETURN,True,recovered,2011-10-07,2011,10,4,True,PRICE_ZERO,True
570110,22570,?,-74,2011-10-07 12:27:00,0.0,,United Kingdom,RETURN,False,original,2011-10-07,2011,10,4,True,PRICE_ZERO,True
570112,22569,?,-84,2011-10-07 12:29:00,0.0,,United Kingdom,RETURN,False,original,2011-10-07,2011,10,4,True,PRICE_ZERO,True
570185,21090,WET/MOULDY,-192,2011-10-07 14:56:00,0.0,,United Kingdom,RETURN,False,original,2011-10-07,2011,10,4,True,PRICE_ZERO,True
570193,22449,can't find,-125,2011-10-07 15:32:00,0.0,,United Kingdom,RETURN,False,original,2011-10-07,2011,10,4,True,PRICE_ZERO,True
570259,22336,DOVE DECORATION PAINTED ZINC,-114,2011-10-10 09:59:00,0.0,,United Kingdom,RETURN,True,recovered,2011-10-10,2011,10,0,True,PRICE_ZERO,True
570260,35933,PINK STOCKING CHRISTMAS DECORATION,-34,2011-10-10 10:00:00,0.0,,United Kingdom,RETURN,True,recovered,2011-10-10,2011,10,0,True,PRICE_ZERO,True
570262,35954,SMALL FOLKART STAR CHRISTMAS DEC,-80,2011-10-10 10:00:00,0.0,,United Kingdom,RETURN,True,recovered,2011-10-10,2011,10,0,True,PRICE_ZERO,True
570264,21288,STRIPEY CHOCOLATE NESTING BOXES,-22,2011-10-10 10:03:00,0.0,,United Kingdom,RETURN,True,recovered,2011-10-10,2011,10,0,True,PRICE_ZERO,True
570294,84249A,damaged,-25,2011-10-10 12:00:00,0.0,,United Kingdom,RETURN,False,original,2011-10-10,2011,10,0,True,PRICE_ZERO,True
570403,47574A,check,-61,2011-10-10 12:45:00,0.0,,United Kingdom,RETURN,False,original,2011-10-10,2011,10,0,True,PRICE_ZERO,True
570440,21424,damages,-40,2011-10-10 14:31:00,0.0,,United Kingdom,RETURN,False,original,2011-10-10,2011,10,0,True,PRICE_ZERO,True
570595,21823,check,-94,2011-10-11 11:47:00,0.0,,United Kingdom,RETURN,False,original,2011-10-11,2011,10,1,True,PRICE_ZERO,True
570596,21803,check,-38,2011-10-11 11:48:00,0.0,,United Kingdom,RETURN,False,original,2011-10-11,2011,10,1,True,PRICE_ZERO,True
570599,84596G,??,-365,2011-10-11 12:00:00,0.0,,United Kingdom,RETURN,False,original,2011-10-11,2011,10,1,True,PRICE_ZERO,True
570691,85231G,check,-110,2011-10-11 16:44:00,0.0,,United Kingdom,RETURN,False,original,2011-10-11,2011,10,1,True,PRICE_ZERO,True
570711,21622,damages,-45,2011-10-12 10:14:00,0.0,,United Kingdom,RETURN,False,original,2011-10-12,2011,10,2,True,PRICE_ZERO,True
570712,22121,?,-90,2011-10-12 10:15:00,0.0,,United Kingdom,RETURN,False,original,2011-10-12,2011,10,2,True,PRICE_ZERO,True
570873,23322,mouldy,-40,2011-10-12 16:41:00,0.0,,United Kingdom,RETURN,False,original,2011-10-12,2011,10,2,True,PRICE_ZERO,True
570874,23020,smashed,-4,2011-10-12 16:42:00,0.0,,United Kingdom,RETURN,False,original,2011-10-12,2011,10,2,True,PRICE_ZERO,True
571011,21078,SET/20 STRAWBERRY PAPER NAPKINS,-207,2011-10-13 12:13:00,0.0,,United Kingdom,RETURN,True,recovered,2011-10-13,2011,10,3,True,PRICE_ZERO,True
571010,22848,BREAD BIN DINER STYLE PINK,-16,2011-10-13 12:13:00,0.0,,United Kingdom,RETURN,True,recovered,2011-10-13,2011,10,3,True,PRICE_ZERO,True
571012,21402,RED  EGG  SPOON,-147,2011-10-13 12:15:00,0.0,,United Kingdom,RETURN,True,recovered,2011-10-13,2011,10,3,True,PRICE_ZERO,True
571013,23306,SET OF 36 DOILIES PANTRY DESIGN,-104,2011-10-13 12:16:00,0.0,,United Kingdom,RETURN,True,recovered,2011-10-13,2011,10,3,True,PRICE_ZERO,True
571024,22812,?,-270,2011-10-13 12:18:00,0.0,,United Kingdom,RETURN,False,original,2011-10-13,2011,10,3,True,PRICE_ZERO,True
571027,72816,SET/3 CHRISTMAS DECOUPAGE CANDLES,-36,2011-10-13 12:19:00,0.0,,United Kingdom,RETURN,True,recovered,2011-10-13,2011,10,3,True,PRICE_ZERO,True
571037,20669,RED HEART LUGGAGE TAG,-25,2011-10-13 12:58:00,0.0,,United Kingdom,RETURN,True,recovered,2011-10-13,2011,10,3,True,PRICE_ZERO,True
571112,22637,damages,-65,2011-10-13 17:36:00,0.0,,United Kingdom,RETURN,False,original,2011-10-13,2011,10,3,True,PRICE_ZERO,True
571113,21407,BROWN CHECK CAT DOORSTOP,-19,2011-10-13 17:37:00,0.0,,United Kingdom,RETURN,True,recovered,2011-10-13,2011,10,3,True,PRICE_ZERO,True
571114,23159,SET OF 5 PANCAKE DAY MAGNETS,-99,2011-10-13 17:40:00,0.0,,United Kingdom,RETURN,True,recovered,2011-10-13,2011,10,3,True,PRICE_ZERO,True
571115,82567,"AIRLINE LOUNGE,METAL SIGN",-73,2011-10-13 17:40:00,0.0,,United Kingdom,RETURN,True,recovered,2011-10-13,2011,10,3,True,PRICE_ZERO,True
571116,23131,?,-49,2011-10-13 17:46:00,0.0,,United Kingdom,RETURN,False,original,2011-10-13,2011,10,3,True,PRICE_ZERO,True
571124,72802A,Wet pallet-thrown away,-306,2011-10-14 09:36:00,0.0,,United Kingdom,RETURN,False,original,2011-10-14,2011,10,4,True,PRICE_ZERO,True
571126,72802A,?,-50,2011-10-14 09:53:00,0.0,,United Kingdom,RETURN,False,original,2011-10-14,2011,10,4,True,PRICE_ZERO,True
571130,72802C,check,-37,2011-10-14 10:05:00,0.0,,United Kingdom,RETURN,False,original,2011-10-14,2011,10,4,True,PRICE_ZERO,True
571131,72802B,check,-51,2011-10-14 10:13:00,0.0,,United Kingdom,RETURN,False,original,2011-10-14,2011,10,4,True,PRICE_ZERO,True
571254,23427,damaged,-2,2011-10-14 17:07:00,0.0,,United Kingdom,RETURN,False,original,2011-10-14,2011,10,4,True,PRICE_ZERO,True
571458,21761,damaged,-2,2011-10-17 14:02:00,0.0,,United Kingdom,RETURN,False,original,2011-10-17,2011,10,0,True,PRICE_ZERO,True
571459,20839,damages,-80,2011-10-17 14:03:00,0.0,,United Kingdom,RETURN,False,original,2011-10-17,2011,10,0,True,PRICE_ZERO,True
571686,22149,damages,-40,2011-10-18 14:22:00,0.0,,United Kingdom,RETURN,False,original,2011-10-18,2011,10,1,True,PRICE_ZERO,True
571687,22149,check,-46,2011-10-18 14:23:00,0.0,,United Kingdom,RETURN,False,original,2011-10-18,2011,10,1,True,PRICE_ZERO,True
571689,85135B,BLUE DRAGONFLY HELICOPTER,-27,2011-10-18 14:28:00,0.0,,United Kingdom,RETURN,True,recovered,2011-10-18,2011,10,1,True,PRICE_ZERO,True
571723,85211,S/4 GROOVY CAT MAGNETS,-1,2011-10-18 17:30:00,0.0,,United Kingdom,RETURN,True,recovered,2011-10-18,2011,10,1,True,PRICE_ZERO,True
571915,21627,check,-32,2011-10-19 15:34:00,0.0,,United Kingdom,RETURN,False,original,2011-10-19,2011,10,2,True,PRICE_ZERO,True
572341,85036A,GARDENIA 1 WICK MORRIS BOXED CANDLE,-82,2011-10-24 10:36:00,0.0,,United Kingdom,RETURN,True,recovered,2011-10-24,2011,10,0,True,PRICE_ZERO,True
572468,72803A,damages,-160,2011-10-24 13:30:00,0.0,,United Kingdom,RETURN,False,original,2011-10-24,2011,10,0,True,PRICE_ZERO,True
572477,20665,adjustment,-15,2011-10-24 13:39:00,0.0,,United Kingdom,RETURN,False,original,2011-10-24,2011,10,0,True,PRICE_ZERO,True
572480,22049,damaged,-100,2011-10-24 13:44:00,0.0,,United Kingdom,RETURN,False,original,2011-10-24,2011,10,0,True,PRICE_ZERO,True
572514,20774,GREEN FERN NOTEBOOK,-4,2011-10-24 14:36:00,0.0,,United Kingdom,RETURN,True,recovered,2011-10-24,2011,10,0,True,PRICE_ZERO,True
572516,22336,damaged,-71,2011-10-24 14:45:00,0.0,,United Kingdom,RETURN,False,original,2011-10-24,2011,10,0,True,PRICE_ZERO,True
572527,20984,damaged,-46,2011-10-24 15:35:00,0.0,,United Kingdom,RETURN,False,original,2011-10-24,2011,10,0,True,PRICE_ZERO,True
572533,84877D,BLUE ROUND COMPACT MIRROR,-1,2011-10-24 16:06:00,0.0,,United Kingdom,RETURN,True,recovered,2011-10-24,2011,10,0,True,PRICE_ZERO,True
572534,35597D,PINK/WHITE CHRISTMAS TREE 30CM,-2,2011-10-24 16:07:00,0.0,,United Kingdom,RETURN,True,recovered,2011-10-24,2011,10,0,True,PRICE_ZERO,True
572536,21294,ETCHED GLASS COASTER,-8,2011-10-24 16:08:00,0.0,,United Kingdom,RETURN,True,recovered,2011-10-24,2011,10,0,True,PRICE_ZERO,True
572543,22570,FELTCRAFT CUSHION RABBIT,-32,2011-10-24 16:24:00,0.0,,United Kingdom,RETURN,True,recovered,2011-10-24,2011,10,0,True,PRICE_ZERO,True
572548,23343,20713 wrongly marked,-200,2011-10-24 17:01:00,0.0,,United Kingdom,RETURN,False,original,2011-10-24,2011,10,0,True,PRICE_ZERO,True
572557,22427,damages,-29,2011-10-24 17:44:00,0.0,,United Kingdom,RETURN,False,original,2011-10-24,2011,10,0,True,PRICE_ZERO,True
572564,40016,CHINESE DRAGON PAPER LANTERNS,-108,2011-10-25 09:56:00,0.0,,United Kingdom,RETURN,True,recovered,2011-10-25,2011,10,1,True,PRICE_ZERO,True
572615,23595,re-adjustment,-5,2011-10-25 11:39:00,0.0,,United Kingdom,RETURN,False,original,2011-10-25,2011,10,1,True,PRICE_ZERO,True
572684,23029,damages,-20,2011-10-25 14:00:00,0.0,,United Kingdom,RETURN,False,original,2011-10-25,2011,10,1,True,PRICE_ZERO,True
572685,23032,damages,-60,2011-10-25 14:01:00,0.0,,United Kingdom,RETURN,False,original,2011-10-25,2011,10,1,True,PRICE_ZERO,True
572686,23118,Breakages,-30,2011-10-25 14:03:00,0.0,,United Kingdom,RETURN,False,original,2011-10-25,2011,10,1,True,PRICE_ZERO,True
572687,20840,damages,-30,2011-10-25 14:05:00,0.0,,United Kingdom,RETURN,False,original,2011-10-25,2011,10,1,True,PRICE_ZERO,True
572689,84969,check,-50,2011-10-25 14:13:00,0.0,,United Kingdom,RETURN,False,original,2011-10-25,2011,10,1,True,PRICE_ZERO,True
572690,21539,damages?,-111,2011-10-25 14:14:00,0.0,,United Kingdom,RETURN,False,original,2011-10-25,2011,10,1,True,PRICE_ZERO,True
572691,22426,check,-15,2011-10-25 14:15:00,0.0,,United Kingdom,RETURN,False,original,2011-10-25,2011,10,1,True,PRICE_ZERO,True
572692,21071,check,-82,2011-10-25 14:16:00,0.0,,United Kingdom,RETURN,False,original,2011-10-25,2011,10,1,True,PRICE_ZERO,True
572693,35810A,check,-78,2011-10-25 14:20:00,0.0,,United Kingdom,RETURN,False,original,2011-10-25,2011,10,1,True,PRICE_ZERO,True
572699,72818,CHRISTMAS DECOUPAGE CANDLE,-48,2011-10-25 14:26:00,0.0,,United Kingdom,RETURN,True,recovered,2011-10-25,2011,10,1,True,PRICE_ZERO,True
572701,85078,missing,-840,2011-10-25 14:31:00,0.0,,United Kingdom,RETURN,False,original,2011-10-25,2011,10,1,True,PRICE_ZERO,True
572702,37479P,??,-184,2011-10-25 14:33:00,0.0,,United Kingdom,RETURN,False,original,2011-10-25,2011,10,1,True,PRICE_ZERO,True
572748,21824,check,-103,2011-10-25 16:50:00,0.0,,United Kingdom,RETURN,False,original,2011-10-25,2011,10,1,True,PRICE_ZERO,True
572749,22572,??,-335,2011-10-25 16:52:00,0.0,,United Kingdom,RETURN,False,original,2011-10-25,2011,10,1,True,PRICE_ZERO,True
572759,37468,HARDMAN MUG 3 ASSORTED,-2,2011-10-25 18:45:00,0.0,,United Kingdom,RETURN,True,recovered,2011-10-25,2011,10,1,True,PRICE_ZERO,True
572891,23343,20713,-400,2011-10-26 14:14:00,0.0,,United Kingdom,RETURN,False,original,2011-10-26,2011,10,2,True,PRICE_ZERO,True
572898,22180,RETROSPOT LAMP,-15,2011-10-26 14:50:00,0.0,,United Kingdom,RETURN,True,recovered,2011-10-26,2011,10,2,True,PRICE_ZERO,True
572919,72802C,check,-17,2011-10-26 16:49:00,0.0,,United Kingdom,RETURN,False,original,2011-10-26,2011,10,2,True,PRICE_ZERO,True
572996,23462,damages,-34,2011-10-27 11:22:00,0.0,,United Kingdom,RETURN,False,original,2011-10-27,2011,10,3,True,PRICE_ZERO,True
573115,23343,wrongly coded 20713,-1000,2011-10-27 15:37:00,0.0,,United Kingdom,RETURN,False,original,2011-10-27,2011,10,3,True,PRICE_ZERO,True
573118,85032D,damaged,-1,2011-10-27 16:19:00,0.0,,United Kingdom,RETURN,False,original,2011-10-27,2011,10,3,True,PRICE_ZERO,True
573120,72816,SET/3 CHRISTMAS DECOUPAGE CANDLES,-1,2011-10-27 16:21:00,0.0,,United Kingdom,RETURN,True,recovered,2011-10-27,2011,10,3,True,PRICE_ZERO,True
573254,85135C,Damages,-49,2011-10-28 12:18:00,0.0,,United Kingdom,RETURN,False,original,2011-10-28,2011,10,4,True,PRICE_ZERO,True
573258,85136C,damages,-36,2011-10-28 12:19:00,0.0,,United Kingdom,RETURN,False,original,2011-10-28,2011,10,4,True,PRICE_ZERO,True
573259,85136A,damages,-77,2011-10-28 12:20:00,0.0,,United Kingdom,RETURN,False,original,2011-10-28,2011,10,4,True,PRICE_ZERO,True
573317,21804,WHITE CHRISTMAS GARLAND STARS TREES,-84,2011-10-28 18:09:00,0.0,,United Kingdom,RETURN,True,recovered,2011-10-28,2011,10,4,True,PRICE_ZERO,True
573318,84944,SET OF 6 KASHMIR FOLKART BAUBLES,-47,2011-10-28 18:11:00,0.0,,United Kingdom,RETURN,True,recovered,2011-10-28,2011,10,4,True,PRICE_ZERO,True
573463,17012B,check,-70,2011-10-31 10:56:00,0.0,,United Kingdom,RETURN,False,original,2011-10-31,2011,10,0,True,PRICE_ZERO,True
573482,21181,check,-54,2011-10-31 11:20:00,0.0,,United Kingdom,RETURN,False,original,2011-10-31,2011,10,0,True,PRICE_ZERO,True
573487,23400,check,-19,2011-10-31 11:46:00,0.0,,United Kingdom,RETURN,False,original,2011-10-31,2011,10,0,True,PRICE_ZERO,True
573489,85035B,check,-36,2011-10-31 11:48:00,0.0,,United Kingdom,RETURN,False,original,2011-10-31,2011,10,0,True,PRICE_ZERO,True
573490,85035A,CHECK,-59,2011-10-31 11:55:00,0.0,,United Kingdom,RETURN,False,original,2011-10-31,2011,10,0,True,PRICE_ZERO,True
573491,21618,CHECK,-54,2011-10-31 11:56:00,0.0,,United Kingdom,RETURN,False,original,2011-10-31,2011,10,0,True,PRICE_ZERO,True
573493,21619,check,-94,2011-10-31 11:57:00,0.0,,United Kingdom,RETURN,False,original,2011-10-31,2011,10,0,True,PRICE_ZERO,True
573494,47503H,check,-24,2011-10-31 11:57:00,0.0,,United Kingdom,RETURN,False,original,2011-10-31,2011,10,0,True,PRICE_ZERO,True
573497,21642,check,-138,2011-10-31 12:00:00,0.0,,United Kingdom,RETURN,False,original,2011-10-31,2011,10,0,True,PRICE_ZERO,True
573498,21636,check,-22,2011-10-31 12:00:00,0.0,,United Kingdom,RETURN,False,original,2011-10-31,2011,10,0,True,PRICE_ZERO,True
573499,21192,check,-164,2011-10-31 12:01:00,0.0,,United Kingdom,RETURN,False,original,2011-10-31,2011,10,0,True,PRICE_ZERO,True
573503,22595,check,-80,2011-10-31 12:03:00,0.0,,United Kingdom,RETURN,False,original,2011-10-31,2011,10,0,True,PRICE_ZERO,True
573505,85208,check,-22,2011-10-31 12:09:00,0.0,,United Kingdom,RETURN,False,original,2011-10-31,2011,10,0,True,PRICE_ZERO,True
573547,84818,damages,-70,2011-10-31 13:21:00,0.0,,United Kingdom,RETURN,False,original,2011-10-31,2011,10,0,True,PRICE_ZERO,True
573591,79323B,"Unsaleable, destroyed.",-1671,2011-10-31 15:15:00,0.0,,United Kingdom,RETURN,False,original,2011-10-31,2011,10,0,True,PRICE_ZERO,True
573590,79323G,"Unsaleable, destroyed.",-657,2011-10-31 15:15:00,0.0,,United Kingdom,RETURN,False,original,2011-10-31,2011,10,0,True,PRICE_ZERO,True
573593,79323LP,"Unsaleable, destroyed.",-2618,2011-10-31 15:16:00,0.0,,United Kingdom,RETURN,False,original,2011-10-31,2011,10,0,True,PRICE_ZERO,True
573594,79323P,"Unsaleable, destroyed.",-2003,2011-10-31 15:16:00,0.0,,United Kingdom,RETURN,False,original,2011-10-31,2011,10,0,True,PRICE_ZERO,True
573592,79323GR,"Unsaleable, destroyed.",-1158,2011-10-31 15:16:00,0.0,,United Kingdom,RETURN,False,original,2011-10-31,2011,10,0,True,PRICE_ZERO,True
573595,79323S,"Unsaleable, destroyed.",-674,2011-10-31 15:17:00,0.0,,United Kingdom,RETURN,False,original,2011-10-31,2011,10,0,True,PRICE_ZERO,True
573596,79323W,"Unsaleable, destroyed.",-4830,2011-10-31 15:17:00,0.0,,United Kingdom,RETURN,False,original,2011-10-31,2011,10,0,True,PRICE_ZERO,True
573597,79341,"Unsaleable, destroyed.",-905,2011-10-31 15:18:00,0.0,,United Kingdom,RETURN,False,original,2011-10-31,2011,10,0,True,PRICE_ZERO,True
573598,79342B,"Unsaleable, destroyed.",-1128,2011-10-31 15:18:00,0.0,,United Kingdom,RETURN,False,original,2011-10-31,2011,10,0,True,PRICE_ZERO,True
573670,22176,check,-28,2011-10-31 17:02:00,0.0,,United Kingdom,RETURN,False,original,2011-10-31,2011,10,0,True,PRICE_ZERO,True
573672,22522,check,-126,2011-10-31 17:04:00,0.0,,United Kingdom,RETURN,False,original,2011-10-31,2011,10,0,True,PRICE_ZERO,True
573726,72817,check,-67,2011-10-31 17:18:00,0.0,,United Kingdom,RETURN,False,original,2011-10-31,2011,10,0,True,PRICE_ZERO,True
573734,72818,check,-26,2011-10-31 17:19:00,0.0,,United Kingdom,RETURN,False,original,2011-10-31,2011,10,0,True,PRICE_ZERO,True
573752,46000S,dotcom sales,-90,2011-11-01 09:34:00,0.0,,United Kingdom,RETURN,False,original,2011-11-01,2011,11,1,True,PRICE_ZERO,True
573815,20902,check,-3,2011-11-01 11:31:00,0.0,,United Kingdom,RETURN,False,original,2011-11-01,2011,11,1,True,PRICE_ZERO,True
573816,20898,check,-10,2011-11-01 11:32:00,0.0,,United Kingdom,RETURN,False,original,2011-11-01,2011,11,1,True,PRICE_ZERO,True
573919,21352,check,-23,2011-11-01 17:39:00,0.0,,United Kingdom,RETURN,False,original,2011-11-01,2011,11,1,True,PRICE_ZERO,True
574094,22147,check,-80,2011-11-03 09:46:00,0.0,,United Kingdom,RETURN,False,original,2011-11-03,2011,11,3,True,PRICE_ZERO,True
574123,22652,check,-111,2011-11-03 10:55:00,0.0,,United Kingdom,RETURN,False,original,2011-11-03,2011,11,3,True,PRICE_ZERO,True
574171,21818,check,-130,2011-11-03 11:45:00,0.0,,United Kingdom,RETURN,False,original,2011-11-03,2011,11,3,True,PRICE_ZERO,True
574173,35923,check,-42,2011-11-03 11:46:00,0.0,,United Kingdom,RETURN,False,original,2011-11-03,2011,11,3,True,PRICE_ZERO,True
574176,85054,check,-39,2011-11-03 11:48:00,0.0,,United Kingdom,RETURN,False,original,2011-11-03,2011,11,3,True,PRICE_ZERO,True
574198,21159,damaged,-40,2011-11-03 12:00:00,0.0,,United Kingdom,RETURN,False,original,2011-11-03,2011,11,3,True,PRICE_ZERO,True
574257,72818,CHRISTMAS DECOUPAGE CANDLE,-3,2011-11-03 13:46:00,0.0,,United Kingdom,RETURN,True,recovered,2011-11-03,2011,11,3,True,PRICE_ZERO,True
574516,22162,HEART GARLAND RUSTIC PADDED,-24,2011-11-04 13:38:00,0.0,,United Kingdom,RETURN,True,recovered,2011-11-04,2011,11,4,True,PRICE_ZERO,True
574520,21181,PLEASE ONE PERSON METAL SIGN,-6,2011-11-04 13:44:00,0.0,,United Kingdom,RETURN,True,recovered,2011-11-04,2011,11,4,True,PRICE_ZERO,True
574577,21519,check,-80,2011-11-04 17:09:00,0.0,,United Kingdom,RETURN,False,original,2011-11-04,2011,11,4,True,PRICE_ZERO,True
574578,40001,check,-240,2011-11-04 17:09:00,0.0,,United Kingdom,RETURN,False,original,2011-11-04,2011,11,4,True,PRICE_ZERO,True
574579,72802B,check,-203,2011-11-04 17:14:00,0.0,,United Kingdom,RETURN,False,original,2011-11-04,2011,11,4,True,PRICE_ZERO,True
574580,20751,check,-35,2011-11-04 17:44:00,0.0,,United Kingdom,RETURN,False,original,2011-11-04,2011,11,4,True,PRICE_ZERO,True
574581,23187,check,-62,2011-11-04 17:45:00,0.0,,United Kingdom,RETURN,False,original,2011-11-04,2011,11,4,True,PRICE_ZERO,True
574582,84279P,check,-104,2011-11-04 17:46:00,0.0,,United Kingdom,RETURN,False,original,2011-11-04,2011,11,4,True,PRICE_ZERO,True
574583,22892,check,-62,2011-11-04 17:46:00,0.0,,United Kingdom,RETURN,False,original,2011-11-04,2011,11,4,True,PRICE_ZERO,True
574757,72802C,damages,-54,2011-11-07 10:08:00,0.0,,United Kingdom,RETURN,False,original,2011-11-07,2011,11,0,True,PRICE_ZERO,True
574816,85036C,damages wax,-1560,2011-11-07 10:37:00,0.0,,United Kingdom,RETURN,False,original,2011-11-07,2011,11,0,True,PRICE_ZERO,True
574822,85036B,damages wax,-1284,2011-11-07 10:38:00,0.0,,United Kingdom,RETURN,False,original,2011-11-07,2011,11,0,True,PRICE_ZERO,True
574905,85017B,ENVELOPE 50 BLOSSOM IMAGES,-22,2011-11-07 15:28:00,0.0,,United Kingdom,RETURN,True,recovered,2011-11-07,2011,11,0,True,PRICE_ZERO,True
574906,85034A,damaged,-81,2011-11-07 15:30:00,0.0,,United Kingdom,RETURN,False,original,2011-11-07,2011,11,0,True,PRICE_ZERO,True
575048,84665,water damaged,-15,2011-11-08 12:12:00,0.0,,United Kingdom,RETURN,False,original,2011-11-08,2011,11,1,True,PRICE_ZERO,True
575287,84508A,check,-39,2011-11-09 12:15:00,0.0,,United Kingdom,RETURN,False,original,2011-11-09,2011,11,2,True,PRICE_ZERO,True
575386,20977,36 PENCILS TUBE WOODLAND,-16,2011-11-09 15:22:00,0.0,,United Kingdom,RETURN,True,recovered,2011-11-09,2011,11,2,True,PRICE_ZERO,True
575503,35933,PINK STOCKING CHRISTMAS DECORATION,-2,2011-11-10 10:19:00,0.0,,United Kingdom,RETURN,True,recovered,2011-11-10,2011,11,3,True,PRICE_ZERO,True
575613,23118,check,-6,2011-11-10 12:47:00,0.0,,United Kingdom,RETURN,False,original,2011-11-10,2011,11,3,True,PRICE_ZERO,True
575614,22121,check,-10,2011-11-10 12:48:00,0.0,,United Kingdom,RETURN,False,original,2011-11-10,2011,11,3,True,PRICE_ZERO,True
575615,82582,??,-130,2011-11-10 12:51:00,0.0,,United Kingdom,RETURN,False,original,2011-11-10,2011,11,3,True,PRICE_ZERO,True
575617,21014,check,-90,2011-11-10 12:53:00,0.0,,United Kingdom,RETURN,False,original,2011-11-10,2011,11,3,True,PRICE_ZERO,True
575625,35972,check,-3,2011-11-10 13:20:00,0.0,,United Kingdom,RETURN,False,original,2011-11-10,2011,11,3,True,PRICE_ZERO,True
575704,21843,smashed,-63,2011-11-10 17:00:00,0.0,,United Kingdom,RETURN,False,original,2011-11-10,2011,11,3,True,PRICE_ZERO,True
575714,85125,check,-64,2011-11-10 17:55:00,0.0,,United Kingdom,RETURN,False,original,2011-11-10,2011,11,3,True,PRICE_ZERO,True
575715,72802B,check,-36,2011-11-10 17:58:00,0.0,,United Kingdom,RETURN,False,original,2011-11-10,2011,11,3,True,PRICE_ZERO,True
575716,72802C,check,-21,2011-11-10 18:00:00,0.0,,United Kingdom,RETURN,False,original,2011-11-10,2011,11,3,True,PRICE_ZERO,True
575717,85175,check,-42,2011-11-10 18:02:00,0.0,,United Kingdom,RETURN,False,original,2011-11-10,2011,11,3,True,PRICE_ZERO,True
575720,21817,check,-8,2011-11-10 18:09:00,0.0,,United Kingdom,RETURN,False,original,2011-11-10,2011,11,3,True,PRICE_ZERO,True
575721,22804,Wrongly mrked had 85123a in box,-256,2011-11-10 18:19:00,0.0,,United Kingdom,RETURN,False,original,2011-11-10,2011,11,3,True,PRICE_ZERO,True
575722,85123A,wrongly marked carton 22804,-256,2011-11-10 18:20:00,0.0,,United Kingdom,RETURN,False,original,2011-11-10,2011,11,3,True,PRICE_ZERO,True
575907,22268,check,-10,2011-11-11 15:52:00,0.0,,United Kingdom,RETURN,False,original,2011-11-11,2011,11,4,True,PRICE_ZERO,True
575909,20711,check,-220,2011-11-11 16:02:00,0.0,,United Kingdom,RETURN,False,original,2011-11-11,2011,11,4,True,PRICE_ZERO,True
575912,22943,check,-7,2011-11-11 16:20:00,0.0,,United Kingdom,RETURN,False,original,2011-11-11,2011,11,4,True,PRICE_ZERO,True
576185,22575,missing?,-130,2011-11-14 11:25:00,0.0,,United Kingdom,RETURN,False,original,2011-11-14,2011,11,0,True,PRICE_ZERO,True
576193,22827,RUSTIC  SEVENTEEN DRAWER SIDEBOARD,-8,2011-11-14 11:57:00,0.0,,United Kingdom,RETURN,True,recovered,2011-11-14,2011,11,0,True,PRICE_ZERO,True
576250,71279,damages,-74,2011-11-14 13:50:00,0.0,,United Kingdom,RETURN,False,original,2011-11-14,2011,11,0,True,PRICE_ZERO,True
576366,23072,damages,-50,2011-11-14 18:30:00,0.0,,United Kingdom,RETURN,False,original,2011-11-14,2011,11,0,True,PRICE_ZERO,True
576367,23071,damages,-65,2011-11-14 18:31:00,0.0,,United Kingdom,RETURN,False,original,2011-11-14,2011,11,0,True,PRICE_ZERO,True
576368,21135,wet rusty,-864,2011-11-14 18:33:00,0.0,,United Kingdom,RETURN,False,original,2011-11-14,2011,11,0,True,PRICE_ZERO,True
576369,21135,wet rusty,-288,2011-11-14 18:35:00,0.0,,United Kingdom,RETURN,False,original,2011-11-14,2011,11,0,True,PRICE_ZERO,True
576407,47590B,check,-57,2011-11-15 11:18:00,0.0,,United Kingdom,RETURN,False,original,2011-11-15,2011,11,1,True,PRICE_ZERO,True
576410,71038,check,-16,2011-11-15 11:20:00,0.0,,United Kingdom,RETURN,False,original,2011-11-15,2011,11,1,True,PRICE_ZERO,True
576411,85111,check,-117,2011-11-15 11:20:00,0.0,,United Kingdom,RETURN,False,original,2011-11-15,2011,11,1,True,PRICE_ZERO,True
576413,17012C,check,-22,2011-11-15 11:21:00,0.0,,United Kingdom,RETURN,False,original,2011-11-15,2011,11,1,True,PRICE_ZERO,True
576415,17012B,ORIGAMI JASMINE INCENSE/CANDLE SET,-2,2011-11-15 11:22:00,0.0,,United Kingdom,RETURN,True,recovered,2011-11-15,2011,11,1,True,PRICE_ZERO,True
576419,85036B,check,-23,2011-11-15 11:23:00,0.0,,United Kingdom,RETURN,False,original,2011-11-15,2011,11,1,True,PRICE_ZERO,True
576424,85036C,check,-4,2011-11-15 11:24:00,0.0,,United Kingdom,RETURN,False,original,2011-11-15,2011,11,1,True,PRICE_ZERO,True
576436,22943,check,-26,2011-11-15 11:27:00,0.0,,United Kingdom,RETURN,False,original,2011-11-15,2011,11,1,True,PRICE_ZERO,True
576473,21868,POTTING SHED TEA MUG,-108,2011-11-15 11:40:00,0.0,,United Kingdom,RETURN,True,recovered,2011-11-15,2011,11,1,True,PRICE_ZERO,True
576566,21830,ASSORTED CREEPY CRAWLIES,-186,2011-11-15 13:39:00,0.0,,United Kingdom,RETURN,True,recovered,2011-11-15,2011,11,1,True,PRICE_ZERO,True
576569,47504K,ENGLISH ROSE GARDEN SECATEURS,-21,2011-11-15 13:45:00,0.0,,United Kingdom,RETURN,True,recovered,2011-11-15,2011,11,1,True,PRICE_ZERO,True
576578,22412,METAL SIGN NEIGHBOURHOOD WITCH,-37,2011-11-15 14:05:00,0.0,,United Kingdom,RETURN,True,recovered,2011-11-15,2011,11,1,True,PRICE_ZERO,True
576580,22034,ROBIN CHRISTMAS CARD,-5,2011-11-15 14:15:00,0.0,,United Kingdom,RETURN,True,recovered,2011-11-15,2011,11,1,True,PRICE_ZERO,True
576674,21823,damaged,-6,2011-11-16 12:00:00,0.0,,United Kingdom,RETURN,False,original,2011-11-16,2011,11,2,True,PRICE_ZERO,True
576762,21744,check,-21,2011-11-16 13:08:00,0.0,,United Kingdom,RETURN,False,original,2011-11-16,2011,11,2,True,PRICE_ZERO,True
576763,23035,check,-64,2011-11-16 13:09:00,0.0,,United Kingdom,RETURN,False,original,2011-11-16,2011,11,2,True,PRICE_ZERO,True
576764,16008,check,-1510,2011-11-16 13:10:00,0.0,,United Kingdom,RETURN,False,original,2011-11-16,2011,11,2,True,PRICE_ZERO,True
576765,22219,???lost,-550,2011-11-16 13:11:00,0.0,,United Kingdom,RETURN,False,original,2011-11-16,2011,11,2,True,PRICE_ZERO,True
576767,22339,check,-60,2011-11-16 13:12:00,0.0,,United Kingdom,RETURN,False,original,2011-11-16,2011,11,2,True,PRICE_ZERO,True
576773,22181,check,-92,2011-11-16 13:21:00,0.0,,United Kingdom,RETURN,False,original,2011-11-16,2011,11,2,True,PRICE_ZERO,True
576776,21811,check,-240,2011-11-16 13:22:00,0.0,,United Kingdom,RETURN,False,original,2011-11-16,2011,11,2,True,PRICE_ZERO,True
576835,21618,4 WILDFLOWER BOTANICAL CANDLES,-2,2011-11-16 15:10:00,0.0,,United Kingdom,RETURN,True,recovered,2011-11-16,2011,11,2,True,PRICE_ZERO,True
576839,35818B,adjustment,-22,2011-11-16 15:21:00,0.0,,United Kingdom,RETURN,False,original,2011-11-16,2011,11,2,True,PRICE_ZERO,True
576843,10133,damaged,-82,2011-11-16 15:32:00,0.0,,United Kingdom,RETURN,False,original,2011-11-16,2011,11,2,True,PRICE_ZERO,True
577111,22587,check,-41,2011-11-17 17:55:00,0.0,,United Kingdom,RETURN,False,original,2011-11-17,2011,11,3,True,PRICE_ZERO,True
577112,22586,check,-30,2011-11-17 17:55:00,0.0,,United Kingdom,RETURN,False,original,2011-11-17,2011,11,3,True,PRICE_ZERO,True
577113,22271,check,-43,2011-11-17 17:58:00,0.0,,United Kingdom,RETURN,False,original,2011-11-17,2011,11,3,True,PRICE_ZERO,True
577114,21786,check,-209,2011-11-17 17:59:00,0.0,,United Kingdom,RETURN,False,original,2011-11-17,2011,11,3,True,PRICE_ZERO,True
577115,85035C,check,-24,2011-11-17 18:02:00,0.0,,United Kingdom,RETURN,False,original,2011-11-17,2011,11,3,True,PRICE_ZERO,True
577116,21165,check,-28,2011-11-17 18:04:00,0.0,,United Kingdom,RETURN,False,original,2011-11-17,2011,11,3,True,PRICE_ZERO,True
577118,22286,check,-47,2011-11-17 18:05:00,0.0,,United Kingdom,RETURN,False,original,2011-11-17,2011,11,3,True,PRICE_ZERO,True
577119,22778,check,-10,2011-11-17 18:08:00,0.0,,United Kingdom,RETURN,False,original,2011-11-17,2011,11,3,True,PRICE_ZERO,True
577120,20752,check,-10,2011-11-17 18:09:00,0.0,,United Kingdom,RETURN,False,original,2011-11-17,2011,11,3,True,PRICE_ZERO,True
577122,23348,sold with wrong barcode,-57,2011-11-17 18:33:00,0.0,,United Kingdom,RETURN,False,original,2011-11-17,2011,11,3,True,PRICE_ZERO,True
577123,23288,check,-63,2011-11-17 18:34:00,0.0,,United Kingdom,RETURN,False,original,2011-11-17,2011,11,3,True,PRICE_ZERO,True
577124,22759,check,-327,2011-11-17 18:41:00,0.0,,United Kingdom,RETURN,False,original,2011-11-17,2011,11,3,True,PRICE_ZERO,True
577304,20956,check,-152,2011-11-18 13:04:00,0.0,,United Kingdom,RETURN,False,original,2011-11-18,2011,11,4,True,PRICE_ZERO,True
577305,22946,check,-21,2011-11-18 13:06:00,0.0,,United Kingdom,RETURN,False,original,2011-11-18,2011,11,4,True,PRICE_ZERO,True
577307,16169E,check,-313,2011-11-18 13:06:00,0.0,,United Kingdom,RETURN,False,original,2011-11-18,2011,11,4,True,PRICE_ZERO,True
577789,23057,rusty throw away,-280,2011-11-21 16:28:00,0.0,,United Kingdom,RETURN,False,original,2011-11-21,2011,11,0,True,PRICE_ZERO,True
577788,23056,rusty throw away,-210,2011-11-21 16:28:00,0.0,,United Kingdom,RETURN,False,original,2011-11-21,2011,11,0,True,PRICE_ZERO,True
577787,23055,rusty thrown away,-398,2011-11-21 16:28:00,0.0,,United Kingdom,RETURN,False,original,2011-11-21,2011,11,0,True,PRICE_ZERO,True
577836,21888,check,-57,2011-11-22 10:26:00,0.0,,United Kingdom,RETURN,False,original,2011-11-22,2011,11,1,True,PRICE_ZERO,True
577999,21018,damaged,-63,2011-11-22 12:29:00,0.0,,United Kingdom,RETURN,False,original,2011-11-22,2011,11,1,True,PRICE_ZERO,True
578095,23397,damaged,-9,2011-11-22 17:25:00,0.0,,United Kingdom,RETURN,False,original,2011-11-22,2011,11,1,True,PRICE_ZERO,True
578145,22579,dotcom,-40,2011-11-23 11:07:00,0.0,,United Kingdom,RETURN,False,original,2011-11-23,2011,11,2,True,PRICE_ZERO,True
578245,22568,?? missing,-170,2011-11-23 12:37:00,0.0,,United Kingdom,RETURN,False,original,2011-11-23,2011,11,2,True,PRICE_ZERO,True
578327,72807A,wet pallet,-504,2011-11-23 17:55:00,0.0,,United Kingdom,RETURN,False,original,2011-11-23,2011,11,2,True,PRICE_ZERO,True
578328,72807B,wet pallet,-696,2011-11-23 17:55:00,0.0,,United Kingdom,RETURN,False,original,2011-11-23,2011,11,2,True,PRICE_ZERO,True
578329,72807C,wet pallet,-408,2011-11-23 17:56:00,0.0,,United Kingdom,RETURN,False,original,2011-11-23,2011,11,2,True,PRICE_ZERO,True
578426,23131,MISTLETOE HEART WREATH CREAM,-12,2011-11-24 12:03:00,0.0,,United Kingdom,RETURN,True,recovered,2011-11-24,2011,11,3,True,PRICE_ZERO,True
578431,22579,WOODEN TREE CHRISTMAS SCANDINAVIAN,-18,2011-11-24 12:15:00,0.0,,United Kingdom,RETURN,True,recovered,2011-11-24,2011,11,3,True,PRICE_ZERO,True
578473,72807B,damages,-101,2011-11-24 12:43:00,0.0,,United Kingdom,RETURN,False,original,2011-11-24,2011,11,3,True,PRICE_ZERO,True
578474,72807A,damages,-56,2011-11-24 12:44:00,0.0,,United Kingdom,RETURN,False,original,2011-11-24,2011,11,3,True,PRICE_ZERO,True
578475,72807C,damages,-149,2011-11-24 12:44:00,0.0,,United Kingdom,RETURN,False,original,2011-11-24,2011,11,3,True,PRICE_ZERO,True
578476,72807B,????missing,-124,2011-11-24 12:45:00,0.0,,United Kingdom,RETURN,False,original,2011-11-24,2011,11,3,True,PRICE_ZERO,True
578478,72807C,???missing,-428,2011-11-24 12:45:00,0.0,,United Kingdom,RETURN,False,original,2011-11-24,2011,11,3,True,PRICE_ZERO,True
578477,72807A,???missing,-224,2011-11-24 12:45:00,0.0,,United Kingdom,RETURN,False,original,2011-11-24,2011,11,3,True,PRICE_ZERO,True
578524,22810,check,-25,2011-11-24 14:20:00,0.0,,United Kingdom,RETURN,False,original,2011-11-24,2011,11,3,True,PRICE_ZERO,True
578525,22152,check,-179,2011-11-24 14:21:00,0.0,,United Kingdom,RETURN,False,original,2011-11-24,2011,11,3,True,PRICE_ZERO,True
578527,21819,check,-14,2011-11-24 14:24:00,0.0,,United Kingdom,RETURN,False,original,2011-11-24,2011,11,3,True,PRICE_ZERO,True
578528,22601,check,-20,2011-11-24 14:24:00,0.0,,United Kingdom,RETURN,False,original,2011-11-24,2011,11,3,True,PRICE_ZERO,True
578529,22087,PAPER BUNTING WHITE LACE,-23,2011-11-24 14:29:00,0.0,,United Kingdom,RETURN,True,recovered,2011-11-24,2011,11,3,True,PRICE_ZERO,True
578733,21643,damaged,-9,2011-11-25 11:32:00,0.0,,United Kingdom,RETURN,False,original,2011-11-25,2011,11,4,True,PRICE_ZERO,True
578738,21638,ASSORTED TUTTI FRUTTI NOTEBOOK,-33,2011-11-25 11:33:00,0.0,,United Kingdom,RETURN,True,recovered,2011-11-25,2011,11,4,True,PRICE_ZERO,True
578837,35833P,check,-24,2011-11-25 15:51:00,0.0,,United Kingdom,RETURN,False,original,2011-11-25,2011,11,4,True,PRICE_ZERO,True
578838,21591,check,-267,2011-11-25 15:52:00,0.0,,United Kingdom,RETURN,False,original,2011-11-25,2011,11,4,True,PRICE_ZERO,True
578839,22959,check,-175,2011-11-25 15:52:00,0.0,,United Kingdom,RETURN,False,original,2011-11-25,2011,11,4,True,PRICE_ZERO,True
578840,22142,check,-70,2011-11-25 15:54:00,0.0,,United Kingdom,RETURN,False,original,2011-11-25,2011,11,4,True,PRICE_ZERO,True
579429,20711,lost in space,-98,2011-11-29 13:04:00,0.0,,United Kingdom,RETURN,False,original,2011-11-29,2011,11,1,True,PRICE_ZERO,True
579460,21110,LARGE CAKE TOWEL PINK SPOTS,-151,2011-11-29 14:39:00,0.0,,United Kingdom,RETURN,True,recovered,2011-11-29,2011,11,1,True,PRICE_ZERO,True
579681,21615,check,-26,2011-11-30 13:33:00,0.0,,United Kingdom,RETURN,False,original,2011-11-30,2011,11,2,True,PRICE_ZERO,True
579682,85172,check,-145,2011-11-30 13:33:00,0.0,,United Kingdom,RETURN,False,original,2011-11-30,2011,11,2,True,PRICE_ZERO,True
579683,21868,check,-28,2011-11-30 13:35:00,0.0,,United Kingdom,RETURN,False,original,2011-11-30,2011,11,2,True,PRICE_ZERO,True
579688,21116,OWL DOORSTOP,-33,2011-11-30 13:51:00,0.0,,United Kingdom,RETURN,True,recovered,2011-11-30,2011,11,2,True,PRICE_ZERO,True
579691,47503A,ASS FLORAL PRINT MULTI SCREWDRIVER,-5,2011-11-30 14:05:00,0.0,,United Kingdom,RETURN,True,recovered,2011-11-30,2011,11,2,True,PRICE_ZERO,True
579731,35648,check,-46,2011-11-30 14:23:00,0.0,,United Kingdom,RETURN,False,original,2011-11-30,2011,11,2,True,PRICE_ZERO,True
579733,84581,check,-41,2011-11-30 14:24:00,0.0,,United Kingdom,RETURN,False,original,2011-11-30,2011,11,2,True,PRICE_ZERO,True
579732,35648,check,-10,2011-11-30 14:24:00,0.0,,United Kingdom,RETURN,False,original,2011-11-30,2011,11,2,True,PRICE_ZERO,True
579735,21793,check,-40,2011-11-30 14:25:00,0.0,,United Kingdom,RETURN,False,original,2011-11-30,2011,11,2,True,PRICE_ZERO,True
579734,84859C,wet?,-153,2011-11-30 14:25:00,0.0,,United Kingdom,RETURN,False,original,2011-11-30,2011,11,2,True,PRICE_ZERO,True
579742,85204,lost??,-1131,2011-11-30 14:34:00,0.0,,United Kingdom,RETURN,False,original,2011-11-30,2011,11,2,True,PRICE_ZERO,True
579743,21810,check,-135,2011-11-30 14:36:00,0.0,,United Kingdom,RETURN,False,original,2011-11-30,2011,11,2,True,PRICE_ZERO,True
579745,22043,check,-40,2011-11-30 14:39:00,0.0,,United Kingdom,RETURN,False,original,2011-11-30,2011,11,2,True,PRICE_ZERO,True
579755,84912B,damaged,-14,2011-11-30 14:54:00,0.0,,United Kingdom,RETURN,False,original,2011-11-30,2011,11,2,True,PRICE_ZERO,True
580087,84341B,SMALL PINK MAGIC CHRISTMAS TREE,-2,2011-12-01 14:27:00,0.0,,United Kingdom,RETURN,True,recovered,2011-12-01,2011,12,3,True,PRICE_ZERO,True
580218,22577,check,-300,2011-12-02 12:12:00,0.0,,United Kingdom,RETURN,False,original,2011-12-02,2011,12,4,True,PRICE_ZERO,True
580359,20775,DAISY NOTEBOOK,-35,2011-12-02 16:11:00,0.0,,United Kingdom,RETURN,True,recovered,2011-12-02,2011,12,4,True,PRICE_ZERO,True
580377,84609,damages,-29,2011-12-02 17:52:00,0.0,,United Kingdom,RETURN,False,original,2011-12-02,2011,12,4,True,PRICE_ZERO,True
580378,22792,damages,-73,2011-12-02 17:56:00,0.0,,United Kingdom,RETURN,False,original,2011-12-02,2011,12,4,True,PRICE_ZERO,True
580379,72225C,LAVENDER SCENT CAKE CANDLE,-144,2011-12-02 17:57:00,0.0,,United Kingdom,RETURN,True,recovered,2011-12-02,2011,12,4,True,PRICE_ZERO,True
580380,21620,check,-20,2011-12-02 17:58:00,0.0,,United Kingdom,RETURN,False,original,2011-12-02,2011,12,4,True,PRICE_ZERO,True
580381,21758,VINTAGE SHELLS PRINT,-9,2011-12-02 17:58:00,0.0,,United Kingdom,RETURN,True,recovered,2011-12-02,2011,12,4,True,PRICE_ZERO,True
580382,16045,check,-900,2011-12-02 17:59:00,0.0,,United Kingdom,RETURN,False,original,2011-12-02,2011,12,4,True,PRICE_ZERO,True
580383,20652,check,-37,2011-12-02 17:59:00,0.0,,United Kingdom,RETURN,False,original,2011-12-02,2011,12,4,True,PRICE_ZERO,True
580546,23406,CHECK,-21,2011-12-05 09:27:00,0.0,,United Kingdom,RETURN,False,original,2011-12-05,2011,12,0,True,PRICE_ZERO,True
580547,21201,???,-390,2011-12-05 09:29:00,0.0,,United Kingdom,RETURN,False,original,2011-12-05,2011,12,0,True,PRICE_ZERO,True
580561,22043,dotcom,-9,2011-12-05 10:25:00,0.0,,United Kingdom,RETURN,False,original,2011-12-05,2011,12,0,True,PRICE_ZERO,True
580990,21109,wet,-48,2011-12-06 16:54:00,0.0,,United Kingdom,RETURN,False,original,2011-12-06,2011,12,1,True,PRICE_ZERO,True
580991,22481,wet boxes,-288,2011-12-06 16:55:00,0.0,,United Kingdom,RETURN,False,original,2011-12-06,2011,12,1,True,PRICE_ZERO,True
581190,84801A,check,-102,2011-12-07 16:55:00,0.0,,United Kingdom,RETURN,False,original,2011-12-07,2011,12,2,True,PRICE_ZERO,True
581198,22025,check,-30,2011-12-07 18:26:00,0.0,,United Kingdom,RETURN,False,original,2011-12-07,2011,12,2,True,PRICE_ZERO,True
581199,84581,DOG TOY WITH PINK CROCHET SKIRT,-2,2011-12-07 18:26:00,0.0,,United Kingdom,RETURN,True,recovered,2011-12-07,2011,12,2,True,PRICE_ZERO,True
581200,84508C,check,-21,2011-12-07 18:27:00,0.0,,United Kingdom,RETURN,False,original,2011-12-07,2011,12,2,True,PRICE_ZERO,True
581201,22217,damages?,-155,2011-12-07 18:30:00,0.0,,United Kingdom,RETURN,False,original,2011-12-07,2011,12,2,True,PRICE_ZERO,True
581204,85104,????damages????,-355,2011-12-07 18:32:00,0.0,,United Kingdom,RETURN,False,original,2011-12-07,2011,12,2,True,PRICE_ZERO,True
581205,20893,damages,-55,2011-12-07 18:32:00,0.0,,United Kingdom,RETURN,False,original,2011-12-07,2011,12,2,True,PRICE_ZERO,True
581206,21693,mixed up,-87,2011-12-07 18:34:00,0.0,,United Kingdom,RETURN,False,original,2011-12-07,2011,12,2,True,PRICE_ZERO,True
581207,21688,mixed up,-337,2011-12-07 18:34:00,0.0,,United Kingdom,RETURN,False,original,2011-12-07,2011,12,2,True,PRICE_ZERO,True
581208,72801C,check,-10,2011-12-07 18:35:00,0.0,,United Kingdom,RETURN,False,original,2011-12-07,2011,12,2,True,PRICE_ZERO,True
581210,23395,check,-26,2011-12-07 18:36:00,0.0,,United Kingdom,RETURN,False,original,2011-12-07,2011,12,2,True,PRICE_ZERO,True
581212,22578,lost,-1050,2011-12-07 18:38:00,0.0,,United Kingdom,RETURN,False,original,2011-12-07,2011,12,2,True,PRICE_ZERO,True
581213,22576,check,-30,2011-12-07 18:38:00,0.0,,United Kingdom,RETURN,False,original,2011-12-07,2011,12,2,True,PRICE_ZERO,True
581226,23090,missing,-338,2011-12-08 09:56:00,0.0,,United Kingdom,RETURN,False,original,2011-12-08,2011,12,3,True,PRICE_ZERO,True
581422,23169,smashed,-235,2011-12-08 15:24:00,0.0,,United Kingdom,RETURN,False,original,2011-12-08,2011,12,3,True,PRICE_ZERO,True
