sku_id,sku_name,category,sub_category,brand,cost_price,base_price,weight_kg,supplier_id,lead_time_days,reorder_point,safety_stock
SKU_00001,Brand_CE Accessories Item 1,Apparel,Accessories,Brand_CE,64.46,142.99,0.99,SUPP_043,20,56,8
SKU_00002,Brand_EB Footwear Item 2,Apparel,Footwear,Brand_EB,48.7,133.3,0.1,SUPP_002,30,114,13
SKU_00003,Brand_ID Household Supplies Item 3,Groceries & Essentials,Household Supplies,Brand_ID,10.83,14.88,0.33,SUPP_025,14,289,44
SKU_00004,Brand_ID Footwear Item 4,Apparel,Footwear,Brand_ID,67.27,156.47,1.0,SUPP_003,27,379,43
SKU_00005,Brand_BD Outdoor Recreation Item 5,Sports & Outdoors,Outdoor Recreation,Brand_BD,26.87,47.72,0.97,SUPP_026,16,62,9
SKU_00006,Brand_CD Vitamins & Supplements Item 6,Health & Beauty,Vitamins & Supplements,Brand_CD,13.65,35.5,0.66,SUPP_017,10,19,4
SKU_00007,Brand_DC Household Supplies Item 7,Groceries & Essentials,Household Supplies,Brand_DC,16.66,21.61,4.02,SUPP_026,10,38,7
SKU_00008,Brand_DA Household Supplies Item 8,Groceries & Essentials,Household Supplies,Brand_DA,9.6,14.03,0.76,SUPP_045,14,55,9
SKU_00009,Brand_CE Accessories Item 9,Apparel,Accessories,Brand_CE,8.66,24.52,2.32,SUPP_045,21,43,6
SKU_00010,Brand_DB Smart Home Item 10,Electronics,Smart Home,Brand_DB,197.86,332.12,0.22,SUPP_008,13,57,9
SKU_00011,Brand_BC Skincare Item 11,Health & Beauty,Skincare,Brand_BC,23.35,43.72,0.66,SUPP_012,9,49,9
SKU_00012,Brand_GE Packaged Foods Item 12,Groceries & Essentials,Packaged Foods,Brand_GE,12.31,18.77,2.93,SUPP_001,7,27,6
SKU_00013,Brand_BD Storage & Org Item 13,Home & Kitchen,Storage & Org,Brand_BD,72.62,112.61,0.27,SUPP_015,13,39,6
SKU_00014,Brand_FE Personal Care Item 14,Groceries & Essentials,Personal Care,Brand_FE,10.05,13.09,2.21,SUPP_037,6,90,19
SKU_00015,Brand_EB Packaged Foods Item 15,Groceries & Essentials,Packaged Foods,Brand_EB,28.92,42.01,1.61,SUPP_028,8,25,5
SKU_00016,Brand_FE Sportswear Item 16,Apparel,Sportswear,Brand_FE,37.86,66.49,0.76,SUPP_011,10,21,4
SKU_00017,Brand_CC Beverages Item 17,Groceries & Essentials,Beverages,Brand_CC,12.62,15.45,1.25,SUPP_041,7,37,8
SKU_00018,Brand_GB Footwear Item 18,Apparel,Footwear,Brand_GB,52.78,105.76,0.2,SUPP_032,29,53,6
SKU_00019,Brand_JD Storage & Org Item 19,Home & Kitchen,Storage & Org,Brand_JD,50.36,78.36,1.51,SUPP_037,8,23,5
SKU_00020,Brand_AA Audio Item 20,Electronics,Audio,Brand_AA,200.3,311.11,0.99,SUPP_019,12,24,4
SKU_00021,Brand_DB Storage & Org Item 21,Home & Kitchen,Storage & Org,Brand_DB,51.45,98.27,1.61,SUPP_038,17,116,16
SKU_00022,Brand_BA Cookware Item 22,Home & Kitchen,Cookware,Brand_BA,10.52,19.79,1.8,SUPP_016,25,120,14
SKU_00023,Brand_GB Cosmetics Item 23,Health & Beauty,Cosmetics,Brand_GB,9.76,25.88,0.83,SUPP_007,12,19,3
SKU_00024,Brand_JE Men's Wear Item 24,Apparel,Men's Wear,Brand_JE,43.87,102.96,0.49,SUPP_023,25,167,20
SKU_00025,Brand_JD Personal Care Item 25,Groceries & Essentials,Personal Care,Brand_JD,29.46,44.84,1.33,SUPP_002,13,23,4
SKU_00026,Brand_JC Footwear Item 26,Apparel,Footwear,Brand_JC,61.54,162.71,2.37,SUPP_016,29,40,5
SKU_00027,Brand_GE Wearables Item 27,Electronics,Wearables,Brand_GE,36.51,59.14,0.11,SUPP_048,20,67,9
SKU_00028,Brand_IA Small Appliances Item 28,Home & Kitchen,Small Appliances,Brand_IA,109.01,180.92,0.69,SUPP_036,26,60,7
SKU_00029,Brand_DB Storage & Org Item 29,Home & Kitchen,Storage & Org,Brand_DB,76.87,140.21,1.62,SUPP_033,28,51,6
SKU_00030,Brand_BC Team Sports Item 30,Sports & Outdoors,Team Sports,Brand_BC,101.13,160.52,1.65,SUPP_027,24,71,9
SKU_00031,Brand_JC Accessories Item 31,Apparel,Accessories,Brand_JC,44.09,108.1,0.17,SUPP_019,21,276,35
SKU_00032,Brand_BA Team Sports Item 32,Sports & Outdoors,Team Sports,Brand_BA,135.24,265.49,0.7,SUPP_035,23,407,50
SKU_00033,Brand_EA Fitness Gear Item 33,Sports & Outdoors,Fitness Gear,Brand_EA,191.07,300.13,0.38,SUPP_032,19,242,32
SKU_00034,Brand_GB Bedding Item 34,Home & Kitchen,Bedding,Brand_GB,154.01,247.61,1.2,SUPP_047,8,19,4
SKU_00035,Brand_IC Skincare Item 35,Health & Beauty,Skincare,Brand_IC,32.84,69.02,0.92,SUPP_048,17,24,4
SKU_00036,Brand_IE Wearables Item 36,Electronics,Wearables,Brand_IE,181.5,297.73,2.48,SUPP_020,18,166,23
SKU_00037,Brand_AB Accessories Item 37,Electronics,Accessories,Brand_AB,198.0,266.55,1.04,SUPP_032,23,29,4
SKU_00038,Brand_HB Vitamins & Supplements Item 38,Health & Beauty,Vitamins & Supplements,Brand_HB,48.39,100.38,5.14,SUPP_033,11,16,3
SKU_00039,Brand_FE Wearables Item 39,Electronics,Wearables,Brand_FE,230.63,319.29,0.31,SUPP_047,24,74,9
SKU_00040,Brand_DD Men's Wear Item 40,Apparel,Men's Wear,Brand_DD,73.61,137.0,0.41,SUPP_028,18,84,12
SKU_00041,Brand_AA Accessories Item 41,Electronics,Accessories,Brand_AA,79.29,123.86,1.98,SUPP_047,14,180,27
SKU_00042,Brand_HD Household Supplies Item 42,Groceries & Essentials,Household Supplies,Brand_HD,21.83,28.5,0.53,SUPP_005,5,33,8
SKU_00043,Brand_AE Wearables Item 43,Electronics,Wearables,Brand_AE,18.94,32.72,1.92,SUPP_047,18,22,3
SKU_00044,Brand_HD Small Appliances Item 44,Home & Kitchen,Small Appliances,Brand_HD,29.05,51.57,0.86,SUPP_036,16,233,33
SKU_00045,Brand_GA Cosmetics Item 45,Health & Beauty,Cosmetics,Brand_GA,32.81,77.35,3.01,SUPP_010,9,44,8
SKU_00046,Brand_JD Snacks Item 46,Groceries & Essentials,Snacks,Brand_JD,18.14,27.4,1.39,SUPP_028,4,17,4
SKU_00047,Brand_IC Computers Item 47,Electronics,Computers,Brand_IC,168.32,287.28,1.68,SUPP_037,17,29,4
SKU_00048,Brand_JE Accessories Item 48,Electronics,Accessories,Brand_JE,99.88,161.4,0.83,SUPP_035,16,20,3
SKU_00049,Brand_BB Skincare Item 49,Health & Beauty,Skincare,Brand_BB,39.34,84.99,4.24,SUPP_004,8,23,5
SKU_00050,Brand_BE Cycling Item 50,Sports & Outdoors,Cycling,Brand_BE,143.52,266.46,7.09,SUPP_037,25,38,5
SKU_00051,Brand_CB Accessories Item 51,Apparel,Accessories,Brand_CB,52.38,126.21,0.51,SUPP_049,26,83,10
SKU_00052,Brand_EB Beverages Item 52,Groceries & Essentials,Beverages,Brand_EB,31.32,40.56,0.12,SUPP_013,11,88,15
SKU_00053,Brand_CD Sportswear Item 53,Apparel,Sportswear,Brand_CD,78.41,171.7,1.6,SUPP_031,30,41,5
SKU_00054,Brand_EA Personal Care Item 54,Groceries & Essentials,Personal Care,Brand_EA,29.63,42.71,0.28,SUPP_036,7,23,5
SKU_00055,Brand_AE Accessories Item 55,Electronics,Accessories,Brand_AE,272.71,401.15,0.29,SUPP_035,18,84,12
SKU_00056,Brand_HC Skincare Item 56,Health & Beauty,Skincare,Brand_HC,26.98,54.57,0.86,SUPP_007,6,10,2
SKU_00057,Brand_BC Smart Home Item 57,Electronics,Smart Home,Brand_BC,224.1,390.47,0.51,SUPP_048,13,364,57
SKU_00058,Brand_GA Home Decor Item 58,Home & Kitchen,Home Decor,Brand_GA,105.79,196.52,0.93,SUPP_019,25,37,5
SKU_00059,Brand_JE Household Supplies Item 59,Groceries & Essentials,Household Supplies,Brand_JE,18.8,26.79,2.29,SUPP_028,11,62,11
SKU_00060,Brand_JD Home Decor Item 60,Home & Kitchen,Home Decor,Brand_JD,132.23,218.46,5.05,SUPP_025,18,396,54
SKU_00061,Brand_DA Household Supplies Item 61,Groceries & Essentials,Household Supplies,Brand_DA,37.34,44.7,1.31,SUPP_021,6,9,2
SKU_00062,Brand_CD Audio Item 62,Electronics,Audio,Brand_CD,132.85,212.73,1.42,SUPP_015,22,115,15
SKU_00063,Brand_GB Haircare Item 63,Health & Beauty,Haircare,Brand_GB,46.87,107.49,1.55,SUPP_016,12,21,4
SKU_00064,Brand_JE Snacks Item 64,Groceries & Essentials,Snacks,Brand_JE,3.8,5.8,6.53,SUPP_028,8,11,2
SKU_00065,Brand_DE Accessories Item 65,Apparel,Accessories,Brand_DE,71.05,127.03,3.73,SUPP_013,15,222,33
SKU_00066,Brand_AB Cookware Item 66,Home & Kitchen,Cookware,Brand_AB,111.5,233.85,0.17,SUPP_010,7,45,9
SKU_00067,Brand_CA Beverages Item 67,Groceries & Essentials,Beverages,Brand_CA,26.51,34.36,2.75,SUPP_021,3,28,8
SKU_00068,Brand_AA Packaged Foods Item 68,Groceries & Essentials,Packaged Foods,Brand_AA,3.32,4.9,2.61,SUPP_021,7,393,79
SKU_00069,Brand_HB Household Supplies Item 69,Groceries & Essentials,Household Supplies,Brand_HB,30.91,38.61,1.0,SUPP_010,3,56,16
SKU_00070,Brand_JD Beverages Item 70,Groceries & Essentials,Beverages,Brand_JD,22.39,28.77,0.28,SUPP_040,12,38,6
SKU_00071,Brand_JE Packaged Foods Item 71,Groceries & Essentials,Packaged Foods,Brand_JE,24.42,37.2,0.24,SUPP_012,13,34,6
SKU_00072,Brand_EA Computers Item 72,Electronics,Computers,Brand_EA,227.27,321.27,0.32,SUPP_014,8,20,4
SKU_00073,Brand_GD Packaged Foods Item 73,Groceries & Essentials,Packaged Foods,Brand_GD,14.47,21.66,0.63,SUPP_038,12,102,17
SKU_00074,Brand_BE Cycling Item 74,Sports & Outdoors,Cycling,Brand_BE,116.61,179.86,1.02,SUPP_017,11,46,8
SKU_00075,Brand_IC Footwear Item 75,Apparel,Footwear,Brand_IC,32.31,69.38,1.02,SUPP_048,25,39,5
SKU_00076,Brand_HE Wearables Item 76,Electronics,Wearables,Brand_HE,94.37,165.37,1.06,SUPP_004,24,89,11
SKU_00077,Brand_AE Accessories Item 77,Apparel,Accessories,Brand_AE,32.68,58.8,0.24,SUPP_018,10,34,6
SKU_00078,Brand_JD Women's Wear Item 78,Apparel,Women's Wear,Brand_JD,35.05,67.46,0.25,SUPP_014,24,95,12
SKU_00079,Brand_JC Smart Home Item 79,Electronics,Smart Home,Brand_JC,79.74,135.44,2.17,SUPP_017,21,68,9
SKU_00080,Brand_FC Outdoor Recreation Item 80,Sports & Outdoors,Outdoor Recreation,Brand_FC,107.27,192.97,0.2,SUPP_023,28,134,15
SKU_00081,Brand_JB Vitamins & Supplements Item 81,Health & Beauty,Vitamins & Supplements,Brand_JB,48.39,104.86,0.86,SUPP_045,9,16,3
SKU_00082,Brand_HD Beverages Item 82,Groceries & Essentials,Beverages,Brand_HD,13.56,16.42,3.42,SUPP_022,6,19,4
SKU_00083,Brand_IE Men's Wear Item 83,Apparel,Men's Wear,Brand_IE,12.39,26.6,1.43,SUPP_018,17,63,9
SKU_00084,Brand_IA Snacks Item 84,Groceries & Essentials,Snacks,Brand_IA,12.92,17.93,1.37,SUPP_037,10,32,6
SKU_00085,Brand_GC Men's Wear Item 85,Apparel,Men's Wear,Brand_GC,25.36,49.86,1.1,SUPP_022,20,28,4
SKU_00086,Brand_AC Skincare Item 86,Health & Beauty,Skincare,Brand_AC,16.07,52.79,0.28,SUPP_031,6,24,5
SKU_00087,Brand_FE Skincare Item 87,Health & Beauty,Skincare,Brand_FE,26.12,82.23,1.32,SUPP_038,12,36,6
SKU_00088,Brand_BA Oral Care Item 88,Health & Beauty,Oral Care,Brand_BA,19.03,42.9,1.16,SUPP_026,21,68,9
SKU_00089,Brand_CA Small Appliances Item 89,Home & Kitchen,Small Appliances,Brand_CA,46.19,86.95,0.79,SUPP_036,16,54,8
SKU_00090,Brand_CC Snacks Item 90,Groceries & Essentials,Snacks,Brand_CC,29.5,36.92,1.82,SUPP_040,3,6,2
SKU_00091,Brand_FE Packaged Foods Item 91,Groceries & Essentials,Packaged Foods,Brand_FE,28.72,42.0,5.13,SUPP_031,7,40,8
SKU_00092,Brand_GE Cycling Item 92,Sports & Outdoors,Cycling,Brand_GE,180.8,325.36,0.17,SUPP_035,17,121,17
SKU_00093,Brand_FE Home Decor Item 93,Home & Kitchen,Home Decor,Brand_FE,24.07,49.42,1.74,SUPP_035,10,23,4
SKU_00094,Brand_HE Snacks Item 94,Groceries & Essentials,Snacks,Brand_HE,16.39,21.16,1.03,SUPP_008,8,29,6
SKU_00095,Brand_EE Beverages Item 95,Groceries & Essentials,Beverages,Brand_EE,31.49,40.73,1.28,SUPP_017,10,20,4
SKU_00096,Brand_BB Packaged Foods Item 96,Groceries & Essentials,Packaged Foods,Brand_BB,26.12,31.98,3.26,SUPP_008,3,13,4
SKU_00097,Brand_FD Cosmetics Item 97,Health & Beauty,Cosmetics,Brand_FD,34.25,91.77,2.36,SUPP_038,5,8,2
SKU_00098,Brand_AE Snacks Item 98,Groceries & Essentials,Snacks,Brand_AE,11.69,17.04,0.28,SUPP_010,6,19,4
SKU_00099,Brand_BC Household Supplies Item 99,Groceries & Essentials,Household Supplies,Brand_BC,17.8,23.17,2.32,SUPP_005,13,55,9
SKU_00100,Brand_FA Home Decor Item 100,Home & Kitchen,Home Decor,Brand_FA,74.52,153.77,4.89,SUPP_043,14,52,8
SKU_00101,Brand_JA Snacks Item 101,Groceries & Essentials,Snacks,Brand_JA,6.61,9.02,1.16,SUPP_043,11,22,4
SKU_00102,Brand_CB Storage & Org Item 102,Home & Kitchen,Storage & Org,Brand_CB,74.37,145.63,3.94,SUPP_044,14,60,9
SKU_00103,Brand_BD Bedding Item 103,Home & Kitchen,Bedding,Brand_BD,16.88,35.02,3.72,SUPP_029,7,12,3
SKU_00104,Brand_EC Cycling Item 104,Sports & Outdoors,Cycling,Brand_EC,182.7,306.42,1.44,SUPP_001,30,70,8
SKU_00105,Brand_FA Bedding Item 105,Home & Kitchen,Bedding,Brand_FA,21.22,37.42,3.09,SUPP_041,12,29,5
SKU_00106,Brand_FB Women's Wear Item 106,Apparel,Women's Wear,Brand_FB,65.47,110.63,3.76,SUPP_017,16,27,4
SKU_00107,Brand_JD Audio Item 107,Electronics,Audio,Brand_JD,166.84,267.56,0.12,SUPP_029,23,38,5
SKU_00108,Brand_DE Fitness Gear Item 108,Sports & Outdoors,Fitness Gear,Brand_DE,21.82,43.59,1.15,SUPP_022,10,22,4
SKU_00109,Brand_DD Footwear Item 109,Apparel,Footwear,Brand_DD,40.23,90.66,0.81,SUPP_032,25,85,10
SKU_00110,Brand_JB Smart Home Item 110,Electronics,Smart Home,Brand_JB,160.9,243.11,0.87,SUPP_050,12,72,12
SKU_00111,Brand_HD Computers Item 111,Electronics,Computers,Brand_HD,123.44,177.39,1.65,SUPP_003,7,10,2
SKU_00112,Brand_BB Accessories Item 112,Electronics,Accessories,Brand_BB,123.11,192.47,0.54,SUPP_029,14,22,4
SKU_00113,Brand_GC Storage & Org Item 113,Home & Kitchen,Storage & Org,Brand_GC,42.32,67.16,0.52,SUPP_028,20,75,10
SKU_00114,Brand_HB Cosmetics Item 114,Health & Beauty,Cosmetics,Brand_HB,24.54,52.33,0.24,SUPP_021,14,20,3
SKU_00115,Brand_JC Footwear Item 115,Apparel,Footwear,Brand_JC,54.39,109.95,3.45,SUPP_019,24,93,11
SKU_00116,Brand_AC Women's Wear Item 116,Apparel,Women's Wear,Brand_AC,6.96,17.75,0.74,SUPP_023,18,49,7
SKU_00117,Brand_EB Sportswear Item 117,Apparel,Sportswear,Brand_EB,13.61,35.54,1.1,SUPP_044,23,65,8
SKU_00118,Brand_DB Women's Wear Item 118,Apparel,Women's Wear,Brand_DB,58.09,136.6,0.87,SUPP_014,18,28,4
SKU_00119,Brand_FA Cosmetics Item 119,Health & Beauty,Cosmetics,Brand_FA,12.32,25.57,0.13,SUPP_029,14,51,8
SKU_00120,Brand_HB Men's Wear Item 120,Apparel,Men's Wear,Brand_HB,40.13,95.57,0.27,SUPP_025,30,56,6
SKU_00121,Brand_HE Footwear Item 121,Apparel,Footwear,Brand_HE,48.97,112.89,0.39,SUPP_034,22,160,20
SKU_00122,Brand_JA Snacks Item 122,Groceries & Essentials,Snacks,Brand_JA,6.72,9.57,0.23,SUPP_002,6,40,9
SKU_00123,Brand_HE Smart Home Item 123,Electronics,Smart Home,Brand_HE,102.88,169.72,0.63,SUPP_011,9,138,25
SKU_00124,Brand_GC Accessories Item 124,Apparel,Accessories,Brand_GC,57.45,102.69,2.86,SUPP_036,26,77,9
SKU_00125,Brand_BD Snacks Item 125,Groceries & Essentials,Snacks,Brand_BD,17.7,22.66,0.75,SUPP_026,3,11,3
SKU_00126,Brand_EE Bedding Item 126,Home & Kitchen,Bedding,Brand_EE,17.9,28.22,0.1,SUPP_039,25,48,6
SKU_00127,Brand_HB Packaged Foods Item 127,Groceries & Essentials,Packaged Foods,Brand_HB,24.21,36.82,2.44,SUPP_044,11,32,6
SKU_00128,Brand_BC Footwear Item 128,Apparel,Footwear,Brand_BC,64.21,147.5,1.87,SUPP_031,15,355,52
SKU_00129,Brand_CE Cosmetics Item 129,Health & Beauty,Cosmetics,Brand_CE,4.54,11.88,0.17,SUPP_026,20,233,30
SKU_00130,Brand_EB Accessories Item 130,Apparel,Accessories,Brand_EB,7.53,17.7,0.63,SUPP_007,25,37,5
SKU_00131,Brand_DC Household Supplies Item 131,Groceries & Essentials,Household Supplies,Brand_DC,26.66,39.14,0.68,SUPP_031,12,52,9
SKU_00132,Brand_ID Storage & Org Item 132,Home & Kitchen,Storage & Org,Brand_ID,14.54,28.47,0.72,SUPP_045,18,64,9
SKU_00133,Brand_FD Cosmetics Item 133,Health & Beauty,Cosmetics,Brand_FD,16.66,42.34,3.36,SUPP_022,14,125,19
SKU_00134,Brand_IB Packaged Foods Item 134,Groceries & Essentials,Packaged Foods,Brand_IB,2.3,3.4,1.23,SUPP_034,5,8,2
SKU_00135,Brand_JD Computers Item 135,Electronics,Computers,Brand_JD,20.5,31.35,1.4,SUPP_029,18,463,63
SKU_00136,Brand_HD Cookware Item 136,Home & Kitchen,Cookware,Brand_HD,112.63,187.02,0.28,SUPP_020,20,42,6
SKU_00137,Brand_HB Haircare Item 137,Health & Beauty,Haircare,Brand_HB,12.13,37.61,0.17,SUPP_025,19,46,6
SKU_00138,Brand_HB Home Decor Item 138,Home & Kitchen,Home Decor,Brand_HB,17.82,31.46,3.27,SUPP_037,20,75,10
SKU_00139,Brand_EE Haircare Item 139,Health & Beauty,Haircare,Brand_EE,58.55,118.99,4.39,SUPP_007,17,26,4
SKU_00140,Brand_FA Audio Item 140,Electronics,Audio,Brand_FA,57.09,96.1,0.75,SUPP_041,11,46,8
SKU_00141,Brand_GE Men's Wear Item 141,Apparel,Men's Wear,Brand_GE,99.7,179.14,0.86,SUPP_020,27,78,9
SKU_00142,Brand_GB Camping Item 142,Sports & Outdoors,Camping,Brand_GB,59.1,90.19,1.25,SUPP_035,18,174,24
SKU_00143,Brand_IA Vitamins & Supplements Item 143,Health & Beauty,Vitamins & Supplements,Brand_IA,15.99,37.12,0.17,SUPP_003,6,55,12
SKU_00144,Brand_AE Skincare Item 144,Health & Beauty,Skincare,Brand_AE,7.13,15.92,0.8,SUPP_011,12,59,10
SKU_00145,Brand_BA Accessories Item 145,Electronics,Accessories,Brand_BA,67.95,110.78,0.22,SUPP_037,23,30,4
SKU_00146,Brand_AC Oral Care Item 146,Health & Beauty,Oral Care,Brand_AC,34.03,83.29,0.57,SUPP_040,10,34,6
SKU_00147,Brand_GC Cosmetics Item 147,Health & Beauty,Cosmetics,Brand_GC,29.56,86.75,1.89,SUPP_048,14,22,4
SKU_00148,Brand_BB Home Decor Item 148,Home & Kitchen,Home Decor,Brand_BB,105.31,221.41,0.14,SUPP_005,16,25,4
SKU_00149,Brand_HA Women's Wear Item 149,Apparel,Women's Wear,Brand_HA,71.82,151.8,0.11,SUPP_002,22,85,11
SKU_00150,Brand_HE Fitness Gear Item 150,Sports & Outdoors,Fitness Gear,Brand_HE,98.58,141.19,2.66,SUPP_031,25,36,5
SKU_00151,Brand_IA Bedding Item 151,Home & Kitchen,Bedding,Brand_IA,120.96,211.63,0.4,SUPP_032,11,17,3
SKU_00152,Brand_JE Cycling Item 152,Sports & Outdoors,Cycling,Brand_JE,64.67,115.82,0.2,SUPP_004,19,55,8
SKU_00153,Brand_DC Smart Home Item 153,Electronics,Smart Home,Brand_DC,274.02,445.71,0.99,SUPP_050,9,36,7
SKU_00154,Brand_CA Accessories Item 154,Apparel,Accessories,Brand_CA,31.71,66.37,2.31,SUPP_033,11,23,4
SKU_00155,Brand_GE Fitness Gear Item 155,Sports & Outdoors,Fitness Gear,Brand_GE,179.07,301.16,2.72,SUPP_013,20,36,5
SKU_00156,Brand_EB Wearables Item 156,Electronics,Wearables,Brand_EB,74.94,133.87,0.35,SUPP_011,21,54,7
SKU_00157,Brand_AE Packaged Foods Item 157,Groceries & Essentials,Packaged Foods,Brand_AE,12.39,15.76,2.03,SUPP_003,4,9,2
SKU_00158,Brand_ED Audio Item 158,Electronics,Audio,Brand_ED,170.35,259.8,1.28,SUPP_012,20,35,5
SKU_00159,Brand_JA Smart Home Item 159,Electronics,Smart Home,Brand_JA,216.2,346.05,0.31,SUPP_050,9,16,3
SKU_00160,Brand_ID Beverages Item 160,Groceries & Essentials,Beverages,Brand_ID,16.84,20.79,1.11,SUPP_020,8,31,6
SKU_00161,Brand_CC Footwear Item 161,Apparel,Footwear,Brand_CC,8.12,13.95,0.85,SUPP_017,23,466,57
SKU_00162,Brand_IE Storage & Org Item 162,Home & Kitchen,Storage & Org,Brand_IE,106.92,216.43,0.16,SUPP_025,28,149,17
SKU_00163,Brand_JA Wearables Item 163,Electronics,Wearables,Brand_JA,15.02,22.99,0.45,SUPP_032,7,27,6
SKU_00164,Brand_GC Wearables Item 164,Electronics,Wearables,Brand_GC,141.88,247.4,0.23,SUPP_002,19,27,4
SKU_00165,Brand_HC Women's Wear Item 165,Apparel,Women's Wear,Brand_HC,19.52,45.74,2.68,SUPP_039,19,31,4
SKU_00166,Brand_AC Smart Home Item 166,Electronics,Smart Home,Brand_AC,171.54,273.73,1.52,SUPP_006,15,74,11
SKU_00167,Brand_FC Haircare Item 167,Health & Beauty,Haircare,Brand_FC,15.48,44.7,0.23,SUPP_020,20,67,9
SKU_00168,Brand_AC Haircare Item 168,Health & Beauty,Haircare,Brand_AC,10.88,24.7,2.04,SUPP_041,16,31,5
SKU_00169,Brand_DD Computers Item 169,Electronics,Computers,Brand_DD,115.28,161.55,2.44,SUPP_046,25,40,5
SKU_00170,Brand_EB Smart Home Item 170,Electronics,Smart Home,Brand_EB,248.89,448.41,1.68,SUPP_037,16,41,6
SKU_00171,Brand_BB Men's Wear Item 171,Apparel,Men's Wear,Brand_BB,14.85,41.26,0.91,SUPP_012,29,113,13
SKU_00172,Brand_ED Home Decor Item 172,Home & Kitchen,Home Decor,Brand_ED,116.52,218.09,0.97,SUPP_050,27,66,8
SKU_00173,Brand_HA Snacks Item 173,Groceries & Essentials,Snacks,Brand_HA,19.77,30.34,0.6,SUPP_006,14,35,6
SKU_00174,Brand_CE Household Supplies Item 174,Groceries & Essentials,Household Supplies,Brand_CE,5.72,8.09,3.7,SUPP_033,9,39,7
SKU_00175,Brand_HB Women's Wear Item 175,Apparel,Women's Wear,Brand_HB,11.59,23.61,0.25,SUPP_005,24,87,11
SKU_00176,Brand_AB Personal Care Item 176,Groceries & Essentials,Personal Care,Brand_AB,7.29,9.45,5.33,SUPP_039,4,38,10
SKU_00177,Brand_HE Audio Item 177,Electronics,Audio,Brand_HE,40.0,71.93,1.01,SUPP_012,17,156,22
SKU_00178,Brand_FD Snacks Item 178,Groceries & Essentials,Snacks,Brand_FD,25.41,30.95,1.0,SUPP_010,10,41,7
SKU_00179,Brand_FC Home Decor Item 179,Home & Kitchen,Home Decor,Brand_FC,96.59,186.74,1.07,SUPP_043,23,110,14
SKU_00180,Brand_DE Personal Care Item 180,Groceries & Essentials,Personal Care,Brand_DE,36.67,44.43,0.49,SUPP_050,12,16,3
SKU_00181,Brand_AE Computers Item 181,Electronics,Computers,Brand_AE,174.78,235.65,0.34,SUPP_033,24,413,49
SKU_00182,Brand_EE Accessories Item 182,Electronics,Accessories,Brand_EE,277.87,438.3,0.54,SUPP_050,17,51,7
SKU_00183,Brand_EC Home Decor Item 183,Home & Kitchen,Home Decor,Brand_EC,20.54,44.45,2.08,SUPP_045,14,270,41
SKU_00184,Brand_GB Computers Item 184,Electronics,Computers,Brand_GB,280.57,392.64,1.87,SUPP_038,17,78,11
SKU_00185,Brand_FA Beverages Item 185,Groceries & Essentials,Beverages,Brand_FA,27.33,39.25,0.28,SUPP_008,11,53,9
SKU_00186,Brand_GA Storage & Org Item 186,Home & Kitchen,Storage & Org,Brand_GA,107.68,208.44,1.39,SUPP_016,8,929,176
SKU_00187,Brand_GC Audio Item 187,Electronics,Audio,Brand_GC,268.04,447.1,0.24,SUPP_041,15,23,4
SKU_00188,Brand_HC Home Decor Item 188,Home & Kitchen,Home Decor,Brand_HC,101.44,203.88,2.5,SUPP_019,25,206,24
SKU_00189,Brand_EA Men's Wear Item 189,Apparel,Men's Wear,Brand_EA,52.76,117.88,1.34,SUPP_015,28,67,8
SKU_00190,Brand_GB Beverages Item 190,Groceries & Essentials,Beverages,Brand_GB,18.12,21.39,1.43,SUPP_049,10,46,8
SKU_00191,Brand_AC Beverages Item 191,Groceries & Essentials,Beverages,Brand_AC,29.24,39.19,1.08,SUPP_021,7,52,11
SKU_00192,Brand_GD Computers Item 192,Electronics,Computers,Brand_GD,171.99,267.37,1.5,SUPP_048,22,73,9
SKU_00193,Brand_IC Home Decor Item 193,Home & Kitchen,Home Decor,Brand_IC,116.92,207.37,3.51,SUPP_045,27,259,30
SKU_00194,Brand_CE Footwear Item 194,Apparel,Footwear,Brand_CE,86.54,168.99,0.26,SUPP_004,13,26,4
SKU_00195,Brand_FD Footwear Item 195,Apparel,Footwear,Brand_FD,46.12,101.42,0.24,SUPP_047,27,66,8
SKU_00196,Brand_EE Outdoor Recreation Item 196,Sports & Outdoors,Outdoor Recreation,Brand_EE,42.67,75.69,0.4,SUPP_030,22,37,5
SKU_00197,Brand_IB Men's Wear Item 197,Apparel,Men's Wear,Brand_IB,82.07,166.18,0.24,SUPP_042,10,26,5
SKU_00198,Brand_CC Packaged Foods Item 198,Groceries & Essentials,Packaged Foods,Brand_CC,25.12,37.32,0.49,SUPP_022,11,48,8
SKU_00199,Brand_IB Audio Item 199,Electronics,Audio,Brand_IB,223.49,349.93,0.54,SUPP_008,10,21,4
SKU_00200,Brand_HD Cosmetics Item 200,Health & Beauty,Cosmetics,Brand_HD,35.22,98.29,0.34,SUPP_010,9,16,3
SKU_00201,Brand_GC Bedding Item 201,Home & Kitchen,Bedding,Brand_GC,21.27,32.97,1.64,SUPP_021,13,45,7
SKU_00202,Brand_EE Accessories Item 202,Apparel,Accessories,Brand_EE,26.2,58.12,1.79,SUPP_002,19,50,7
SKU_00203,Brand_CA Cookware Item 203,Home & Kitchen,Cookware,Brand_CA,44.67,91.86,1.49,SUPP_039,12,45,8
SKU_00204,Brand_HE Sportswear Item 204,Apparel,Sportswear,Brand_HE,89.55,162.22,0.69,SUPP_037,15,36,6
SKU_00205,Brand_AB Audio Item 205,Electronics,Audio,Brand_AB,28.25,45.42,0.57,SUPP_005,14,60,9
SKU_00206,Brand_AC Household Supplies Item 206,Groceries & Essentials,Household Supplies,Brand_AC,20.15,30.95,1.73,SUPP_022,3,164,45
SKU_00207,Brand_BC Personal Care Item 207,Groceries & Essentials,Personal Care,Brand_BC,17.38,26.4,0.39,SUPP_022,11,20,4
SKU_00208,Brand_DA Beverages Item 208,Groceries & Essentials,Beverages,Brand_DA,12.38,17.27,2.48,SUPP_012,9,25,5
SKU_00209,Brand_DE Computers Item 209,Electronics,Computers,Brand_DE,244.98,349.34,1.77,SUPP_040,12,24,4
SKU_00210,Brand_DA Cookware Item 210,Home & Kitchen,Cookware,Brand_DA,100.48,197.69,0.16,SUPP_012,7,14,3
SKU_00211,Brand_EA Men's Wear Item 211,Apparel,Men's Wear,Brand_EA,78.19,169.41,0.65,SUPP_002,29,57,7
SKU_00212,Brand_BA Outdoor Recreation Item 212,Sports & Outdoors,Outdoor Recreation,Brand_BA,162.89,278.4,1.35,SUPP_035,29,50,6
SKU_00213,Brand_HC Outdoor Recreation Item 213,Sports & Outdoors,Outdoor Recreation,Brand_HC,127.36,225.36,1.24,SUPP_018,23,148,18
SKU_00214,Brand_CD Home Decor Item 214,Home & Kitchen,Home Decor,Brand_CD,56.42,87.41,0.35,SUPP_009,9,22,4
SKU_00215,Brand_EE Outdoor Recreation Item 215,Sports & Outdoors,Outdoor Recreation,Brand_EE,31.34,59.4,3.94,SUPP_002,23,36,5
SKU_00216,Brand_AC Oral Care Item 216,Health & Beauty,Oral Care,Brand_AC,26.41,51.45,0.79,SUPP_035,12,36,6
SKU_00217,Brand_IE Personal Care Item 217,Groceries & Essentials,Personal Care,Brand_IE,33.25,43.55,0.66,SUPP_012,6,18,4
SKU_00218,Brand_IC Computers Item 218,Electronics,Computers,Brand_IC,214.32,297.84,0.19,SUPP_002,25,42,5
SKU_00219,Brand_JE Footwear Item 219,Apparel,Footwear,Brand_JE,45.59,128.77,0.51,SUPP_031,12,17,3
SKU_00220,Brand_BB Storage & Org Item 220,Home & Kitchen,Storage & Org,Brand_BB,92.64,175.99,1.6,SUPP_016,14,97,15
SKU_00221,Brand_FD Personal Care Item 221,Groceries & Essentials,Personal Care,Brand_FD,19.04,24.9,0.31,SUPP_036,6,17,4
SKU_00222,Brand_BB Storage & Org Item 222,Home & Kitchen,Storage & Org,Brand_BB,53.0,109.39,2.08,SUPP_027,28,469,52
SKU_00223,Brand_EA Footwear Item 223,Apparel,Footwear,Brand_EA,22.81,55.65,0.32,SUPP_038,16,63,9
SKU_00224,Brand_JE Women's Wear Item 224,Apparel,Women's Wear,Brand_JE,70.31,175.95,4.91,SUPP_045,13,32,5
SKU_00225,Brand_EA Footwear Item 225,Apparel,Footwear,Brand_EA,12.81,33.37,0.52,SUPP_026,27,76,9
SKU_00226,Brand_FD Sportswear Item 226,Apparel,Sportswear,Brand_FD,28.12,77.92,0.31,SUPP_038,26,109,13
SKU_00227,Brand_JC Outdoor Recreation Item 227,Sports & Outdoors,Outdoor Recreation,Brand_JC,55.81,108.59,0.54,SUPP_029,17,48,7
SKU_00228,Brand_BC Snacks Item 228,Groceries & Essentials,Snacks,Brand_BC,21.5,29.56,0.2,SUPP_022,10,95,17
SKU_00229,Brand_AA Wearables Item 229,Electronics,Wearables,Brand_AA,230.58,310.9,0.23,SUPP_023,17,74,11
SKU_00230,Brand_ED Vitamins & Supplements Item 230,Health & Beauty,Vitamins & Supplements,Brand_ED,42.06,115.04,0.75,SUPP_017,18,621,84
SKU_00231,Brand_BB Camping Item 231,Sports & Outdoors,Camping,Brand_BB,82.67,133.87,1.3,SUPP_028,17,34,5
SKU_00232,Brand_DB Wearables Item 232,Electronics,Wearables,Brand_DB,250.34,355.38,5.69,SUPP_031,21,37,5
SKU_00233,Brand_CD Wearables Item 233,Electronics,Wearables,Brand_CD,190.03,295.1,0.16,SUPP_041,24,51,6
SKU_00234,Brand_HE Smart Home Item 234,Electronics,Smart Home,Brand_HE,175.37,276.82,2.17,SUPP_002,8,14,3
SKU_00235,Brand_BD Women's Wear Item 235,Apparel,Women's Wear,Brand_BD,34.76,75.17,0.84,SUPP_025,27,358,41
SKU_00236,Brand_ID Accessories Item 236,Apparel,Accessories,Brand_ID,56.9,95.34,7.42,SUPP_032,16,124,18
SKU_00237,Brand_EA Haircare Item 237,Health & Beauty,Haircare,Brand_EA,9.53,31.2,2.17,SUPP_013,18,107,15
SKU_00238,Brand_EB Storage & Org Item 238,Home & Kitchen,Storage & Org,Brand_EB,113.93,246.32,0.17,SUPP_022,24,34,4
SKU_00239,Brand_FB Home Decor Item 239,Home & Kitchen,Home Decor,Brand_FB,33.61,61.24,2.86,SUPP_050,19,49,7
SKU_00240,Brand_AC Cookware Item 240,Home & Kitchen,Cookware,Brand_AC,29.28,46.38,1.39,SUPP_019,11,18,3
SKU_00241,Brand_ID Beverages Item 241,Groceries & Essentials,Beverages,Brand_ID,31.75,39.96,0.42,SUPP_005,12,54,9
SKU_00242,Brand_JA Accessories Item 242,Apparel,Accessories,Brand_JA,49.36,115.32,0.81,SUPP_039,18,62,9
SKU_00243,Brand_CB Accessories Item 243,Electronics,Accessories,Brand_CB,11.88,19.8,2.23,SUPP_017,17,96,14
SKU_00244,Brand_HB Vitamins & Supplements Item 244,Health & Beauty,Vitamins & Supplements,Brand_HB,19.43,49.93,2.37,SUPP_004,7,13,3
SKU_00245,Brand_BE Small Appliances Item 245,Home & Kitchen,Small Appliances,Brand_BE,30.72,50.05,0.84,SUPP_038,23,82,10
SKU_00246,Brand_ED Packaged Foods Item 246,Groceries & Essentials,Packaged Foods,Brand_ED,20.03,27.15,1.33,SUPP_037,10,48,9
SKU_00247,Brand_DD Cosmetics Item 247,Health & Beauty,Cosmetics,Brand_DD,40.28,78.56,1.88,SUPP_049,16,98,14
SKU_00248,Brand_DD Home Decor Item 248,Home & Kitchen,Home Decor,Brand_DD,62.32,99.63,2.09,SUPP_048,7,12,3
SKU_00249,Brand_FC Footwear Item 249,Apparel,Footwear,Brand_FC,65.91,179.72,1.64,SUPP_047,26,104,12
SKU_00250,Brand_CE Packaged Foods Item 250,Groceries & Essentials,Packaged Foods,Brand_CE,31.26,44.62,2.12,SUPP_006,12,46,8
SKU_00251,Brand_BE Accessories Item 251,Apparel,Accessories,Brand_BE,16.9,39.77,1.42,SUPP_050,22,103,13
SKU_00252,Brand_DD Camping Item 252,Sports & Outdoors,Camping,Brand_DD,196.9,300.66,0.81,SUPP_042,14,42,7
SKU_00253,Brand_HA Household Supplies Item 253,Groceries & Essentials,Household Supplies,Brand_HA,24.63,29.32,3.61,SUPP_006,5,16,4
SKU_00254,Brand_JA Cookware Item 254,Home & Kitchen,Cookware,Brand_JA,21.23,42.48,1.7,SUPP_044,10,14,3
SKU_00255,Brand_FE Women's Wear Item 255,Apparel,Women's Wear,Brand_FE,30.13,55.97,3.65,SUPP_022,19,37,5
SKU_00256,Brand_EE Bedding Item 256,Home & Kitchen,Bedding,Brand_EE,46.0,74.35,2.98,SUPP_013,17,24,4
SKU_00257,Brand_EA Skincare Item 257,Health & Beauty,Skincare,Brand_EA,14.97,41.93,0.24,SUPP_004,19,24,4
SKU_00258,Brand_ED Home Decor Item 258,Home & Kitchen,Home Decor,Brand_ED,126.67,221.71,2.74,SUPP_015,20,104,14
SKU_00259,Brand_AE Outdoor Recreation Item 259,Sports & Outdoors,Outdoor Recreation,Brand_AE,170.69,257.93,0.72,SUPP_003,28,534,60
SKU_00260,Brand_IA Beverages Item 260,Groceries & Essentials,Beverages,Brand_IA,7.19,8.93,0.53,SUPP_033,9,44,8
SKU_00261,Brand_GD Household Supplies Item 261,Groceries & Essentials,Household Supplies,Brand_GD,27.79,33.22,1.95,SUPP_028,3,14,4
SKU_00262,Brand_AA Women's Wear Item 262,Apparel,Women's Wear,Brand_AA,14.49,39.85,2.95,SUPP_010,11,17,3
SKU_00263,Brand_HD Vitamins & Supplements Item 263,Health & Beauty,Vitamins & Supplements,Brand_HD,13.82,39.13,0.28,SUPP_022,14,315,48
SKU_00264,Brand_GB Cookware Item 264,Home & Kitchen,Cookware,Brand_GB,118.65,219.31,2.23,SUPP_007,26,81,10
SKU_00265,Brand_CE Accessories Item 265,Apparel,Accessories,Brand_CE,20.99,39.15,4.5,SUPP_022,17,451,63
SKU_00266,Brand_EE Bedding Item 266,Home & Kitchen,Bedding,Brand_EE,123.75,228.21,1.13,SUPP_003,12,30,5
SKU_00267,Brand_JE Packaged Foods Item 267,Groceries & Essentials,Packaged Foods,Brand_JE,23.3,35.46,0.44,SUPP_043,12,18,3
SKU_00268,Brand_HA Men's Wear Item 268,Apparel,Men's Wear,Brand_HA,47.51,118.61,0.86,SUPP_037,25,239,28
SKU_00269,Brand_DE Personal Care Item 269,Groceries & Essentials,Personal Care,Brand_DE,28.48,36.21,3.02,SUPP_006,5,56,13
SKU_00270,Brand_FC Audio Item 270,Electronics,Audio,Brand_FC,19.99,29.52,2.08,SUPP_001,22,35,5
SKU_00271,Brand_GB Packaged Foods Item 271,Groceries & Essentials,Packaged Foods,Brand_GB,27.45,36.65,5.22,SUPP_009,9,15,3
SKU_00272,Brand_AD Bedding Item 272,Home & Kitchen,Bedding,Brand_AD,125.13,221.66,0.37,SUPP_028,11,40,7
SKU_00273,Brand_DE Beverages Item 273,Groceries & Essentials,Beverages,Brand_DE,8.83,11.41,5.54,SUPP_034,14,115,18
SKU_00274,Brand_BA Haircare Item 274,Health & Beauty,Haircare,Brand_BA,28.05,92.59,3.57,SUPP_019,16,46,7
SKU_00275,Brand_EB Women's Wear Item 275,Apparel,Women's Wear,Brand_EB,74.89,159.81,0.52,SUPP_003,10,20,4
SKU_00276,Brand_JB Audio Item 276,Electronics,Audio,Brand_JB,211.18,340.74,1.56,SUPP_018,23,170,21
SKU_00277,Brand_GE Packaged Foods Item 277,Groceries & Essentials,Packaged Foods,Brand_GE,5.63,7.87,0.69,SUPP_033,10,14,3
SKU_00278,Brand_DE Cookware Item 278,Home & Kitchen,Cookware,Brand_DE,125.3,210.89,1.64,SUPP_001,10,87,15
SKU_00279,Brand_GE Accessories Item 279,Apparel,Accessories,Brand_GE,52.21,139.55,0.5,SUPP_046,18,111,15
SKU_00280,Brand_GC Bedding Item 280,Home & Kitchen,Bedding,Brand_GC,91.97,170.98,0.28,SUPP_006,20,56,8
SKU_00281,Brand_DD Vitamins & Supplements Item 281,Health & Beauty,Vitamins & Supplements,Brand_DD,41.93,97.47,0.13,SUPP_030,12,66,11
SKU_00282,Brand_DD Skincare Item 282,Health & Beauty,Skincare,Brand_DD,39.7,109.83,2.55,SUPP_046,17,290,40
SKU_00283,Brand_DD Storage & Org Item 283,Home & Kitchen,Storage & Org,Brand_DD,71.52,117.96,0.29,SUPP_047,10,16,3
SKU_00284,Brand_EE Men's Wear Item 284,Apparel,Men's Wear,Brand_EE,59.15,112.52,0.63,SUPP_014,18,24,4
SKU_00285,Brand_IA Haircare Item 285,Health & Beauty,Haircare,Brand_IA,13.57,44.81,1.58,SUPP_046,20,37,5
SKU_00286,Brand_GE Home Decor Item 286,Home & Kitchen,Home Decor,Brand_GE,119.19,248.91,1.21,SUPP_011,11,22,4
SKU_00287,Brand_GC Sportswear Item 287,Apparel,Sportswear,Brand_GC,71.32,164.82,2.75,SUPP_009,10,14,3
SKU_00288,Brand_CB Home Decor Item 288,Home & Kitchen,Home Decor,Brand_CB,103.66,195.73,3.45,SUPP_046,28,104,12
SKU_00289,Brand_FD Personal Care Item 289,Groceries & Essentials,Personal Care,Brand_FD,25.74,31.25,0.5,SUPP_004,14,43,7
SKU_00290,Brand_ED Bedding Item 290,Home & Kitchen,Bedding,Brand_ED,55.97,123.5,0.57,SUPP_034,12,17,3
SKU_00291,Brand_CB Men's Wear Item 291,Apparel,Men's Wear,Brand_CB,11.11,19.67,0.59,SUPP_006,10,29,5
SKU_00292,Brand_HE Packaged Foods Item 292,Groceries & Essentials,Packaged Foods,Brand_HE,22.59,28.46,0.45,SUPP_014,8,68,13
SKU_00293,Brand_DE Smart Home Item 293,Electronics,Smart Home,Brand_DE,95.73,162.4,1.37,SUPP_033,16,33,5
SKU_00294,Brand_ED Fitness Gear Item 294,Sports & Outdoors,Fitness Gear,Brand_ED,59.18,110.33,1.24,SUPP_037,16,58,9
SKU_00295,Brand_JA Smart Home Item 295,Electronics,Smart Home,Brand_JA,119.03,211.01,0.37,SUPP_019,14,38,6
SKU_00296,Brand_IE Household Supplies Item 296,Groceries & Essentials,Household Supplies,Brand_IE,24.64,31.17,2.0,SUPP_012,14,99,15
SKU_00297,Brand_JA Smart Home Item 297,Electronics,Smart Home,Brand_JA,191.08,327.14,0.16,SUPP_023,24,46,6
SKU_00298,Brand_HA Cookware Item 298,Home & Kitchen,Cookware,Brand_HA,17.06,32.15,1.3,SUPP_018,23,31,4
SKU_00299,Brand_HD Audio Item 299,Electronics,Audio,Brand_HD,187.86,305.83,0.77,SUPP_002,17,64,9
SKU_00300,Brand_BD Packaged Foods Item 300,Groceries & Essentials,Packaged Foods,Brand_BD,27.95,39.63,0.29,SUPP_039,4,16,4
SKU_00301,Brand_DB Haircare Item 301,Health & Beauty,Haircare,Brand_DB,25.77,54.11,1.1,SUPP_041,17,43,6
SKU_00302,Brand_GA Skincare Item 302,Health & Beauty,Skincare,Brand_GA,34.49,89.13,2.9,SUPP_025,15,40,6
SKU_00303,Brand_HC Cookware Item 303,Home & Kitchen,Cookware,Brand_HC,57.44,117.14,2.69,SUPP_030,18,199,27
SKU_00304,Brand_JC Packaged Foods Item 304,Groceries & Essentials,Packaged Foods,Brand_JC,13.33,18.27,1.93,SUPP_032,3,13,4
SKU_00305,Brand_HB Personal Care Item 305,Groceries & Essentials,Personal Care,Brand_HB,5.75,8.56,0.74,SUPP_007,6,16,4
SKU_00306,Brand_FC Snacks Item 306,Groceries & Essentials,Snacks,Brand_FC,14.19,16.98,0.89,SUPP_035,3,6,2
SKU_00307,Brand_JC Haircare Item 307,Health & Beauty,Haircare,Brand_JC,36.55,69.8,0.37,SUPP_012,9,18,4
SKU_00308,Brand_CA Camping Item 308,Sports & Outdoors,Camping,Brand_CA,99.48,143.71,0.15,SUPP_045,19,48,7
SKU_00309,Brand_CE Accessories Item 309,Apparel,Accessories,Brand_CE,13.24,33.85,0.79,SUPP_030,14,42,7
SKU_00310,Brand_BD Snacks Item 310,Groceries & Essentials,Snacks,Brand_BD,4.55,6.25,0.35,SUPP_049,3,10,3
SKU_00311,Brand_AE Sportswear Item 311,Apparel,Sportswear,Brand_AE,43.09,92.28,0.38,SUPP_037,30,211,23
SKU_00312,Brand_GD Snacks Item 312,Groceries & Essentials,Snacks,Brand_GD,26.58,32.63,1.16,SUPP_032,14,26,4
SKU_00313,Brand_AA Cosmetics Item 313,Health & Beauty,Cosmetics,Brand_AA,21.74,72.46,0.34,SUPP_028,6,21,5
SKU_00314,Brand_GE Beverages Item 314,Groceries & Essentials,Beverages,Brand_GE,21.34,28.99,1.55,SUPP_018,7,40,8
SKU_00315,Brand_DB Computers Item 315,Electronics,Computers,Brand_DB,176.97,251.22,5.09,SUPP_037,8,44,9
SKU_00316,Brand_EA Personal Care Item 316,Groceries & Essentials,Personal Care,Brand_EA,21.67,25.85,1.81,SUPP_011,11,101,17
SKU_00317,Brand_DD Fitness Gear Item 317,Sports & Outdoors,Fitness Gear,Brand_DD,207.32,343.63,3.09,SUPP_026,13,28,5
SKU_00318,Brand_CA Footwear Item 318,Apparel,Footwear,Brand_CA,50.41,133.92,1.01,SUPP_050,28,103,12
SKU_00319,Brand_GE Household Supplies Item 319,Groceries & Essentials,Household Supplies,Brand_GE,37.58,44.84,0.1,SUPP_048,3,28,8
SKU_00320,Brand_HC Vitamins & Supplements Item 320,Health & Beauty,Vitamins & Supplements,Brand_HC,24.12,57.11,1.58,SUPP_003,20,113,15
SKU_00321,Brand_AC Camping Item 321,Sports & Outdoors,Camping,Brand_AC,38.43,60.04,0.77,SUPP_010,11,26,5
SKU_00322,Brand_FE Cookware Item 322,Home & Kitchen,Cookware,Brand_FE,151.08,247.73,7.95,SUPP_047,14,30,5
SKU_00323,Brand_HA Audio Item 323,Electronics,Audio,Brand_HA,213.72,290.31,0.11,SUPP_025,14,83,13
SKU_00324,Brand_HA Cookware Item 324,Home & Kitchen,Cookware,Brand_HA,99.43,157.26,1.1,SUPP_035,20,41,6
SKU_00325,Brand_GE Storage & Org Item 325,Home & Kitchen,Storage & Org,Brand_GE,17.89,36.64,4.53,SUPP_008,8,11,2
SKU_00326,Brand_HE Accessories Item 326,Electronics,Accessories,Brand_HE,137.59,232.77,1.94,SUPP_017,8,13,3
SKU_00327,Brand_GD Personal Care Item 327,Groceries & Essentials,Personal Care,Brand_GD,15.48,19.56,0.35,SUPP_039,9,98,18
SKU_00328,Brand_HD Accessories Item 328,Apparel,Accessories,Brand_HD,56.82,104.23,0.15,SUPP_001,28,63,7
SKU_00329,Brand_EC Beverages Item 329,Groceries & Essentials,Beverages,Brand_EC,15.83,21.6,1.57,SUPP_032,6,27,6
SKU_00330,Brand_FC Snacks Item 330,Groceries & Essentials,Snacks,Brand_FC,25.82,37.46,1.31,SUPP_046,6,11,3
SKU_00331,Brand_CB Bedding Item 331,Home & Kitchen,Bedding,Brand_CB,48.76,78.23,1.59,SUPP_031,17,34,5
SKU_00332,Brand_GA Beverages Item 332,Groceries & Essentials,Beverages,Brand_GA,20.36,24.22,0.58,SUPP_049,8,83,16
SKU_00333,Brand_BA Beverages Item 333,Groceries & Essentials,Beverages,Brand_BA,35.4,42.47,4.11,SUPP_005,11,27,5
SKU_00334,Brand_GD Footwear Item 334,Apparel,Footwear,Brand_GD,40.33,108.06,4.4,SUPP_044,28,287,32
SKU_00335,Brand_HB Sportswear Item 335,Apparel,Sportswear,Brand_HB,60.72,127.42,0.84,SUPP_017,19,29,4
SKU_00336,Brand_CC Footwear Item 336,Apparel,Footwear,Brand_CC,71.42,174.3,4.62,SUPP_037,24,324,39
SKU_00337,Brand_DD Sportswear Item 337,Apparel,Sportswear,Brand_DD,70.68,120.22,0.77,SUPP_019,25,59,7
SKU_00338,Brand_JB Vitamins & Supplements Item 338,Health & Beauty,Vitamins & Supplements,Brand_JB,13.65,29.81,0.79,SUPP_048,11,66,11
SKU_00339,Brand_HA Household Supplies Item 339,Groceries & Essentials,Household Supplies,Brand_HA,25.67,33.09,3.16,SUPP_031,8,77,15
SKU_00340,Brand_EC Accessories Item 340,Apparel,Accessories,Brand_EC,9.04,18.04,4.11,SUPP_045,13,71,11
SKU_00341,Brand_ID Sportswear Item 341,Apparel,Sportswear,Brand_ID,61.15,126.61,1.4,SUPP_021,30,59,7
SKU_00342,Brand_JD Men's Wear Item 342,Apparel,Men's Wear,Brand_JD,59.44,103.36,1.85,SUPP_010,22,53,7
SKU_00343,Brand_HA Men's Wear Item 343,Apparel,Men's Wear,Brand_HA,38.85,81.49,0.88,SUPP_014,26,261,30
SKU_00344,Brand_IC Accessories Item 344,Apparel,Accessories,Brand_IC,81.76,173.87,1.8,SUPP_025,29,78,9
SKU_00345,Brand_HE Men's Wear Item 345,Apparel,Men's Wear,Brand_HE,100.06,175.97,0.13,SUPP_028,24,155,19
SKU_00346,Brand_EE Computers Item 346,Electronics,Computers,Brand_EE,237.34,336.48,1.64,SUPP_033,18,22,3
SKU_00347,Brand_CC Sportswear Item 347,Apparel,Sportswear,Brand_CC,68.85,159.71,1.29,SUPP_007,17,104,15
SKU_00348,Brand_EB Small Appliances Item 348,Home & Kitchen,Small Appliances,Brand_EB,114.74,225.87,4.26,SUPP_004,8,26,5
SKU_00349,Brand_FA Home Decor Item 349,Home & Kitchen,Home Decor,Brand_FA,110.69,239.87,2.41,SUPP_004,26,85,10
SKU_00350,Brand_EB Cycling Item 350,Sports & Outdoors,Cycling,Brand_EB,46.43,83.67,1.55,SUPP_041,19,41,6
SKU_00351,Brand_BC Accessories Item 351,Apparel,Accessories,Brand_BC,91.84,164.28,1.64,SUPP_040,10,25,5
SKU_00352,Brand_JB Cosmetics Item 352,Health & Beauty,Cosmetics,Brand_JB,46.33,86.68,0.34,SUPP_031,9,30,6
SKU_00353,Brand_JE Men's Wear Item 353,Apparel,Men's Wear,Brand_JE,54.48,100.98,1.14,SUPP_038,30,490,53
SKU_00354,Brand_CD Snacks Item 354,Groceries & Essentials,Snacks,Brand_CD,7.7,10.16,1.33,SUPP_010,8,24,5
SKU_00355,Brand_ID Footwear Item 355,Apparel,Footwear,Brand_ID,12.3,35.02,1.22,SUPP_033,21,343,44
SKU_00356,Brand_JC Footwear Item 356,Apparel,Footwear,Brand_JC,54.41,99.79,1.02,SUPP_026,27,97,11
SKU_00357,Brand_FA Accessories Item 357,Electronics,Accessories,Brand_FA,57.79,97.7,3.68,SUPP_006,8,41,8
SKU_00358,Brand_GD Women's Wear Item 358,Apparel,Women's Wear,Brand_GD,18.83,39.16,2.0,SUPP_008,24,44,6
SKU_00359,Brand_DE Beverages Item 359,Groceries & Essentials,Beverages,Brand_DE,23.73,34.95,1.49,SUPP_024,7,10,2
SKU_00360,Brand_IB Sportswear Item 360,Apparel,Sportswear,Brand_IB,7.86,19.74,0.39,SUPP_043,17,113,16
SKU_00361,Brand_FD Footwear Item 361,Apparel,Footwear,Brand_FD,97.36,162.3,3.57,SUPP_003,11,436,73
SKU_00362,Brand_BB Computers Item 362,Electronics,Computers,Brand_BB,213.28,291.42,0.15,SUPP_049,9,141,26
SKU_00363,Brand_DC Beverages Item 363,Groceries & Essentials,Beverages,Brand_DC,9.71,13.17,0.77,SUPP_045,6,51,11
SKU_00364,Brand_IE Haircare Item 364,Health & Beauty,Haircare,Brand_IE,7.46,17.61,0.47,SUPP_020,13,25,4
SKU_00365,Brand_IE Outdoor Recreation Item 365,Sports & Outdoors,Outdoor Recreation,Brand_IE,194.6,333.4,0.96,SUPP_041,28,71,8
SKU_00366,Brand_DD Footwear Item 366,Apparel,Footwear,Brand_DD,26.85,71.31,4.49,SUPP_045,17,43,6
SKU_00367,Brand_DE Bedding Item 367,Home & Kitchen,Bedding,Brand_DE,85.69,140.68,0.54,SUPP_015,22,48,6
SKU_00368,Brand_JA Cosmetics Item 368,Health & Beauty,Cosmetics,Brand_JA,4.37,13.87,1.16,SUPP_027,7,12,3
SKU_00369,Brand_HA Oral Care Item 369,Health & Beauty,Oral Care,Brand_HA,43.52,94.23,2.71,SUPP_034,6,59,13
SKU_00370,Brand_EC Personal Care Item 370,Groceries & Essentials,Personal Care,Brand_EC,3.38,4.1,2.28,SUPP_045,11,42,7
SKU_00371,Brand_BE Computers Item 371,Electronics,Computers,Brand_BE,78.12,113.36,0.64,SUPP_040,9,87,16
SKU_00372,Brand_FC Wearables Item 372,Electronics,Wearables,Brand_FC,69.5,112.57,2.13,SUPP_012,11,65,11
SKU_00373,Brand_EE Household Supplies Item 373,Groceries & Essentials,Household Supplies,Brand_EE,30.28,37.21,0.8,SUPP_048,13,1608,249
SKU_00374,Brand_EA Household Supplies Item 374,Groceries & Essentials,Household Supplies,Brand_EA,25.52,30.59,1.28,SUPP_008,12,16,3
SKU_00375,Brand_DB Men's Wear Item 375,Apparel,Men's Wear,Brand_DB,56.38,117.58,0.77,SUPP_011,25,50,6
SKU_00376,Brand_HB Small Appliances Item 376,Home & Kitchen,Small Appliances,Brand_HB,100.33,197.38,0.38,SUPP_038,23,281,34
SKU_00377,Brand_BA Vitamins & Supplements Item 377,Health & Beauty,Vitamins & Supplements,Brand_BA,10.33,19.91,2.95,SUPP_001,21,27,4
SKU_00378,Brand_CC Audio Item 378,Electronics,Audio,Brand_CC,89.24,160.99,3.01,SUPP_006,23,116,14
SKU_00379,Brand_DB Beverages Item 379,Groceries & Essentials,Beverages,Brand_DB,17.23,23.01,0.83,SUPP_003,6,17,4
SKU_00380,Brand_GE Wearables Item 380,Electronics,Wearables,Brand_GE,226.86,361.93,2.88,SUPP_040,10,37,7
SKU_00381,Brand_GC Beverages Item 381,Groceries & Essentials,Beverages,Brand_GC,19.47,25.48,0.65,SUPP_049,8,14,3
SKU_00382,Brand_DD Camping Item 382,Sports & Outdoors,Camping,Brand_DD,47.67,90.95,2.58,SUPP_012,13,54,9
SKU_00383,Brand_HB Footwear Item 383,Apparel,Footwear,Brand_HB,24.0,54.08,1.37,SUPP_008,25,592,69
SKU_00384,Brand_DA Personal Care Item 384,Groceries & Essentials,Personal Care,Brand_DA,3.48,4.7,0.61,SUPP_008,13,23,4
SKU_00385,Brand_AE Beverages Item 385,Groceries & Essentials,Beverages,Brand_AE,16.47,19.69,2.4,SUPP_028,4,14,4
SKU_00386,Brand_AB Small Appliances Item 386,Home & Kitchen,Small Appliances,Brand_AB,45.99,99.74,1.64,SUPP_030,28,142,16
SKU_00387,Brand_FD Smart Home Item 387,Electronics,Smart Home,Brand_FD,94.39,135.87,0.95,SUPP_020,14,19,3
SKU_00388,Brand_AB Beverages Item 388,Groceries & Essentials,Beverages,Brand_AB,16.87,25.78,1.32,SUPP_006,4,23,6
SKU_00389,Brand_JD Packaged Foods Item 389,Groceries & Essentials,Packaged Foods,Brand_JD,4.12,5.65,1.19,SUPP_012,5,12,3
SKU_00390,Brand_HC Women's Wear Item 390,Apparel,Women's Wear,Brand_HC,16.32,36.18,0.38,SUPP_022,24,349,42
SKU_00391,Brand_ID Sportswear Item 391,Apparel,Sportswear,Brand_ID,51.13,116.77,0.57,SUPP_019,11,56,10
SKU_00392,Brand_BE Footwear Item 392,Apparel,Footwear,Brand_BE,58.49,130.71,0.66,SUPP_009,13,25,4
SKU_00393,Brand_AA Wearables Item 393,Electronics,Wearables,Brand_AA,43.91,61.07,4.44,SUPP_019,25,221,26
SKU_00394,Brand_GD Sportswear Item 394,Apparel,Sportswear,Brand_GD,62.87,126.26,0.12,SUPP_030,13,171,27
SKU_00395,Brand_AA Packaged Foods Item 395,Groceries & Essentials,Packaged Foods,Brand_AA,13.27,19.46,0.41,SUPP_010,8,184,35
SKU_00396,Brand_FB Accessories Item 396,Electronics,Accessories,Brand_FB,33.19,55.29,3.79,SUPP_050,21,40,5
SKU_00397,Brand_FB Beverages Item 397,Groceries & Essentials,Beverages,Brand_FB,36.06,44.84,1.29,SUPP_026,11,22,4
SKU_00398,Brand_EC Cookware Item 398,Home & Kitchen,Cookware,Brand_EC,121.22,187.29,0.53,SUPP_047,20,39,5
SKU_00399,Brand_JE Footwear Item 399,Apparel,Footwear,Brand_JE,21.72,48.18,1.46,SUPP_003,25,54,7
SKU_00400,Brand_HA Vitamins & Supplements Item 400,Health & Beauty,Vitamins & Supplements,Brand_HA,43.12,95.69,1.18,SUPP_013,18,37,5
SKU_00401,Brand_BD Cookware Item 401,Home & Kitchen,Cookware,Brand_BD,117.78,201.93,3.11,SUPP_006,7,74,15
SKU_00402,Brand_EA Storage & Org Item 402,Home & Kitchen,Storage & Org,Brand_EA,96.81,161.26,1.93,SUPP_002,14,39,6
SKU_00403,Brand_CE Household Supplies Item 403,Groceries & Essentials,Household Supplies,Brand_CE,15.24,20.32,2.41,SUPP_028,12,16,3
SKU_00404,Brand_IC Accessories Item 404,Apparel,Accessories,Brand_IC,96.23,167.75,2.27,SUPP_024,23,28,4
SKU_00405,Brand_JC Household Supplies Item 405,Groceries & Essentials,Household Supplies,Brand_JC,4.47,5.5,1.74,SUPP_029,9,48,9
SKU_00406,Brand_GE Vitamins & Supplements Item 406,Health & Beauty,Vitamins & Supplements,Brand_GE,18.42,38.97,0.53,SUPP_004,14,47,7
SKU_00407,Brand_ED Women's Wear Item 407,Apparel,Women's Wear,Brand_ED,82.51,151.12,2.59,SUPP_025,14,32,5
SKU_00408,Brand_HD Women's Wear Item 408,Apparel,Women's Wear,Brand_HD,91.45,159.22,0.85,SUPP_016,28,194,22
SKU_00409,Brand_AE Men's Wear Item 409,Apparel,Men's Wear,Brand_AE,82.51,160.58,1.03,SUPP_042,18,29,4
SKU_00410,Brand_GB Small Appliances Item 410,Home & Kitchen,Small Appliances,Brand_GB,56.51,102.35,0.94,SUPP_046,14,118,18
SKU_00411,Brand_DC Personal Care Item 411,Groceries & Essentials,Personal Care,Brand_DC,7.8,9.36,0.13,SUPP_030,13,70,11
SKU_00412,Brand_BE Haircare Item 412,Health & Beauty,Haircare,Brand_BE,8.9,18.01,1.2,SUPP_047,15,29,5
SKU_00413,Brand_CE Smart Home Item 413,Electronics,Smart Home,Brand_CE,145.8,263.78,0.9,SUPP_028,7,20,4
SKU_00414,Brand_HE Snacks Item 414,Groceries & Essentials,Snacks,Brand_HE,27.94,34.53,0.7,SUPP_047,8,31,6
SKU_00415,Brand_JC Computers Item 415,Electronics,Computers,Brand_JC,129.93,230.63,0.97,SUPP_049,23,40,5
SKU_00416,Brand_AC Men's Wear Item 416,Apparel,Men's Wear,Brand_AC,51.37,141.86,2.35,SUPP_007,26,204,24
SKU_00417,Brand_CE Storage & Org Item 417,Home & Kitchen,Storage & Org,Brand_CE,82.38,160.82,0.54,SUPP_029,28,139,16
SKU_00418,Brand_FD Beverages Item 418,Groceries & Essentials,Beverages,Brand_FD,28.87,38.34,0.71,SUPP_022,11,38,7
SKU_00419,Brand_AB Packaged Foods Item 419,Groceries & Essentials,Packaged Foods,Brand_AB,30.28,40.01,0.22,SUPP_041,11,75,13
SKU_00420,Brand_GB Haircare Item 420,Health & Beauty,Haircare,Brand_GB,47.99,106.02,1.27,SUPP_008,8,66,13
SKU_00421,Brand_IE Beverages Item 421,Groceries & Essentials,Beverages,Brand_IE,12.72,18.46,0.95,SUPP_018,13,18,3
SKU_00422,Brand_CD Packaged Foods Item 422,Groceries & Essentials,Packaged Foods,Brand_CD,4.21,5.42,1.04,SUPP_040,6,9,2
SKU_00423,Brand_FE Footwear Item 423,Apparel,Footwear,Brand_FE,59.06,151.67,0.8,SUPP_043,11,68,12
SKU_00424,Brand_HA Beverages Item 424,Groceries & Essentials,Beverages,Brand_HA,15.26,20.61,1.2,SUPP_008,9,43,8
SKU_00425,Brand_HB Storage & Org Item 425,Home & Kitchen,Storage & Org,Brand_HB,79.7,158.91,0.38,SUPP_019,15,34,5
SKU_00426,Brand_DB Women's Wear Item 426,Apparel,Women's Wear,Brand_DB,62.86,139.46,1.69,SUPP_016,13,105,17
SKU_00427,Brand_CB Snacks Item 427,Groceries & Essentials,Snacks,Brand_CB,14.25,20.14,0.83,SUPP_042,10,23,4
SKU_00428,Brand_AB Footwear Item 428,Apparel,Footwear,Brand_AB,66.16,157.93,2.15,SUPP_030,25,34,4
SKU_00429,Brand_FA Home Decor Item 429,Home & Kitchen,Home Decor,Brand_FA,82.58,168.28,0.58,SUPP_023,12,41,7
SKU_00430,Brand_FE Packaged Foods Item 430,Groceries & Essentials,Packaged Foods,Brand_FE,17.1,24.97,1.03,SUPP_001,13,50,8
SKU_00431,Brand_CE Accessories Item 431,Apparel,Accessories,Brand_CE,58.48,142.71,0.41,SUPP_015,29,165,18
SKU_00432,Brand_FC Cookware Item 432,Home & Kitchen,Cookware,Brand_FC,10.45,17.48,0.15,SUPP_008,27,245,28
SKU_00433,Brand_JA Cosmetics Item 433,Health & Beauty,Cosmetics,Brand_JA,42.22,95.35,0.44,SUPP_050,12,66,11
SKU_00434,Brand_HC Household Supplies Item 434,Groceries & Essentials,Household Supplies,Brand_HC,30.74,38.41,1.39,SUPP_018,8,13,3
SKU_00435,Brand_GA Camping Item 435,Sports & Outdoors,Camping,Brand_GA,150.71,285.23,9.17,SUPP_027,12,44,7
SKU_00436,Brand_JD Accessories Item 436,Apparel,Accessories,Brand_JD,8.04,15.77,2.4,SUPP_035,20,25,4
SKU_00437,Brand_GE Computers Item 437,Electronics,Computers,Brand_GE,12.69,21.26,1.57,SUPP_022,10,14,3
SKU_00438,Brand_GE Vitamins & Supplements Item 438,Health & Beauty,Vitamins & Supplements,Brand_GE,25.78,77.21,1.43,SUPP_003,8,282,54
SKU_00439,Brand_AB Storage & Org Item 439,Home & Kitchen,Storage & Org,Brand_AB,23.09,43.22,1.36,SUPP_010,17,207,29
SKU_00440,Brand_AE Accessories Item 440,Apparel,Accessories,Brand_AE,77.38,176.83,2.55,SUPP_021,29,372,41
SKU_00441,Brand_DC Packaged Foods Item 441,Groceries & Essentials,Packaged Foods,Brand_DC,24.27,31.3,4.36,SUPP_027,7,32,7
SKU_00442,Brand_EE Smart Home Item 442,Electronics,Smart Home,Brand_EE,28.99,45.36,2.17,SUPP_041,13,50,8
SKU_00443,Brand_EB Wearables Item 443,Electronics,Wearables,Brand_EB,176.18,267.18,4.56,SUPP_022,24,29,4
SKU_00444,Brand_IC Storage & Org Item 444,Home & Kitchen,Storage & Org,Brand_IC,103.35,211.16,4.96,SUPP_015,9,39,7
SKU_00445,Brand_CC Team Sports Item 445,Sports & Outdoors,Team Sports,Brand_CC,133.32,206.82,3.91,SUPP_002,20,74,10
SKU_00446,Brand_BC Sportswear Item 446,Apparel,Sportswear,Brand_BC,48.11,83.12,1.5,SUPP_029,29,53,6
SKU_00447,Brand_BB Storage & Org Item 447,Home & Kitchen,Storage & Org,Brand_BB,102.65,217.12,0.43,SUPP_016,27,169,19
SKU_00448,Brand_GE Skincare Item 448,Health & Beauty,Skincare,Brand_GE,11.56,30.65,1.49,SUPP_020,12,165,27
SKU_00449,Brand_HD Home Decor Item 449,Home & Kitchen,Home Decor,Brand_HD,98.81,206.07,4.27,SUPP_012,25,83,10
SKU_00450,Brand_GD Home Decor Item 450,Home & Kitchen,Home Decor,Brand_GD,10.73,23.25,0.22,SUPP_020,21,33,5
SKU_00451,Brand_HE Fitness Gear Item 451,Sports & Outdoors,Fitness Gear,Brand_HE,104.58,162.31,2.5,SUPP_008,23,91,11
SKU_00452,Brand_BE Sportswear Item 452,Apparel,Sportswear,Brand_BE,37.56,73.42,0.64,SUPP_039,13,24,4
SKU_00453,Brand_HC Haircare Item 453,Health & Beauty,Haircare,Brand_HC,12.52,23.66,1.09,SUPP_024,15,53,8
SKU_00454,Brand_HC Oral Care Item 454,Health & Beauty,Oral Care,Brand_HC,32.7,63.63,1.57,SUPP_010,20,33,5
SKU_00455,Brand_GA Skincare Item 455,Health & Beauty,Skincare,Brand_GA,18.97,51.11,0.6,SUPP_031,6,19,4
SKU_00456,Brand_CB Bedding Item 456,Home & Kitchen,Bedding,Brand_CB,103.37,169.41,0.17,SUPP_040,13,47,8
SKU_00457,Brand_FA Home Decor Item 457,Home & Kitchen,Home Decor,Brand_FA,75.29,135.46,1.7,SUPP_027,18,54,8
SKU_00458,Brand_GE Skincare Item 458,Health & Beauty,Skincare,Brand_GE,24.51,52.38,1.01,SUPP_048,12,22,4
SKU_00459,Brand_BA Team Sports Item 459,Sports & Outdoors,Team Sports,Brand_BA,156.31,261.64,3.16,SUPP_019,13,254,40
SKU_00460,Brand_GB Team Sports Item 460,Sports & Outdoors,Team Sports,Brand_GB,31.27,59.1,0.37,SUPP_038,12,23,4
SKU_00461,Brand_DA Women's Wear Item 461,Apparel,Women's Wear,Brand_DA,51.72,113.45,1.33,SUPP_022,15,37,6
SKU_00462,Brand_CB Storage & Org Item 462,Home & Kitchen,Storage & Org,Brand_CB,99.08,185.07,0.72,SUPP_049,26,113,13
SKU_00463,Brand_DE Accessories Item 463,Apparel,Accessories,Brand_DE,45.72,110.94,1.57,SUPP_039,19,119,16
SKU_00464,Brand_DB Household Supplies Item 464,Groceries & Essentials,Household Supplies,Brand_DB,17.14,21.98,0.25,SUPP_036,12,23,4
SKU_00465,Brand_FA Camping Item 465,Sports & Outdoors,Camping,Brand_FA,193.64,319.33,1.04,SUPP_047,25,95,11
SKU_00466,Brand_FE Cookware Item 466,Home & Kitchen,Cookware,Brand_FE,134.77,234.44,1.95,SUPP_039,24,39,5
SKU_00467,Brand_JC Computers Item 467,Electronics,Computers,Brand_JC,148.66,237.1,3.72,SUPP_017,16,95,14
SKU_00468,Brand_FE Wearables Item 468,Electronics,Wearables,Brand_FE,217.86,386.05,8.54,SUPP_033,18,22,3
SKU_00469,Brand_GB Beverages Item 469,Groceries & Essentials,Beverages,Brand_GB,15.5,22.29,3.8,SUPP_015,10,22,4
SKU_00470,Brand_IC Audio Item 470,Electronics,Audio,Brand_IC,75.32,101.93,1.36,SUPP_040,23,40,5
SKU_00471,Brand_EA Household Supplies Item 471,Groceries & Essentials,Household Supplies,Brand_EA,32.44,41.99,0.2,SUPP_040,7,42,9
SKU_00472,Brand_JD Beverages Item 472,Groceries & Essentials,Beverages,Brand_JD,16.06,20.29,0.71,SUPP_035,4,21,5
SKU_00473,Brand_DB Cycling Item 473,Sports & Outdoors,Cycling,Brand_DB,154.22,242.3,2.93,SUPP_006,14,131,20
SKU_00474,Brand_JD Bedding Item 474,Home & Kitchen,Bedding,Brand_JD,51.16,91.54,1.8,SUPP_043,23,110,14
SKU_00475,Brand_GE Packaged Foods Item 475,Groceries & Essentials,Packaged Foods,Brand_GE,4.45,5.85,0.55,SUPP_046,4,160,40
SKU_00476,Brand_BC Personal Care Item 476,Groceries & Essentials,Personal Care,Brand_BC,12.18,18.33,0.2,SUPP_024,11,22,4
SKU_00477,Brand_EE Small Appliances Item 477,Home & Kitchen,Small Appliances,Brand_EE,35.99,55.45,0.19,SUPP_034,15,84,13
SKU_00478,Brand_DD Bedding Item 478,Home & Kitchen,Bedding,Brand_DD,50.55,80.62,4.36,SUPP_003,23,28,4
SKU_00479,Brand_ID Accessories Item 479,Apparel,Accessories,Brand_ID,51.13,132.48,0.76,SUPP_026,21,219,28
SKU_00480,Brand_EE Men's Wear Item 480,Apparel,Men's Wear,Brand_EE,22.13,43.02,0.94,SUPP_002,26,177,21
SKU_00481,Brand_GC Computers Item 481,Electronics,Computers,Brand_GC,174.58,311.74,0.32,SUPP_038,21,55,7
SKU_00482,Brand_AE Audio Item 482,Electronics,Audio,Brand_AE,277.63,407.55,2.08,SUPP_006,10,38,7
SKU_00483,Brand_EB Smart Home Item 483,Electronics,Smart Home,Brand_EB,171.56,300.81,0.87,SUPP_040,23,32,4
SKU_00484,Brand_IE Accessories Item 484,Apparel,Accessories,Brand_IE,11.33,31.94,0.46,SUPP_037,18,175,24
SKU_00485,Brand_FE Home Decor Item 485,Home & Kitchen,Home Decor,Brand_FE,86.69,137.75,0.38,SUPP_011,14,30,5
SKU_00486,Brand_FE Cycling Item 486,Sports & Outdoors,Cycling,Brand_FE,13.94,25.65,0.51,SUPP_009,11,16,3
SKU_00487,Brand_AA Wearables Item 487,Electronics,Wearables,Brand_AA,71.21,113.54,0.54,SUPP_022,16,38,6
SKU_00488,Brand_EB Skincare Item 488,Health & Beauty,Skincare,Brand_EB,38.01,108.13,0.36,SUPP_038,21,46,6
SKU_00489,Brand_HC Men's Wear Item 489,Apparel,Men's Wear,Brand_HC,26.84,72.2,1.35,SUPP_017,23,55,7
SKU_00490,Brand_FB Oral Care Item 490,Health & Beauty,Oral Care,Brand_FB,27.66,58.34,4.14,SUPP_013,10,48,9
SKU_00491,Brand_GD Audio Item 491,Electronics,Audio,Brand_GD,290.62,422.64,0.53,SUPP_026,24,454,54
SKU_00492,Brand_BB Household Supplies Item 492,Groceries & Essentials,Household Supplies,Brand_BB,5.42,7.45,4.28,SUPP_044,14,67,10
SKU_00493,Brand_HA Personal Care Item 493,Groceries & Essentials,Personal Care,Brand_HA,13.42,19.64,2.63,SUPP_035,3,36,10
SKU_00494,Brand_GB Camping Item 494,Sports & Outdoors,Camping,Brand_GB,86.65,153.41,1.71,SUPP_036,25,43,5
SKU_00495,Brand_DA Footwear Item 495,Apparel,Footwear,Brand_DA,92.23,164.42,0.47,SUPP_028,22,107,14
SKU_00496,Brand_GA Smart Home Item 496,Electronics,Smart Home,Brand_GA,88.09,151.18,0.18,SUPP_009,18,198,27
SKU_00497,Brand_DA Beverages Item 497,Groceries & Essentials,Beverages,Brand_DA,5.02,6.38,0.17,SUPP_035,7,20,4
SKU_00498,Brand_IE Storage & Org Item 498,Home & Kitchen,Storage & Org,Brand_IE,113.75,209.9,2.89,SUPP_023,20,29,4
SKU_00499,Brand_DC Bedding Item 499,Home & Kitchen,Bedding,Brand_DC,69.03,126.16,0.65,SUPP_015,26,46,6
SKU_00500,Brand_IB Vitamins & Supplements Item 500,Health & Beauty,Vitamins & Supplements,Brand_IB,32.79,87.26,0.69,SUPP_011,21,107,14
SKU_00501,Brand_EB Footwear Item 501,Apparel,Footwear,Brand_EB,32.03,79.24,0.56,SUPP_001,19,24,4
SKU_00502,Brand_DC Beverages Item 502,Groceries & Essentials,Beverages,Brand_DC,12.51,15.44,0.2,SUPP_049,7,17,4
SKU_00503,Brand_FC Beverages Item 503,Groceries & Essentials,Beverages,Brand_FC,7.48,9.76,2.22,SUPP_034,12,18,3
SKU_00504,Brand_EE Men's Wear Item 504,Apparel,Men's Wear,Brand_EE,20.03,38.82,0.22,SUPP_014,20,25,4
SKU_00505,Brand_BB Oral Care Item 505,Health & Beauty,Oral Care,Brand_BB,10.78,32.39,4.01,SUPP_017,14,170,26
SKU_00506,Brand_DC Men's Wear Item 506,Apparel,Men's Wear,Brand_DC,7.63,16.81,0.12,SUPP_035,21,45,6
SKU_00507,Brand_CB Women's Wear Item 507,Apparel,Women's Wear,Brand_CB,64.1,107.12,0.2,SUPP_013,24,47,6
SKU_00508,Brand_CB Cosmetics Item 508,Health & Beauty,Cosmetics,Brand_CB,35.17,100.89,0.48,SUPP_013,8,58,11
SKU_00509,Brand_FC Cycling Item 509,Sports & Outdoors,Cycling,Brand_FC,144.48,224.86,0.59,SUPP_029,23,126,16
SKU_00510,Brand_HB Wearables Item 510,Electronics,Wearables,Brand_HB,107.68,160.46,1.23,SUPP_029,25,43,5
SKU_00511,Brand_FB Accessories Item 511,Apparel,Accessories,Brand_FB,19.76,37.07,0.77,SUPP_029,25,40,5
SKU_00512,Brand_DD Oral Care Item 512,Health & Beauty,Oral Care,Brand_DD,47.63,97.53,5.7,SUPP_023,8,79,15
SKU_00513,Brand_BD Cosmetics Item 513,Health & Beauty,Cosmetics,Brand_BD,7.24,18.67,3.22,SUPP_039,19,134,18
SKU_00514,Brand_JE Home Decor Item 514,Home & Kitchen,Home Decor,Brand_JE,10.83,20.87,1.25,SUPP_018,28,121,14
SKU_00515,Brand_CC Women's Wear Item 515,Apparel,Women's Wear,Brand_CC,41.07,86.68,0.29,SUPP_042,19,119,16
SKU_00516,Brand_EA Cookware Item 516,Home & Kitchen,Cookware,Brand_EA,44.22,79.47,1.55,SUPP_031,26,69,8
SKU_00517,Brand_GB Beverages Item 517,Groceries & Essentials,Beverages,Brand_GB,25.28,29.91,0.94,SUPP_016,10,74,13
SKU_00518,Brand_BB Personal Care Item 518,Groceries & Essentials,Personal Care,Brand_BB,19.78,24.75,1.06,SUPP_026,13,469,73
SKU_00519,Brand_IB Sportswear Item 519,Apparel,Sportswear,Brand_IB,20.91,54.51,0.26,SUPP_007,20,449,58
SKU_00520,Brand_AC Small Appliances Item 520,Home & Kitchen,Small Appliances,Brand_AC,21.92,46.43,4.42,SUPP_012,23,103,13
SKU_00521,Brand_HC Personal Care Item 521,Groceries & Essentials,Personal Care,Brand_HC,28.29,35.16,1.87,SUPP_028,10,23,4
SKU_00522,Brand_JB Bedding Item 522,Home & Kitchen,Bedding,Brand_JB,100.91,166.1,0.3,SUPP_037,24,31,4
SKU_00523,Brand_GB Bedding Item 523,Home & Kitchen,Bedding,Brand_GB,86.63,152.59,0.3,SUPP_026,15,60,9
SKU_00524,Brand_HD Cosmetics Item 524,Health & Beauty,Cosmetics,Brand_HD,22.55,54.61,0.39,SUPP_002,6,30,7
SKU_00525,Brand_CE Team Sports Item 525,Sports & Outdoors,Team Sports,Brand_CE,142.25,213.33,0.14,SUPP_012,30,40,5
SKU_00526,Brand_ED Accessories Item 526,Electronics,Accessories,Brand_ED,209.65,363.09,0.34,SUPP_014,12,62,10
SKU_00527,Brand_HA Accessories Item 527,Apparel,Accessories,Brand_HA,24.89,63.72,1.53,SUPP_025,15,32,5
SKU_00528,Brand_DA Smart Home Item 528,Electronics,Smart Home,Brand_DA,188.78,302.9,1.45,SUPP_005,20,103,14
SKU_00529,Brand_EC Accessories Item 529,Apparel,Accessories,Brand_EC,18.99,33.4,2.62,SUPP_014,26,183,21
SKU_00530,Brand_AE Haircare Item 530,Health & Beauty,Haircare,Brand_AE,41.97,107.95,0.61,SUPP_045,18,27,4
SKU_00531,Brand_DB Smart Home Item 531,Electronics,Smart Home,Brand_DB,93.95,125.7,1.27,SUPP_028,14,138,21
SKU_00532,Brand_BD Oral Care Item 532,Health & Beauty,Oral Care,Brand_BD,6.48,15.7,0.82,SUPP_029,17,518,72
SKU_00533,Brand_DE Men's Wear Item 533,Apparel,Men's Wear,Brand_DE,15.7,28.24,6.65,SUPP_044,20,65,9
SKU_00534,Brand_DE Vitamins & Supplements Item 534,Health & Beauty,Vitamins & Supplements,Brand_DE,27.67,58.87,1.07,SUPP_046,5,15,4
SKU_00535,Brand_JC Small Appliances Item 535,Home & Kitchen,Small Appliances,Brand_JC,101.0,161.78,1.4,SUPP_033,18,64,9
SKU_00536,Brand_DD Sportswear Item 536,Apparel,Sportswear,Brand_DD,11.15,27.54,1.78,SUPP_038,29,85,10
SKU_00537,Brand_DD Storage & Org Item 537,Home & Kitchen,Storage & Org,Brand_DD,18.35,40.13,0.27,SUPP_008,17,34,5
SKU_00538,Brand_JC Storage & Org Item 538,Home & Kitchen,Storage & Org,Brand_JC,135.52,244.11,0.2,SUPP_039,17,70,10
SKU_00539,Brand_IC Haircare Item 539,Health & Beauty,Haircare,Brand_IC,41.18,84.58,0.65,SUPP_019,14,23,4
SKU_00540,Brand_JB Camping Item 540,Sports & Outdoors,Camping,Brand_JB,139.39,229.72,0.42,SUPP_007,15,52,8
SKU_00541,Brand_HB Accessories Item 541,Apparel,Accessories,Brand_HB,49.83,135.04,5.64,SUPP_046,29,126,14
SKU_00542,Brand_BB Men's Wear Item 542,Apparel,Men's Wear,Brand_BB,32.29,63.62,1.3,SUPP_046,22,32,4
SKU_00543,Brand_FA Beverages Item 543,Groceries & Essentials,Beverages,Brand_FA,4.02,5.14,1.16,SUPP_025,5,25,6
SKU_00544,Brand_FD Cycling Item 544,Sports & Outdoors,Cycling,Brand_FD,28.04,53.57,0.9,SUPP_045,19,74,10
SKU_00545,Brand_HC Personal Care Item 545,Groceries & Essentials,Personal Care,Brand_HC,14.18,20.14,0.32,SUPP_023,3,7,2
SKU_00546,Brand_JE Household Supplies Item 546,Groceries & Essentials,Household Supplies,Brand_JE,31.15,39.4,0.37,SUPP_038,14,24,4
SKU_00547,Brand_FA Storage & Org Item 547,Home & Kitchen,Storage & Org,Brand_FA,75.7,142.57,3.18,SUPP_004,9,15,3
SKU_00548,Brand_JE Sportswear Item 548,Apparel,Sportswear,Brand_JE,39.93,107.06,0.86,SUPP_043,25,84,10
SKU_00549,Brand_HB Cosmetics Item 549,Health & Beauty,Cosmetics,Brand_HB,30.89,65.7,1.05,SUPP_017,13,95,15
SKU_00550,Brand_AB Smart Home Item 550,Electronics,Smart Home,Brand_AB,280.28,413.37,0.65,SUPP_044,13,61,10
SKU_00551,Brand_EC Women's Wear Item 551,Apparel,Women's Wear,Brand_EC,17.52,41.76,0.16,SUPP_026,28,86,10
SKU_00552,Brand_FE Household Supplies Item 552,Groceries & Essentials,Household Supplies,Brand_FE,15.79,22.95,4.61,SUPP_042,13,30,5
SKU_00553,Brand_FD Cosmetics Item 553,Health & Beauty,Cosmetics,Brand_FD,32.64,70.63,1.51,SUPP_033,11,28,5
SKU_00554,Brand_BB Smart Home Item 554,Electronics,Smart Home,Brand_BB,128.79,214.81,3.64,SUPP_043,18,24,4
SKU_00555,Brand_DC Cosmetics Item 555,Health & Beauty,Cosmetics,Brand_DC,16.19,46.25,1.31,SUPP_004,16,205,29
SKU_00556,Brand_EA Beverages Item 556,Groceries & Essentials,Beverages,Brand_EA,32.13,39.32,0.9,SUPP_016,5,24,6
SKU_00557,Brand_EB Household Supplies Item 557,Groceries & Essentials,Household Supplies,Brand_EB,26.01,37.56,0.6,SUPP_032,13,25,4
SKU_00558,Brand_JB Small Appliances Item 558,Home & Kitchen,Small Appliances,Brand_JB,33.08,54.27,0.83,SUPP_003,12,30,5
SKU_00559,Brand_DD Oral Care Item 559,Health & Beauty,Oral Care,Brand_DD,16.89,49.64,0.34,SUPP_003,8,11,2
SKU_00560,Brand_AC Computers Item 560,Electronics,Computers,Brand_AC,71.79,102.8,0.28,SUPP_048,13,19,3
SKU_00561,Brand_EB Audio Item 561,Electronics,Audio,Brand_EB,160.54,243.33,0.7,SUPP_024,22,164,21
SKU_00562,Brand_JE Men's Wear Item 562,Apparel,Men's Wear,Brand_JE,71.08,177.32,2.22,SUPP_012,23,43,6
SKU_00563,Brand_BA Footwear Item 563,Apparel,Footwear,Brand_BA,79.09,134.44,4.05,SUPP_047,20,68,9
SKU_00564,Brand_FC Wearables Item 564,Electronics,Wearables,Brand_FC,232.34,348.2,1.69,SUPP_027,7,10,2
SKU_00565,Brand_FA Camping Item 565,Sports & Outdoors,Camping,Brand_FA,101.07,199.2,0.28,SUPP_008,22,40,5
SKU_00566,Brand_JB Accessories Item 566,Electronics,Accessories,Brand_JB,198.42,309.73,1.07,SUPP_018,18,25,4
SKU_00567,Brand_CA Men's Wear Item 567,Apparel,Men's Wear,Brand_CA,96.49,178.74,3.21,SUPP_019,22,39,5
SKU_00568,Brand_IC Footwear Item 568,Apparel,Footwear,Brand_IC,16.96,42.39,0.71,SUPP_022,10,76,13
SKU_00569,Brand_JD Oral Care Item 569,Health & Beauty,Oral Care,Brand_JD,43.72,84.89,0.91,SUPP_037,20,89,12
SKU_00570,Brand_EB Personal Care Item 570,Groceries & Essentials,Personal Care,Brand_EB,20.46,29.39,7.79,SUPP_016,10,17,3
SKU_00571,Brand_FA Team Sports Item 571,Sports & Outdoors,Team Sports,Brand_FA,35.69,57.74,0.76,SUPP_040,28,120,14
SKU_00572,Brand_IC Household Supplies Item 572,Groceries & Essentials,Household Supplies,Brand_IC,22.05,26.96,1.06,SUPP_018,9,21,4
SKU_00573,Brand_JB Footwear Item 573,Apparel,Footwear,Brand_JB,26.38,54.76,0.17,SUPP_040,15,34,5
SKU_00574,Brand_GA Cookware Item 574,Home & Kitchen,Cookware,Brand_GA,98.42,186.41,1.1,SUPP_021,26,49,6
SKU_00575,Brand_FC Beverages Item 575,Groceries & Essentials,Beverages,Brand_FC,8.07,10.27,0.91,SUPP_041,13,28,5
SKU_00576,Brand_CA Small Appliances Item 576,Home & Kitchen,Small Appliances,Brand_CA,21.92,35.12,1.38,SUPP_014,7,12,3
SKU_00577,Brand_ED Beverages Item 577,Groceries & Essentials,Beverages,Brand_ED,9.58,13.28,0.58,SUPP_045,3,31,9
SKU_00578,Brand_DA Beverages Item 578,Groceries & Essentials,Beverages,Brand_DA,20.06,29.15,1.52,SUPP_034,8,93,18
SKU_00579,Brand_GC Packaged Foods Item 579,Groceries & Essentials,Packaged Foods,Brand_GC,7.06,10.2,0.83,SUPP_034,11,40,7
SKU_00580,Brand_BA Snacks Item 580,Groceries & Essentials,Snacks,Brand_BA,30.82,37.84,2.03,SUPP_032,12,40,7
SKU_00581,Brand_ED Sportswear Item 581,Apparel,Sportswear,Brand_ED,57.16,113.61,3.09,SUPP_009,22,139,18
SKU_00582,Brand_AE Camping Item 582,Sports & Outdoors,Camping,Brand_AE,115.83,204.14,1.8,SUPP_005,22,27,4
SKU_00583,Brand_GA Small Appliances Item 583,Home & Kitchen,Small Appliances,Brand_GA,141.56,221.14,0.49,SUPP_041,15,24,4
SKU_00584,Brand_IB Computers Item 584,Electronics,Computers,Brand_IB,70.75,106.11,0.76,SUPP_013,15,86,13
SKU_00585,Brand_EC Sportswear Item 585,Apparel,Sportswear,Brand_EC,77.22,176.06,4.19,SUPP_039,23,54,7
SKU_00586,Brand_GA Skincare Item 586,Health & Beauty,Skincare,Brand_GA,23.31,43.46,0.4,SUPP_050,17,46,7
SKU_00587,Brand_GE Packaged Foods Item 587,Groceries & Essentials,Packaged Foods,Brand_GE,8.88,11.28,1.62,SUPP_018,8,23,5
SKU_00588,Brand_AD Men's Wear Item 588,Apparel,Men's Wear,Brand_AD,51.93,138.21,2.91,SUPP_015,26,109,13
SKU_00589,Brand_JD Packaged Foods Item 589,Groceries & Essentials,Packaged Foods,Brand_JD,32.57,40.89,2.61,SUPP_025,4,11,3
SKU_00590,Brand_DB Haircare Item 590,Health & Beauty,Haircare,Brand_DB,34.88,103.89,2.27,SUPP_045,10,49,9
SKU_00591,Brand_EE Team Sports Item 591,Sports & Outdoors,Team Sports,Brand_EE,156.4,239.23,0.52,SUPP_017,11,16,3
SKU_00592,Brand_CD Computers Item 592,Electronics,Computers,Brand_CD,31.69,51.65,0.5,SUPP_026,14,122,19
SKU_00593,Brand_BB Footwear Item 593,Apparel,Footwear,Brand_BB,80.08,177.74,0.23,SUPP_009,13,54,9
SKU_00594,Brand_HE Household Supplies Item 594,Groceries & Essentials,Household Supplies,Brand_HE,24.9,32.99,2.94,SUPP_007,14,25,4
SKU_00595,Brand_GC Haircare Item 595,Health & Beauty,Haircare,Brand_GC,21.01,51.8,0.65,SUPP_050,21,59,8
SKU_00596,Brand_JB Vitamins & Supplements Item 596,Health & Beauty,Vitamins & Supplements,Brand_JB,38.85,101.63,1.89,SUPP_035,21,44,6
SKU_00597,Brand_JE Accessories Item 597,Electronics,Accessories,Brand_JE,115.42,156.86,0.75,SUPP_014,24,95,12
SKU_00598,Brand_JB Footwear Item 598,Apparel,Footwear,Brand_JB,25.22,62.11,0.85,SUPP_013,29,94,11
SKU_00599,Brand_CD Cycling Item 599,Sports & Outdoors,Cycling,Brand_CD,115.88,189.38,3.28,SUPP_029,15,20,3
SKU_00600,Brand_DB Women's Wear Item 600,Apparel,Women's Wear,Brand_DB,55.68,123.41,0.9,SUPP_037,30,74,8
SKU_00601,Brand_DA Oral Care Item 601,Health & Beauty,Oral Care,Brand_DA,35.6,79.96,1.02,SUPP_050,6,82,18
SKU_00602,Brand_HD Cookware Item 602,Home & Kitchen,Cookware,Brand_HD,53.32,114.46,0.73,SUPP_025,15,54,8
SKU_00603,Brand_AB Snacks Item 603,Groceries & Essentials,Snacks,Brand_AB,19.46,26.04,0.6,SUPP_009,4,8,2
SKU_00604,Brand_DC Audio Item 604,Electronics,Audio,Brand_DC,278.19,419.03,0.29,SUPP_007,10,20,4
SKU_00605,Brand_GB Smart Home Item 605,Electronics,Smart Home,Brand_GB,238.48,327.64,0.15,SUPP_033,12,18,3
SKU_00606,Brand_IB Women's Wear Item 606,Apparel,Women's Wear,Brand_IB,9.31,18.54,2.53,SUPP_024,22,116,15
SKU_00607,Brand_IB Small Appliances Item 607,Home & Kitchen,Small Appliances,Brand_IB,103.34,216.75,0.11,SUPP_017,8,25,5
SKU_00608,Brand_IB Outdoor Recreation Item 608,Sports & Outdoors,Outdoor Recreation,Brand_IB,174.13,267.78,1.26,SUPP_007,23,56,7
SKU_00609,Brand_EA Oral Care Item 609,Health & Beauty,Oral Care,Brand_EA,24.89,45.4,0.87,SUPP_026,10,23,4
SKU_00610,Brand_JD Skincare Item 610,Health & Beauty,Skincare,Brand_JD,17.39,32.63,0.41,SUPP_049,7,18,4
SKU_00611,Brand_DE Packaged Foods Item 611,Groceries & Essentials,Packaged Foods,Brand_DE,25.13,33.84,2.85,SUPP_029,4,11,3
SKU_00612,Brand_CE Men's Wear Item 612,Apparel,Men's Wear,Brand_CE,69.75,165.86,0.6,SUPP_046,21,26,4
SKU_00613,Brand_EA Cookware Item 613,Home & Kitchen,Cookware,Brand_EA,23.69,38.48,1.07,SUPP_029,27,213,24
SKU_00614,Brand_HE Computers Item 614,Electronics,Computers,Brand_HE,141.65,237.62,4.2,SUPP_026,17,21,3
SKU_00615,Brand_BB Cosmetics Item 615,Health & Beauty,Cosmetics,Brand_BB,17.75,38.94,0.85,SUPP_044,18,49,7
SKU_00616,Brand_BE Snacks Item 616,Groceries & Essentials,Snacks,Brand_BE,11.76,15.69,2.49,SUPP_050,11,48,8
SKU_00617,Brand_BA Computers Item 617,Electronics,Computers,Brand_BA,119.55,179.15,0.16,SUPP_019,19,294,39
SKU_00618,Brand_GC Outdoor Recreation Item 618,Sports & Outdoors,Outdoor Recreation,Brand_GC,132.01,249.36,0.28,SUPP_015,14,23,4
SKU_00619,Brand_DA Cookware Item 619,Home & Kitchen,Cookware,Brand_DA,88.08,158.86,1.08,SUPP_023,9,38,7
SKU_00620,Brand_GC Women's Wear Item 620,Apparel,Women's Wear,Brand_GC,41.87,101.23,2.72,SUPP_041,27,306,35
SKU_00621,Brand_CD Oral Care Item 621,Health & Beauty,Oral Care,Brand_CD,44.11,111.6,2.71,SUPP_032,8,30,6
SKU_00622,Brand_BE Men's Wear Item 622,Apparel,Men's Wear,Brand_BE,27.4,62.38,1.48,SUPP_047,18,58,8
SKU_00623,Brand_DB Home Decor Item 623,Home & Kitchen,Home Decor,Brand_DB,68.39,123.11,0.81,SUPP_046,24,214,26
SKU_00624,Brand_EB Sportswear Item 624,Apparel,Sportswear,Brand_EB,38.16,65.11,1.51,SUPP_026,20,28,4
SKU_00625,Brand_DB Men's Wear Item 625,Apparel,Men's Wear,Brand_DB,98.76,165.02,1.09,SUPP_024,18,41,6
SKU_00626,Brand_JC Accessories Item 626,Electronics,Accessories,Brand_JC,62.89,104.52,1.29,SUPP_030,16,53,8
SKU_00627,Brand_HB Sportswear Item 627,Apparel,Sportswear,Brand_HB,34.01,67.08,2.24,SUPP_045,13,199,31
SKU_00628,Brand_ID Storage & Org Item 628,Home & Kitchen,Storage & Org,Brand_ID,46.97,85.37,0.47,SUPP_009,25,34,4
SKU_00629,Brand_FA Snacks Item 629,Groceries & Essentials,Snacks,Brand_FA,33.01,43.37,1.11,SUPP_046,4,52,13
SKU_00630,Brand_GC Personal Care Item 630,Groceries & Essentials,Personal Care,Brand_GC,28.92,37.0,0.95,SUPP_012,9,70,13
SKU_00631,Brand_BB Cycling Item 631,Sports & Outdoors,Cycling,Brand_BB,141.99,263.45,2.9,SUPP_046,10,15,3
SKU_00632,Brand_BC Snacks Item 632,Groceries & Essentials,Snacks,Brand_BC,16.14,22.23,1.08,SUPP_029,9,53,10
SKU_00633,Brand_CD Snacks Item 633,Groceries & Essentials,Snacks,Brand_CD,19.51,23.1,0.82,SUPP_007,5,103,24
SKU_00634,Brand_AB Storage & Org Item 634,Home & Kitchen,Storage & Org,Brand_AB,119.98,203.34,5.01,SUPP_014,7,38,8
SKU_00635,Brand_ID Women's Wear Item 635,Apparel,Women's Wear,Brand_ID,48.22,97.84,0.18,SUPP_026,19,410,54
SKU_00636,Brand_JC Men's Wear Item 636,Apparel,Men's Wear,Brand_JC,15.77,37.73,1.48,SUPP_002,21,100,13
SKU_00637,Brand_GD Vitamins & Supplements Item 637,Health & Beauty,Vitamins & Supplements,Brand_GD,42.59,79.92,3.52,SUPP_044,16,122,18
SKU_00638,Brand_HE Household Supplies Item 638,Groceries & Essentials,Household Supplies,Brand_HE,19.14,26.11,0.45,SUPP_007,7,12,3
SKU_00639,Brand_AE Storage & Org Item 639,Home & Kitchen,Storage & Org,Brand_AE,36.72,75.79,2.12,SUPP_011,27,86,10
SKU_00640,Brand_BA Household Supplies Item 640,Groceries & Essentials,Household Supplies,Brand_BA,17.17,24.52,2.82,SUPP_017,8,69,13
SKU_00641,Brand_CD Storage & Org Item 641,Home & Kitchen,Storage & Org,Brand_CD,108.28,177.09,0.25,SUPP_014,8,12,3
SKU_00642,Brand_AC Cookware Item 642,Home & Kitchen,Cookware,Brand_AC,74.01,137.79,1.48,SUPP_031,19,93,13
SKU_00643,Brand_AD Cookware Item 643,Home & Kitchen,Cookware,Brand_AD,85.94,184.63,2.25,SUPP_018,8,15,3
SKU_00644,Brand_CB Footwear Item 644,Apparel,Footwear,Brand_CB,42.69,80.53,0.32,SUPP_009,13,23,4
SKU_00645,Brand_FD Cosmetics Item 645,Health & Beauty,Cosmetics,Brand_FD,21.48,55.73,0.96,SUPP_042,16,37,6
SKU_00646,Brand_AA Fitness Gear Item 646,Sports & Outdoors,Fitness Gear,Brand_AA,181.43,261.94,1.07,SUPP_026,21,163,21
SKU_00647,Brand_JE Audio Item 647,Electronics,Audio,Brand_JE,165.63,225.98,5.49,SUPP_038,12,48,8
SKU_00648,Brand_DC Men's Wear Item 648,Apparel,Men's Wear,Brand_DC,11.65,29.83,0.51,SUPP_028,19,58,8
SKU_00649,Brand_FA Bedding Item 649,Home & Kitchen,Bedding,Brand_FA,24.81,38.61,0.18,SUPP_025,13,36,6
SKU_00650,Brand_JB Haircare Item 650,Health & Beauty,Haircare,Brand_JB,20.12,50.83,3.06,SUPP_033,18,41,6
SKU_00651,Brand_BE Personal Care Item 651,Groceries & Essentials,Personal Care,Brand_BE,23.04,35.08,5.36,SUPP_023,6,22,5
SKU_00652,Brand_AD Men's Wear Item 652,Apparel,Men's Wear,Brand_AD,57.34,117.97,1.09,SUPP_042,25,53,7
SKU_00653,Brand_BC Team Sports Item 653,Sports & Outdoors,Team Sports,Brand_BC,185.39,320.79,1.29,SUPP_018,22,47,6
SKU_00654,Brand_CB Footwear Item 654,Apparel,Footwear,Brand_CB,5.27,14.69,0.81,SUPP_002,21,29,4
SKU_00655,Brand_FA Bedding Item 655,Home & Kitchen,Bedding,Brand_FA,59.8,93.01,2.16,SUPP_024,15,39,6
SKU_00656,Brand_CA Oral Care Item 656,Health & Beauty,Oral Care,Brand_CA,42.42,87.99,0.67,SUPP_010,19,33,5
SKU_00657,Brand_GB Cosmetics Item 657,Health & Beauty,Cosmetics,Brand_GB,20.32,40.31,2.22,SUPP_035,5,11,3
SKU_00658,Brand_HB Small Appliances Item 658,Home & Kitchen,Small Appliances,Brand_HB,49.11,88.28,0.34,SUPP_023,13,24,4
SKU_00659,Brand_AD Computers Item 659,Electronics,Computers,Brand_AD,194.62,260.96,0.15,SUPP_040,18,44,6
SKU_00660,Brand_FC Men's Wear Item 660,Apparel,Men's Wear,Brand_FC,38.08,102.45,0.84,SUPP_009,12,19,3
SKU_00661,Brand_HD Team Sports Item 661,Sports & Outdoors,Team Sports,Brand_HD,95.93,178.52,0.26,SUPP_042,15,31,5
SKU_00662,Brand_BC Men's Wear Item 662,Apparel,Men's Wear,Brand_BC,92.28,168.14,2.5,SUPP_037,15,33,5
SKU_00663,Brand_BE Footwear Item 663,Apparel,Footwear,Brand_BE,63.84,172.37,0.17,SUPP_012,13,284,44
SKU_00664,Brand_HB Sportswear Item 664,Apparel,Sportswear,Brand_HB,46.32,119.58,2.13,SUPP_003,11,64,11
SKU_00665,Brand_IE Men's Wear Item 665,Apparel,Men's Wear,Brand_IE,74.23,136.72,0.19,SUPP_050,14,30,5
SKU_00666,Brand_DB Women's Wear Item 666,Apparel,Women's Wear,Brand_DB,66.08,172.26,1.39,SUPP_048,16,20,3
SKU_00667,Brand_JD Sportswear Item 667,Apparel,Sportswear,Brand_JD,59.13,110.33,4.18,SUPP_009,17,75,11
SKU_00668,Brand_IC Smart Home Item 668,Electronics,Smart Home,Brand_IC,254.59,387.72,0.77,SUPP_034,21,104,13
SKU_00669,Brand_FE Personal Care Item 669,Groceries & Essentials,Personal Care,Brand_FE,24.69,34.67,3.09,SUPP_036,4,14,4
SKU_00670,Brand_AD Computers Item 670,Electronics,Computers,Brand_AD,278.95,395.2,0.36,SUPP_031,21,145,19
SKU_00671,Brand_CE Accessories Item 671,Apparel,Accessories,Brand_CE,35.03,90.86,0.65,SUPP_017,27,43,5
SKU_00672,Brand_DD Personal Care Item 672,Groceries & Essentials,Personal Care,Brand_DD,9.38,11.06,0.22,SUPP_045,13,177,28
SKU_00673,Brand_GB Women's Wear Item 673,Apparel,Women's Wear,Brand_GB,39.5,67.31,1.0,SUPP_042,19,93,13
SKU_00674,Brand_EA Camping Item 674,Sports & Outdoors,Camping,Brand_EA,28.82,56.76,1.62,SUPP_008,30,41,5
SKU_00675,Brand_GA Accessories Item 675,Electronics,Accessories,Brand_GA,149.91,201.33,2.4,SUPP_040,7,12,3
SKU_00676,Brand_IC Household Supplies Item 676,Groceries & Essentials,Household Supplies,Brand_IC,35.54,44.43,1.17,SUPP_049,11,110,19
SKU_00677,Brand_FC Accessories Item 677,Apparel,Accessories,Brand_FC,82.09,173.63,1.0,SUPP_016,14,23,4
SKU_00678,Brand_FD Beverages Item 678,Groceries & Essentials,Beverages,Brand_FD,12.82,19.71,0.18,SUPP_019,7,19,4
SKU_00679,Brand_IE Beverages Item 679,Groceries & Essentials,Beverages,Brand_IE,4.36,5.22,0.28,SUPP_038,4,11,3
SKU_00680,Brand_CC Camping Item 680,Sports & Outdoors,Camping,Brand_CC,223.4,319.71,2.6,SUPP_049,28,123,14
SKU_00681,Brand_IB Snacks Item 681,Groceries & Essentials,Snacks,Brand_IB,30.43,36.0,1.25,SUPP_020,6,37,8
SKU_00682,Brand_BB Women's Wear Item 682,Apparel,Women's Wear,Brand_BB,92.28,160.28,0.19,SUPP_017,14,19,3
SKU_00683,Brand_BD Oral Care Item 683,Health & Beauty,Oral Care,Brand_BD,25.58,67.99,1.19,SUPP_004,16,25,4
SKU_00684,Brand_GE Vitamins & Supplements Item 684,Health & Beauty,Vitamins & Supplements,Brand_GE,23.08,49.83,0.95,SUPP_023,19,25,4
SKU_00685,Brand_EB Footwear Item 685,Apparel,Footwear,Brand_EB,27.61,69.47,0.51,SUPP_027,26,139,16
SKU_00686,Brand_GB Footwear Item 686,Apparel,Footwear,Brand_GB,47.82,97.86,5.22,SUPP_039,27,112,13
SKU_00687,Brand_ID Haircare Item 687,Health & Beauty,Haircare,Brand_ID,26.85,72.47,0.8,SUPP_008,10,21,4
SKU_00688,Brand_JA Beverages Item 688,Groceries & Essentials,Beverages,Brand_JA,28.7,43.59,0.53,SUPP_008,14,66,10
SKU_00689,Brand_FC Skincare Item 689,Health & Beauty,Skincare,Brand_FC,12.32,24.31,0.57,SUPP_012,20,105,14
SKU_00690,Brand_CE Wearables Item 690,Electronics,Wearables,Brand_CE,45.31,75.45,0.17,SUPP_024,16,35,5
SKU_00691,Brand_CB Sportswear Item 691,Apparel,Sportswear,Brand_CB,39.63,81.07,1.39,SUPP_039,26,48,6
SKU_00692,Brand_HD Storage & Org Item 692,Home & Kitchen,Storage & Org,Brand_HD,13.47,25.38,2.12,SUPP_034,8,65,13
SKU_00693,Brand_HB Accessories Item 693,Electronics,Accessories,Brand_HB,84.2,149.71,1.8,SUPP_050,25,33,4
SKU_00694,Brand_BB Men's Wear Item 694,Apparel,Men's Wear,Brand_BB,58.87,103.53,0.61,SUPP_013,26,50,6
SKU_00695,Brand_BD Bedding Item 695,Home & Kitchen,Bedding,Brand_BD,82.24,132.19,3.12,SUPP_027,9,61,11
SKU_00696,Brand_GA Footwear Item 696,Apparel,Footwear,Brand_GA,48.83,84.61,2.16,SUPP_044,22,51,7
SKU_00697,Brand_GE Cookware Item 697,Home & Kitchen,Cookware,Brand_GE,115.6,178.38,0.89,SUPP_017,26,42,5
SKU_00698,Brand_AC Vitamins & Supplements Item 698,Health & Beauty,Vitamins & Supplements,Brand_AC,30.11,99.03,3.71,SUPP_035,11,328,55
SKU_00699,Brand_IE Accessories Item 699,Apparel,Accessories,Brand_IE,49.18,101.29,0.86,SUPP_012,25,86,10
SKU_00700,Brand_FA Computers Item 700,Electronics,Computers,Brand_FA,235.4,329.16,1.29,SUPP_011,8,24,5
SKU_00701,Brand_BB Computers Item 701,Electronics,Computers,Brand_BB,107.01,149.95,1.15,SUPP_045,8,18,4
SKU_00702,Brand_IE Beverages Item 702,Groceries & Essentials,Beverages,Brand_IE,7.46,9.45,1.56,SUPP_011,8,57,11
SKU_00703,Brand_CE Cookware Item 703,Home & Kitchen,Cookware,Brand_CE,112.38,210.24,1.66,SUPP_049,28,179,20
SKU_00704,Brand_HC Women's Wear Item 704,Apparel,Women's Wear,Brand_HC,44.82,85.08,1.28,SUPP_037,19,51,7
SKU_00705,Brand_DA Fitness Gear Item 705,Sports & Outdoors,Fitness Gear,Brand_DA,33.44,63.75,1.23,SUPP_038,18,35,5
SKU_00706,Brand_HD Cosmetics Item 706,Health & Beauty,Cosmetics,Brand_HD,35.27,90.62,0.67,SUPP_045,17,22,3
SKU_00707,Brand_JB Women's Wear Item 707,Apparel,Women's Wear,Brand_JB,30.38,76.97,5.33,SUPP_038,25,37,5
SKU_00708,Brand_HD Small Appliances Item 708,Home & Kitchen,Small Appliances,Brand_HD,59.73,121.36,1.49,SUPP_004,17,21,3
SKU_00709,Brand_GC Storage & Org Item 709,Home & Kitchen,Storage & Org,Brand_GC,62.63,107.9,0.13,SUPP_021,10,73,13
SKU_00710,Brand_GE Beverages Item 710,Groceries & Essentials,Beverages,Brand_GE,19.69,30.13,3.74,SUPP_035,8,32,6
SKU_00711,Brand_DC Women's Wear Item 711,Apparel,Women's Wear,Brand_DC,43.93,111.57,3.03,SUPP_044,11,33,6
SKU_00712,Brand_JE Outdoor Recreation Item 712,Sports & Outdoors,Outdoor Recreation,Brand_JE,76.19,148.32,0.72,SUPP_012,25,57,7
SKU_00713,Brand_EA Snacks Item 713,Groceries & Essentials,Snacks,Brand_EA,25.42,32.23,0.19,SUPP_045,7,12,3
SKU_00714,Brand_DA Cookware Item 714,Home & Kitchen,Cookware,Brand_DA,22.06,43.53,5.51,SUPP_037,22,61,8
SKU_00715,Brand_HC Smart Home Item 715,Electronics,Smart Home,Brand_HC,80.83,121.42,2.84,SUPP_026,17,40,6
SKU_00716,Brand_BC Household Supplies Item 716,Groceries & Essentials,Household Supplies,Brand_BC,29.24,34.8,2.88,SUPP_021,4,11,3
SKU_00717,Brand_BE Snacks Item 717,Groceries & Essentials,Snacks,Brand_BE,22.59,33.42,0.42,SUPP_029,7,10,2
SKU_00718,Brand_DA Household Supplies Item 718,Groceries & Essentials,Household Supplies,Brand_DA,3.37,4.58,2.67,SUPP_038,3,13,4
SKU_00719,Brand_ED Footwear Item 719,Apparel,Footwear,Brand_ED,6.85,16.47,1.57,SUPP_013,17,92,13
SKU_00720,Brand_HA Bedding Item 720,Home & Kitchen,Bedding,Brand_HA,25.13,40.27,1.79,SUPP_041,27,103,12
SKU_00721,Brand_EE Accessories Item 721,Electronics,Accessories,Brand_EE,189.88,276.98,2.35,SUPP_003,24,172,21
SKU_00722,Brand_DE Computers Item 722,Electronics,Computers,Brand_DE,295.59,428.38,0.13,SUPP_039,7,10,2
SKU_00723,Brand_JB Fitness Gear Item 723,Sports & Outdoors,Fitness Gear,Brand_JB,168.59,253.59,0.5,SUPP_003,21,28,4
SKU_00724,Brand_GE Snacks Item 724,Groceries & Essentials,Snacks,Brand_GE,15.88,23.78,0.34,SUPP_024,3,7,2
SKU_00725,Brand_GD Skincare Item 725,Health & Beauty,Skincare,Brand_GD,43.06,100.93,3.74,SUPP_011,9,25,5
SKU_00726,Brand_GD Outdoor Recreation Item 726,Sports & Outdoors,Outdoor Recreation,Brand_GD,219.46,318.56,2.78,SUPP_039,16,176,25
SKU_00727,Brand_GC Women's Wear Item 727,Apparel,Women's Wear,Brand_GC,93.89,171.15,1.53,SUPP_037,13,45,7
SKU_00728,Brand_CC Home Decor Item 728,Home & Kitchen,Home Decor,Brand_CC,77.93,122.57,2.66,SUPP_001,10,17,3
SKU_00729,Brand_DD Accessories Item 729,Electronics,Accessories,Brand_DD,41.01,61.64,1.0,SUPP_001,19,33,5
SKU_00730,Brand_AD Wearables Item 730,Electronics,Wearables,Brand_AD,84.63,118.03,0.3,SUPP_036,24,78,10
SKU_00731,Brand_HD Home Decor Item 731,Home & Kitchen,Home Decor,Brand_HD,47.43,73.86,1.01,SUPP_047,22,68,9
SKU_00732,Brand_HB Audio Item 732,Electronics,Audio,Brand_HB,194.34,315.92,5.96,SUPP_002,9,18,4
SKU_00733,Brand_DE Smart Home Item 733,Electronics,Smart Home,Brand_DE,36.56,61.56,3.72,SUPP_002,22,60,8
SKU_00734,Brand_GE Personal Care Item 734,Groceries & Essentials,Personal Care,Brand_GE,23.12,34.89,4.34,SUPP_005,3,54,15
SKU_00735,Brand_GC Men's Wear Item 735,Apparel,Men's Wear,Brand_GC,12.42,23.3,3.75,SUPP_036,27,132,15
SKU_00736,Brand_FD Women's Wear Item 736,Apparel,Women's Wear,Brand_FD,33.27,75.05,0.34,SUPP_015,21,204,26
SKU_00737,Brand_JE Camping Item 737,Sports & Outdoors,Camping,Brand_JE,35.53,51.0,3.7,SUPP_042,29,194,22
SKU_00738,Brand_AD Team Sports Item 738,Sports & Outdoors,Team Sports,Brand_AD,158.22,242.43,0.23,SUPP_014,11,72,12
SKU_00739,Brand_BD Computers Item 739,Electronics,Computers,Brand_BD,59.5,86.22,0.26,SUPP_042,18,109,15
SKU_00740,Brand_FE Accessories Item 740,Apparel,Accessories,Brand_FE,24.64,69.49,1.59,SUPP_009,28,44,5
SKU_00741,Brand_AB Fitness Gear Item 741,Sports & Outdoors,Fitness Gear,Brand_AB,130.54,235.41,2.42,SUPP_041,27,56,7
SKU_00742,Brand_ID Snacks Item 742,Groceries & Essentials,Snacks,Brand_ID,27.39,33.6,0.77,SUPP_010,7,24,5
SKU_00743,Brand_CC Smart Home Item 743,Electronics,Smart Home,Brand_CC,129.93,221.42,0.95,SUPP_003,17,42,6
SKU_00744,Brand_JD Cosmetics Item 744,Health & Beauty,Cosmetics,Brand_JD,29.39,74.89,0.91,SUPP_036,8,13,3
SKU_00745,Brand_FE Computers Item 745,Electronics,Computers,Brand_FE,118.18,165.19,1.56,SUPP_050,8,14,3
SKU_00746,Brand_HE Cycling Item 746,Sports & Outdoors,Cycling,Brand_HE,149.97,237.55,0.13,SUPP_025,28,33,4
SKU_00747,Brand_FB Accessories Item 747,Electronics,Accessories,Brand_FB,179.9,240.34,0.92,SUPP_019,15,24,4
SKU_00748,Brand_JB Skincare Item 748,Health & Beauty,Skincare,Brand_JB,39.77,98.7,0.46,SUPP_016,9,26,5
SKU_00749,Brand_FA Audio Item 749,Electronics,Audio,Brand_FA,73.44,127.36,1.76,SUPP_005,7,23,5
SKU_00750,Brand_DA Women's Wear Item 750,Apparel,Women's Wear,Brand_DA,86.04,179.27,1.1,SUPP_013,15,32,5
SKU_00751,Brand_HC Haircare Item 751,Health & Beauty,Haircare,Brand_HC,35.47,87.93,1.12,SUPP_042,14,20,3
SKU_00752,Brand_BA Women's Wear Item 752,Apparel,Women's Wear,Brand_BA,24.74,68.35,1.24,SUPP_014,12,51,9
SKU_00753,Brand_EE Haircare Item 753,Health & Beauty,Haircare,Brand_EE,29.41,58.29,0.64,SUPP_013,13,22,4
SKU_00754,Brand_GD Household Supplies Item 754,Groceries & Essentials,Household Supplies,Brand_GD,6.05,7.82,0.14,SUPP_034,13,58,9
SKU_00755,Brand_DD Men's Wear Item 755,Apparel,Men's Wear,Brand_DD,44.07,84.21,5.01,SUPP_003,12,24,4
SKU_00756,Brand_AA Small Appliances Item 756,Home & Kitchen,Small Appliances,Brand_AA,6.34,11.17,0.26,SUPP_027,15,34,5
SKU_00757,Brand_EB Footwear Item 757,Apparel,Footwear,Brand_EB,71.71,179.33,2.9,SUPP_036,25,49,6
SKU_00758,Brand_IA Snacks Item 758,Groceries & Essentials,Snacks,Brand_IA,14.98,18.06,1.92,SUPP_043,5,13,3
SKU_00759,Brand_HE Smart Home Item 759,Electronics,Smart Home,Brand_HE,273.66,441.41,2.13,SUPP_026,22,29,4
SKU_00760,Brand_DC Snacks Item 760,Groceries & Essentials,Snacks,Brand_DC,23.88,29.01,0.28,SUPP_009,13,189,30
SKU_00761,Brand_HA Personal Care Item 761,Groceries & Essentials,Personal Care,Brand_HA,27.17,40.65,0.24,SUPP_028,6,13,3
SKU_00762,Brand_JA Haircare Item 762,Health & Beauty,Haircare,Brand_JA,59.71,116.38,4.34,SUPP_022,9,13,3
SKU_00763,Brand_HD Audio Item 763,Electronics,Audio,Brand_HD,104.51,188.85,1.25,SUPP_030,17,27,4
SKU_00764,Brand_FB Audio Item 764,Electronics,Audio,Brand_FB,23.02,36.54,0.73,SUPP_035,19,192,26
SKU_00765,Brand_HC Small Appliances Item 765,Home & Kitchen,Small Appliances,Brand_HC,95.73,174.26,2.27,SUPP_020,12,28,5
SKU_00766,Brand_AE Skincare Item 766,Health & Beauty,Skincare,Brand_AE,12.06,30.29,0.23,SUPP_013,7,24,5
SKU_00767,Brand_JB Computers Item 767,Electronics,Computers,Brand_JB,160.88,285.7,0.45,SUPP_003,14,79,12
SKU_00768,Brand_DE Accessories Item 768,Electronics,Accessories,Brand_DE,35.93,53.92,2.98,SUPP_016,13,228,36
SKU_00769,Brand_BD Cosmetics Item 769,Health & Beauty,Cosmetics,Brand_BD,46.22,88.08,1.56,SUPP_040,19,35,5
SKU_00770,Brand_BE Beverages Item 770,Groceries & Essentials,Beverages,Brand_BE,28.29,36.6,0.91,SUPP_024,7,12,3
SKU_00771,Brand_DC Snacks Item 771,Groceries & Essentials,Snacks,Brand_DC,28.8,34.75,1.16,SUPP_029,11,20,4
SKU_00772,Brand_DB Packaged Foods Item 772,Groceries & Essentials,Packaged Foods,Brand_DB,18.32,24.99,2.49,SUPP_014,10,31,6
SKU_00773,Brand_HD Beverages Item 773,Groceries & Essentials,Beverages,Brand_HD,15.39,19.65,1.12,SUPP_040,3,40,11
SKU_00774,Brand_GD Oral Care Item 774,Health & Beauty,Oral Care,Brand_GD,21.24,69.55,2.33,SUPP_020,15,32,5
SKU_00775,Brand_FE Computers Item 775,Electronics,Computers,Brand_FE,20.76,30.29,1.28,SUPP_049,14,20,3
SKU_00776,Brand_JE Accessories Item 776,Apparel,Accessories,Brand_JE,40.37,75.39,0.52,SUPP_043,29,146,16
SKU_00777,Brand_HC Computers Item 777,Electronics,Computers,Brand_HC,157.84,227.84,2.02,SUPP_003,11,21,4
SKU_00778,Brand_FA Small Appliances Item 778,Home & Kitchen,Small Appliances,Brand_FA,106.71,174.0,2.68,SUPP_014,16,32,5
SKU_00779,Brand_JC Personal Care Item 779,Groceries & Essentials,Personal Care,Brand_JC,27.9,42.61,0.81,SUPP_024,6,23,5
SKU_00780,Brand_BD Women's Wear Item 780,Apparel,Women's Wear,Brand_BD,95.1,178.17,1.77,SUPP_035,28,48,6
SKU_00781,Brand_CA Smart Home Item 781,Electronics,Smart Home,Brand_CA,246.36,391.4,2.05,SUPP_031,25,39,5
SKU_00782,Brand_HB Accessories Item 782,Apparel,Accessories,Brand_HB,88.13,159.87,0.66,SUPP_015,29,41,5
SKU_00783,Brand_HC Snacks Item 783,Groceries & Essentials,Snacks,Brand_HC,28.7,38.6,1.06,SUPP_023,4,7,2
SKU_00784,Brand_DC Oral Care Item 784,Health & Beauty,Oral Care,Brand_DC,4.1,9.13,7.67,SUPP_050,15,55,8
SKU_00785,Brand_HD Household Supplies Item 785,Groceries & Essentials,Household Supplies,Brand_HD,17.12,23.98,0.44,SUPP_014,12,63,10
SKU_00786,Brand_ID Computers Item 786,Electronics,Computers,Brand_ID,83.29,123.3,0.54,SUPP_032,20,55,7
SKU_00787,Brand_HB Footwear Item 787,Apparel,Footwear,Brand_HB,21.06,35.89,1.57,SUPP_021,26,187,22
SKU_00788,Brand_CB Packaged Foods Item 788,Groceries & Essentials,Packaged Foods,Brand_CB,21.0,26.8,2.03,SUPP_036,3,11,3
SKU_00789,Brand_FE Wearables Item 789,Electronics,Wearables,Brand_FE,14.8,21.83,0.24,SUPP_017,24,33,4
SKU_00790,Brand_HE Accessories Item 790,Electronics,Accessories,Brand_HE,9.93,15.95,0.33,SUPP_047,24,177,21
SKU_00791,Brand_HE Sportswear Item 791,Apparel,Sportswear,Brand_HE,29.46,79.62,1.68,SUPP_007,12,72,12
SKU_00792,Brand_DC Camping Item 792,Sports & Outdoors,Camping,Brand_DC,103.3,149.76,1.13,SUPP_014,22,102,13
SKU_00793,Brand_AE Sportswear Item 793,Apparel,Sportswear,Brand_AE,82.52,146.93,0.78,SUPP_033,24,29,4
SKU_00794,Brand_HD Home Decor Item 794,Home & Kitchen,Home Decor,Brand_HD,18.56,35.39,0.29,SUPP_039,10,15,3
SKU_00795,Brand_BB Men's Wear Item 795,Apparel,Men's Wear,Brand_BB,76.19,165.11,0.39,SUPP_038,19,371,49
SKU_00796,Brand_CA Wearables Item 796,Electronics,Wearables,Brand_CA,223.95,392.07,3.88,SUPP_040,20,36,5
SKU_00797,Brand_JC Cookware Item 797,Home & Kitchen,Cookware,Brand_JC,31.0,50.61,0.12,SUPP_018,20,28,4
SKU_00798,Brand_HE Packaged Foods Item 798,Groceries & Essentials,Packaged Foods,Brand_HE,14.44,19.51,1.55,SUPP_010,7,34,7
SKU_00799,Brand_DD Outdoor Recreation Item 799,Sports & Outdoors,Outdoor Recreation,Brand_DD,125.16,189.09,1.03,SUPP_030,25,75,9
SKU_00800,Brand_HE Camping Item 800,Sports & Outdoors,Camping,Brand_HE,144.15,228.81,4.05,SUPP_044,11,32,6
SKU_00801,Brand_BC Cosmetics Item 801,Health & Beauty,Cosmetics,Brand_BC,30.63,76.9,2.94,SUPP_037,12,81,13
SKU_00802,Brand_IC Beverages Item 802,Groceries & Essentials,Beverages,Brand_IC,17.58,21.39,0.26,SUPP_033,10,188,33
SKU_00803,Brand_JE Packaged Foods Item 803,Groceries & Essentials,Packaged Foods,Brand_JE,21.51,33.01,1.9,SUPP_007,5,13,3
SKU_00804,Brand_JA Accessories Item 804,Electronics,Accessories,Brand_JA,235.2,355.57,1.1,SUPP_022,23,37,5
SKU_00805,Brand_FB Household Supplies Item 805,Groceries & Essentials,Household Supplies,Brand_FB,13.49,18.11,2.58,SUPP_028,3,35,10
SKU_00806,Brand_BD Household Supplies Item 806,Groceries & Essentials,Household Supplies,Brand_BD,29.74,42.17,1.39,SUPP_033,7,12,3
SKU_00807,Brand_CC Storage & Org Item 807,Home & Kitchen,Storage & Org,Brand_CC,16.04,28.41,0.98,SUPP_001,15,224,33
SKU_00808,Brand_BE Personal Care Item 808,Groceries & Essentials,Personal Care,Brand_BE,8.24,12.59,0.83,SUPP_025,6,21,5
SKU_00809,Brand_AD Men's Wear Item 809,Apparel,Men's Wear,Brand_AD,70.96,123.69,1.77,SUPP_030,15,107,16
SKU_00810,Brand_CA Household Supplies Item 810,Groceries & Essentials,Household Supplies,Brand_CA,9.04,13.9,0.39,SUPP_033,9,13,3
SKU_00811,Brand_JC Snacks Item 811,Groceries & Essentials,Snacks,Brand_JC,19.32,25.47,4.45,SUPP_026,9,17,3
SKU_00812,Brand_DB Cosmetics Item 812,Health & Beauty,Cosmetics,Brand_DB,25.98,59.56,1.41,SUPP_002,19,31,4
SKU_00813,Brand_IB Personal Care Item 813,Groceries & Essentials,Personal Care,Brand_IB,23.26,28.66,1.5,SUPP_012,13,43,7
SKU_00814,Brand_GA Small Appliances Item 814,Home & Kitchen,Small Appliances,Brand_GA,114.37,242.29,1.48,SUPP_037,17,21,3
SKU_00815,Brand_IE Footwear Item 815,Apparel,Footwear,Brand_IE,27.07,59.0,0.24,SUPP_039,26,130,15
SKU_00816,Brand_IB Beverages Item 816,Groceries & Essentials,Beverages,Brand_IB,10.74,14.31,0.7,SUPP_012,9,107,20
SKU_00817,Brand_FD Packaged Foods Item 817,Groceries & Essentials,Packaged Foods,Brand_FD,33.2,39.62,3.39,SUPP_050,10,14,3
SKU_00818,Brand_IA Household Supplies Item 818,Groceries & Essentials,Household Supplies,Brand_IA,3.53,4.53,3.01,SUPP_036,3,6,2
SKU_00819,Brand_GB Sportswear Item 819,Apparel,Sportswear,Brand_GB,54.3,135.52,0.57,SUPP_025,21,59,8
SKU_00820,Brand_AE Audio Item 820,Electronics,Audio,Brand_AE,108.81,183.45,1.12,SUPP_018,17,33,5
SKU_00821,Brand_FC Household Supplies Item 821,Groceries & Essentials,Household Supplies,Brand_FC,19.51,26.39,0.28,SUPP_006,13,115,18
SKU_00822,Brand_DE Storage & Org Item 822,Home & Kitchen,Storage & Org,Brand_DE,82.88,152.87,5.3,SUPP_014,14,38,6
SKU_00823,Brand_GD Sportswear Item 823,Apparel,Sportswear,Brand_GD,88.37,179.47,0.68,SUPP_050,23,86,11
SKU_00824,Brand_AC Computers Item 824,Electronics,Computers,Brand_AC,173.32,313.06,1.86,SUPP_038,23,324,40
SKU_00825,Brand_IE Snacks Item 825,Groceries & Essentials,Snacks,Brand_IE,14.09,17.66,4.49,SUPP_044,9,18,4
SKU_00826,Brand_IA Packaged Foods Item 826,Groceries & Essentials,Packaged Foods,Brand_IA,31.21,41.8,0.29,SUPP_047,8,47,9
SKU_00827,Brand_DC Storage & Org Item 827,Home & Kitchen,Storage & Org,Brand_DC,152.43,242.91,0.57,SUPP_019,26,61,7
SKU_00828,Brand_JD Beverages Item 828,Groceries & Essentials,Beverages,Brand_JD,3.76,5.3,0.51,SUPP_012,3,65,18
SKU_00829,Brand_BB Audio Item 829,Electronics,Audio,Brand_BB,251.61,354.5,0.23,SUPP_042,17,22,3
SKU_00830,Brand_HA Home Decor Item 830,Home & Kitchen,Home Decor,Brand_HA,110.02,229.63,1.82,SUPP_028,13,24,4
SKU_00831,Brand_BB Haircare Item 831,Health & Beauty,Haircare,Brand_BB,31.46,63.97,2.9,SUPP_011,6,12,3
SKU_00832,Brand_HD Snacks Item 832,Groceries & Essentials,Snacks,Brand_HD,7.95,11.5,0.41,SUPP_004,7,565,113
SKU_00833,Brand_BB Smart Home Item 833,Electronics,Smart Home,Brand_BB,99.11,171.37,0.5,SUPP_038,17,202,28
SKU_00834,Brand_HD Audio Item 834,Electronics,Audio,Brand_HD,175.22,306.15,1.02,SUPP_019,25,97,12
SKU_00835,Brand_HB Fitness Gear Item 835,Sports & Outdoors,Fitness Gear,Brand_HB,95.22,188.87,1.89,SUPP_028,10,33,6
SKU_00836,Brand_CA Wearables Item 836,Electronics,Wearables,Brand_CA,99.96,153.02,0.62,SUPP_033,9,54,10
SKU_00837,Brand_DB Storage & Org Item 837,Home & Kitchen,Storage & Org,Brand_DB,87.74,191.18,0.51,SUPP_046,28,104,12
SKU_00838,Brand_AD Household Supplies Item 838,Groceries & Essentials,Household Supplies,Brand_AD,30.83,37.3,1.7,SUPP_036,9,25,5
SKU_00839,Brand_GC Personal Care Item 839,Groceries & Essentials,Personal Care,Brand_GC,7.01,9.7,5.62,SUPP_014,10,21,4
SKU_00840,Brand_EE Footwear Item 840,Apparel,Footwear,Brand_EE,70.67,170.24,0.24,SUPP_019,27,70,8
SKU_00841,Brand_GC Accessories Item 841,Apparel,Accessories,Brand_GC,17.74,44.1,1.01,SUPP_005,12,30,5
SKU_00842,Brand_JC Vitamins & Supplements Item 842,Health & Beauty,Vitamins & Supplements,Brand_JC,3.33,9.32,3.58,SUPP_014,12,41,7
SKU_00843,Brand_CA Personal Care Item 843,Groceries & Essentials,Personal Care,Brand_CA,6.15,7.46,1.25,SUPP_034,10,63,11
SKU_00844,Brand_IE Footwear Item 844,Apparel,Footwear,Brand_IE,10.4,18.11,2.06,SUPP_037,24,72,9
SKU_00845,Brand_BA Small Appliances Item 845,Home & Kitchen,Small Appliances,Brand_BA,67.99,139.8,0.38,SUPP_035,18,25,4
SKU_00846,Brand_HD Women's Wear Item 846,Apparel,Women's Wear,Brand_HD,45.92,81.22,1.74,SUPP_007,27,376,43
SKU_00847,Brand_GA Audio Item 847,Electronics,Audio,Brand_GA,118.03,192.08,0.49,SUPP_041,17,51,7
SKU_00848,Brand_CE Vitamins & Supplements Item 848,Health & Beauty,Vitamins & Supplements,Brand_CE,35.34,108.44,1.84,SUPP_045,11,21,4
SKU_00849,Brand_ED Beverages Item 849,Groceries & Essentials,Beverages,Brand_ED,9.71,12.67,0.53,SUPP_002,8,13,3
SKU_00850,Brand_GD Cookware Item 850,Home & Kitchen,Cookware,Brand_GD,116.77,204.01,2.48,SUPP_001,27,147,17
SKU_00851,Brand_DC Sportswear Item 851,Apparel,Sportswear,Brand_DC,17.41,33.89,2.57,SUPP_001,14,19,3
SKU_00852,Brand_DA Oral Care Item 852,Health & Beauty,Oral Care,Brand_DA,21.75,65.64,0.17,SUPP_024,10,45,8
SKU_00853,Brand_GE Footwear Item 853,Apparel,Footwear,Brand_GE,46.23,98.86,0.87,SUPP_043,19,43,6
SKU_00854,Brand_BE Personal Care Item 854,Groceries & Essentials,Personal Care,Brand_BE,8.4,11.76,2.54,SUPP_042,12,66,11
SKU_00855,Brand_IB Small Appliances Item 855,Home & Kitchen,Small Appliances,Brand_IB,53.6,83.09,0.11,SUPP_002,15,39,6
SKU_00856,Brand_BD Skincare Item 856,Health & Beauty,Skincare,Brand_BD,26.21,68.14,3.6,SUPP_020,8,26,5
SKU_00857,Brand_CB Snacks Item 857,Groceries & Essentials,Snacks,Brand_CB,29.85,38.92,0.24,SUPP_042,9,27,5
SKU_00858,Brand_HB Packaged Foods Item 858,Groceries & Essentials,Packaged Foods,Brand_HB,28.8,37.67,1.46,SUPP_039,12,77,13
SKU_00859,Brand_GC Computers Item 859,Electronics,Computers,Brand_GC,240.96,366.16,0.48,SUPP_002,16,37,6
SKU_00860,Brand_CC Wearables Item 860,Electronics,Wearables,Brand_CC,52.87,92.38,0.97,SUPP_025,22,36,5
SKU_00861,Brand_GE Wearables Item 861,Electronics,Wearables,Brand_GE,122.64,222.54,1.81,SUPP_039,21,770,97
SKU_00862,Brand_EB Beverages Item 862,Groceries & Essentials,Beverages,Brand_EB,22.38,27.46,5.04,SUPP_041,13,99,16
SKU_00863,Brand_JD Beverages Item 863,Groceries & Essentials,Beverages,Brand_JD,7.59,9.29,0.6,SUPP_033,11,39,7
SKU_00864,Brand_HA Personal Care Item 864,Groceries & Essentials,Personal Care,Brand_HA,10.88,13.73,1.17,SUPP_015,6,27,6
SKU_00865,Brand_HE Smart Home Item 865,Electronics,Smart Home,Brand_HE,221.21,335.51,6.9,SUPP_038,16,25,4
SKU_00866,Brand_AA Household Supplies Item 866,Groceries & Essentials,Household Supplies,Brand_AA,11.22,15.93,3.22,SUPP_015,11,153,26
SKU_00867,Brand_GD Skincare Item 867,Health & Beauty,Skincare,Brand_GD,47.48,100.15,0.86,SUPP_039,5,26,6
SKU_00868,Brand_GA Sportswear Item 868,Apparel,Sportswear,Brand_GA,37.15,64.56,1.22,SUPP_023,22,78,10
SKU_00869,Brand_GA Packaged Foods Item 869,Groceries & Essentials,Packaged Foods,Brand_GA,25.95,33.93,0.71,SUPP_017,13,23,4
SKU_00870,Brand_CA Audio Item 870,Electronics,Audio,Brand_CA,237.45,366.28,0.18,SUPP_020,10,130,23
SKU_00871,Brand_EB Skincare Item 871,Health & Beauty,Skincare,Brand_EB,30.82,97.22,2.31,SUPP_023,10,20,4
SKU_00872,Brand_DA Accessories Item 872,Electronics,Accessories,Brand_DA,300.03,433.56,2.98,SUPP_012,21,65,9
SKU_00873,Brand_JE Oral Care Item 873,Health & Beauty,Oral Care,Brand_JE,18.89,47.8,0.36,SUPP_019,14,77,12
SKU_00874,Brand_GA Packaged Foods Item 874,Groceries & Essentials,Packaged Foods,Brand_GA,11.73,15.67,0.87,SUPP_042,6,13,3
SKU_00875,Brand_DD Fitness Gear Item 875,Sports & Outdoors,Fitness Gear,Brand_DD,30.47,50.93,2.09,SUPP_049,17,69,10
SKU_00876,Brand_DD Men's Wear Item 876,Apparel,Men's Wear,Brand_DD,11.7,25.06,0.64,SUPP_031,22,46,6
SKU_00877,Brand_FC Men's Wear Item 877,Apparel,Men's Wear,Brand_FC,55.91,96.52,1.55,SUPP_013,11,92,16
SKU_00878,Brand_HC Snacks Item 878,Groceries & Essentials,Snacks,Brand_HC,16.41,23.14,0.15,SUPP_032,3,7,2
SKU_00879,Brand_BE Footwear Item 879,Apparel,Footwear,Brand_BE,92.4,168.53,0.77,SUPP_047,25,72,9
SKU_00880,Brand_AC Cookware Item 880,Home & Kitchen,Cookware,Brand_AC,133.69,233.2,1.12,SUPP_029,28,40,5
SKU_00881,Brand_DC Accessories Item 881,Electronics,Accessories,Brand_DC,137.81,224.49,3.04,SUPP_030,14,59,9
SKU_00882,Brand_HA Men's Wear Item 882,Apparel,Men's Wear,Brand_HA,74.14,146.6,3.6,SUPP_017,21,457,58
SKU_00883,Brand_JB Footwear Item 883,Apparel,Footwear,Brand_JB,20.72,41.02,3.73,SUPP_046,17,25,4
SKU_00884,Brand_EA Vitamins & Supplements Item 884,Health & Beauty,Vitamins & Supplements,Brand_EA,43.77,106.07,1.7,SUPP_020,8,36,7
SKU_00885,Brand_HC Bedding Item 885,Home & Kitchen,Bedding,Brand_HC,18.31,32.44,0.31,SUPP_042,25,67,8
SKU_00886,Brand_AB Wearables Item 886,Electronics,Wearables,Brand_AB,237.23,344.38,1.45,SUPP_010,20,89,12
SKU_00887,Brand_DB Audio Item 887,Electronics,Audio,Brand_DB,52.38,74.38,3.31,SUPP_024,22,135,17
SKU_00888,Brand_BC Footwear Item 888,Apparel,Footwear,Brand_BC,34.28,90.65,1.64,SUPP_003,30,60,7
SKU_00889,Brand_GC Men's Wear Item 889,Apparel,Men's Wear,Brand_GC,75.69,172.22,0.63,SUPP_030,23,229,28
SKU_00890,Brand_IB Cosmetics Item 890,Health & Beauty,Cosmetics,Brand_IB,27.95,71.79,2.94,SUPP_046,16,44,7
SKU_00891,Brand_ED Cookware Item 891,Home & Kitchen,Cookware,Brand_ED,30.71,56.59,4.2,SUPP_019,20,44,6
SKU_00892,Brand_EE Household Supplies Item 892,Groceries & Essentials,Household Supplies,Brand_EE,7.75,9.19,4.5,SUPP_008,3,7,2
SKU_00893,Brand_DC Wearables Item 893,Electronics,Wearables,Brand_DC,173.23,305.16,0.74,SUPP_047,21,38,5
SKU_00894,Brand_JD Storage & Org Item 894,Home & Kitchen,Storage & Org,Brand_JD,112.51,194.02,0.81,SUPP_005,9,70,13
SKU_00895,Brand_HB Wearables Item 895,Electronics,Wearables,Brand_HB,15.58,21.74,1.5,SUPP_003,22,40,5
SKU_00896,Brand_DB Smart Home Item 896,Electronics,Smart Home,Brand_DB,231.81,336.91,3.04,SUPP_038,19,72,10
SKU_00897,Brand_ID Packaged Foods Item 897,Groceries & Essentials,Packaged Foods,Brand_ID,24.4,28.72,0.11,SUPP_046,11,23,4
SKU_00898,Brand_IE Beverages Item 898,Groceries & Essentials,Beverages,Brand_IE,26.13,39.2,8.72,SUPP_044,7,63,13
SKU_00899,Brand_EE Accessories Item 899,Apparel,Accessories,Brand_EE,67.79,120.54,4.15,SUPP_011,12,65,11
SKU_00900,Brand_DB Audio Item 900,Electronics,Audio,Brand_DB,122.48,209.69,0.64,SUPP_025,25,72,9
SKU_00901,Brand_DA Snacks Item 901,Groceries & Essentials,Snacks,Brand_DA,16.14,21.84,0.88,SUPP_033,11,156,26
SKU_00902,Brand_DA Personal Care Item 902,Groceries & Essentials,Personal Care,Brand_DA,22.37,29.44,0.72,SUPP_014,10,32,6
SKU_00903,Brand_EC Smart Home Item 903,Electronics,Smart Home,Brand_EC,15.54,20.83,5.52,SUPP_049,16,106,15
SKU_00904,Brand_JD Audio Item 904,Electronics,Audio,Brand_JD,229.56,336.16,2.27,SUPP_026,21,59,8
SKU_00905,Brand_ED Footwear Item 905,Apparel,Footwear,Brand_ED,54.28,121.87,0.66,SUPP_045,18,757,102
SKU_00906,Brand_AA Personal Care Item 906,Groceries & Essentials,Personal Care,Brand_AA,3.41,4.33,0.68,SUPP_017,4,20,5
SKU_00907,Brand_CD Sportswear Item 907,Apparel,Sportswear,Brand_CD,99.04,179.36,0.66,SUPP_044,16,20,3
SKU_00908,Brand_HD Accessories Item 908,Apparel,Accessories,Brand_HD,49.27,133.02,0.89,SUPP_028,24,38,5
SKU_00909,Brand_AD Home Decor Item 909,Home & Kitchen,Home Decor,Brand_AD,13.2,25.8,1.37,SUPP_047,19,29,4
SKU_00910,Brand_FA Packaged Foods Item 910,Groceries & Essentials,Packaged Foods,Brand_FA,29.29,35.04,1.08,SUPP_030,4,64,16
SKU_00911,Brand_BC Women's Wear Item 911,Apparel,Women's Wear,Brand_BC,41.13,100.56,0.11,SUPP_006,20,167,22
SKU_00912,Brand_CC Beverages Item 912,Groceries & Essentials,Beverages,Brand_CC,22.96,30.39,1.37,SUPP_003,4,59,15
SKU_00913,Brand_EA Small Appliances Item 913,Home & Kitchen,Small Appliances,Brand_EA,43.32,83.49,0.51,SUPP_033,27,247,28
SKU_00914,Brand_IC Footwear Item 914,Apparel,Footwear,Brand_IC,71.18,134.8,2.1,SUPP_015,15,39,6
SKU_00915,Brand_BD Packaged Foods Item 915,Groceries & Essentials,Packaged Foods,Brand_BD,3.19,4.71,1.02,SUPP_032,14,29,5
SKU_00916,Brand_CB Vitamins & Supplements Item 916,Health & Beauty,Vitamins & Supplements,Brand_CB,45.21,98.08,0.26,SUPP_019,17,592,82
SKU_00917,Brand_HA Home Decor Item 917,Home & Kitchen,Home Decor,Brand_HA,39.89,87.93,0.32,SUPP_042,10,20,4
SKU_00918,Brand_EE Outdoor Recreation Item 918,Sports & Outdoors,Outdoor Recreation,Brand_EE,51.89,100.35,0.28,SUPP_049,27,80,9
SKU_00919,Brand_AD Smart Home Item 919,Electronics,Smart Home,Brand_AD,74.02,112.68,0.56,SUPP_041,25,58,7
SKU_00920,Brand_HC Accessories Item 920,Electronics,Accessories,Brand_HC,285.56,413.06,1.11,SUPP_014,13,76,12
SKU_00921,Brand_EC Snacks Item 921,Groceries & Essentials,Snacks,Brand_EC,3.76,5.53,2.38,SUPP_048,13,47,8
SKU_00922,Brand_BB Home Decor Item 922,Home & Kitchen,Home Decor,Brand_BB,64.51,141.67,0.97,SUPP_027,19,347,46
SKU_00923,Brand_BD Accessories Item 923,Apparel,Accessories,Brand_BD,11.07,30.48,0.93,SUPP_042,25,33,4
SKU_00924,Brand_BD Bedding Item 924,Home & Kitchen,Bedding,Brand_BD,61.07,98.28,1.89,SUPP_031,20,86,11
SKU_00925,Brand_JE Personal Care Item 925,Groceries & Essentials,Personal Care,Brand_JE,12.26,14.59,1.76,SUPP_024,12,21,4
SKU_00926,Brand_AA Men's Wear Item 926,Apparel,Men's Wear,Brand_AA,21.16,56.57,0.68,SUPP_043,26,33,4
SKU_00927,Brand_CC Computers Item 927,Electronics,Computers,Brand_CC,90.05,126.49,1.76,SUPP_009,19,42,6
SKU_00928,Brand_JB Small Appliances Item 928,Home & Kitchen,Small Appliances,Brand_JB,56.8,102.7,0.76,SUPP_027,11,18,3
SKU_00929,Brand_JC Accessories Item 929,Electronics,Accessories,Brand_JC,272.87,395.63,0.25,SUPP_010,7,278,56
SKU_00930,Brand_FA Cookware Item 930,Home & Kitchen,Cookware,Brand_FA,22.97,43.72,0.45,SUPP_013,23,270,33
SKU_00931,Brand_CB Fitness Gear Item 931,Sports & Outdoors,Fitness Gear,Brand_CB,199.13,337.22,0.2,SUPP_005,10,17,3
SKU_00932,Brand_DD Fitness Gear Item 932,Sports & Outdoors,Fitness Gear,Brand_DD,78.37,136.98,0.31,SUPP_043,23,45,6
SKU_00933,Brand_DE Cosmetics Item 933,Health & Beauty,Cosmetics,Brand_DE,48.02,100.96,2.44,SUPP_050,9,171,31
SKU_00934,Brand_DE Packaged Foods Item 934,Groceries & Essentials,Packaged Foods,Brand_DE,20.26,30.91,1.5,SUPP_038,4,14,4
SKU_00935,Brand_DB Cycling Item 935,Sports & Outdoors,Cycling,Brand_DB,98.69,149.89,2.62,SUPP_025,19,82,11
SKU_00936,Brand_JA Sportswear Item 936,Apparel,Sportswear,Brand_JA,18.52,48.16,4.38,SUPP_031,30,41,5
SKU_00937,Brand_FB Cycling Item 937,Sports & Outdoors,Cycling,Brand_FB,99.05,193.76,0.86,SUPP_025,26,79,9
SKU_00938,Brand_HC Men's Wear Item 938,Apparel,Men's Wear,Brand_HC,50.91,125.49,1.32,SUPP_022,23,30,4
SKU_00939,Brand_FA Household Supplies Item 939,Groceries & Essentials,Household Supplies,Brand_FA,25.54,31.35,1.99,SUPP_036,9,83,15
SKU_00940,Brand_ID Cookware Item 940,Home & Kitchen,Cookware,Brand_ID,63.32,103.62,2.07,SUPP_036,27,79,9
SKU_00941,Brand_DA Household Supplies Item 941,Groceries & Essentials,Household Supplies,Brand_DA,23.88,32.0,0.63,SUPP_016,12,27,5
SKU_00942,Brand_FE Footwear Item 942,Apparel,Footwear,Brand_FE,64.08,110.92,0.95,SUPP_013,17,102,14
SKU_00943,Brand_JE Haircare Item 943,Health & Beauty,Haircare,Brand_JE,22.68,43.1,5.69,SUPP_050,5,13,3
SKU_00944,Brand_JC Small Appliances Item 944,Home & Kitchen,Small Appliances,Brand_JC,82.48,138.78,0.2,SUPP_046,25,38,5
SKU_00945,Brand_JD Smart Home Item 945,Electronics,Smart Home,Brand_JD,26.64,43.54,1.37,SUPP_009,11,42,7
SKU_00946,Brand_ED Packaged Foods Item 946,Groceries & Essentials,Packaged Foods,Brand_ED,4.81,6.3,0.76,SUPP_017,3,26,7
SKU_00947,Brand_IC Snacks Item 947,Groceries & Essentials,Snacks,Brand_IC,8.52,10.23,1.98,SUPP_003,10,29,5
SKU_00948,Brand_AD Sportswear Item 948,Apparel,Sportswear,Brand_AD,15.1,28.9,1.73,SUPP_015,27,47,6
SKU_00949,Brand_GA Women's Wear Item 949,Apparel,Women's Wear,Brand_GA,72.18,153.62,3.06,SUPP_044,10,14,3
SKU_00950,Brand_AD Haircare Item 950,Health & Beauty,Haircare,Brand_AD,8.28,21.3,0.72,SUPP_049,7,58,12
SKU_00951,Brand_EA Home Decor Item 951,Home & Kitchen,Home Decor,Brand_EA,20.57,37.91,0.96,SUPP_037,9,43,8
SKU_00952,Brand_JB Household Supplies Item 952,Groceries & Essentials,Household Supplies,Brand_JB,15.86,19.7,0.55,SUPP_003,3,28,8
SKU_00953,Brand_CD Packaged Foods Item 953,Groceries & Essentials,Packaged Foods,Brand_CD,14.21,18.37,2.82,SUPP_044,9,70,13
SKU_00954,Brand_FD Cookware Item 954,Home & Kitchen,Cookware,Brand_FD,9.14,19.21,1.18,SUPP_005,20,95,13
SKU_00955,Brand_IA Haircare Item 955,Health & Beauty,Haircare,Brand_IA,3.64,6.91,0.18,SUPP_031,21,56,7
SKU_00956,Brand_GC Household Supplies Item 956,Groceries & Essentials,Household Supplies,Brand_GC,13.41,20.39,1.47,SUPP_034,14,178,27
SKU_00957,Brand_EC Oral Care Item 957,Health & Beauty,Oral Care,Brand_EC,18.37,36.97,1.49,SUPP_030,5,44,10
SKU_00958,Brand_AD Sportswear Item 958,Apparel,Sportswear,Brand_AD,93.03,175.21,2.46,SUPP_034,10,27,5
SKU_00959,Brand_GC Women's Wear Item 959,Apparel,Women's Wear,Brand_GC,23.52,43.24,1.12,SUPP_033,27,182,21
SKU_00960,Brand_AA Sportswear Item 960,Apparel,Sportswear,Brand_AA,74.56,143.7,2.02,SUPP_042,19,65,9
SKU_00961,Brand_AC Small Appliances Item 961,Home & Kitchen,Small Appliances,Brand_AC,81.34,150.49,1.63,SUPP_034,13,26,4
SKU_00962,Brand_JB Men's Wear Item 962,Apparel,Men's Wear,Brand_JB,37.44,96.03,1.91,SUPP_022,16,28,4
SKU_00963,Brand_BD Oral Care Item 963,Health & Beauty,Oral Care,Brand_BD,14.9,27.87,1.44,SUPP_025,14,78,12
SKU_00964,Brand_EE Fitness Gear Item 964,Sports & Outdoors,Fitness Gear,Brand_EE,191.45,330.51,0.27,SUPP_038,27,67,8
SKU_00965,Brand_GA Cookware Item 965,Home & Kitchen,Cookware,Brand_GA,72.19,117.9,1.16,SUPP_037,28,96,11
SKU_00966,Brand_HB Vitamins & Supplements Item 966,Health & Beauty,Vitamins & Supplements,Brand_HB,21.86,45.85,0.85,SUPP_032,15,171,25
SKU_00967,Brand_EB Wearables Item 967,Electronics,Wearables,Brand_EB,112.09,174.72,0.34,SUPP_034,16,34,5
SKU_00968,Brand_FB Personal Care Item 968,Groceries & Essentials,Personal Care,Brand_FB,21.91,32.86,1.93,SUPP_028,5,15,4
SKU_00969,Brand_FB Audio Item 969,Electronics,Audio,Brand_FB,153.42,227.82,0.48,SUPP_017,7,12,3
SKU_00970,Brand_DA Accessories Item 970,Apparel,Accessories,Brand_DA,67.93,179.59,2.59,SUPP_018,17,21,3
SKU_00971,Brand_HE Team Sports Item 971,Sports & Outdoors,Team Sports,Brand_HE,43.32,74.19,3.62,SUPP_019,27,197,23
SKU_00972,Brand_BB Skincare Item 972,Health & Beauty,Skincare,Brand_BB,21.07,41.7,3.58,SUPP_014,10,31,6
SKU_00973,Brand_DA Computers Item 973,Electronics,Computers,Brand_DA,188.3,338.82,0.96,SUPP_012,14,64,10
SKU_00974,Brand_GE Smart Home Item 974,Electronics,Smart Home,Brand_GE,147.74,238.34,3.41,SUPP_033,15,39,6
SKU_00975,Brand_HA Smart Home Item 975,Electronics,Smart Home,Brand_HA,189.99,277.4,6.27,SUPP_045,20,179,23
SKU_00976,Brand_IE Outdoor Recreation Item 976,Sports & Outdoors,Outdoor Recreation,Brand_IE,105.08,201.6,5.59,SUPP_023,18,49,7
SKU_00977,Brand_EB Accessories Item 977,Apparel,Accessories,Brand_EB,54.14,98.45,0.68,SUPP_017,11,69,12
SKU_00978,Brand_EB Smart Home Item 978,Electronics,Smart Home,Brand_EB,220.84,368.36,2.2,SUPP_043,10,16,3
SKU_00979,Brand_BB Cookware Item 979,Home & Kitchen,Cookware,Brand_BB,78.69,159.15,1.14,SUPP_023,15,68,10
SKU_00980,Brand_AB Computers Item 980,Electronics,Computers,Brand_AB,268.44,393.87,2.3,SUPP_010,19,41,6
SKU_00981,Brand_HA Outdoor Recreation Item 981,Sports & Outdoors,Outdoor Recreation,Brand_HA,195.3,327.98,0.62,SUPP_026,10,15,3
SKU_00982,Brand_GE Cycling Item 982,Sports & Outdoors,Cycling,Brand_GE,120.32,176.61,2.29,SUPP_015,20,33,5
SKU_00983,Brand_FD Beverages Item 983,Groceries & Essentials,Beverages,Brand_FD,27.84,33.88,3.31,SUPP_010,13,171,27
SKU_00984,Brand_IE Storage & Org Item 984,Home & Kitchen,Storage & Org,Brand_IE,134.59,225.41,1.96,SUPP_026,11,63,11
SKU_00985,Brand_HD Personal Care Item 985,Groceries & Essentials,Personal Care,Brand_HD,18.17,26.05,1.26,SUPP_019,11,15,3
SKU_00986,Brand_JA Sportswear Item 986,Apparel,Sportswear,Brand_JA,8.73,24.16,0.48,SUPP_010,11,30,5
SKU_00987,Brand_DD Outdoor Recreation Item 987,Sports & Outdoors,Outdoor Recreation,Brand_DD,9.24,16.79,3.6,SUPP_001,17,23,4
SKU_00988,Brand_IC Beverages Item 988,Groceries & Essentials,Beverages,Brand_IC,6.67,10.13,0.83,SUPP_008,4,7,2
SKU_00989,Brand_FA Household Supplies Item 989,Groceries & Essentials,Household Supplies,Brand_FA,25.67,30.77,1.49,SUPP_019,7,13,3
SKU_00990,Brand_GB Vitamins & Supplements Item 990,Health & Beauty,Vitamins & Supplements,Brand_GB,37.7,74.34,2.13,SUPP_050,6,75,16
SKU_00991,Brand_BD Wearables Item 991,Electronics,Wearables,Brand_BD,47.05,70.76,0.53,SUPP_036,20,38,5
SKU_00992,Brand_DA Haircare Item 992,Health & Beauty,Haircare,Brand_DA,6.18,15.23,4.23,SUPP_015,11,46,8
SKU_00993,Brand_CC Footwear Item 993,Apparel,Footwear,Brand_CC,33.25,68.91,3.03,SUPP_047,25,283,33
SKU_00994,Brand_DD Women's Wear Item 994,Apparel,Women's Wear,Brand_DD,55.21,146.96,1.2,SUPP_037,11,47,8
SKU_00995,Brand_JB Sportswear Item 995,Apparel,Sportswear,Brand_JB,30.67,61.33,2.97,SUPP_040,22,28,4
SKU_00996,Brand_GC Packaged Foods Item 996,Groceries & Essentials,Packaged Foods,Brand_GC,18.67,28.15,0.44,SUPP_004,14,184,28
SKU_00997,Brand_EC Wearables Item 997,Electronics,Wearables,Brand_EC,22.81,31.45,6.54,SUPP_033,19,41,6
SKU_00998,Brand_FC Sportswear Item 998,Apparel,Sportswear,Brand_FC,37.75,97.08,0.51,SUPP_030,16,21,3
SKU_00999,Brand_EE Audio Item 999,Electronics,Audio,Brand_EE,167.44,239.44,4.33,SUPP_031,17,60,9
SKU_01000,Brand_GD Men's Wear Item 1000,Apparel,Men's Wear,Brand_GD,60.9,132.16,2.99,SUPP_039,21,285,36
SKU_01001,Brand_AD Men's Wear Item 1001,Apparel,Men's Wear,Brand_AD,45.54,80.08,2.62,SUPP_025,15,50,8
SKU_01002,Brand_HB Storage & Org Item 1002,Home & Kitchen,Storage & Org,Brand_HB,100.94,176.05,3.15,SUPP_022,9,26,5
SKU_01003,Brand_JB Accessories Item 1003,Electronics,Accessories,Brand_JB,164.76,282.33,1.12,SUPP_013,13,144,23
SKU_01004,Brand_IA Accessories Item 1004,Electronics,Accessories,Brand_IA,247.85,358.76,1.13,SUPP_007,8,31,6
SKU_01005,Brand_IC Beverages Item 1005,Groceries & Essentials,Beverages,Brand_IC,15.76,19.9,0.12,SUPP_043,10,43,8
SKU_01006,Brand_BE Sportswear Item 1006,Apparel,Sportswear,Brand_BE,35.79,70.1,0.11,SUPP_050,17,101,14
SKU_01007,Brand_DB Storage & Org Item 1007,Home & Kitchen,Storage & Org,Brand_DB,141.74,219.1,0.96,SUPP_002,28,114,13
SKU_01008,Brand_CA Accessories Item 1008,Electronics,Accessories,Brand_CA,145.45,254.09,0.27,SUPP_026,9,17,3
SKU_01009,Brand_JC Accessories Item 1009,Apparel,Accessories,Brand_JC,80.05,150.69,0.22,SUPP_048,22,65,8
SKU_01010,Brand_HC Oral Care Item 1010,Health & Beauty,Oral Care,Brand_HC,22.98,51.5,0.89,SUPP_009,5,11,3
SKU_01011,Brand_ID Accessories Item 1011,Apparel,Accessories,Brand_ID,101.38,178.67,2.48,SUPP_001,24,155,19
SKU_01012,Brand_AC Storage & Org Item 1012,Home & Kitchen,Storage & Org,Brand_AC,14.18,21.83,0.52,SUPP_015,19,28,4
SKU_01013,Brand_BB Beverages Item 1013,Groceries & Essentials,Beverages,Brand_BB,36.91,43.81,0.67,SUPP_012,3,7,2
SKU_01014,Brand_JB Vitamins & Supplements Item 1014,Health & Beauty,Vitamins & Supplements,Brand_JB,8.7,25.25,2.3,SUPP_040,17,372,52
SKU_01015,Brand_DD Audio Item 1015,Electronics,Audio,Brand_DD,182.82,269.59,1.07,SUPP_013,22,89,11
SKU_01016,Brand_DB Skincare Item 1016,Health & Beauty,Skincare,Brand_DB,33.58,109.1,7.32,SUPP_049,14,177,27
SKU_01017,Brand_DD Sportswear Item 1017,Apparel,Sportswear,Brand_DD,10.78,25.27,2.4,SUPP_007,15,50,8
SKU_01018,Brand_BB Home Decor Item 1018,Home & Kitchen,Home Decor,Brand_BB,34.11,68.58,1.42,SUPP_030,26,615,71
SKU_01019,Brand_AE Cosmetics Item 1019,Health & Beauty,Cosmetics,Brand_AE,33.7,84.47,4.22,SUPP_029,9,235,43
SKU_01020,Brand_IC Packaged Foods Item 1020,Groceries & Essentials,Packaged Foods,Brand_IC,6.01,9.03,2.22,SUPP_007,12,25,4
SKU_01021,Brand_FD Oral Care Item 1021,Health & Beauty,Oral Care,Brand_FD,41.82,84.47,0.97,SUPP_035,14,31,5
SKU_01022,Brand_BC Oral Care Item 1022,Health & Beauty,Oral Care,Brand_BC,8.18,21.62,3.77,SUPP_029,15,33,5
SKU_01023,Brand_AC Accessories Item 1023,Electronics,Accessories,Brand_AC,88.45,127.9,1.93,SUPP_016,24,109,13
SKU_01024,Brand_EC Accessories Item 1024,Electronics,Accessories,Brand_EC,272.25,372.17,1.78,SUPP_048,8,64,12
SKU_01025,Brand_HA Household Supplies Item 1025,Groceries & Essentials,Household Supplies,Brand_HA,19.0,24.69,0.64,SUPP_035,8,34,7
SKU_01026,Brand_IB Household Supplies Item 1026,Groceries & Essentials,Household Supplies,Brand_IB,10.27,13.12,1.43,SUPP_010,11,22,4
SKU_01027,Brand_DE Household Supplies Item 1027,Groceries & Essentials,Household Supplies,Brand_DE,31.36,37.42,1.52,SUPP_008,5,11,3
SKU_01028,Brand_JA Computers Item 1028,Electronics,Computers,Brand_JA,77.03,133.05,0.74,SUPP_003,18,24,4
SKU_01029,Brand_JE Snacks Item 1029,Groceries & Essentials,Snacks,Brand_JE,24.67,32.47,0.26,SUPP_026,5,17,4
SKU_01030,Brand_DD Cookware Item 1030,Home & Kitchen,Cookware,Brand_DD,83.91,179.41,1.69,SUPP_025,7,18,4
SKU_01031,Brand_EE Accessories Item 1031,Apparel,Accessories,Brand_EE,46.29,104.71,0.55,SUPP_022,24,39,5
SKU_01032,Brand_AB Fitness Gear Item 1032,Sports & Outdoors,Fitness Gear,Brand_AB,77.3,126.68,1.37,SUPP_007,11,18,3
SKU_01033,Brand_EC Bedding Item 1033,Home & Kitchen,Bedding,Brand_EC,36.96,69.99,1.42,SUPP_041,21,254,32
SKU_01034,Brand_DB Camping Item 1034,Sports & Outdoors,Camping,Brand_DB,136.87,262.5,0.99,SUPP_009,28,400,45
SKU_01035,Brand_DA Bedding Item 1035,Home & Kitchen,Bedding,Brand_DA,38.86,67.53,0.49,SUPP_004,12,19,3
SKU_01036,Brand_BE Footwear Item 1036,Apparel,Footwear,Brand_BE,21.34,53.59,2.26,SUPP_001,17,261,36
SKU_01037,Brand_HA Haircare Item 1037,Health & Beauty,Haircare,Brand_HA,29.33,77.44,0.3,SUPP_002,15,19,3
SKU_01038,Brand_DD Personal Care Item 1038,Groceries & Essentials,Personal Care,Brand_DD,26.91,33.57,0.38,SUPP_002,11,72,12
SKU_01039,Brand_CA Team Sports Item 1039,Sports & Outdoors,Team Sports,Brand_CA,150.81,234.41,0.1,SUPP_039,22,43,6
SKU_01040,Brand_GD Cosmetics Item 1040,Health & Beauty,Cosmetics,Brand_GD,28.95,70.65,1.07,SUPP_009,9,21,4
SKU_01041,Brand_EB Household Supplies Item 1041,Groceries & Essentials,Household Supplies,Brand_EB,12.17,14.73,1.92,SUPP_027,5,8,2
SKU_01042,Brand_BA Household Supplies Item 1042,Groceries & Essentials,Household Supplies,Brand_BA,9.82,13.22,2.7,SUPP_047,10,102,18
SKU_01043,Brand_GE Smart Home Item 1043,Electronics,Smart Home,Brand_GE,285.14,393.42,1.8,SUPP_010,25,37,5
SKU_01044,Brand_DB Beverages Item 1044,Groceries & Essentials,Beverages,Brand_DB,5.4,6.38,2.56,SUPP_047,5,157,36
SKU_01045,Brand_DC Personal Care Item 1045,Groceries & Essentials,Personal Care,Brand_DC,18.31,23.17,1.62,SUPP_026,8,210,40
SKU_01046,Brand_EA Footwear Item 1046,Apparel,Footwear,Brand_EA,16.7,27.92,0.35,SUPP_024,28,49,6
SKU_01047,Brand_GC Sportswear Item 1047,Apparel,Sportswear,Brand_GC,23.95,46.39,0.7,SUPP_007,15,38,6
SKU_01048,Brand_JD Women's Wear Item 1048,Apparel,Women's Wear,Brand_JD,63.3,139.3,1.85,SUPP_016,25,33,4
SKU_01049,Brand_GC Footwear Item 1049,Apparel,Footwear,Brand_GC,15.27,30.63,2.31,SUPP_018,26,39,5
SKU_01050,Brand_HD Accessories Item 1050,Electronics,Accessories,Brand_HD,203.64,367.71,4.02,SUPP_010,18,43,6
SKU_01051,Brand_JB Packaged Foods Item 1051,Groceries & Essentials,Packaged Foods,Brand_JB,22.17,33.38,2.55,SUPP_012,4,7,2
SKU_01052,Brand_FA Skincare Item 1052,Health & Beauty,Skincare,Brand_FA,22.14,72.31,2.25,SUPP_035,10,14,3
SKU_01053,Brand_FD Men's Wear Item 1053,Apparel,Men's Wear,Brand_FD,44.16,104.07,2.46,SUPP_032,13,18,3
SKU_01054,Brand_JE Accessories Item 1054,Electronics,Accessories,Brand_JE,219.38,332.73,1.83,SUPP_024,9,17,3
SKU_01055,Brand_EC Packaged Foods Item 1055,Groceries & Essentials,Packaged Foods,Brand_EC,37.38,44.09,1.56,SUPP_028,3,174,48
SKU_01056,Brand_HE Audio Item 1056,Electronics,Audio,Brand_HE,166.72,281.96,0.23,SUPP_007,18,22,3
SKU_01057,Brand_HD Haircare Item 1057,Health & Beauty,Haircare,Brand_HD,18.91,47.62,1.89,SUPP_012,18,55,8
SKU_01058,Brand_BD Computers Item 1058,Electronics,Computers,Brand_BD,218.95,337.86,0.92,SUPP_036,15,59,9
SKU_01059,Brand_BB Audio Item 1059,Electronics,Audio,Brand_BB,193.7,329.47,2.49,SUPP_016,18,183,25
SKU_01060,Brand_EA Home Decor Item 1060,Home & Kitchen,Home Decor,Brand_EA,56.64,114.87,0.25,SUPP_010,11,67,11
SKU_01061,Brand_HE Vitamins & Supplements Item 1061,Health & Beauty,Vitamins & Supplements,Brand_HE,16.18,29.69,1.08,SUPP_002,19,29,4
SKU_01062,Brand_DD Packaged Foods Item 1062,Groceries & Essentials,Packaged Foods,Brand_DD,15.18,20.28,1.07,SUPP_016,4,20,5
SKU_01063,Brand_EC Vitamins & Supplements Item 1063,Health & Beauty,Vitamins & Supplements,Brand_EC,38.09,104.83,3.03,SUPP_003,11,20,4
SKU_01064,Brand_JA Men's Wear Item 1064,Apparel,Men's Wear,Brand_JA,9.02,22.92,0.3,SUPP_037,21,71,9
SKU_01065,Brand_CD Oral Care Item 1065,Health & Beauty,Oral Care,Brand_CD,31.78,70.56,0.6,SUPP_045,15,34,5
SKU_01066,Brand_IC Snacks Item 1066,Groceries & Essentials,Snacks,Brand_IC,21.22,26.07,1.05,SUPP_048,7,68,14
SKU_01067,Brand_BC Wearables Item 1067,Electronics,Wearables,Brand_BC,38.21,57.66,5.02,SUPP_007,15,46,7
SKU_01068,Brand_IC Storage & Org Item 1068,Home & Kitchen,Storage & Org,Brand_IC,87.9,137.41,0.36,SUPP_041,22,40,5
SKU_01069,Brand_AD Household Supplies Item 1069,Groceries & Essentials,Household Supplies,Brand_AD,19.8,30.16,3.08,SUPP_034,9,15,3
SKU_01070,Brand_GA Wearables Item 1070,Electronics,Wearables,Brand_GA,179.45,279.35,1.05,SUPP_030,8,15,3
SKU_01071,Brand_HD Footwear Item 1071,Apparel,Footwear,Brand_HD,35.94,69.24,1.43,SUPP_008,21,149,19
SKU_01072,Brand_FC Personal Care Item 1072,Groceries & Essentials,Personal Care,Brand_FC,23.12,27.79,1.5,SUPP_013,8,161,31
SKU_01073,Brand_BD Storage & Org Item 1073,Home & Kitchen,Storage & Org,Brand_BD,95.23,178.99,1.0,SUPP_048,22,342,43
SKU_01074,Brand_IE Snacks Item 1074,Groceries & Essentials,Snacks,Brand_IE,12.06,17.65,2.95,SUPP_026,7,15,3
SKU_01075,Brand_AA Packaged Foods Item 1075,Groceries & Essentials,Packaged Foods,Brand_AA,34.46,44.18,1.0,SUPP_004,14,220,33
SKU_01076,Brand_DA Vitamins & Supplements Item 1076,Health & Beauty,Vitamins & Supplements,Brand_DA,9.39,23.08,0.54,SUPP_041,19,50,7
SKU_01077,Brand_AE Storage & Org Item 1077,Home & Kitchen,Storage & Org,Brand_AE,52.45,84.07,0.43,SUPP_013,17,22,3
SKU_01078,Brand_CD Sportswear Item 1078,Apparel,Sportswear,Brand_CD,52.09,87.62,1.64,SUPP_045,24,32,4
SKU_01079,Brand_IA Small Appliances Item 1079,Home & Kitchen,Small Appliances,Brand_IA,67.48,109.89,1.85,SUPP_028,20,524,68
SKU_01080,Brand_DA Men's Wear Item 1080,Apparel,Men's Wear,Brand_DA,71.49,125.15,1.88,SUPP_018,22,300,37
SKU_01081,Brand_GE Audio Item 1081,Electronics,Audio,Brand_GE,294.95,431.21,5.01,SUPP_024,14,29,5
SKU_01082,Brand_FE Vitamins & Supplements Item 1082,Health & Beauty,Vitamins & Supplements,Brand_FE,16.37,41.21,5.09,SUPP_039,5,8,2
SKU_01083,Brand_IE Wearables Item 1083,Electronics,Wearables,Brand_IE,202.04,328.75,1.21,SUPP_040,13,209,33
SKU_01084,Brand_BD Computers Item 1084,Electronics,Computers,Brand_BD,254.76,420.48,2.28,SUPP_024,13,76,12
SKU_01085,Brand_CB Accessories Item 1085,Electronics,Accessories,Brand_CB,265.69,367.48,1.05,SUPP_036,7,168,34
SKU_01086,Brand_GC Team Sports Item 1086,Sports & Outdoors,Team Sports,Brand_GC,11.82,22.46,1.31,SUPP_007,25,481,56
SKU_01087,Brand_BA Smart Home Item 1087,Electronics,Smart Home,Brand_BA,44.48,65.61,5.27,SUPP_029,23,38,5
SKU_01088,Brand_HD Bedding Item 1088,Home & Kitchen,Bedding,Brand_HD,25.89,45.64,1.09,SUPP_005,9,27,5
SKU_01089,Brand_CB Vitamins & Supplements Item 1089,Health & Beauty,Vitamins & Supplements,Brand_CB,42.58,81.4,1.1,SUPP_021,12,34,6
SKU_01090,Brand_HE Small Appliances Item 1090,Home & Kitchen,Small Appliances,Brand_HE,147.57,228.29,1.32,SUPP_025,15,54,8
SKU_01091,Brand_CD Wearables Item 1091,Electronics,Wearables,Brand_CD,259.85,430.8,1.73,SUPP_004,11,18,3
SKU_01092,Brand_HC Cosmetics Item 1092,Health & Beauty,Cosmetics,Brand_HC,44.54,97.55,0.84,SUPP_016,16,302,43
SKU_01093,Brand_JD Camping Item 1093,Sports & Outdoors,Camping,Brand_JD,35.58,70.96,1.34,SUPP_021,19,71,10
SKU_01094,Brand_IA Small Appliances Item 1094,Home & Kitchen,Small Appliances,Brand_IA,79.32,167.48,1.1,SUPP_009,13,19,3
SKU_01095,Brand_CA Household Supplies Item 1095,Groceries & Essentials,Household Supplies,Brand_CA,32.72,42.99,0.39,SUPP_041,4,10,3
SKU_01096,Brand_DC Camping Item 1096,Sports & Outdoors,Camping,Brand_DC,89.68,130.41,0.57,SUPP_044,28,58,7
SKU_01097,Brand_DB Audio Item 1097,Electronics,Audio,Brand_DB,208.18,352.55,1.26,SUPP_023,9,74,14
SKU_01098,Brand_ED Wearables Item 1098,Electronics,Wearables,Brand_ED,224.57,300.12,4.04,SUPP_031,7,18,4
SKU_01099,Brand_JB Packaged Foods Item 1099,Groceries & Essentials,Packaged Foods,Brand_JB,16.53,23.63,2.7,SUPP_026,10,29,5
SKU_01100,Brand_IA Packaged Foods Item 1100,Groceries & Essentials,Packaged Foods,Brand_IA,30.49,39.79,3.73,SUPP_010,3,14,4
SKU_01101,Brand_FA Cosmetics Item 1101,Health & Beauty,Cosmetics,Brand_FA,25.02,64.31,0.26,SUPP_027,15,55,8
SKU_01102,Brand_GD Outdoor Recreation Item 1102,Sports & Outdoors,Outdoor Recreation,Brand_GD,56.87,107.8,0.6,SUPP_032,28,78,9
SKU_01103,Brand_GC Accessories Item 1103,Apparel,Accessories,Brand_GC,42.61,80.75,2.58,SUPP_038,12,175,28
SKU_01104,Brand_JB Packaged Foods Item 1104,Groceries & Essentials,Packaged Foods,Brand_JB,28.8,37.65,0.58,SUPP_026,11,38,7
SKU_01105,Brand_JC Household Supplies Item 1105,Groceries & Essentials,Household Supplies,Brand_JC,21.14,27.51,1.68,SUPP_007,14,37,6
SKU_01106,Brand_GD Women's Wear Item 1106,Apparel,Women's Wear,Brand_GD,40.71,87.42,0.44,SUPP_025,25,370,44
SKU_01107,Brand_BA Packaged Foods Item 1107,Groceries & Essentials,Packaged Foods,Brand_BA,3.01,4.01,1.31,SUPP_019,12,16,3
SKU_01108,Brand_JA Accessories Item 1108,Electronics,Accessories,Brand_JA,308.66,427.02,1.13,SUPP_019,8,11,2
SKU_01109,Brand_DD Accessories Item 1109,Electronics,Accessories,Brand_DD,53.32,79.55,3.62,SUPP_028,19,125,17
SKU_01110,Brand_JE Audio Item 1110,Electronics,Audio,Brand_JE,121.71,196.22,0.66,SUPP_028,13,23,4
SKU_01111,Brand_CB Beverages Item 1111,Groceries & Essentials,Beverages,Brand_CB,2.25,3.01,1.5,SUPP_002,5,8,2
SKU_01112,Brand_GE Cosmetics Item 1112,Health & Beauty,Cosmetics,Brand_GE,38.33,111.78,0.69,SUPP_017,5,12,3
SKU_01113,Brand_CE Packaged Foods Item 1113,Groceries & Essentials,Packaged Foods,Brand_CE,3.79,5.38,2.56,SUPP_022,14,72,11
SKU_01114,Brand_IB Vitamins & Supplements Item 1114,Health & Beauty,Vitamins & Supplements,Brand_IB,42.85,102.36,1.86,SUPP_019,9,96,18
SKU_01115,Brand_AB Oral Care Item 1115,Health & Beauty,Oral Care,Brand_AB,27.93,88.84,2.78,SUPP_031,21,37,5
SKU_01116,Brand_CA Sportswear Item 1116,Apparel,Sportswear,Brand_CA,15.02,37.7,1.17,SUPP_013,29,69,8
SKU_01117,Brand_AB Cycling Item 1117,Sports & Outdoors,Cycling,Brand_AB,26.24,45.09,1.47,SUPP_043,23,61,8
SKU_01118,Brand_CB Smart Home Item 1118,Electronics,Smart Home,Brand_CB,43.64,60.17,0.26,SUPP_036,8,47,9
SKU_01119,Brand_CD Men's Wear Item 1119,Apparel,Men's Wear,Brand_CD,66.81,172.92,0.49,SUPP_028,25,129,15
SKU_01120,Brand_GA Wearables Item 1120,Electronics,Wearables,Brand_GA,200.05,271.82,0.14,SUPP_026,20,66,9
SKU_01121,Brand_EB Vitamins & Supplements Item 1121,Health & Beauty,Vitamins & Supplements,Brand_EB,25.05,67.02,0.72,SUPP_012,9,18,4
SKU_01122,Brand_IB Home Decor Item 1122,Home & Kitchen,Home Decor,Brand_IB,126.99,215.89,1.71,SUPP_030,25,68,8
SKU_01123,Brand_GE Accessories Item 1123,Electronics,Accessories,Brand_GE,32.78,53.18,3.49,SUPP_031,23,70,9
SKU_01124,Brand_DE Personal Care Item 1124,Groceries & Essentials,Personal Care,Brand_DE,2.61,3.48,1.09,SUPP_048,12,36,6
SKU_01125,Brand_HD Home Decor Item 1125,Home & Kitchen,Home Decor,Brand_HD,71.18,142.52,0.6,SUPP_050,20,115,15
SKU_01126,Brand_DA Wearables Item 1126,Electronics,Wearables,Brand_DA,203.89,278.32,0.16,SUPP_045,18,77,11
SKU_01127,Brand_JB Small Appliances Item 1127,Home & Kitchen,Small Appliances,Brand_JB,47.64,85.37,0.51,SUPP_036,28,57,7
SKU_01128,Brand_DA Outdoor Recreation Item 1128,Sports & Outdoors,Outdoor Recreation,Brand_DA,85.48,144.12,2.87,SUPP_011,30,65,7
SKU_01129,Brand_HC Packaged Foods Item 1129,Groceries & Essentials,Packaged Foods,Brand_HC,35.85,42.6,1.15,SUPP_018,7,49,10
SKU_01130,Brand_CC Cookware Item 1130,Home & Kitchen,Cookware,Brand_CC,93.59,144.36,0.23,SUPP_034,10,55,10
SKU_01131,Brand_GB Outdoor Recreation Item 1131,Sports & Outdoors,Outdoor Recreation,Brand_GB,21.14,35.54,1.13,SUPP_021,26,118,14
SKU_01132,Brand_DD Household Supplies Item 1132,Groceries & Essentials,Household Supplies,Brand_DD,5.28,6.95,0.51,SUPP_028,12,102,17
SKU_01133,Brand_CD Packaged Foods Item 1133,Groceries & Essentials,Packaged Foods,Brand_CD,14.93,20.26,1.67,SUPP_021,9,39,7
SKU_01134,Brand_JB Home Decor Item 1134,Home & Kitchen,Home Decor,Brand_JB,5.14,11.05,0.28,SUPP_050,21,46,6
SKU_01135,Brand_CD Accessories Item 1135,Apparel,Accessories,Brand_CD,61.67,168.78,3.78,SUPP_049,24,157,19
SKU_01136,Brand_EE Home Decor Item 1136,Home & Kitchen,Home Decor,Brand_EE,64.89,105.84,0.85,SUPP_015,18,22,3
SKU_01137,Brand_BC Audio Item 1137,Electronics,Audio,Brand_BC,273.85,424.87,0.69,SUPP_014,8,93,18
SKU_01138,Brand_JE Home Decor Item 1138,Home & Kitchen,Home Decor,Brand_JE,83.81,160.43,1.59,SUPP_048,15,24,4
SKU_01139,Brand_HE Snacks Item 1139,Groceries & Essentials,Snacks,Brand_HE,5.65,8.62,1.49,SUPP_031,5,9,2
SKU_01140,Brand_HB Vitamins & Supplements Item 1140,Health & Beauty,Vitamins & Supplements,Brand_HB,51.27,100.4,1.45,SUPP_025,18,29,4
SKU_01141,Brand_IC Wearables Item 1141,Electronics,Wearables,Brand_IC,119.76,198.08,0.27,SUPP_012,12,48,8
SKU_01142,Brand_BC Household Supplies Item 1142,Groceries & Essentials,Household Supplies,Brand_BC,12.63,18.07,5.1,SUPP_040,11,95,16
SKU_01143,Brand_EB Team Sports Item 1143,Sports & Outdoors,Team Sports,Brand_EB,212.71,326.82,1.39,SUPP_005,25,62,8
SKU_01144,Brand_BB Accessories Item 1144,Electronics,Accessories,Brand_BB,111.42,162.55,1.65,SUPP_038,11,21,4
SKU_01145,Brand_CE Sportswear Item 1145,Apparel,Sportswear,Brand_CE,52.03,119.24,4.72,SUPP_031,26,94,11
SKU_01146,Brand_EC Storage & Org Item 1146,Home & Kitchen,Storage & Org,Brand_EC,91.33,172.82,0.85,SUPP_049,26,41,5
SKU_01147,Brand_EB Home Decor Item 1147,Home & Kitchen,Home Decor,Brand_EB,95.98,164.5,2.21,SUPP_013,22,61,8
SKU_01148,Brand_GA Personal Care Item 1148,Groceries & Essentials,Personal Care,Brand_GA,27.08,38.02,1.18,SUPP_014,5,12,3
SKU_01149,Brand_AD Accessories Item 1149,Apparel,Accessories,Brand_AD,67.37,116.99,4.65,SUPP_023,22,475,59
SKU_01150,Brand_GB Accessories Item 1150,Electronics,Accessories,Brand_GB,23.05,32.93,1.86,SUPP_037,21,84,11
SKU_01151,Brand_DE Men's Wear Item 1151,Apparel,Men's Wear,Brand_DE,43.55,95.69,0.61,SUPP_009,23,63,8
SKU_01152,Brand_CC Cookware Item 1152,Home & Kitchen,Cookware,Brand_CC,17.51,27.82,2.61,SUPP_046,20,41,6
SKU_01153,Brand_FC Storage & Org Item 1153,Home & Kitchen,Storage & Org,Brand_FC,86.94,138.05,3.19,SUPP_023,8,30,6
SKU_01154,Brand_BB Computers Item 1154,Electronics,Computers,Brand_BB,96.38,137.46,1.33,SUPP_050,16,82,12
SKU_01155,Brand_EB Audio Item 1155,Electronics,Audio,Brand_EB,160.85,290.83,0.32,SUPP_013,24,46,6
SKU_01156,Brand_FA Packaged Foods Item 1156,Groceries & Essentials,Packaged Foods,Brand_FA,17.66,26.78,1.19,SUPP_021,12,27,5
SKU_01157,Brand_DC Audio Item 1157,Electronics,Audio,Brand_DC,80.71,114.33,0.44,SUPP_032,13,184,29
SKU_01158,Brand_DA Cosmetics Item 1158,Health & Beauty,Cosmetics,Brand_DA,9.04,26.29,0.58,SUPP_016,16,20,3
SKU_01159,Brand_DB Accessories Item 1159,Electronics,Accessories,Brand_DB,174.01,238.82,1.72,SUPP_027,13,67,11
SKU_01160,Brand_CC Beverages Item 1160,Groceries & Essentials,Beverages,Brand_CC,23.63,34.2,2.17,SUPP_023,12,65,11
SKU_01161,Brand_GB Household Supplies Item 1161,Groceries & Essentials,Household Supplies,Brand_GB,15.68,18.6,0.26,SUPP_021,12,60,10
SKU_01162,Brand_EC Beverages Item 1162,Groceries & Essentials,Beverages,Brand_EC,13.64,18.57,2.46,SUPP_022,5,9,2
SKU_01163,Brand_ED Women's Wear Item 1163,Apparel,Women's Wear,Brand_ED,71.97,146.35,1.12,SUPP_017,27,85,10
SKU_01164,Brand_JC Packaged Foods Item 1164,Groceries & Essentials,Packaged Foods,Brand_JC,21.4,29.02,0.87,SUPP_001,13,173,27
SKU_01165,Brand_FE Haircare Item 1165,Health & Beauty,Haircare,Brand_FE,26.41,80.95,0.85,SUPP_030,17,86,12
SKU_01166,Brand_DE Snacks Item 1166,Groceries & Essentials,Snacks,Brand_DE,9.04,12.9,1.2,SUPP_017,6,13,3
SKU_01167,Brand_FA Packaged Foods Item 1167,Groceries & Essentials,Packaged Foods,Brand_FA,28.18,36.22,4.29,SUPP_050,12,22,4
SKU_01168,Brand_EA Outdoor Recreation Item 1168,Sports & Outdoors,Outdoor Recreation,Brand_EA,139.86,227.03,1.16,SUPP_024,14,37,6
SKU_01169,Brand_IB Beverages Item 1169,Groceries & Essentials,Beverages,Brand_IB,20.22,29.46,1.64,SUPP_044,14,22,4
SKU_01170,Brand_EE Team Sports Item 1170,Sports & Outdoors,Team Sports,Brand_EE,56.17,95.42,0.27,SUPP_049,23,131,16
SKU_01171,Brand_GE Sportswear Item 1171,Apparel,Sportswear,Brand_GE,27.3,58.54,0.74,SUPP_029,22,44,6
SKU_01172,Brand_ED Accessories Item 1172,Apparel,Accessories,Brand_ED,62.89,141.47,1.48,SUPP_028,14,26,4
SKU_01173,Brand_JC Small Appliances Item 1173,Home & Kitchen,Small Appliances,Brand_JC,64.25,113.04,0.28,SUPP_003,23,101,13
SKU_01174,Brand_CC Packaged Foods Item 1174,Groceries & Essentials,Packaged Foods,Brand_CC,10.26,15.71,2.77,SUPP_005,6,9,2
SKU_01175,Brand_BA Cycling Item 1175,Sports & Outdoors,Cycling,Brand_BA,173.31,292.53,0.35,SUPP_027,23,80,10
SKU_01176,Brand_CD Cycling Item 1176,Sports & Outdoors,Cycling,Brand_CD,115.52,186.59,0.37,SUPP_048,12,58,10
SKU_01177,Brand_AE Home Decor Item 1177,Home & Kitchen,Home Decor,Brand_AE,150.42,236.08,0.87,SUPP_010,17,38,6
SKU_01178,Brand_BA Packaged Foods Item 1178,Groceries & Essentials,Packaged Foods,Brand_BA,26.08,36.07,1.24,SUPP_040,6,22,5
SKU_01179,Brand_DD Footwear Item 1179,Apparel,Footwear,Brand_DD,30.06,79.64,0.83,SUPP_043,18,27,4
SKU_01180,Brand_FC Wearables Item 1180,Electronics,Wearables,Brand_FC,128.18,212.53,0.79,SUPP_023,12,49,8
SKU_01181,Brand_EA Footwear Item 1181,Apparel,Footwear,Brand_EA,29.08,68.24,1.9,SUPP_044,30,54,6
SKU_01182,Brand_JA Household Supplies Item 1182,Groceries & Essentials,Household Supplies,Brand_JA,8.65,10.97,0.16,SUPP_037,14,71,11
SKU_01183,Brand_JB Oral Care Item 1183,Health & Beauty,Oral Care,Brand_JB,21.19,43.3,0.38,SUPP_030,12,19,3
SKU_01184,Brand_AC Packaged Foods Item 1184,Groceries & Essentials,Packaged Foods,Brand_AC,20.23,29.41,0.17,SUPP_010,13,47,8
SKU_01185,Brand_CD Outdoor Recreation Item 1185,Sports & Outdoors,Outdoor Recreation,Brand_CD,70.74,118.77,1.73,SUPP_050,23,114,14
SKU_01186,Brand_JC Sportswear Item 1186,Apparel,Sportswear,Brand_JC,9.27,15.98,0.91,SUPP_017,15,107,16
SKU_01187,Brand_IA Haircare Item 1187,Health & Beauty,Haircare,Brand_IA,31.57,79.38,1.04,SUPP_036,8,55,11
SKU_01188,Brand_GC Outdoor Recreation Item 1188,Sports & Outdoors,Outdoor Recreation,Brand_GC,92.88,164.01,1.59,SUPP_021,15,99,15
SKU_01189,Brand_GC Cycling Item 1189,Sports & Outdoors,Cycling,Brand_GC,181.55,280.05,0.72,SUPP_036,14,24,4
SKU_01190,Brand_CB Bedding Item 1190,Home & Kitchen,Bedding,Brand_CB,28.72,49.54,0.56,SUPP_022,12,61,10
SKU_01191,Brand_ED Snacks Item 1191,Groceries & Essentials,Snacks,Brand_ED,28.49,36.71,1.67,SUPP_043,13,25,4
SKU_01192,Brand_AE Snacks Item 1192,Groceries & Essentials,Snacks,Brand_AE,18.5,22.15,5.78,SUPP_018,5,11,3
SKU_01193,Brand_IC Men's Wear Item 1193,Apparel,Men's Wear,Brand_IC,66.63,132.37,0.46,SUPP_027,30,107,12
SKU_01194,Brand_AD Storage & Org Item 1194,Home & Kitchen,Storage & Org,Brand_AD,123.45,222.21,0.82,SUPP_029,22,1557,192
SKU_01195,Brand_DA Cookware Item 1195,Home & Kitchen,Cookware,Brand_DA,87.38,144.59,2.69,SUPP_048,27,163,19
SKU_01196,Brand_EB Cosmetics Item 1196,Health & Beauty,Cosmetics,Brand_EB,45.15,89.79,0.28,SUPP_008,10,51,9
SKU_01197,Brand_DD Wearables Item 1197,Electronics,Wearables,Brand_DD,144.94,246.13,2.45,SUPP_050,22,88,11
SKU_01198,Brand_CB Oral Care Item 1198,Health & Beauty,Oral Care,Brand_CB,25.44,62.21,1.69,SUPP_008,17,35,5
SKU_01199,Brand_BD Smart Home Item 1199,Electronics,Smart Home,Brand_BD,114.8,178.53,3.24,SUPP_039,14,96,15
SKU_01200,Brand_BB Bedding Item 1200,Home & Kitchen,Bedding,Brand_BB,107.07,237.79,0.5,SUPP_021,28,56,7
SKU_01201,Brand_AD Cookware Item 1201,Home & Kitchen,Cookware,Brand_AD,77.84,136.36,0.4,SUPP_024,9,33,6
SKU_01202,Brand_JD Women's Wear Item 1202,Apparel,Women's Wear,Brand_JD,14.79,28.13,0.18,SUPP_022,15,22,4
SKU_01203,Brand_JD Home Decor Item 1203,Home & Kitchen,Home Decor,Brand_JD,20.3,36.49,0.21,SUPP_049,9,56,10
SKU_01204,Brand_BB Computers Item 1204,Electronics,Computers,Brand_BB,67.49,107.68,0.81,SUPP_005,19,273,36
SKU_01205,Brand_EA Storage & Org Item 1205,Home & Kitchen,Storage & Org,Brand_EA,91.94,144.09,0.58,SUPP_028,13,31,5
SKU_01206,Brand_JC Cookware Item 1206,Home & Kitchen,Cookware,Brand_JC,75.72,148.26,0.37,SUPP_045,28,135,15
SKU_01207,Brand_CD Accessories Item 1207,Electronics,Accessories,Brand_CD,118.04,180.26,0.17,SUPP_048,15,53,8
SKU_01208,Brand_HA Wearables Item 1208,Electronics,Wearables,Brand_HA,207.15,287.42,0.41,SUPP_008,16,39,6
SKU_01209,Brand_GC Skincare Item 1209,Health & Beauty,Skincare,Brand_GC,5.63,14.65,0.99,SUPP_031,8,26,5
SKU_01210,Brand_FE Skincare Item 1210,Health & Beauty,Skincare,Brand_FE,46.27,109.66,0.77,SUPP_045,9,44,8
SKU_01211,Brand_HC Cosmetics Item 1211,Health & Beauty,Cosmetics,Brand_HC,30.2,98.93,3.28,SUPP_043,13,32,5
SKU_01212,Brand_ED Storage & Org Item 1212,Home & Kitchen,Storage & Org,Brand_ED,76.99,157.4,3.54,SUPP_028,21,26,4
SKU_01213,Brand_HE Accessories Item 1213,Apparel,Accessories,Brand_HE,56.69,96.23,0.74,SUPP_036,15,110,16
SKU_01214,Brand_HD Beverages Item 1214,Groceries & Essentials,Beverages,Brand_HD,13.62,20.68,0.46,SUPP_038,7,12,3
SKU_01215,Brand_DB Cycling Item 1215,Sports & Outdoors,Cycling,Brand_DB,221.33,333.27,0.14,SUPP_037,10,22,4
SKU_01216,Brand_CC Smart Home Item 1216,Electronics,Smart Home,Brand_CC,29.3,48.0,1.57,SUPP_048,17,33,5
SKU_01217,Brand_DB Snacks Item 1217,Groceries & Essentials,Snacks,Brand_DB,15.34,23.35,2.78,SUPP_042,8,13,3
SKU_01218,Brand_ID Personal Care Item 1218,Groceries & Essentials,Personal Care,Brand_ID,7.65,9.83,2.06,SUPP_028,12,155,25
SKU_01219,Brand_CA Footwear Item 1219,Apparel,Footwear,Brand_CA,6.97,15.52,1.77,SUPP_048,18,23,3
SKU_01220,Brand_HA Packaged Foods Item 1220,Groceries & Essentials,Packaged Foods,Brand_HA,10.28,14.84,0.36,SUPP_032,14,22,4
SKU_01221,Brand_IB Accessories Item 1221,Electronics,Accessories,Brand_IB,312.68,430.18,4.49,SUPP_012,24,50,6
SKU_01222,Brand_FD Team Sports Item 1222,Sports & Outdoors,Team Sports,Brand_FD,30.44,50.82,1.89,SUPP_033,30,261,28
SKU_01223,Brand_GA Skincare Item 1223,Health & Beauty,Skincare,Brand_GA,30.44,66.88,0.72,SUPP_012,5,16,4
SKU_01224,Brand_CE Skincare Item 1224,Health & Beauty,Skincare,Brand_CE,53.85,105.38,0.45,SUPP_050,16,39,6
SKU_01225,Brand_JB Women's Wear Item 1225,Apparel,Women's Wear,Brand_JB,30.5,54.38,4.68,SUPP_017,25,82,10
SKU_01226,Brand_CC Computers Item 1226,Electronics,Computers,Brand_CC,145.93,198.19,1.17,SUPP_018,10,25,5
SKU_01227,Brand_AB Bedding Item 1227,Home & Kitchen,Bedding,Brand_AB,32.26,63.92,1.95,SUPP_040,20,216,28
SKU_01228,Brand_IC Accessories Item 1228,Electronics,Accessories,Brand_IC,265.26,410.62,2.43,SUPP_013,8,26,5
SKU_01229,Brand_AD Women's Wear Item 1229,Apparel,Women's Wear,Brand_AD,57.75,135.85,0.52,SUPP_039,20,388,50
SKU_01230,Brand_HC Oral Care Item 1230,Health & Beauty,Oral Care,Brand_HC,44.38,88.34,0.98,SUPP_026,19,55,8
SKU_01231,Brand_AC Oral Care Item 1231,Health & Beauty,Oral Care,Brand_AC,17.51,43.65,3.19,SUPP_032,8,21,4
SKU_01232,Brand_AB Computers Item 1232,Electronics,Computers,Brand_AB,81.28,143.27,0.58,SUPP_015,11,147,25
SKU_01233,Brand_HE Smart Home Item 1233,Electronics,Smart Home,Brand_HE,255.66,359.39,1.75,SUPP_050,8,14,3
SKU_01234,Brand_GE Accessories Item 1234,Apparel,Accessories,Brand_GE,92.57,177.84,1.24,SUPP_049,10,17,3
SKU_01235,Brand_CE Women's Wear Item 1235,Apparel,Women's Wear,Brand_CE,38.75,106.53,0.43,SUPP_024,12,85,14
SKU_01236,Brand_HA Snacks Item 1236,Groceries & Essentials,Snacks,Brand_HA,3.29,4.17,2.15,SUPP_003,14,26,4
SKU_01237,Brand_DD Small Appliances Item 1237,Home & Kitchen,Small Appliances,Brand_DD,68.53,133.62,1.67,SUPP_019,28,68,8
SKU_01238,Brand_FE Personal Care Item 1238,Groceries & Essentials,Personal Care,Brand_FE,18.87,24.06,1.16,SUPP_027,3,6,2
SKU_01239,Brand_CC Cosmetics Item 1239,Health & Beauty,Cosmetics,Brand_CC,27.46,57.37,0.63,SUPP_003,7,10,2
SKU_01240,Brand_CD Footwear Item 1240,Apparel,Footwear,Brand_CD,30.32,78.08,0.94,SUPP_003,12,123,20
SKU_01241,Brand_IC Packaged Foods Item 1241,Groceries & Essentials,Packaged Foods,Brand_IC,25.59,36.88,0.46,SUPP_001,6,30,7
SKU_01242,Brand_JD Cosmetics Item 1242,Health & Beauty,Cosmetics,Brand_JD,18.99,46.18,0.41,SUPP_046,13,56,9
SKU_01243,Brand_CC Snacks Item 1243,Groceries & Essentials,Snacks,Brand_CC,19.13,23.7,0.58,SUPP_050,6,27,6
SKU_01244,Brand_FD Small Appliances Item 1244,Home & Kitchen,Small Appliances,Brand_FD,91.2,181.38,0.32,SUPP_010,14,25,4
SKU_01245,Brand_HA Sportswear Item 1245,Apparel,Sportswear,Brand_HA,22.23,57.07,0.66,SUPP_012,14,78,12
SKU_01246,Brand_HB Packaged Foods Item 1246,Groceries & Essentials,Packaged Foods,Brand_HB,11.38,15.75,0.11,SUPP_009,6,19,4
SKU_01247,Brand_DA Household Supplies Item 1247,Groceries & Essentials,Household Supplies,Brand_DA,12.41,17.34,1.64,SUPP_042,11,142,24
SKU_01248,Brand_AB Sportswear Item 1248,Apparel,Sportswear,Brand_AB,65.22,142.97,6.43,SUPP_035,28,51,6
SKU_01249,Brand_BD Fitness Gear Item 1249,Sports & Outdoors,Fitness Gear,Brand_BD,173.69,340.24,3.34,SUPP_009,20,137,18
SKU_01250,Brand_DE Computers Item 1250,Electronics,Computers,Brand_DE,55.79,93.48,0.72,SUPP_039,25,80,10
SKU_01251,Brand_HA Personal Care Item 1251,Groceries & Essentials,Personal Care,Brand_HA,34.51,41.0,0.95,SUPP_017,11,39,7
SKU_01252,Brand_FB Home Decor Item 1252,Home & Kitchen,Home Decor,Brand_FB,84.31,130.51,0.54,SUPP_008,19,68,9
SKU_01253,Brand_FE Audio Item 1253,Electronics,Audio,Brand_FE,149.3,264.32,1.65,SUPP_020,9,116,21
SKU_01254,Brand_JE Home Decor Item 1254,Home & Kitchen,Home Decor,Brand_JE,46.98,83.28,0.65,SUPP_014,13,54,9
SKU_01255,Brand_HA Camping Item 1255,Sports & Outdoors,Camping,Brand_HA,17.59,25.74,0.62,SUPP_014,14,68,11
SKU_01256,Brand_FA Packaged Foods Item 1256,Groceries & Essentials,Packaged Foods,Brand_FA,10.21,14.17,2.02,SUPP_004,7,35,7
SKU_01257,Brand_FD Footwear Item 1257,Apparel,Footwear,Brand_FD,54.34,108.58,0.78,SUPP_018,11,29,5
SKU_01258,Brand_AE Skincare Item 1258,Health & Beauty,Skincare,Brand_AE,59.38,110.47,0.35,SUPP_042,20,37,5
SKU_01259,Brand_CE Storage & Org Item 1259,Home & Kitchen,Storage & Org,Brand_CE,40.93,80.57,0.28,SUPP_046,7,52,11
SKU_01260,Brand_JE Smart Home Item 1260,Electronics,Smart Home,Brand_JE,164.4,295.99,0.19,SUPP_028,13,99,16
SKU_01261,Brand_CD Team Sports Item 1261,Sports & Outdoors,Team Sports,Brand_CD,128.48,202.78,0.35,SUPP_002,14,34,5
SKU_01262,Brand_FA Personal Care Item 1262,Groceries & Essentials,Personal Care,Brand_FA,2.07,2.71,0.43,SUPP_039,10,61,11
SKU_01263,Brand_DD Men's Wear Item 1263,Apparel,Men's Wear,Brand_DD,21.28,47.26,0.24,SUPP_038,20,100,13
SKU_01264,Brand_HE Beverages Item 1264,Groceries & Essentials,Beverages,Brand_HE,17.35,26.41,0.47,SUPP_034,5,26,6
SKU_01265,Brand_HD Cosmetics Item 1265,Health & Beauty,Cosmetics,Brand_HD,14.73,39.74,0.23,SUPP_048,20,125,16
SKU_01266,Brand_BD Team Sports Item 1266,Sports & Outdoors,Team Sports,Brand_BD,202.91,293.36,0.14,SUPP_026,24,68,8
SKU_01267,Brand_GB Snacks Item 1267,Groceries & Essentials,Snacks,Brand_GB,29.02,43.45,1.59,SUPP_038,6,17,4
SKU_01268,Brand_FE Smart Home Item 1268,Electronics,Smart Home,Brand_FE,72.76,129.82,0.79,SUPP_034,21,55,7
SKU_01269,Brand_JD Accessories Item 1269,Apparel,Accessories,Brand_JD,43.94,99.68,0.5,SUPP_040,25,67,8
SKU_01270,Brand_JC Fitness Gear Item 1270,Sports & Outdoors,Fitness Gear,Brand_JC,69.96,119.3,6.09,SUPP_031,27,32,4
SKU_01271,Brand_FE Women's Wear Item 1271,Apparel,Women's Wear,Brand_FE,47.96,125.76,2.17,SUPP_025,26,44,5
SKU_01272,Brand_CC Wearables Item 1272,Electronics,Wearables,Brand_CC,85.66,125.27,0.57,SUPP_020,24,64,8
SKU_01273,Brand_JB Snacks Item 1273,Groceries & Essentials,Snacks,Brand_JB,10.76,13.18,0.74,SUPP_026,12,63,10
SKU_01274,Brand_DD Skincare Item 1274,Health & Beauty,Skincare,Brand_DD,34.21,95.68,3.02,SUPP_045,10,25,5
SKU_01275,Brand_HD Bedding Item 1275,Home & Kitchen,Bedding,Brand_HD,118.28,189.91,0.2,SUPP_002,17,123,17
SKU_01276,Brand_HB Fitness Gear Item 1276,Sports & Outdoors,Fitness Gear,Brand_HB,46.66,77.39,2.76,SUPP_007,28,62,7
SKU_01277,Brand_HD Personal Care Item 1277,Groceries & Essentials,Personal Care,Brand_HD,29.16,39.49,0.69,SUPP_017,9,27,5
SKU_01278,Brand_JB Women's Wear Item 1278,Apparel,Women's Wear,Brand_JB,64.25,164.23,0.34,SUPP_029,27,70,8
SKU_01279,Brand_JE Sportswear Item 1279,Apparel,Sportswear,Brand_JE,68.27,165.63,4.16,SUPP_037,23,29,4
SKU_01280,Brand_AD Personal Care Item 1280,Groceries & Essentials,Personal Care,Brand_AD,24.78,34.93,1.47,SUPP_048,13,17,3
SKU_01281,Brand_EA Household Supplies Item 1281,Groceries & Essentials,Household Supplies,Brand_EA,11.05,13.56,0.14,SUPP_046,10,39,7
SKU_01282,Brand_DA Smart Home Item 1282,Electronics,Smart Home,Brand_DA,86.49,136.4,0.44,SUPP_041,23,474,58
SKU_01283,Brand_FA Beverages Item 1283,Groceries & Essentials,Beverages,Brand_FA,8.93,11.34,2.3,SUPP_028,10,34,6
SKU_01284,Brand_AC Fitness Gear Item 1284,Sports & Outdoors,Fitness Gear,Brand_AC,110.51,201.97,1.55,SUPP_046,17,41,6
SKU_01285,Brand_AD Smart Home Item 1285,Electronics,Smart Home,Brand_AD,243.99,399.92,1.04,SUPP_016,10,31,6
SKU_01286,Brand_DD Snacks Item 1286,Groceries & Essentials,Snacks,Brand_DD,17.84,25.32,0.29,SUPP_017,4,10,3
SKU_01287,Brand_DA Computers Item 1287,Electronics,Computers,Brand_DA,238.56,396.66,3.55,SUPP_022,25,794,93
SKU_01288,Brand_EB Sportswear Item 1288,Apparel,Sportswear,Brand_EB,22.54,46.05,0.19,SUPP_039,10,110,19
SKU_01289,Brand_CE Wearables Item 1289,Electronics,Wearables,Brand_CE,171.92,231.21,1.52,SUPP_024,20,77,10
SKU_01290,Brand_DA Audio Item 1290,Electronics,Audio,Brand_DA,102.69,150.93,1.1,SUPP_040,20,350,45
SKU_01291,Brand_JD Beverages Item 1291,Groceries & Essentials,Beverages,Brand_JD,10.35,13.92,1.5,SUPP_049,10,251,44
SKU_01292,Brand_EB Sportswear Item 1292,Apparel,Sportswear,Brand_EB,26.38,55.88,0.68,SUPP_047,10,31,6
SKU_01293,Brand_CD Packaged Foods Item 1293,Groceries & Essentials,Packaged Foods,Brand_CD,8.13,9.8,1.52,SUPP_002,7,43,9
SKU_01294,Brand_DA Audio Item 1294,Electronics,Audio,Brand_DA,220.3,294.93,3.06,SUPP_039,8,66,13
SKU_01295,Brand_BB Personal Care Item 1295,Groceries & Essentials,Personal Care,Brand_BB,8.97,12.37,1.03,SUPP_018,6,21,5
SKU_01296,Brand_JA Personal Care Item 1296,Groceries & Essentials,Personal Care,Brand_JA,21.95,26.02,1.05,SUPP_031,9,81,15
SKU_01297,Brand_CD Sportswear Item 1297,Apparel,Sportswear,Brand_CD,67.56,143.7,3.03,SUPP_032,13,39,6
SKU_01298,Brand_HC Computers Item 1298,Electronics,Computers,Brand_HC,22.52,38.11,0.91,SUPP_048,22,59,8
SKU_01299,Brand_FD Smart Home Item 1299,Electronics,Smart Home,Brand_FD,250.52,375.21,1.2,SUPP_039,23,58,7
SKU_01300,Brand_AB Men's Wear Item 1300,Apparel,Men's Wear,Brand_AB,52.97,98.21,0.41,SUPP_009,30,97,11
SKU_01301,Brand_HE Storage & Org Item 1301,Home & Kitchen,Storage & Org,Brand_HE,94.92,184.62,1.05,SUPP_038,18,34,5
SKU_01302,Brand_GE Cosmetics Item 1302,Health & Beauty,Cosmetics,Brand_GE,53.64,105.72,0.32,SUPP_047,20,63,8
SKU_01303,Brand_JC Home Decor Item 1303,Home & Kitchen,Home Decor,Brand_JC,118.03,233.03,2.26,SUPP_021,25,46,6
SKU_01304,Brand_GE Storage & Org Item 1304,Home & Kitchen,Storage & Org,Brand_GE,48.79,83.3,0.36,SUPP_040,15,78,12
SKU_01305,Brand_EA Household Supplies Item 1305,Groceries & Essentials,Household Supplies,Brand_EA,27.61,38.68,3.51,SUPP_023,9,46,9
SKU_01306,Brand_GC Personal Care Item 1306,Groceries & Essentials,Personal Care,Brand_GC,4.56,6.38,2.04,SUPP_029,10,91,16
SKU_01307,Brand_FD Oral Care Item 1307,Health & Beauty,Oral Care,Brand_FD,30.51,86.57,0.42,SUPP_002,16,39,6
SKU_01308,Brand_JB Footwear Item 1308,Apparel,Footwear,Brand_JB,66.56,146.33,2.32,SUPP_035,27,68,8
SKU_01309,Brand_IB Wearables Item 1309,Electronics,Wearables,Brand_IB,160.53,235.13,2.04,SUPP_029,15,25,4
SKU_01310,Brand_IA Small Appliances Item 1310,Home & Kitchen,Small Appliances,Brand_IA,106.56,177.77,0.16,SUPP_002,16,186,27
SKU_01311,Brand_IC Storage & Org Item 1311,Home & Kitchen,Storage & Org,Brand_IC,89.21,173.57,1.76,SUPP_017,7,90,18
SKU_01312,Brand_HB Wearables Item 1312,Electronics,Wearables,Brand_HB,26.09,38.49,2.62,SUPP_041,16,97,14
SKU_01313,Brand_FB Cookware Item 1313,Home & Kitchen,Cookware,Brand_FB,65.79,125.26,2.76,SUPP_028,7,49,10
SKU_01314,Brand_CE Snacks Item 1314,Groceries & Essentials,Snacks,Brand_CE,24.6,34.33,7.24,SUPP_017,10,28,5
SKU_01315,Brand_GA Smart Home Item 1315,Electronics,Smart Home,Brand_GA,253.3,399.16,0.76,SUPP_006,9,58,11
SKU_01316,Brand_EB Personal Care Item 1316,Groceries & Essentials,Personal Care,Brand_EB,25.67,38.44,2.68,SUPP_038,5,14,3
SKU_01317,Brand_CD Computers Item 1317,Electronics,Computers,Brand_CD,288.17,410.0,3.68,SUPP_041,18,383,52
SKU_01318,Brand_JC Accessories Item 1318,Apparel,Accessories,Brand_JC,28.25,77.41,0.94,SUPP_049,17,32,5
SKU_01319,Brand_JD Small Appliances Item 1319,Home & Kitchen,Small Appliances,Brand_JD,154.21,239.35,0.43,SUPP_014,13,18,3
SKU_01320,Brand_CE Skincare Item 1320,Health & Beauty,Skincare,Brand_CE,15.5,39.07,0.75,SUPP_021,6,9,2
SKU_01321,Brand_JE Audio Item 1321,Electronics,Audio,Brand_JE,133.55,196.42,3.04,SUPP_014,12,66,11
SKU_01322,Brand_HA Fitness Gear Item 1322,Sports & Outdoors,Fitness Gear,Brand_HA,96.74,160.59,4.03,SUPP_049,23,68,9
SKU_01323,Brand_DE Beverages Item 1323,Groceries & Essentials,Beverages,Brand_DE,28.53,37.4,0.21,SUPP_014,8,37,7
SKU_01324,Brand_BB Home Decor Item 1324,Home & Kitchen,Home Decor,Brand_BB,98.24,153.86,2.35,SUPP_030,7,10,2
SKU_01325,Brand_FC Men's Wear Item 1325,Apparel,Men's Wear,Brand_FC,27.39,68.83,0.3,SUPP_014,10,37,7
SKU_01326,Brand_AC Sportswear Item 1326,Apparel,Sportswear,Brand_AC,52.71,94.91,1.18,SUPP_043,28,162,18
SKU_01327,Brand_JC Bedding Item 1327,Home & Kitchen,Bedding,Brand_JC,102.23,216.9,0.42,SUPP_022,27,552,63
SKU_01328,Brand_HD Oral Care Item 1328,Health & Beauty,Oral Care,Brand_HD,42.49,98.27,4.56,SUPP_009,6,36,8
SKU_01329,Brand_HC Beverages Item 1329,Groceries & Essentials,Beverages,Brand_HC,21.85,28.37,1.65,SUPP_044,13,22,4
SKU_01330,Brand_DC Footwear Item 1330,Apparel,Footwear,Brand_DC,15.21,37.87,2.41,SUPP_040,22,30,4
SKU_01331,Brand_HA Sportswear Item 1331,Apparel,Sportswear,Brand_HA,74.88,129.23,0.91,SUPP_045,15,26,4
SKU_01332,Brand_BE Personal Care Item 1332,Groceries & Essentials,Personal Care,Brand_BE,8.88,11.22,0.74,SUPP_030,13,99,16
SKU_01333,Brand_AD Computers Item 1333,Electronics,Computers,Brand_AD,221.1,401.91,1.76,SUPP_036,8,37,7
SKU_01334,Brand_HD Storage & Org Item 1334,Home & Kitchen,Storage & Org,Brand_HD,69.4,119.43,1.87,SUPP_026,12,49,8
SKU_01335,Brand_BB Footwear Item 1335,Apparel,Footwear,Brand_BB,41.86,115.07,0.17,SUPP_027,27,99,12
SKU_01336,Brand_BE Men's Wear Item 1336,Apparel,Men's Wear,Brand_BE,32.32,60.68,0.33,SUPP_030,15,19,3
SKU_01337,Brand_HB Household Supplies Item 1337,Groceries & Essentials,Household Supplies,Brand_HB,2.85,3.37,1.2,SUPP_014,5,14,3
SKU_01338,Brand_GB Beverages Item 1338,Groceries & Essentials,Beverages,Brand_GB,3.59,4.71,1.56,SUPP_007,10,49,9
SKU_01339,Brand_FA Footwear Item 1339,Apparel,Footwear,Brand_FA,31.79,66.89,4.88,SUPP_017,28,148,17
SKU_01340,Brand_AE Footwear Item 1340,Apparel,Footwear,Brand_AE,65.39,113.9,2.81,SUPP_030,21,83,11
SKU_01341,Brand_JD Women's Wear Item 1341,Apparel,Women's Wear,Brand_JD,47.64,112.82,0.64,SUPP_020,11,42,7
SKU_01342,Brand_JD Footwear Item 1342,Apparel,Footwear,Brand_JD,6.82,16.43,0.67,SUPP_004,18,48,7
SKU_01343,Brand_DA Household Supplies Item 1343,Groceries & Essentials,Household Supplies,Brand_DA,20.5,26.13,0.98,SUPP_025,9,21,4
SKU_01344,Brand_ID Men's Wear Item 1344,Apparel,Men's Wear,Brand_ID,57.72,136.29,1.25,SUPP_006,15,540,79
SKU_01345,Brand_FE Computers Item 1345,Electronics,Computers,Brand_FE,258.53,391.17,1.98,SUPP_018,12,68,11
SKU_01346,Brand_FD Bedding Item 1346,Home & Kitchen,Bedding,Brand_FD,117.13,200.97,0.1,SUPP_048,24,82,10
SKU_01347,Brand_CA Personal Care Item 1347,Groceries & Essentials,Personal Care,Brand_CA,23.58,33.86,3.64,SUPP_048,5,25,6
SKU_01348,Brand_DD Beverages Item 1348,Groceries & Essentials,Beverages,Brand_DD,13.88,18.73,1.05,SUPP_045,9,35,7
SKU_01349,Brand_FB Home Decor Item 1349,Home & Kitchen,Home Decor,Brand_FB,127.01,215.99,5.43,SUPP_046,26,31,4
SKU_01350,Brand_IA Accessories Item 1350,Apparel,Accessories,Brand_IA,46.48,100.17,0.85,SUPP_009,25,47,6
SKU_01351,Brand_HC Footwear Item 1351,Apparel,Footwear,Brand_HC,26.71,71.52,3.57,SUPP_034,23,180,22
SKU_01352,Brand_ID Men's Wear Item 1352,Apparel,Men's Wear,Brand_ID,96.96,162.26,1.8,SUPP_007,14,31,5
SKU_01353,Brand_JB Smart Home Item 1353,Electronics,Smart Home,Brand_JB,143.16,224.61,1.45,SUPP_039,15,123,18
SKU_01354,Brand_FE Home Decor Item 1354,Home & Kitchen,Home Decor,Brand_FE,17.69,31.86,0.42,SUPP_036,24,340,41
SKU_01355,Brand_CE Women's Wear Item 1355,Apparel,Women's Wear,Brand_CE,20.53,46.9,3.17,SUPP_032,24,49,6
SKU_01356,Brand_FB Storage & Org Item 1356,Home & Kitchen,Storage & Org,Brand_FB,53.54,93.59,1.17,SUPP_009,10,112,20
SKU_01357,Brand_AD Camping Item 1357,Sports & Outdoors,Camping,Brand_AD,64.86,112.4,3.6,SUPP_014,24,58,7
SKU_01358,Brand_DC Sportswear Item 1358,Apparel,Sportswear,Brand_DC,57.7,115.7,0.64,SUPP_046,11,27,5
SKU_01359,Brand_FB Fitness Gear Item 1359,Sports & Outdoors,Fitness Gear,Brand_FB,172.41,266.52,1.37,SUPP_031,10,31,6
SKU_01360,Brand_EB Cycling Item 1360,Sports & Outdoors,Cycling,Brand_EB,148.64,245.31,1.02,SUPP_018,14,36,6
SKU_01361,Brand_JB Women's Wear Item 1361,Apparel,Women's Wear,Brand_JB,42.95,95.45,0.4,SUPP_007,24,78,10
SKU_01362,Brand_JA Snacks Item 1362,Groceries & Essentials,Snacks,Brand_JA,23.15,32.88,1.18,SUPP_026,13,22,4
SKU_01363,Brand_EB Audio Item 1363,Electronics,Audio,Brand_EB,150.83,215.87,2.05,SUPP_023,23,38,5
SKU_01364,Brand_DD Wearables Item 1364,Electronics,Wearables,Brand_DD,146.6,261.86,1.47,SUPP_020,15,232,34
SKU_01365,Brand_DB Men's Wear Item 1365,Apparel,Men's Wear,Brand_DB,30.15,62.04,0.21,SUPP_048,27,56,7
SKU_01366,Brand_IB Cycling Item 1366,Sports & Outdoors,Cycling,Brand_IB,221.54,334.96,3.32,SUPP_002,30,40,5
SKU_01367,Brand_JA Wearables Item 1367,Electronics,Wearables,Brand_JA,54.31,72.85,0.18,SUPP_025,23,550,67
SKU_01368,Brand_DD Computers Item 1368,Electronics,Computers,Brand_DD,94.87,156.95,0.25,SUPP_039,24,80,10
SKU_01369,Brand_JE Women's Wear Item 1369,Apparel,Women's Wear,Brand_JE,103.58,175.38,0.6,SUPP_025,13,48,8
SKU_01370,Brand_CD Women's Wear Item 1370,Apparel,Women's Wear,Brand_CD,9.8,27.94,0.57,SUPP_001,11,20,4
SKU_01371,Brand_GC Cookware Item 1371,Home & Kitchen,Cookware,Brand_GC,92.03,142.68,1.49,SUPP_004,17,109,15
SKU_01372,Brand_ED Oral Care Item 1372,Health & Beauty,Oral Care,Brand_ED,9.62,22.54,0.85,SUPP_011,5,11,3
SKU_01373,Brand_HE Household Supplies Item 1373,Groceries & Essentials,Household Supplies,Brand_HE,2.24,3.28,0.39,SUPP_019,7,10,2
SKU_01374,Brand_BE Snacks Item 1374,Groceries & Essentials,Snacks,Brand_BE,10.22,14.61,0.15,SUPP_029,5,13,3
SKU_01375,Brand_IA Small Appliances Item 1375,Home & Kitchen,Small Appliances,Brand_IA,112.44,187.54,0.55,SUPP_040,23,82,10
SKU_01376,Brand_AB Women's Wear Item 1376,Apparel,Women's Wear,Brand_AB,38.87,91.37,0.95,SUPP_032,21,194,25
SKU_01377,Brand_DA Accessories Item 1377,Apparel,Accessories,Brand_DA,79.89,145.42,4.89,SUPP_020,12,27,5
SKU_01378,Brand_JA Women's Wear Item 1378,Apparel,Women's Wear,Brand_JA,5.67,13.48,0.73,SUPP_009,18,41,6
SKU_01379,Brand_AA Vitamins & Supplements Item 1379,Health & Beauty,Vitamins & Supplements,Brand_AA,20.09,44.86,0.74,SUPP_042,18,86,12
SKU_01380,Brand_BA Household Supplies Item 1380,Groceries & Essentials,Household Supplies,Brand_BA,3.53,5.34,6.54,SUPP_032,4,7,2
SKU_01381,Brand_AB Smart Home Item 1381,Electronics,Smart Home,Brand_AB,105.03,154.74,0.54,SUPP_005,11,56,10
SKU_01382,Brand_GA Packaged Foods Item 1382,Groceries & Essentials,Packaged Foods,Brand_GA,23.43,33.2,1.75,SUPP_045,6,9,2
SKU_01383,Brand_BD Outdoor Recreation Item 1383,Sports & Outdoors,Outdoor Recreation,Brand_BD,140.35,234.48,0.73,SUPP_016,22,170,21
SKU_01384,Brand_CE Household Supplies Item 1384,Groceries & Essentials,Household Supplies,Brand_CE,32.1,43.37,2.49,SUPP_003,11,41,7
SKU_01385,Brand_CE Oral Care Item 1385,Health & Beauty,Oral Care,Brand_CE,44.7,103.43,3.14,SUPP_008,9,15,3
SKU_01386,Brand_JE Haircare Item 1386,Health & Beauty,Haircare,Brand_JE,43.76,117.62,1.12,SUPP_002,18,72,10
SKU_01387,Brand_CA Small Appliances Item 1387,Home & Kitchen,Small Appliances,Brand_CA,112.22,180.09,2.62,SUPP_005,28,395,44
SKU_01388,Brand_DB Men's Wear Item 1388,Apparel,Men's Wear,Brand_DB,9.45,26.42,0.16,SUPP_010,22,91,12
SKU_01389,Brand_DC Haircare Item 1389,Health & Beauty,Haircare,Brand_DC,36.27,119.92,2.15,SUPP_016,9,21,4
SKU_01390,Brand_GE Personal Care Item 1390,Groceries & Essentials,Personal Care,Brand_GE,36.17,43.38,0.96,SUPP_006,5,15,4
SKU_01391,Brand_ID Packaged Foods Item 1391,Groceries & Essentials,Packaged Foods,Brand_ID,24.02,29.91,2.07,SUPP_019,12,99,16
SKU_01392,Brand_ED Smart Home Item 1392,Electronics,Smart Home,Brand_ED,169.72,246.16,1.12,SUPP_048,24,36,5
SKU_01393,Brand_IB Men's Wear Item 1393,Apparel,Men's Wear,Brand_IB,69.1,145.08,0.63,SUPP_023,18,52,7
SKU_01394,Brand_CA Household Supplies Item 1394,Groceries & Essentials,Household Supplies,Brand_CA,14.41,20.93,0.62,SUPP_011,4,19,5
SKU_01395,Brand_BB Snacks Item 1395,Groceries & Essentials,Snacks,Brand_BB,22.58,29.83,5.41,SUPP_050,4,7,2
SKU_01396,Brand_JD Personal Care Item 1396,Groceries & Essentials,Personal Care,Brand_JD,29.08,37.97,1.39,SUPP_050,5,12,3
SKU_01397,Brand_BC Smart Home Item 1397,Electronics,Smart Home,Brand_BC,233.64,352.19,0.42,SUPP_040,12,22,4
SKU_01398,Brand_IB Computers Item 1398,Electronics,Computers,Brand_IB,86.77,155.84,3.74,SUPP_046,8,40,8
SKU_01399,Brand_CE Smart Home Item 1399,Electronics,Smart Home,Brand_CE,321.96,449.86,2.31,SUPP_043,17,238,33
SKU_01400,Brand_BE Team Sports Item 1400,Sports & Outdoors,Team Sports,Brand_BE,106.74,201.62,0.67,SUPP_042,28,147,17
SKU_01401,Brand_FE Vitamins & Supplements Item 1401,Health & Beauty,Vitamins & Supplements,Brand_FE,8.3,25.79,0.25,SUPP_032,14,23,4
SKU_01402,Brand_DD Footwear Item 1402,Apparel,Footwear,Brand_DD,51.57,124.28,0.99,SUPP_017,23,206,25
SKU_01403,Brand_HA Women's Wear Item 1403,Apparel,Women's Wear,Brand_HA,64.12,139.47,0.64,SUPP_006,17,176,25
SKU_01404,Brand_EE Accessories Item 1404,Electronics,Accessories,Brand_EE,267.59,363.6,1.85,SUPP_005,21,61,8
SKU_01405,Brand_CE Vitamins & Supplements Item 1405,Health & Beauty,Vitamins & Supplements,Brand_CE,14.45,35.32,1.24,SUPP_037,21,77,10
SKU_01406,Brand_CE Footwear Item 1406,Apparel,Footwear,Brand_CE,45.6,119.77,1.79,SUPP_010,20,62,8
SKU_01407,Brand_CE Bedding Item 1407,Home & Kitchen,Bedding,Brand_CE,102.34,219.99,1.76,SUPP_039,16,21,3
SKU_01408,Brand_JD Cosmetics Item 1408,Health & Beauty,Cosmetics,Brand_JD,23.88,58.48,0.34,SUPP_003,5,41,10
SKU_01409,Brand_HD Audio Item 1409,Electronics,Audio,Brand_HD,118.35,195.83,2.5,SUPP_019,20,76,10
SKU_01410,Brand_ID Sportswear Item 1410,Apparel,Sportswear,Brand_ID,66.07,174.7,0.55,SUPP_027,18,43,6
SKU_01411,Brand_HB Home Decor Item 1411,Home & Kitchen,Home Decor,Brand_HB,120.47,195.46,2.29,SUPP_001,19,29,4
SKU_01412,Brand_JC Bedding Item 1412,Home & Kitchen,Bedding,Brand_JC,66.64,117.84,0.54,SUPP_010,8,44,9
SKU_01413,Brand_FC Cookware Item 1413,Home & Kitchen,Cookware,Brand_FC,117.15,182.96,1.68,SUPP_038,24,31,4
SKU_01414,Brand_FB Women's Wear Item 1414,Apparel,Women's Wear,Brand_FB,21.2,56.97,0.79,SUPP_049,11,24,4
SKU_01415,Brand_DD Personal Care Item 1415,Groceries & Essentials,Personal Care,Brand_DD,27.5,34.09,0.19,SUPP_009,5,13,3
SKU_01416,Brand_IE Men's Wear Item 1416,Apparel,Men's Wear,Brand_IE,41.45,85.92,2.3,SUPP_023,28,75,9
SKU_01417,Brand_BB Household Supplies Item 1417,Groceries & Essentials,Household Supplies,Brand_BB,25.48,33.71,0.46,SUPP_041,5,90,21
SKU_01418,Brand_AD Household Supplies Item 1418,Groceries & Essentials,Household Supplies,Brand_AD,4.67,5.56,0.75,SUPP_014,8,19,4
SKU_01419,Brand_AC Packaged Foods Item 1419,Groceries & Essentials,Packaged Foods,Brand_AC,10.73,14.92,1.64,SUPP_028,12,102,17
SKU_01420,Brand_ID Cycling Item 1420,Sports & Outdoors,Cycling,Brand_ID,178.53,288.26,4.21,SUPP_013,22,59,8
SKU_01421,Brand_EA Home Decor Item 1421,Home & Kitchen,Home Decor,Brand_EA,116.51,223.33,1.65,SUPP_021,18,50,7
SKU_01422,Brand_CA Haircare Item 1422,Health & Beauty,Haircare,Brand_CA,35.96,114.18,0.82,SUPP_003,6,13,3
SKU_01423,Brand_EC Bedding Item 1423,Home & Kitchen,Bedding,Brand_EC,143.24,236.07,2.31,SUPP_006,11,45,8
SKU_01424,Brand_ID Audio Item 1424,Electronics,Audio,Brand_ID,208.7,355.21,0.37,SUPP_022,17,41,6
SKU_01425,Brand_CA Household Supplies Item 1425,Groceries & Essentials,Household Supplies,Brand_CA,7.27,10.13,1.77,SUPP_015,9,21,4
SKU_01426,Brand_HE Haircare Item 1426,Health & Beauty,Haircare,Brand_HE,35.75,66.87,0.45,SUPP_038,20,80,11
SKU_01427,Brand_ED Beverages Item 1427,Groceries & Essentials,Beverages,Brand_ED,21.16,31.97,1.31,SUPP_012,13,287,45
SKU_01428,Brand_GA Packaged Foods Item 1428,Groceries & Essentials,Packaged Foods,Brand_GA,21.67,29.44,0.82,SUPP_009,10,337,59
SKU_01429,Brand_EB Accessories Item 1429,Electronics,Accessories,Brand_EB,197.57,338.82,0.75,SUPP_009,10,42,8
SKU_01430,Brand_CA Wearables Item 1430,Electronics,Wearables,Brand_CA,127.7,227.31,0.49,SUPP_005,19,131,18
SKU_01431,Brand_JA Bedding Item 1431,Home & Kitchen,Bedding,Brand_JA,113.63,229.71,0.49,SUPP_005,22,1397,173
SKU_01432,Brand_GD Women's Wear Item 1432,Apparel,Women's Wear,Brand_GD,35.95,61.37,0.18,SUPP_023,27,69,8
SKU_01433,Brand_JE Beverages Item 1433,Groceries & Essentials,Beverages,Brand_JE,16.69,23.48,0.57,SUPP_026,12,60,10
SKU_01434,Brand_EC Team Sports Item 1434,Sports & Outdoors,Team Sports,Brand_EC,94.1,146.95,1.71,SUPP_047,22,37,5
SKU_01435,Brand_EB Packaged Foods Item 1435,Groceries & Essentials,Packaged Foods,Brand_EB,26.25,31.02,1.15,SUPP_018,11,20,4
SKU_01436,Brand_CC Packaged Foods Item 1436,Groceries & Essentials,Packaged Foods,Brand_CC,17.67,22.66,0.77,SUPP_038,8,32,6
SKU_01437,Brand_DB Fitness Gear Item 1437,Sports & Outdoors,Fitness Gear,Brand_DB,63.71,125.05,0.14,SUPP_039,17,34,5
SKU_01438,Brand_DD Men's Wear Item 1438,Apparel,Men's Wear,Brand_DD,36.97,68.81,1.45,SUPP_044,21,93,12
SKU_01439,Brand_DA Accessories Item 1439,Apparel,Accessories,Brand_DA,66.57,123.61,3.12,SUPP_044,12,47,8
SKU_01440,Brand_JA Haircare Item 1440,Health & Beauty,Haircare,Brand_JA,10.48,33.97,0.11,SUPP_050,12,23,4
SKU_01441,Brand_DC Wearables Item 1441,Electronics,Wearables,Brand_DC,125.7,206.55,1.43,SUPP_050,8,30,6
SKU_01442,Brand_IA Small Appliances Item 1442,Home & Kitchen,Small Appliances,Brand_IA,21.53,41.64,0.46,SUPP_009,10,16,3
SKU_01443,Brand_CD Accessories Item 1443,Electronics,Accessories,Brand_CD,80.55,143.59,6.69,SUPP_020,20,27,4
SKU_01444,Brand_DA Computers Item 1444,Electronics,Computers,Brand_DA,240.65,428.94,2.37,SUPP_040,23,98,12
SKU_01445,Brand_DB Smart Home Item 1445,Electronics,Smart Home,Brand_DB,175.84,277.27,0.5,SUPP_040,11,15,3
SKU_01446,Brand_AC Storage & Org Item 1446,Home & Kitchen,Storage & Org,Brand_AC,135.89,210.86,2.79,SUPP_017,22,200,25
SKU_01447,Brand_FC Cookware Item 1447,Home & Kitchen,Cookware,Brand_FC,74.93,121.15,1.44,SUPP_050,22,54,7
SKU_01448,Brand_CA Wearables Item 1448,Electronics,Wearables,Brand_CA,166.95,229.67,0.96,SUPP_020,15,26,4
SKU_01449,Brand_IB Skincare Item 1449,Health & Beauty,Skincare,Brand_IB,52.05,115.93,1.69,SUPP_049,19,114,15
SKU_01450,Brand_IB Outdoor Recreation Item 1450,Sports & Outdoors,Outdoor Recreation,Brand_IB,13.79,20.85,2.19,SUPP_018,12,65,11
SKU_01451,Brand_JD Beverages Item 1451,Groceries & Essentials,Beverages,Brand_JD,8.67,11.81,0.2,SUPP_026,7,20,4
SKU_01452,Brand_CD Skincare Item 1452,Health & Beauty,Skincare,Brand_CD,39.78,106.66,3.14,SUPP_046,6,18,4
SKU_01453,Brand_EB Bedding Item 1453,Home & Kitchen,Bedding,Brand_EB,106.69,183.93,0.66,SUPP_019,10,28,5
SKU_01454,Brand_DD Outdoor Recreation Item 1454,Sports & Outdoors,Outdoor Recreation,Brand_DD,59.92,119.4,0.98,SUPP_012,29,43,5
SKU_01455,Brand_IE Home Decor Item 1455,Home & Kitchen,Home Decor,Brand_IE,25.37,45.35,3.3,SUPP_040,12,17,3
SKU_01456,Brand_AE Haircare Item 1456,Health & Beauty,Haircare,Brand_AE,30.6,72.25,0.86,SUPP_039,8,13,3
SKU_01457,Brand_DB Skincare Item 1457,Health & Beauty,Skincare,Brand_DB,13.0,40.81,0.81,SUPP_045,16,53,8
SKU_01458,Brand_GC Bedding Item 1458,Home & Kitchen,Bedding,Brand_GC,59.84,117.1,0.22,SUPP_046,14,22,4
SKU_01459,Brand_FD Home Decor Item 1459,Home & Kitchen,Home Decor,Brand_FD,68.77,117.76,2.58,SUPP_037,19,53,7
SKU_01460,Brand_JC Haircare Item 1460,Health & Beauty,Haircare,Brand_JC,57.09,108.68,0.29,SUPP_020,9,18,4
SKU_01461,Brand_IE Packaged Foods Item 1461,Groceries & Essentials,Packaged Foods,Brand_IE,17.03,20.12,3.07,SUPP_007,12,49,8
SKU_01462,Brand_HE Computers Item 1462,Electronics,Computers,Brand_HE,39.12,58.8,0.65,SUPP_014,8,30,6
SKU_01463,Brand_EE Wearables Item 1463,Electronics,Wearables,Brand_EE,99.31,161.32,0.15,SUPP_032,19,88,12
SKU_01464,Brand_AC Footwear Item 1464,Apparel,Footwear,Brand_AC,88.39,179.76,1.92,SUPP_028,29,71,8
SKU_01465,Brand_HC Cycling Item 1465,Sports & Outdoors,Cycling,Brand_HC,169.55,292.68,0.84,SUPP_013,23,31,4
SKU_01466,Brand_GE Personal Care Item 1466,Groceries & Essentials,Personal Care,Brand_GE,13.16,17.1,2.25,SUPP_034,12,165,27
SKU_01467,Brand_EA Women's Wear Item 1467,Apparel,Women's Wear,Brand_EA,17.93,34.95,5.13,SUPP_048,28,68,8
SKU_01468,Brand_AA Accessories Item 1468,Apparel,Accessories,Brand_AA,69.21,160.6,0.73,SUPP_049,23,326,40
SKU_01469,Brand_HD Packaged Foods Item 1469,Groceries & Essentials,Packaged Foods,Brand_HD,3.13,4.29,2.99,SUPP_023,5,15,4
SKU_01470,Brand_HD Smart Home Item 1470,Electronics,Smart Home,Brand_HD,46.44,76.36,2.99,SUPP_007,10,51,9
SKU_01471,Brand_JE Snacks Item 1471,Groceries & Essentials,Snacks,Brand_JE,14.2,18.14,0.54,SUPP_001,10,37,7
SKU_01472,Brand_BE Home Decor Item 1472,Home & Kitchen,Home Decor,Brand_BE,19.07,38.66,0.75,SUPP_020,25,192,23
SKU_01473,Brand_HD Haircare Item 1473,Health & Beauty,Haircare,Brand_HD,42.23,90.77,1.0,SUPP_020,11,76,13
SKU_01474,Brand_JE Beverages Item 1474,Groceries & Essentials,Beverages,Brand_JE,15.96,24.14,1.29,SUPP_025,3,13,4
SKU_01475,Brand_IE Cookware Item 1475,Home & Kitchen,Cookware,Brand_IE,105.01,192.65,0.48,SUPP_014,27,78,9
SKU_01476,Brand_IA Accessories Item 1476,Apparel,Accessories,Brand_IA,18.89,32.64,0.17,SUPP_019,20,39,5
SKU_01477,Brand_CE Wearables Item 1477,Electronics,Wearables,Brand_CE,238.42,343.15,0.98,SUPP_047,25,50,6
SKU_01478,Brand_FD Storage & Org Item 1478,Home & Kitchen,Storage & Org,Brand_FD,86.71,147.25,1.13,SUPP_050,13,31,5
SKU_01479,Brand_JB Bedding Item 1479,Home & Kitchen,Bedding,Brand_JB,10.2,20.69,1.8,SUPP_014,27,261,30
SKU_01480,Brand_AE Men's Wear Item 1480,Apparel,Men's Wear,Brand_AE,31.85,56.65,1.91,SUPP_004,15,65,10
SKU_01481,Brand_IC Men's Wear Item 1481,Apparel,Men's Wear,Brand_IC,49.09,130.16,1.62,SUPP_034,28,44,5
SKU_01482,Brand_GE Computers Item 1482,Electronics,Computers,Brand_GE,226.02,387.15,2.51,SUPP_006,9,18,4
SKU_01483,Brand_GB Outdoor Recreation Item 1483,Sports & Outdoors,Outdoor Recreation,Brand_GB,60.73,113.27,0.21,SUPP_031,16,57,8
SKU_01484,Brand_GB Snacks Item 1484,Groceries & Essentials,Snacks,Brand_GB,13.08,17.07,4.07,SUPP_033,12,17,3
SKU_01485,Brand_CB Audio Item 1485,Electronics,Audio,Brand_CB,203.47,349.12,0.3,SUPP_038,14,99,15
SKU_01486,Brand_JA Packaged Foods Item 1486,Groceries & Essentials,Packaged Foods,Brand_JA,2.73,3.53,1.22,SUPP_024,11,15,3
SKU_01487,Brand_DD Haircare Item 1487,Health & Beauty,Haircare,Brand_DD,19.7,63.11,2.25,SUPP_046,21,1647,208
SKU_01488,Brand_ID Sportswear Item 1488,Apparel,Sportswear,Brand_ID,79.56,179.77,2.48,SUPP_031,22,28,4
SKU_01489,Brand_DB Sportswear Item 1489,Apparel,Sportswear,Brand_DB,8.03,15.56,0.33,SUPP_003,10,375,65
SKU_01490,Brand_CD Women's Wear Item 1490,Apparel,Women's Wear,Brand_CD,55.59,109.22,0.23,SUPP_017,11,22,4
SKU_01491,Brand_EA Personal Care Item 1491,Groceries & Essentials,Personal Care,Brand_EA,30.62,37.05,2.22,SUPP_029,11,26,5
SKU_01492,Brand_HB Cookware Item 1492,Home & Kitchen,Cookware,Brand_HB,37.48,78.56,3.35,SUPP_016,13,22,4
SKU_01493,Brand_FB Smart Home Item 1493,Electronics,Smart Home,Brand_FB,167.36,254.97,6.35,SUPP_030,16,37,6
SKU_01494,Brand_CC Accessories Item 1494,Electronics,Accessories,Brand_CC,302.77,448.58,1.47,SUPP_004,10,14,3
SKU_01495,Brand_JC Snacks Item 1495,Groceries & Essentials,Snacks,Brand_JC,8.66,11.26,0.22,SUPP_011,4,15,4
SKU_01496,Brand_FA Home Decor Item 1496,Home & Kitchen,Home Decor,Brand_FA,68.78,128.43,1.36,SUPP_028,27,45,5
SKU_01497,Brand_AA Bedding Item 1497,Home & Kitchen,Bedding,Brand_AA,22.68,41.19,0.88,SUPP_006,27,76,9
SKU_01498,Brand_CC Personal Care Item 1498,Groceries & Essentials,Personal Care,Brand_CC,27.23,39.85,4.07,SUPP_018,13,77,12
SKU_01499,Brand_AA Packaged Foods Item 1499,Groceries & Essentials,Packaged Foods,Brand_AA,8.06,9.5,0.17,SUPP_040,9,15,3
SKU_01500,Brand_GB Household Supplies Item 1500,Groceries & Essentials,Household Supplies,Brand_GB,25.35,34.57,4.22,SUPP_004,4,11,3
SKU_01501,Brand_BD Accessories Item 1501,Electronics,Accessories,Brand_BD,230.67,317.01,1.35,SUPP_004,25,100,12
SKU_01502,Brand_DB Packaged Foods Item 1502,Groceries & Essentials,Packaged Foods,Brand_DB,4.0,4.72,0.13,SUPP_018,7,49,10
SKU_01503,Brand_JC Outdoor Recreation Item 1503,Sports & Outdoors,Outdoor Recreation,Brand_JC,220.76,345.58,0.3,SUPP_019,25,40,5
SKU_01504,Brand_BD Accessories Item 1504,Apparel,Accessories,Brand_BD,55.21,132.1,1.75,SUPP_049,21,177,23
SKU_01505,Brand_BD Personal Care Item 1505,Groceries & Essentials,Personal Care,Brand_BD,27.54,38.47,2.08,SUPP_045,13,38,6
SKU_01506,Brand_IB Vitamins & Supplements Item 1506,Health & Beauty,Vitamins & Supplements,Brand_IB,9.53,21.11,0.39,SUPP_002,12,30,5
SKU_01507,Brand_HC Cycling Item 1507,Sports & Outdoors,Cycling,Brand_HC,178.07,258.2,0.15,SUPP_029,29,508,56
SKU_01508,Brand_JC Sportswear Item 1508,Apparel,Sportswear,Brand_JC,81.22,149.16,0.73,SUPP_008,29,99,11
SKU_01509,Brand_HC Wearables Item 1509,Electronics,Wearables,Brand_HC,121.25,204.81,2.65,SUPP_027,11,18,3
SKU_01510,Brand_FE Women's Wear Item 1510,Apparel,Women's Wear,Brand_FE,31.37,89.58,2.84,SUPP_018,16,60,9
SKU_01511,Brand_CC Bedding Item 1511,Home & Kitchen,Bedding,Brand_CC,17.62,33.45,0.96,SUPP_025,21,92,12
SKU_01512,Brand_DE Camping Item 1512,Sports & Outdoors,Camping,Brand_DE,183.31,287.71,5.55,SUPP_015,25,80,10
SKU_01513,Brand_CE Cycling Item 1513,Sports & Outdoors,Cycling,Brand_CE,32.77,55.2,0.76,SUPP_018,15,31,5
SKU_01514,Brand_EE Beverages Item 1514,Groceries & Essentials,Beverages,Brand_EE,24.43,36.89,2.44,SUPP_002,10,40,7
SKU_01515,Brand_GD Small Appliances Item 1515,Home & Kitchen,Small Appliances,Brand_GD,72.93,161.12,0.86,SUPP_021,11,33,6
SKU_01516,Brand_AA Wearables Item 1516,Electronics,Wearables,Brand_AA,124.98,200.6,3.01,SUPP_033,15,27,4
SKU_01517,Brand_BD Smart Home Item 1517,Electronics,Smart Home,Brand_BD,241.12,431.93,0.97,SUPP_023,16,41,6
SKU_01518,Brand_EE Storage & Org Item 1518,Home & Kitchen,Storage & Org,Brand_EE,53.69,90.87,0.2,SUPP_009,10,37,7
SKU_01519,Brand_ED Vitamins & Supplements Item 1519,Health & Beauty,Vitamins & Supplements,Brand_ED,44.48,117.14,0.91,SUPP_043,11,181,30
SKU_01520,Brand_EB Cycling Item 1520,Sports & Outdoors,Cycling,Brand_EB,110.96,159.01,4.02,SUPP_047,30,147,16
SKU_01521,Brand_DC Haircare Item 1521,Health & Beauty,Haircare,Brand_DC,10.27,19.09,1.36,SUPP_044,6,35,8
SKU_01522,Brand_EE Small Appliances Item 1522,Home & Kitchen,Small Appliances,Brand_EE,17.38,34.58,1.0,SUPP_004,20,25,4
SKU_01523,Brand_GE Snacks Item 1523,Groceries & Essentials,Snacks,Brand_GE,22.15,26.54,0.37,SUPP_025,13,23,4
SKU_01524,Brand_IE Bedding Item 1524,Home & Kitchen,Bedding,Brand_IE,104.43,223.7,0.59,SUPP_031,7,15,3
SKU_01525,Brand_HD Home Decor Item 1525,Home & Kitchen,Home Decor,Brand_HD,53.7,90.18,1.29,SUPP_041,27,42,5
SKU_01526,Brand_DA Storage & Org Item 1526,Home & Kitchen,Storage & Org,Brand_DA,85.42,176.65,2.91,SUPP_046,11,17,3
SKU_01527,Brand_CB Bedding Item 1527,Home & Kitchen,Bedding,Brand_CB,29.81,47.88,1.43,SUPP_027,27,73,9
SKU_01528,Brand_BE Skincare Item 1528,Health & Beauty,Skincare,Brand_BE,7.91,16.83,0.83,SUPP_049,8,65,13
SKU_01529,Brand_BA Snacks Item 1529,Groceries & Essentials,Snacks,Brand_BA,31.37,41.47,0.58,SUPP_009,9,12,2
SKU_01530,Brand_FC Household Supplies Item 1530,Groceries & Essentials,Household Supplies,Brand_FC,11.59,14.22,2.34,SUPP_023,6,9,2
SKU_01531,Brand_CC Bedding Item 1531,Home & Kitchen,Bedding,Brand_CC,7.98,17.47,6.54,SUPP_048,24,308,37
SKU_01532,Brand_HD Sportswear Item 1532,Apparel,Sportswear,Brand_HD,21.43,52.71,1.23,SUPP_003,18,48,7
SKU_01533,Brand_GA Oral Care Item 1533,Health & Beauty,Oral Care,Brand_GA,53.98,115.42,3.36,SUPP_013,20,35,5
SKU_01534,Brand_IE Packaged Foods Item 1534,Groceries & Essentials,Packaged Foods,Brand_IE,4.24,5.51,1.39,SUPP_002,7,155,31
SKU_01535,Brand_CD Packaged Foods Item 1535,Groceries & Essentials,Packaged Foods,Brand_CD,20.17,26.52,0.66,SUPP_002,3,9,3
SKU_01536,Brand_FB Small Appliances Item 1536,Home & Kitchen,Small Appliances,Brand_FB,84.6,140.45,2.96,SUPP_038,8,15,3
SKU_01537,Brand_IC Packaged Foods Item 1537,Groceries & Essentials,Packaged Foods,Brand_IC,27.73,33.37,0.86,SUPP_014,5,38,9
SKU_01538,Brand_AC Accessories Item 1538,Electronics,Accessories,Brand_AC,245.58,406.13,1.17,SUPP_039,20,132,17
SKU_01539,Brand_FB Snacks Item 1539,Groceries & Essentials,Snacks,Brand_FB,21.75,26.93,0.45,SUPP_038,5,24,6
SKU_01540,Brand_IC Outdoor Recreation Item 1540,Sports & Outdoors,Outdoor Recreation,Brand_IC,87.84,149.47,1.62,SUPP_012,15,44,7
SKU_01541,Brand_HD Packaged Foods Item 1541,Groceries & Essentials,Packaged Foods,Brand_HD,13.28,19.68,0.41,SUPP_009,4,14,4
SKU_01542,Brand_DB Bedding Item 1542,Home & Kitchen,Bedding,Brand_DB,82.98,142.91,0.44,SUPP_007,9,20,4
SKU_01543,Brand_BE Household Supplies Item 1543,Groceries & Essentials,Household Supplies,Brand_BE,24.72,34.18,2.32,SUPP_046,12,96,16
SKU_01544,Brand_AE Packaged Foods Item 1544,Groceries & Essentials,Packaged Foods,Brand_AE,11.36,16.95,0.18,SUPP_025,7,12,3
SKU_01545,Brand_CE Accessories Item 1545,Electronics,Accessories,Brand_CE,238.35,345.14,0.93,SUPP_034,7,116,23
SKU_01546,Brand_HD Home Decor Item 1546,Home & Kitchen,Home Decor,Brand_HD,93.25,206.81,0.22,SUPP_030,14,92,14
SKU_01547,Brand_CA Storage & Org Item 1547,Home & Kitchen,Storage & Org,Brand_CA,128.55,207.63,0.71,SUPP_006,24,272,33
SKU_01548,Brand_DD Accessories Item 1548,Apparel,Accessories,Brand_DD,40.14,89.87,0.58,SUPP_024,19,35,5
SKU_01549,Brand_FC Vitamins & Supplements Item 1549,Health & Beauty,Vitamins & Supplements,Brand_FC,38.71,97.72,0.26,SUPP_010,14,236,36
SKU_01550,Brand_EA Small Appliances Item 1550,Home & Kitchen,Small Appliances,Brand_EA,73.48,118.76,4.84,SUPP_001,14,22,4
SKU_01551,Brand_HE Men's Wear Item 1551,Apparel,Men's Wear,Brand_HE,97.22,167.11,2.54,SUPP_021,17,35,5
SKU_01552,Brand_EB Accessories Item 1552,Electronics,Accessories,Brand_EB,180.01,268.92,4.49,SUPP_050,20,37,5
SKU_01553,Brand_DA Accessories Item 1553,Apparel,Accessories,Brand_DA,5.97,12.23,0.59,SUPP_016,27,61,7
SKU_01554,Brand_FA Skincare Item 1554,Health & Beauty,Skincare,Brand_FA,24.59,54.41,1.18,SUPP_013,5,9,2
SKU_01555,Brand_HB Footwear Item 1555,Apparel,Footwear,Brand_HB,55.46,150.28,1.63,SUPP_049,29,37,4
SKU_01556,Brand_BA Skincare Item 1556,Health & Beauty,Skincare,Brand_BA,3.73,12.08,2.97,SUPP_049,12,81,13
SKU_01557,Brand_FA Computers Item 1557,Electronics,Computers,Brand_FA,90.05,152.24,0.31,SUPP_043,14,123,19
SKU_01558,Brand_AB Skincare Item 1558,Health & Beauty,Skincare,Brand_AB,35.01,94.5,0.56,SUPP_032,7,25,5
SKU_01559,Brand_JA Haircare Item 1559,Health & Beauty,Haircare,Brand_JA,2.5,6.57,1.3,SUPP_050,10,15,3
SKU_01560,Brand_AA Accessories Item 1560,Electronics,Accessories,Brand_AA,118.21,179.96,1.04,SUPP_003,14,49,8
SKU_01561,Brand_FD Sportswear Item 1561,Apparel,Sportswear,Brand_FD,21.57,41.54,0.2,SUPP_025,20,368,48
SKU_01562,Brand_DB Small Appliances Item 1562,Home & Kitchen,Small Appliances,Brand_DB,156.16,248.09,0.18,SUPP_002,20,89,12
SKU_01563,Brand_BA Computers Item 1563,Electronics,Computers,Brand_BA,42.81,60.46,5.36,SUPP_001,9,58,11
SKU_01564,Brand_FE Small Appliances Item 1564,Home & Kitchen,Small Appliances,Brand_FE,103.32,176.48,1.37,SUPP_032,10,34,6
SKU_01565,Brand_DB Cosmetics Item 1565,Health & Beauty,Cosmetics,Brand_DB,48.85,93.03,2.35,SUPP_015,16,23,4
SKU_01566,Brand_JD Accessories Item 1566,Electronics,Accessories,Brand_JD,188.34,262.87,2.83,SUPP_008,17,24,4
SKU_01567,Brand_CA Skincare Item 1567,Health & Beauty,Skincare,Brand_CA,39.53,79.69,2.06,SUPP_023,11,21,4
SKU_01568,Brand_FE Beverages Item 1568,Groceries & Essentials,Beverages,Brand_FE,2.29,2.99,0.89,SUPP_046,7,72,15
SKU_01569,Brand_CE Women's Wear Item 1569,Apparel,Women's Wear,Brand_CE,46.94,95.35,4.73,SUPP_017,14,197,30
SKU_01570,Brand_HC Packaged Foods Item 1570,Groceries & Essentials,Packaged Foods,Brand_HC,10.59,14.14,4.88,SUPP_044,6,30,7
SKU_01571,Brand_BB Accessories Item 1571,Electronics,Accessories,Brand_BB,261.81,387.88,1.03,SUPP_022,11,30,5
SKU_01572,Brand_EC Accessories Item 1572,Apparel,Accessories,Brand_EC,58.14,162.19,3.35,SUPP_015,17,71,10
SKU_01573,Brand_EC Smart Home Item 1573,Electronics,Smart Home,Brand_EC,221.88,299.76,0.26,SUPP_018,21,188,24
SKU_01574,Brand_FC Camping Item 1574,Sports & Outdoors,Camping,Brand_FC,46.85,78.1,2.46,SUPP_001,22,94,12
SKU_01575,Brand_AA Footwear Item 1575,Apparel,Footwear,Brand_AA,91.73,157.27,1.68,SUPP_033,14,19,3
SKU_01576,Brand_GC Footwear Item 1576,Apparel,Footwear,Brand_GC,28.22,54.45,1.26,SUPP_019,29,70,8
SKU_01577,Brand_IA Snacks Item 1577,Groceries & Essentials,Snacks,Brand_IA,27.33,35.79,0.54,SUPP_008,6,9,2
SKU_01578,Brand_ED Snacks Item 1578,Groceries & Essentials,Snacks,Brand_ED,13.98,17.61,2.86,SUPP_033,7,59,12
SKU_01579,Brand_JD Cycling Item 1579,Sports & Outdoors,Cycling,Brand_JD,176.18,320.44,0.2,SUPP_048,12,59,10
SKU_01580,Brand_IB Snacks Item 1580,Groceries & Essentials,Snacks,Brand_IB,17.69,23.31,0.45,SUPP_015,3,26,7
SKU_01581,Brand_FA Skincare Item 1581,Health & Beauty,Skincare,Brand_FA,7.19,19.68,0.31,SUPP_043,16,61,9
SKU_01582,Brand_JC Accessories Item 1582,Electronics,Accessories,Brand_JC,163.41,244.71,0.57,SUPP_017,10,19,4
SKU_01583,Brand_AE Women's Wear Item 1583,Apparel,Women's Wear,Brand_AE,62.21,175.14,1.7,SUPP_019,24,47,6
SKU_01584,Brand_DC Sportswear Item 1584,Apparel,Sportswear,Brand_DC,16.58,28.99,1.38,SUPP_049,26,118,14
SKU_01585,Brand_IE Household Supplies Item 1585,Groceries & Essentials,Household Supplies,Brand_IE,6.73,8.89,1.8,SUPP_005,3,10,3
SKU_01586,Brand_CA Snacks Item 1586,Groceries & Essentials,Snacks,Brand_CA,37.3,44.4,3.36,SUPP_024,12,16,3
SKU_01587,Brand_HE Sportswear Item 1587,Apparel,Sportswear,Brand_HE,22.9,42.49,2.78,SUPP_040,13,144,23
SKU_01588,Brand_FA Men's Wear Item 1588,Apparel,Men's Wear,Brand_FA,34.1,97.32,1.88,SUPP_028,27,74,9
SKU_01589,Brand_JE Home Decor Item 1589,Home & Kitchen,Home Decor,Brand_JE,83.48,144.34,0.23,SUPP_032,24,201,24
SKU_01590,Brand_AE Camping Item 1590,Sports & Outdoors,Camping,Brand_AE,176.58,275.56,0.52,SUPP_031,10,17,3
SKU_01591,Brand_EC Personal Care Item 1591,Groceries & Essentials,Personal Care,Brand_EC,9.33,11.52,3.04,SUPP_025,11,52,9
SKU_01592,Brand_CE Men's Wear Item 1592,Apparel,Men's Wear,Brand_CE,10.53,26.84,2.98,SUPP_008,25,30,4
SKU_01593,Brand_FE Packaged Foods Item 1593,Groceries & Essentials,Packaged Foods,Brand_FE,4.21,5.23,2.46,SUPP_002,5,18,4
SKU_01594,Brand_DE Bedding Item 1594,Home & Kitchen,Bedding,Brand_DE,42.91,81.79,2.68,SUPP_050,21,155,20
SKU_01595,Brand_JC Cosmetics Item 1595,Health & Beauty,Cosmetics,Brand_JC,36.79,80.66,6.17,SUPP_005,19,55,8
SKU_01596,Brand_IB Footwear Item 1596,Apparel,Footwear,Brand_IB,39.85,74.85,0.63,SUPP_024,16,490,70
SKU_01597,Brand_EA Bedding Item 1597,Home & Kitchen,Bedding,Brand_EA,130.14,223.74,1.04,SUPP_004,11,23,4
SKU_01598,Brand_GA Cosmetics Item 1598,Health & Beauty,Cosmetics,Brand_GA,21.1,42.97,0.7,SUPP_030,9,41,8
SKU_01599,Brand_HA Computers Item 1599,Electronics,Computers,Brand_HA,63.69,99.12,2.94,SUPP_021,19,27,4
SKU_01600,Brand_GB Personal Care Item 1600,Groceries & Essentials,Personal Care,Brand_GB,11.13,13.41,1.5,SUPP_006,11,33,6
SKU_01601,Brand_BD Wearables Item 1601,Electronics,Wearables,Brand_BD,87.0,140.89,1.52,SUPP_021,16,74,11
SKU_01602,Brand_FB Packaged Foods Item 1602,Groceries & Essentials,Packaged Foods,Brand_FB,26.79,34.63,0.89,SUPP_030,3,37,10
SKU_01603,Brand_FE Sportswear Item 1603,Apparel,Sportswear,Brand_FE,92.64,163.3,1.72,SUPP_005,26,76,9
SKU_01604,Brand_IA Accessories Item 1604,Apparel,Accessories,Brand_IA,8.3,17.86,0.84,SUPP_011,30,46,5
SKU_01605,Brand_GB Wearables Item 1605,Electronics,Wearables,Brand_GB,28.83,46.27,1.83,SUPP_003,9,136,25
SKU_01606,Brand_IB Storage & Org Item 1606,Home & Kitchen,Storage & Org,Brand_IB,58.2,103.04,0.22,SUPP_031,13,63,10
SKU_01607,Brand_GC Personal Care Item 1607,Groceries & Essentials,Personal Care,Brand_GC,17.38,22.51,2.68,SUPP_003,10,34,6
SKU_01608,Brand_CD Personal Care Item 1608,Groceries & Essentials,Personal Care,Brand_CD,32.11,40.34,0.15,SUPP_022,10,56,10
SKU_01609,Brand_FD Cookware Item 1609,Home & Kitchen,Cookware,Brand_FD,18.44,29.61,0.35,SUPP_040,15,77,12
SKU_01610,Brand_DE Beverages Item 1610,Groceries & Essentials,Beverages,Brand_DE,16.9,20.34,0.16,SUPP_035,8,94,18
SKU_01611,Brand_BC Packaged Foods Item 1611,Groceries & Essentials,Packaged Foods,Brand_BC,3.12,3.73,1.26,SUPP_042,14,24,4
SKU_01612,Brand_FD Audio Item 1612,Electronics,Audio,Brand_FD,116.65,194.18,0.88,SUPP_024,8,18,4
SKU_01613,Brand_CC Audio Item 1613,Electronics,Audio,Brand_CC,61.73,87.04,1.87,SUPP_021,14,52,8
SKU_01614,Brand_GC Computers Item 1614,Electronics,Computers,Brand_GC,223.51,384.69,3.97,SUPP_031,16,31,5
SKU_01615,Brand_JA Packaged Foods Item 1615,Groceries & Essentials,Packaged Foods,Brand_JA,22.24,30.93,0.99,SUPP_039,6,10,2
SKU_01616,Brand_IB Oral Care Item 1616,Health & Beauty,Oral Care,Brand_IB,12.34,30.9,1.33,SUPP_017,9,79,15
SKU_01617,Brand_BA Storage & Org Item 1617,Home & Kitchen,Storage & Org,Brand_BA,136.86,221.96,0.48,SUPP_046,9,53,10
SKU_01618,Brand_BA Accessories Item 1618,Apparel,Accessories,Brand_BA,29.05,74.79,1.54,SUPP_047,23,40,5
SKU_01619,Brand_IB Home Decor Item 1619,Home & Kitchen,Home Decor,Brand_IB,73.75,144.37,0.29,SUPP_038,21,34,5
SKU_01620,Brand_FC Haircare Item 1620,Health & Beauty,Haircare,Brand_FC,29.92,61.66,2.21,SUPP_019,14,25,4
SKU_01621,Brand_JE Storage & Org Item 1621,Home & Kitchen,Storage & Org,Brand_JE,112.47,201.34,0.7,SUPP_003,12,27,5
SKU_01622,Brand_IB Household Supplies Item 1622,Groceries & Essentials,Household Supplies,Brand_IB,29.85,35.59,1.22,SUPP_017,12,92,15
SKU_01623,Brand_AD Household Supplies Item 1623,Groceries & Essentials,Household Supplies,Brand_AD,29.16,41.05,4.01,SUPP_044,5,9,2
SKU_01624,Brand_AB Women's Wear Item 1624,Apparel,Women's Wear,Brand_AB,25.18,48.59,1.59,SUPP_024,11,197,33
SKU_01625,Brand_AB Camping Item 1625,Sports & Outdoors,Camping,Brand_AB,109.36,212.2,2.17,SUPP_015,16,59,9
SKU_01626,Brand_JD Snacks Item 1626,Groceries & Essentials,Snacks,Brand_JD,19.17,25.67,0.25,SUPP_017,9,16,3
SKU_01627,Brand_JB Men's Wear Item 1627,Apparel,Men's Wear,Brand_JB,24.1,41.1,1.7,SUPP_033,26,112,13
SKU_01628,Brand_BC Small Appliances Item 1628,Home & Kitchen,Small Appliances,Brand_BC,54.6,88.09,1.55,SUPP_034,11,45,8
SKU_01629,Brand_CB Storage & Org Item 1629,Home & Kitchen,Storage & Org,Brand_CB,52.03,84.23,2.7,SUPP_001,23,87,11
SKU_01630,Brand_FD Smart Home Item 1630,Electronics,Smart Home,Brand_FD,61.14,101.31,1.53,SUPP_050,21,83,11
SKU_01631,Brand_EA Computers Item 1631,Electronics,Computers,Brand_EA,269.3,362.57,6.3,SUPP_001,25,114,14
SKU_01632,Brand_JD Household Supplies Item 1632,Groceries & Essentials,Household Supplies,Brand_JD,23.81,36.14,0.9,SUPP_006,5,31,7
SKU_01633,Brand_BB Footwear Item 1633,Apparel,Footwear,Brand_BB,26.11,53.03,1.06,SUPP_003,23,30,4
SKU_01634,Brand_ED Vitamins & Supplements Item 1634,Health & Beauty,Vitamins & Supplements,Brand_ED,18.43,42.9,1.46,SUPP_029,12,48,8
SKU_01635,Brand_DB Wearables Item 1635,Electronics,Wearables,Brand_DB,320.13,448.19,6.16,SUPP_037,23,39,5
SKU_01636,Brand_JA Beverages Item 1636,Groceries & Essentials,Beverages,Brand_JA,25.24,38.82,0.67,SUPP_020,8,11,2
SKU_01637,Brand_EC Women's Wear Item 1637,Apparel,Women's Wear,Brand_EC,20.85,41.15,0.91,SUPP_044,21,71,9
SKU_01638,Brand_FB Women's Wear Item 1638,Apparel,Women's Wear,Brand_FB,19.72,52.29,5.42,SUPP_010,28,75,9
SKU_01639,Brand_BB Men's Wear Item 1639,Apparel,Men's Wear,Brand_BB,12.29,26.1,0.48,SUPP_031,24,105,13
SKU_01640,Brand_BA Smart Home Item 1640,Electronics,Smart Home,Brand_BA,180.57,261.05,0.29,SUPP_031,23,40,5
SKU_01641,Brand_FA Accessories Item 1641,Apparel,Accessories,Brand_FA,40.36,99.6,0.72,SUPP_027,20,65,9
SKU_01642,Brand_JA Vitamins & Supplements Item 1642,Health & Beauty,Vitamins & Supplements,Brand_JA,48.72,106.55,0.22,SUPP_027,16,52,8
SKU_01643,Brand_CB Personal Care Item 1643,Groceries & Essentials,Personal Care,Brand_CB,20.81,25.73,2.21,SUPP_017,4,39,10
SKU_01644,Brand_AB Cookware Item 1644,Home & Kitchen,Cookware,Brand_AB,17.55,30.15,0.66,SUPP_017,25,36,5
SKU_01645,Brand_FC Snacks Item 1645,Groceries & Essentials,Snacks,Brand_FC,17.75,23.2,0.93,SUPP_038,3,32,9
SKU_01646,Brand_EA Haircare Item 1646,Health & Beauty,Haircare,Brand_EA,9.51,28.41,0.34,SUPP_037,13,110,17
SKU_01647,Brand_FA Snacks Item 1647,Groceries & Essentials,Snacks,Brand_FA,29.82,40.33,5.25,SUPP_008,12,31,5
SKU_01648,Brand_GE Bedding Item 1648,Home & Kitchen,Bedding,Brand_GE,54.33,103.02,0.19,SUPP_027,21,94,12
SKU_01649,Brand_CD Household Supplies Item 1649,Groceries & Essentials,Household Supplies,Brand_CD,9.5,13.06,0.87,SUPP_002,10,34,6
SKU_01650,Brand_EE Beverages Item 1650,Groceries & Essentials,Beverages,Brand_EE,27.68,37.24,0.72,SUPP_046,14,72,11
SKU_01651,Brand_IB Personal Care Item 1651,Groceries & Essentials,Personal Care,Brand_IB,11.61,14.63,1.78,SUPP_008,11,52,9
SKU_01652,Brand_IA Sportswear Item 1652,Apparel,Sportswear,Brand_IA,18.29,48.28,0.23,SUPP_034,13,17,3
SKU_01653,Brand_ID Wearables Item 1653,Electronics,Wearables,Brand_ID,120.53,198.03,5.53,SUPP_049,16,57,8
SKU_01654,Brand_HE Household Supplies Item 1654,Groceries & Essentials,Household Supplies,Brand_HE,30.39,37.51,0.19,SUPP_016,9,36,7
SKU_01655,Brand_HD Household Supplies Item 1655,Groceries & Essentials,Household Supplies,Brand_HD,35.32,42.69,3.14,SUPP_047,14,58,9
SKU_01656,Brand_EA Cookware Item 1656,Home & Kitchen,Cookware,Brand_EA,25.43,50.42,0.4,SUPP_004,26,34,4
SKU_01657,Brand_CE Beverages Item 1657,Groceries & Essentials,Beverages,Brand_CE,11.8,17.61,0.29,SUPP_038,6,9,2
SKU_01658,Brand_CD Vitamins & Supplements Item 1658,Health & Beauty,Vitamins & Supplements,Brand_CD,35.09,110.94,0.35,SUPP_035,14,120,18
SKU_01659,Brand_HD Men's Wear Item 1659,Apparel,Men's Wear,Brand_HD,5.41,14.89,0.79,SUPP_016,25,168,20
SKU_01660,Brand_CE Beverages Item 1660,Groceries & Essentials,Beverages,Brand_CE,20.78,29.59,0.4,SUPP_032,7,17,4
SKU_01661,Brand_HB Home Decor Item 1661,Home & Kitchen,Home Decor,Brand_HB,100.16,218.05,1.79,SUPP_031,24,45,6
SKU_01662,Brand_GD Snacks Item 1662,Groceries & Essentials,Snacks,Brand_GD,10.52,13.33,0.77,SUPP_023,8,19,4
SKU_01663,Brand_GE Men's Wear Item 1663,Apparel,Men's Wear,Brand_GE,30.73,73.44,1.01,SUPP_048,13,36,6
SKU_01664,Brand_CB Household Supplies Item 1664,Groceries & Essentials,Household Supplies,Brand_CB,7.4,10.03,6.07,SUPP_001,7,91,18
SKU_01665,Brand_AC Packaged Foods Item 1665,Groceries & Essentials,Packaged Foods,Brand_AC,3.15,4.3,0.58,SUPP_022,9,19,4
SKU_01666,Brand_CC Snacks Item 1666,Groceries & Essentials,Snacks,Brand_CC,21.34,32.57,0.5,SUPP_036,8,30,6
SKU_01667,Brand_EA Oral Care Item 1667,Health & Beauty,Oral Care,Brand_EA,21.86,66.37,4.44,SUPP_017,8,18,4
SKU_01668,Brand_IB Outdoor Recreation Item 1668,Sports & Outdoors,Outdoor Recreation,Brand_IB,151.38,296.19,0.58,SUPP_003,28,217,24
SKU_01669,Brand_CD Oral Care Item 1669,Health & Beauty,Oral Care,Brand_CD,6.23,17.29,1.46,SUPP_003,18,42,6
SKU_01670,Brand_GE Wearables Item 1670,Electronics,Wearables,Brand_GE,42.34,70.69,0.46,SUPP_045,22,48,6
SKU_01671,Brand_JE Personal Care Item 1671,Groceries & Essentials,Personal Care,Brand_JE,26.15,37.53,0.8,SUPP_002,12,91,15
SKU_01672,Brand_BB Smart Home Item 1672,Electronics,Smart Home,Brand_BB,63.86,90.53,1.22,SUPP_045,9,14,3
SKU_01673,Brand_CC Snacks Item 1673,Groceries & Essentials,Snacks,Brand_CC,12.28,16.56,4.88,SUPP_036,5,70,16
SKU_01674,Brand_AB Smart Home Item 1674,Electronics,Smart Home,Brand_AB,185.93,255.05,0.13,SUPP_015,24,197,24
SKU_01675,Brand_EC Sportswear Item 1675,Apparel,Sportswear,Brand_EC,68.89,124.27,1.53,SUPP_021,11,23,4
SKU_01676,Brand_BA Home Decor Item 1676,Home & Kitchen,Home Decor,Brand_BA,5.22,11.03,0.2,SUPP_023,13,38,6
SKU_01677,Brand_CE Footwear Item 1677,Apparel,Footwear,Brand_CE,76.33,170.65,1.99,SUPP_034,26,296,34
SKU_01678,Brand_HB Cosmetics Item 1678,Health & Beauty,Cosmetics,Brand_HB,22.51,45.97,0.2,SUPP_017,14,46,7
SKU_01679,Brand_JC Sportswear Item 1679,Apparel,Sportswear,Brand_JC,59.43,103.31,0.68,SUPP_040,22,71,9
SKU_01680,Brand_FC Haircare Item 1680,Health & Beauty,Haircare,Brand_FC,35.43,84.98,0.95,SUPP_042,9,38,7
SKU_01681,Brand_ID Household Supplies Item 1681,Groceries & Essentials,Household Supplies,Brand_ID,5.43,6.46,0.28,SUPP_014,12,150,24
SKU_01682,Brand_AC Men's Wear Item 1682,Apparel,Men's Wear,Brand_AC,62.12,172.42,2.83,SUPP_028,18,42,6
SKU_01683,Brand_BA Accessories Item 1683,Apparel,Accessories,Brand_BA,54.34,154.8,1.16,SUPP_001,12,67,11
SKU_01684,Brand_JD Accessories Item 1684,Apparel,Accessories,Brand_JD,30.14,63.48,0.5,SUPP_038,28,108,12
SKU_01685,Brand_DE Oral Care Item 1685,Health & Beauty,Oral Care,Brand_DE,10.4,30.69,1.6,SUPP_026,14,18,3
SKU_01686,Brand_IA Personal Care Item 1686,Groceries & Essentials,Personal Care,Brand_IA,29.64,42.48,1.89,SUPP_019,7,184,37
SKU_01687,Brand_BD Bedding Item 1687,Home & Kitchen,Bedding,Brand_BD,61.31,103.14,1.37,SUPP_028,16,24,4
SKU_01688,Brand_GD Accessories Item 1688,Apparel,Accessories,Brand_GD,89.67,151.01,1.79,SUPP_042,17,71,10
SKU_01689,Brand_JE Sportswear Item 1689,Apparel,Sportswear,Brand_JE,94.0,173.66,0.26,SUPP_012,23,51,7
SKU_01690,Brand_HD Accessories Item 1690,Apparel,Accessories,Brand_HD,17.21,32.35,1.16,SUPP_048,17,47,7
SKU_01691,Brand_HC Women's Wear Item 1691,Apparel,Women's Wear,Brand_HC,89.68,152.45,4.53,SUPP_012,29,36,4
SKU_01692,Brand_BC Packaged Foods Item 1692,Groceries & Essentials,Packaged Foods,Brand_BC,24.19,32.97,4.88,SUPP_034,5,11,3
SKU_01693,Brand_DC Personal Care Item 1693,Groceries & Essentials,Personal Care,Brand_DC,35.94,43.7,0.91,SUPP_024,5,13,3
SKU_01694,Brand_CC Personal Care Item 1694,Groceries & Essentials,Personal Care,Brand_CC,7.72,9.91,0.81,SUPP_029,6,13,3
SKU_01695,Brand_ED Household Supplies Item 1695,Groceries & Essentials,Household Supplies,Brand_ED,11.96,14.89,1.24,SUPP_015,10,74,13
SKU_01696,Brand_IA Snacks Item 1696,Groceries & Essentials,Snacks,Brand_IA,30.85,43.78,0.75,SUPP_008,7,28,6
SKU_01697,Brand_JC Beverages Item 1697,Groceries & Essentials,Beverages,Brand_JC,9.68,13.65,0.39,SUPP_047,13,17,3
SKU_01698,Brand_EA Wearables Item 1698,Electronics,Wearables,Brand_EA,45.9,65.16,0.26,SUPP_048,25,42,5
SKU_01699,Brand_DC Household Supplies Item 1699,Groceries & Essentials,Household Supplies,Brand_DC,25.04,31.54,1.78,SUPP_048,12,35,6
SKU_01700,Brand_HC Storage & Org Item 1700,Home & Kitchen,Storage & Org,Brand_HC,35.82,68.92,2.78,SUPP_003,14,24,4
SKU_01701,Brand_DB Women's Wear Item 1701,Apparel,Women's Wear,Brand_DB,33.95,82.0,3.01,SUPP_001,18,44,6
SKU_01702,Brand_BD Footwear Item 1702,Apparel,Footwear,Brand_BD,8.47,21.3,6.32,SUPP_038,17,46,7
SKU_01703,Brand_DA Beverages Item 1703,Groceries & Essentials,Beverages,Brand_DA,15.95,23.82,0.55,SUPP_036,13,106,17
SKU_01704,Brand_DE Audio Item 1704,Electronics,Audio,Brand_DE,258.31,448.86,0.63,SUPP_005,11,29,5
SKU_01705,Brand_AD Cosmetics Item 1705,Health & Beauty,Cosmetics,Brand_AD,29.37,80.34,0.1,SUPP_013,20,58,8
SKU_01706,Brand_AB Cosmetics Item 1706,Health & Beauty,Cosmetics,Brand_AB,33.36,76.59,1.36,SUPP_041,21,35,5
SKU_01707,Brand_HB Vitamins & Supplements Item 1707,Health & Beauty,Vitamins & Supplements,Brand_HB,7.93,15.55,2.08,SUPP_049,10,32,6
SKU_01708,Brand_JC Accessories Item 1708,Apparel,Accessories,Brand_JC,65.29,117.32,0.2,SUPP_042,16,30,5
SKU_01709,Brand_CB Oral Care Item 1709,Health & Beauty,Oral Care,Brand_CB,24.59,68.81,0.8,SUPP_019,13,17,3
SKU_01710,Brand_AD Cycling Item 1710,Sports & Outdoors,Cycling,Brand_AD,111.61,172.59,0.73,SUPP_036,24,137,17
SKU_01711,Brand_GC Vitamins & Supplements Item 1711,Health & Beauty,Vitamins & Supplements,Brand_GC,27.77,78.65,1.9,SUPP_021,10,15,3
SKU_01712,Brand_AE Storage & Org Item 1712,Home & Kitchen,Storage & Org,Brand_AE,73.12,124.44,0.6,SUPP_026,11,84,14
SKU_01713,Brand_JE Storage & Org Item 1713,Home & Kitchen,Storage & Org,Brand_JE,46.13,93.16,0.56,SUPP_010,16,24,4
SKU_01714,Brand_BC Team Sports Item 1714,Sports & Outdoors,Team Sports,Brand_BC,102.93,156.06,0.84,SUPP_021,17,102,14
SKU_01715,Brand_IE Skincare Item 1715,Health & Beauty,Skincare,Brand_IE,44.42,89.16,0.81,SUPP_035,12,116,19
SKU_01716,Brand_FA Women's Wear Item 1716,Apparel,Women's Wear,Brand_FA,64.85,143.8,3.46,SUPP_044,22,56,7
SKU_01717,Brand_GB Vitamins & Supplements Item 1717,Health & Beauty,Vitamins & Supplements,Brand_GB,57.07,118.92,5.67,SUPP_040,9,14,3
SKU_01718,Brand_JB Small Appliances Item 1718,Home & Kitchen,Small Appliances,Brand_JB,81.31,149.47,2.88,SUPP_024,8,24,5
SKU_01719,Brand_GA Computers Item 1719,Electronics,Computers,Brand_GA,105.06,160.22,0.14,SUPP_025,10,38,7
SKU_01720,Brand_JE Footwear Item 1720,Apparel,Footwear,Brand_JE,11.23,27.75,7.25,SUPP_006,23,43,6
SKU_01721,Brand_BB Beverages Item 1721,Groceries & Essentials,Beverages,Brand_BB,7.67,9.62,0.98,SUPP_046,11,15,3
SKU_01722,Brand_HE Snacks Item 1722,Groceries & Essentials,Snacks,Brand_HE,29.73,41.91,0.52,SUPP_021,11,20,4
SKU_01723,Brand_JA Accessories Item 1723,Electronics,Accessories,Brand_JA,172.05,305.07,1.84,SUPP_029,13,50,8
SKU_01724,Brand_FB Packaged Foods Item 1724,Groceries & Essentials,Packaged Foods,Brand_FB,7.58,9.37,1.17,SUPP_045,13,38,6
SKU_01725,Brand_FC Outdoor Recreation Item 1725,Sports & Outdoors,Outdoor Recreation,Brand_FC,99.52,152.8,0.31,SUPP_004,19,84,11
SKU_01726,Brand_HA Storage & Org Item 1726,Home & Kitchen,Storage & Org,Brand_HA,14.26,24.31,7.19,SUPP_019,10,16,3
SKU_01727,Brand_HD Team Sports Item 1727,Sports & Outdoors,Team Sports,Brand_HD,62.09,99.34,2.51,SUPP_030,16,34,5
SKU_01728,Brand_DA Snacks Item 1728,Groceries & Essentials,Snacks,Brand_DA,29.99,41.79,3.37,SUPP_002,6,24,5
SKU_01729,Brand_JA Packaged Foods Item 1729,Groceries & Essentials,Packaged Foods,Brand_JA,14.31,17.29,1.93,SUPP_003,3,7,2
SKU_01730,Brand_GB Oral Care Item 1730,Health & Beauty,Oral Care,Brand_GB,41.48,76.58,0.86,SUPP_045,18,68,10
SKU_01731,Brand_BB Packaged Foods Item 1731,Groceries & Essentials,Packaged Foods,Brand_BB,9.21,12.14,4.69,SUPP_017,13,34,6
SKU_01732,Brand_CA Storage & Org Item 1732,Home & Kitchen,Storage & Org,Brand_CA,68.69,139.08,0.67,SUPP_016,9,420,76
SKU_01733,Brand_ED Personal Care Item 1733,Groceries & Essentials,Personal Care,Brand_ED,6.6,8.16,2.28,SUPP_029,4,11,3
SKU_01734,Brand_IA Beverages Item 1734,Groceries & Essentials,Beverages,Brand_IA,2.34,2.91,0.5,SUPP_048,14,162,25
SKU_01735,Brand_DE Skincare Item 1735,Health & Beauty,Skincare,Brand_DE,33.88,69.27,0.18,SUPP_006,10,38,7
SKU_01736,Brand_DD Audio Item 1736,Electronics,Audio,Brand_DD,53.52,79.36,1.83,SUPP_033,8,19,4
SKU_01737,Brand_JE Oral Care Item 1737,Health & Beauty,Oral Care,Brand_JE,49.99,119.98,2.73,SUPP_021,12,33,6
SKU_01738,Brand_JD Audio Item 1738,Electronics,Audio,Brand_JD,240.89,382.62,1.01,SUPP_042,14,64,10
SKU_01739,Brand_JB Personal Care Item 1739,Groceries & Essentials,Personal Care,Brand_JB,8.43,10.21,0.33,SUPP_008,10,35,6
SKU_01740,Brand_IC Snacks Item 1740,Groceries & Essentials,Snacks,Brand_IC,8.53,11.93,0.27,SUPP_026,8,36,7
SKU_01741,Brand_AB Snacks Item 1741,Groceries & Essentials,Snacks,Brand_AB,22.25,29.82,1.82,SUPP_044,14,23,4
SKU_01742,Brand_IE Skincare Item 1742,Health & Beauty,Skincare,Brand_IE,22.51,73.33,0.77,SUPP_048,20,43,6
SKU_01743,Brand_IE Skincare Item 1743,Health & Beauty,Skincare,Brand_IE,36.48,84.41,3.24,SUPP_004,6,13,3
SKU_01744,Brand_BC Computers Item 1744,Electronics,Computers,Brand_BC,255.96,449.06,4.01,SUPP_014,24,463,55
SKU_01745,Brand_FC Snacks Item 1745,Groceries & Essentials,Snacks,Brand_FC,3.28,4.88,1.09,SUPP_045,3,28,8
SKU_01746,Brand_CC Haircare Item 1746,Health & Beauty,Haircare,Brand_CC,17.42,38.49,0.1,SUPP_005,20,41,6
SKU_01747,Brand_AA Cookware Item 1747,Home & Kitchen,Cookware,Brand_AA,43.86,97.25,1.37,SUPP_028,8,13,3
SKU_01748,Brand_AE Fitness Gear Item 1748,Sports & Outdoors,Fitness Gear,Brand_AE,79.78,145.37,0.21,SUPP_031,10,28,5
SKU_01749,Brand_CE Snacks Item 1749,Groceries & Essentials,Snacks,Brand_CE,33.14,44.12,4.25,SUPP_023,13,22,4
SKU_01750,Brand_BD Small Appliances Item 1750,Home & Kitchen,Small Appliances,Brand_BD,37.98,64.74,0.46,SUPP_001,26,55,7
SKU_01751,Brand_JD Accessories Item 1751,Electronics,Accessories,Brand_JD,261.37,389.98,0.38,SUPP_032,20,52,7
SKU_01752,Brand_ED Men's Wear Item 1752,Apparel,Men's Wear,Brand_ED,23.62,65.45,2.43,SUPP_025,23,35,5
SKU_01753,Brand_JB Packaged Foods Item 1753,Groceries & Essentials,Packaged Foods,Brand_JB,6.39,9.45,0.58,SUPP_015,7,35,7
SKU_01754,Brand_HC Outdoor Recreation Item 1754,Sports & Outdoors,Outdoor Recreation,Brand_HC,134.21,242.27,0.46,SUPP_044,27,94,11
SKU_01755,Brand_IC Cookware Item 1755,Home & Kitchen,Cookware,Brand_IC,20.66,45.01,0.22,SUPP_050,25,41,5
SKU_01756,Brand_GC Household Supplies Item 1756,Groceries & Essentials,Household Supplies,Brand_GC,34.8,42.35,0.81,SUPP_023,12,37,6
SKU_01757,Brand_CB Computers Item 1757,Electronics,Computers,Brand_CB,118.51,184.08,3.46,SUPP_007,9,63,12
SKU_01758,Brand_CC Haircare Item 1758,Health & Beauty,Haircare,Brand_CC,6.85,18.24,0.45,SUPP_017,7,346,69
SKU_01759,Brand_JE Accessories Item 1759,Electronics,Accessories,Brand_JE,91.09,129.11,1.95,SUPP_046,11,138,23
SKU_01760,Brand_BE Cookware Item 1760,Home & Kitchen,Cookware,Brand_BE,37.05,70.68,2.25,SUPP_031,22,84,11
SKU_01761,Brand_CD Sportswear Item 1761,Apparel,Sportswear,Brand_CD,55.63,147.83,0.12,SUPP_050,24,88,11
SKU_01762,Brand_JC Accessories Item 1762,Apparel,Accessories,Brand_JC,53.54,100.69,3.69,SUPP_043,11,24,4
SKU_01763,Brand_FC Accessories Item 1763,Electronics,Accessories,Brand_FC,140.88,227.43,0.29,SUPP_004,10,21,4
SKU_01764,Brand_EA Cycling Item 1764,Sports & Outdoors,Cycling,Brand_EA,57.74,95.92,0.22,SUPP_047,13,34,6
SKU_01765,Brand_IA Wearables Item 1765,Electronics,Wearables,Brand_IA,203.91,307.22,0.28,SUPP_017,25,45,6
SKU_01766,Brand_GE Wearables Item 1766,Electronics,Wearables,Brand_GE,97.9,136.39,0.93,SUPP_015,11,54,9
SKU_01767,Brand_JB Packaged Foods Item 1767,Groceries & Essentials,Packaged Foods,Brand_JB,29.24,36.11,0.9,SUPP_007,9,20,4
SKU_01768,Brand_HE Skincare Item 1768,Health & Beauty,Skincare,Brand_HE,27.06,64.08,2.63,SUPP_035,9,20,4
SKU_01769,Brand_HE Footwear Item 1769,Apparel,Footwear,Brand_HE,57.3,96.07,3.61,SUPP_013,22,132,17
SKU_01770,Brand_HC Men's Wear Item 1770,Apparel,Men's Wear,Brand_HC,27.74,50.47,3.67,SUPP_043,20,89,12
SKU_01771,Brand_ID Cycling Item 1771,Sports & Outdoors,Cycling,Brand_ID,159.15,234.29,0.54,SUPP_006,25,108,13
SKU_01772,Brand_DE Accessories Item 1772,Electronics,Accessories,Brand_DE,144.4,206.46,1.82,SUPP_014,22,210,26
SKU_01773,Brand_EC Storage & Org Item 1773,Home & Kitchen,Storage & Org,Brand_EC,18.05,39.46,0.3,SUPP_011,18,26,4
SKU_01774,Brand_FD Household Supplies Item 1774,Groceries & Essentials,Household Supplies,Brand_FD,12.33,18.52,0.16,SUPP_026,10,14,3
SKU_01775,Brand_IE Storage & Org Item 1775,Home & Kitchen,Storage & Org,Brand_IE,61.91,123.65,2.55,SUPP_049,27,309,35
SKU_01776,Brand_GD Packaged Foods Item 1776,Groceries & Essentials,Packaged Foods,Brand_GD,24.79,34.2,0.91,SUPP_049,7,10,2
SKU_01777,Brand_GA Wearables Item 1777,Electronics,Wearables,Brand_GA,15.78,25.46,0.45,SUPP_006,8,199,38
SKU_01778,Brand_HE Packaged Foods Item 1778,Groceries & Essentials,Packaged Foods,Brand_HE,22.86,28.84,3.84,SUPP_043,13,25,4
SKU_01779,Brand_CC Fitness Gear Item 1779,Sports & Outdoors,Fitness Gear,Brand_CC,49.05,94.97,0.22,SUPP_030,17,39,6
SKU_01780,Brand_GA Footwear Item 1780,Apparel,Footwear,Brand_GA,70.6,175.09,5.05,SUPP_027,10,116,20
SKU_01781,Brand_EA Cookware Item 1781,Home & Kitchen,Cookware,Brand_EA,56.06,94.17,1.39,SUPP_025,14,52,8
SKU_01782,Brand_AD Snacks Item 1782,Groceries & Essentials,Snacks,Brand_AD,29.34,42.06,1.2,SUPP_015,14,142,22
SKU_01783,Brand_DC Sportswear Item 1783,Apparel,Sportswear,Brand_DC,60.8,121.29,1.51,SUPP_041,20,113,15
SKU_01784,Brand_ED Smart Home Item 1784,Electronics,Smart Home,Brand_ED,88.33,127.45,4.93,SUPP_021,13,17,3
SKU_01785,Brand_CC Men's Wear Item 1785,Apparel,Men's Wear,Brand_CC,9.45,17.19,0.57,SUPP_003,30,238,26
SKU_01786,Brand_JE Household Supplies Item 1786,Groceries & Essentials,Household Supplies,Brand_JE,9.11,11.49,3.72,SUPP_026,12,18,3
SKU_01787,Brand_GC Bedding Item 1787,Home & Kitchen,Bedding,Brand_GC,6.9,15.02,2.03,SUPP_014,18,433,59
SKU_01788,Brand_AA Haircare Item 1788,Health & Beauty,Haircare,Brand_AA,23.27,44.4,1.38,SUPP_038,15,19,3
SKU_01789,Brand_JA Outdoor Recreation Item 1789,Sports & Outdoors,Outdoor Recreation,Brand_JA,67.67,107.43,0.47,SUPP_038,19,81,11
SKU_01790,Brand_FC Smart Home Item 1790,Electronics,Smart Home,Brand_FC,148.66,227.91,0.22,SUPP_033,22,56,7
SKU_01791,Brand_JA Household Supplies Item 1791,Groceries & Essentials,Household Supplies,Brand_JA,2.39,3.14,0.95,SUPP_042,12,50,8
SKU_01792,Brand_CE Smart Home Item 1792,Electronics,Smart Home,Brand_CE,34.78,48.87,3.73,SUPP_004,21,89,12
SKU_01793,Brand_GC Accessories Item 1793,Apparel,Accessories,Brand_GC,27.09,45.53,1.34,SUPP_033,30,202,22
SKU_01794,Brand_BB Snacks Item 1794,Groceries & Essentials,Snacks,Brand_BB,30.69,40.38,1.3,SUPP_050,13,28,5
SKU_01795,Brand_GB Men's Wear Item 1795,Apparel,Men's Wear,Brand_GB,22.36,58.24,1.5,SUPP_040,27,172,20
SKU_01796,Brand_GE Men's Wear Item 1796,Apparel,Men's Wear,Brand_GE,30.66,66.76,0.41,SUPP_020,24,446,53
SKU_01797,Brand_HC Home Decor Item 1797,Home & Kitchen,Home Decor,Brand_HC,92.97,148.01,0.39,SUPP_029,11,179,30
SKU_01798,Brand_HD Women's Wear Item 1798,Apparel,Women's Wear,Brand_HD,15.92,33.23,1.22,SUPP_048,22,446,55
SKU_01799,Brand_AB Home Decor Item 1799,Home & Kitchen,Home Decor,Brand_AB,47.87,98.78,0.35,SUPP_014,16,98,14
SKU_01800,Brand_JE Accessories Item 1800,Apparel,Accessories,Brand_JE,66.29,119.76,0.64,SUPP_003,20,75,10
SKU_01801,Brand_EB Men's Wear Item 1801,Apparel,Men's Wear,Brand_EB,80.31,137.96,1.04,SUPP_019,15,19,3
SKU_01802,Brand_HB Storage & Org Item 1802,Home & Kitchen,Storage & Org,Brand_HB,49.21,95.5,2.06,SUPP_047,23,40,5
SKU_01803,Brand_EB Beverages Item 1803,Groceries & Essentials,Beverages,Brand_EB,11.72,14.64,2.23,SUPP_017,8,19,4
SKU_01804,Brand_GE Wearables Item 1804,Electronics,Wearables,Brand_GE,212.63,333.38,0.48,SUPP_006,15,47,7
SKU_01805,Brand_IC Packaged Foods Item 1805,Groceries & Essentials,Packaged Foods,Brand_IC,6.94,8.48,1.63,SUPP_015,11,22,4
SKU_01806,Brand_BE Wearables Item 1806,Electronics,Wearables,Brand_BE,250.23,398.05,3.06,SUPP_009,25,117,14
SKU_01807,Brand_GD Small Appliances Item 1807,Home & Kitchen,Small Appliances,Brand_GD,131.51,225.38,4.45,SUPP_017,16,37,6
SKU_01808,Brand_HA Wearables Item 1808,Electronics,Wearables,Brand_HA,180.55,307.73,4.14,SUPP_031,21,32,4
SKU_01809,Brand_BB Household Supplies Item 1809,Groceries & Essentials,Household Supplies,Brand_BB,10.73,15.9,0.74,SUPP_004,9,26,5
SKU_01810,Brand_IE Personal Care Item 1810,Groceries & Essentials,Personal Care,Brand_IE,22.34,29.16,0.19,SUPP_020,12,35,6
SKU_01811,Brand_GE Storage & Org Item 1811,Home & Kitchen,Storage & Org,Brand_GE,23.3,46.87,2.03,SUPP_012,19,35,5
SKU_01812,Brand_EB Wearables Item 1812,Electronics,Wearables,Brand_EB,80.16,118.07,0.54,SUPP_023,20,51,7
SKU_01813,Brand_IC Bedding Item 1813,Home & Kitchen,Bedding,Brand_IC,36.37,76.52,0.84,SUPP_028,17,27,4
SKU_01814,Brand_EE Personal Care Item 1814,Groceries & Essentials,Personal Care,Brand_EE,16.51,23.26,6.55,SUPP_011,3,86,24
SKU_01815,Brand_DD Beverages Item 1815,Groceries & Essentials,Beverages,Brand_DD,22.67,31.82,1.93,SUPP_003,10,16,3
SKU_01816,Brand_HB Storage & Org Item 1816,Home & Kitchen,Storage & Org,Brand_HB,46.75,93.96,1.41,SUPP_002,10,21,4
SKU_01817,Brand_HD Household Supplies Item 1817,Groceries & Essentials,Household Supplies,Brand_HD,7.52,11.38,3.31,SUPP_007,11,65,11
SKU_01818,Brand_CC Accessories Item 1818,Electronics,Accessories,Brand_CC,59.1,91.29,0.93,SUPP_019,9,76,14
SKU_01819,Brand_JB Personal Care Item 1819,Groceries & Essentials,Personal Care,Brand_JB,10.2,14.78,0.59,SUPP_040,10,15,3
SKU_01820,Brand_HA Packaged Foods Item 1820,Groceries & Essentials,Packaged Foods,Brand_HA,27.08,33.51,4.56,SUPP_049,13,31,5
SKU_01821,Brand_EB Snacks Item 1821,Groceries & Essentials,Snacks,Brand_EB,7.63,9.8,0.42,SUPP_013,9,30,6
SKU_01822,Brand_IA Packaged Foods Item 1822,Groceries & Essentials,Packaged Foods,Brand_IA,29.24,40.46,1.85,SUPP_017,10,29,5
SKU_01823,Brand_CC Cookware Item 1823,Home & Kitchen,Cookware,Brand_CC,86.55,178.92,0.16,SUPP_007,21,37,5
SKU_01824,Brand_JC Smart Home Item 1824,Electronics,Smart Home,Brand_JC,150.96,247.13,2.33,SUPP_010,25,103,12
SKU_01825,Brand_JB Accessories Item 1825,Electronics,Accessories,Brand_JB,215.74,299.3,0.41,SUPP_013,16,148,21
SKU_01826,Brand_HB Cookware Item 1826,Home & Kitchen,Cookware,Brand_HB,93.87,166.91,2.34,SUPP_009,17,79,11
SKU_01827,Brand_FA Cycling Item 1827,Sports & Outdoors,Cycling,Brand_FA,27.98,41.74,0.13,SUPP_010,11,28,5
SKU_01828,Brand_JC Skincare Item 1828,Health & Beauty,Skincare,Brand_JC,23.01,48.36,0.35,SUPP_013,16,24,4
SKU_01829,Brand_BA Footwear Item 1829,Apparel,Footwear,Brand_BA,38.55,109.18,0.8,SUPP_014,24,51,6
SKU_01830,Brand_DD Footwear Item 1830,Apparel,Footwear,Brand_DD,57.0,125.76,2.01,SUPP_033,13,23,4
SKU_01831,Brand_BB Women's Wear Item 1831,Apparel,Women's Wear,Brand_BB,29.51,57.64,0.25,SUPP_047,10,21,4
SKU_01832,Brand_EA Personal Care Item 1832,Groceries & Essentials,Personal Care,Brand_EA,29.73,42.96,1.72,SUPP_019,6,92,20
SKU_01833,Brand_GB Smart Home Item 1833,Electronics,Smart Home,Brand_GB,235.65,352.23,4.62,SUPP_035,11,56,10
SKU_01834,Brand_GB Bedding Item 1834,Home & Kitchen,Bedding,Brand_GB,109.54,212.53,0.64,SUPP_045,15,26,4
SKU_01835,Brand_JB Small Appliances Item 1835,Home & Kitchen,Small Appliances,Brand_JB,100.93,209.09,2.63,SUPP_042,23,46,6
SKU_01836,Brand_DE Storage & Org Item 1836,Home & Kitchen,Storage & Org,Brand_DE,95.23,146.98,2.25,SUPP_032,19,61,8
SKU_01837,Brand_JC Team Sports Item 1837,Sports & Outdoors,Team Sports,Brand_JC,22.46,32.44,0.94,SUPP_039,26,94,11
SKU_01838,Brand_IC Footwear Item 1838,Apparel,Footwear,Brand_IC,18.86,32.5,1.81,SUPP_018,21,31,4
SKU_01839,Brand_DA Household Supplies Item 1839,Groceries & Essentials,Household Supplies,Brand_DA,24.46,33.7,5.32,SUPP_048,12,43,7
SKU_01840,Brand_IB Computers Item 1840,Electronics,Computers,Brand_IB,207.22,290.48,0.11,SUPP_046,25,72,9
SKU_01841,Brand_HD Women's Wear Item 1841,Apparel,Women's Wear,Brand_HD,31.17,70.37,0.17,SUPP_012,20,100,13
SKU_01842,Brand_IC Snacks Item 1842,Groceries & Essentials,Snacks,Brand_IC,24.66,36.66,0.53,SUPP_025,12,29,5
SKU_01843,Brand_HE Snacks Item 1843,Groceries & Essentials,Snacks,Brand_HE,7.92,9.65,1.15,SUPP_039,3,11,3
SKU_01844,Brand_EA Cycling Item 1844,Sports & Outdoors,Cycling,Brand_EA,124.17,216.69,0.17,SUPP_002,17,100,14
SKU_01845,Brand_DC Accessories Item 1845,Apparel,Accessories,Brand_DC,57.73,149.15,1.57,SUPP_027,14,52,8
SKU_01846,Brand_DD Men's Wear Item 1846,Apparel,Men's Wear,Brand_DD,9.43,20.33,1.19,SUPP_035,12,40,7
SKU_01847,Brand_CE Oral Care Item 1847,Health & Beauty,Oral Care,Brand_CE,43.64,106.47,0.82,SUPP_032,19,49,7
SKU_01848,Brand_IA Smart Home Item 1848,Electronics,Smart Home,Brand_IA,238.38,327.02,0.51,SUPP_037,20,46,6
SKU_01849,Brand_DD Women's Wear Item 1849,Apparel,Women's Wear,Brand_DD,66.42,132.23,2.28,SUPP_027,13,31,5
SKU_01850,Brand_EA Snacks Item 1850,Groceries & Essentials,Snacks,Brand_EA,3.84,4.84,1.85,SUPP_031,3,34,10
SKU_01851,Brand_DB Footwear Item 1851,Apparel,Footwear,Brand_DB,25.76,66.18,0.4,SUPP_011,27,64,8
SKU_01852,Brand_GC Cosmetics Item 1852,Health & Beauty,Cosmetics,Brand_GC,18.58,59.74,0.95,SUPP_011,9,21,4
SKU_01853,Brand_CC Men's Wear Item 1853,Apparel,Men's Wear,Brand_CC,28.57,72.62,1.0,SUPP_003,29,76,9
SKU_01854,Brand_CA Audio Item 1854,Electronics,Audio,Brand_CA,190.68,270.8,1.65,SUPP_013,15,171,25
SKU_01855,Brand_DA Bedding Item 1855,Home & Kitchen,Bedding,Brand_DA,86.4,173.12,0.39,SUPP_037,9,21,4
SKU_01856,Brand_BD Computers Item 1856,Electronics,Computers,Brand_BD,84.78,126.8,1.14,SUPP_012,22,32,4
SKU_01857,Brand_IB Household Supplies Item 1857,Groceries & Essentials,Household Supplies,Brand_IB,15.33,22.4,1.0,SUPP_031,4,11,3
SKU_01858,Brand_HE Cookware Item 1858,Home & Kitchen,Cookware,Brand_HE,66.69,108.76,4.36,SUPP_025,10,50,9
SKU_01859,Brand_CC Men's Wear Item 1859,Apparel,Men's Wear,Brand_CC,23.45,48.91,0.17,SUPP_027,20,82,11
SKU_01860,Brand_DB Cycling Item 1860,Sports & Outdoors,Cycling,Brand_DB,82.77,156.72,0.32,SUPP_032,13,50,8
SKU_01861,Brand_CA Cycling Item 1861,Sports & Outdoors,Cycling,Brand_CA,154.72,235.37,0.29,SUPP_035,10,27,5
SKU_01862,Brand_GC Camping Item 1862,Sports & Outdoors,Camping,Brand_GC,211.24,303.26,0.62,SUPP_020,25,41,5
SKU_01863,Brand_JA Outdoor Recreation Item 1863,Sports & Outdoors,Outdoor Recreation,Brand_JA,135.55,241.86,1.25,SUPP_011,22,27,4
SKU_01864,Brand_BC Team Sports Item 1864,Sports & Outdoors,Team Sports,Brand_BC,94.02,180.07,0.74,SUPP_016,22,202,25
SKU_01865,Brand_BC Beverages Item 1865,Groceries & Essentials,Beverages,Brand_BC,10.25,14.26,0.29,SUPP_041,8,52,10
SKU_01866,Brand_EA Accessories Item 1866,Apparel,Accessories,Brand_EA,22.86,43.0,0.89,SUPP_012,20,37,5
SKU_01867,Brand_GD Small Appliances Item 1867,Home & Kitchen,Small Appliances,Brand_GD,101.98,221.74,1.99,SUPP_048,13,52,8
SKU_01868,Brand_GB Oral Care Item 1868,Health & Beauty,Oral Care,Brand_GB,31.01,67.83,1.89,SUPP_016,12,63,10
SKU_01869,Brand_DE Smart Home Item 1869,Electronics,Smart Home,Brand_DE,149.25,225.65,0.64,SUPP_044,9,21,4
SKU_01870,Brand_BE Snacks Item 1870,Groceries & Essentials,Snacks,Brand_BE,6.43,8.7,1.67,SUPP_048,4,15,4
SKU_01871,Brand_AA Cosmetics Item 1871,Health & Beauty,Cosmetics,Brand_AA,13.77,25.47,0.41,SUPP_047,6,40,9
SKU_01872,Brand_CA Accessories Item 1872,Electronics,Accessories,Brand_CA,237.87,326.77,2.44,SUPP_042,13,29,5
SKU_01873,Brand_FB Wearables Item 1873,Electronics,Wearables,Brand_FB,310.13,431.67,0.85,SUPP_002,18,78,11
SKU_01874,Brand_HA Accessories Item 1874,Apparel,Accessories,Brand_HA,12.13,32.83,0.38,SUPP_007,21,26,4
SKU_01875,Brand_AA Household Supplies Item 1875,Groceries & Essentials,Household Supplies,Brand_AA,15.18,19.0,0.86,SUPP_001,14,19,3
SKU_01876,Brand_IE Household Supplies Item 1876,Groceries & Essentials,Household Supplies,Brand_IE,18.23,25.15,6.75,SUPP_011,3,35,10
SKU_01877,Brand_FD Accessories Item 1877,Apparel,Accessories,Brand_FD,35.51,70.05,1.51,SUPP_048,17,134,19
SKU_01878,Brand_EC Snacks Item 1878,Groceries & Essentials,Snacks,Brand_EC,18.64,25.23,0.27,SUPP_034,7,13,3
SKU_01879,Brand_BC Small Appliances Item 1879,Home & Kitchen,Small Appliances,Brand_BC,106.27,223.14,0.76,SUPP_032,23,50,6
SKU_01880,Brand_IB Bedding Item 1880,Home & Kitchen,Bedding,Brand_IB,20.96,37.22,1.02,SUPP_004,25,36,5
SKU_01881,Brand_BD Camping Item 1881,Sports & Outdoors,Camping,Brand_BD,94.44,179.72,0.64,SUPP_030,13,78,12
SKU_01882,Brand_HB Snacks Item 1882,Groceries & Essentials,Snacks,Brand_HB,10.13,14.18,0.16,SUPP_023,13,35,6
SKU_01883,Brand_CC Camping Item 1883,Sports & Outdoors,Camping,Brand_CC,226.97,343.82,0.2,SUPP_014,16,53,8
SKU_01884,Brand_JA Cycling Item 1884,Sports & Outdoors,Cycling,Brand_JA,169.78,262.42,0.13,SUPP_025,29,227,25
SKU_01885,Brand_HB Vitamins & Supplements Item 1885,Health & Beauty,Vitamins & Supplements,Brand_HB,25.76,49.86,0.83,SUPP_033,16,87,13
SKU_01886,Brand_AE Packaged Foods Item 1886,Groceries & Essentials,Packaged Foods,Brand_AE,12.99,17.94,1.78,SUPP_009,13,44,7
SKU_01887,Brand_BB Men's Wear Item 1887,Apparel,Men's Wear,Brand_BB,33.51,80.28,5.15,SUPP_016,15,60,9
SKU_01888,Brand_DC Home Decor Item 1888,Home & Kitchen,Home Decor,Brand_DC,85.15,143.85,2.74,SUPP_024,19,43,6
SKU_01889,Brand_DD Storage & Org Item 1889,Home & Kitchen,Storage & Org,Brand_DD,35.86,67.4,0.98,SUPP_023,14,33,5
SKU_01890,Brand_AD Wearables Item 1890,Electronics,Wearables,Brand_AD,219.27,373.71,2.47,SUPP_028,23,56,7
SKU_01891,Brand_EB Accessories Item 1891,Electronics,Accessories,Brand_EB,240.51,364.63,1.2,SUPP_009,13,36,6
SKU_01892,Brand_GA Storage & Org Item 1892,Home & Kitchen,Storage & Org,Brand_GA,30.26,51.96,0.48,SUPP_003,23,95,12
SKU_01893,Brand_GD Accessories Item 1893,Apparel,Accessories,Brand_GD,73.35,144.15,6.83,SUPP_033,24,32,4
SKU_01894,Brand_EA Bedding Item 1894,Home & Kitchen,Bedding,Brand_EA,123.23,224.24,1.66,SUPP_041,11,53,9
SKU_01895,Brand_GE Beverages Item 1895,Groceries & Essentials,Beverages,Brand_GE,22.25,26.96,1.86,SUPP_040,4,10,3
SKU_01896,Brand_BB Fitness Gear Item 1896,Sports & Outdoors,Fitness Gear,Brand_BB,34.85,56.57,0.42,SUPP_030,30,55,6
SKU_01897,Brand_HE Audio Item 1897,Electronics,Audio,Brand_HE,248.75,372.74,0.12,SUPP_019,18,23,3
SKU_01898,Brand_AD Skincare Item 1898,Health & Beauty,Skincare,Brand_AD,26.35,59.2,3.41,SUPP_004,11,16,3
SKU_01899,Brand_CD Fitness Gear Item 1899,Sports & Outdoors,Fitness Gear,Brand_CD,24.03,39.81,3.49,SUPP_013,25,54,7
SKU_01900,Brand_FD Accessories Item 1900,Apparel,Accessories,Brand_FD,47.0,83.08,0.36,SUPP_024,13,23,4
SKU_01901,Brand_GD Bedding Item 1901,Home & Kitchen,Bedding,Brand_GD,83.73,140.84,1.3,SUPP_048,20,38,5
SKU_01902,Brand_FD Snacks Item 1902,Groceries & Essentials,Snacks,Brand_FD,15.84,19.17,2.38,SUPP_023,6,36,8
SKU_01903,Brand_BB Household Supplies Item 1903,Groceries & Essentials,Household Supplies,Brand_BB,9.63,13.09,0.13,SUPP_008,12,35,6
SKU_01904,Brand_EB Smart Home Item 1904,Electronics,Smart Home,Brand_EB,148.98,233.6,0.72,SUPP_029,19,80,11
SKU_01905,Brand_EA Cosmetics Item 1905,Health & Beauty,Cosmetics,Brand_EA,22.82,46.6,0.48,SUPP_019,5,91,21
SKU_01906,Brand_GC Home Decor Item 1906,Home & Kitchen,Home Decor,Brand_GC,69.6,132.77,0.91,SUPP_017,18,64,9
SKU_01907,Brand_EA Computers Item 1907,Electronics,Computers,Brand_EA,186.71,326.3,2.81,SUPP_006,18,44,6
SKU_01908,Brand_FC Packaged Foods Item 1908,Groceries & Essentials,Packaged Foods,Brand_FC,13.1,18.86,0.95,SUPP_040,7,34,7
SKU_01909,Brand_AA Cosmetics Item 1909,Health & Beauty,Cosmetics,Brand_AA,30.97,62.2,0.37,SUPP_039,6,28,6
SKU_01910,Brand_HC Oral Care Item 1910,Health & Beauty,Oral Care,Brand_HC,43.91,90.49,0.73,SUPP_025,15,51,8
SKU_01911,Brand_GB Skincare Item 1911,Health & Beauty,Skincare,Brand_GB,35.88,93.67,2.99,SUPP_011,5,17,4
SKU_01912,Brand_JA Beverages Item 1912,Groceries & Essentials,Beverages,Brand_JA,25.0,34.73,0.39,SUPP_001,14,91,14
SKU_01913,Brand_EB Sportswear Item 1913,Apparel,Sportswear,Brand_EB,16.74,45.26,0.97,SUPP_045,23,76,10
SKU_01914,Brand_AA Men's Wear Item 1914,Apparel,Men's Wear,Brand_AA,63.44,141.3,7.11,SUPP_005,15,44,7
SKU_01915,Brand_ED Skincare Item 1915,Health & Beauty,Skincare,Brand_ED,39.38,100.65,3.63,SUPP_027,18,36,5
SKU_01916,Brand_GD Skincare Item 1916,Health & Beauty,Skincare,Brand_GD,7.38,17.81,0.67,SUPP_018,14,62,10
SKU_01917,Brand_AE Packaged Foods Item 1917,Groceries & Essentials,Packaged Foods,Brand_AE,14.12,19.76,2.05,SUPP_009,12,48,8
SKU_01918,Brand_ED Skincare Item 1918,Health & Beauty,Skincare,Brand_ED,46.88,105.05,1.25,SUPP_039,15,72,11
SKU_01919,Brand_EB Smart Home Item 1919,Electronics,Smart Home,Brand_EB,193.63,268.43,0.98,SUPP_035,17,52,8
SKU_01920,Brand_EA Vitamins & Supplements Item 1920,Health & Beauty,Vitamins & Supplements,Brand_EA,45.97,90.68,0.15,SUPP_046,20,88,12
SKU_01921,Brand_AA Men's Wear Item 1921,Apparel,Men's Wear,Brand_AA,21.62,37.47,0.51,SUPP_038,27,171,20
SKU_01922,Brand_BE Cookware Item 1922,Home & Kitchen,Cookware,Brand_BE,20.18,43.77,4.16,SUPP_009,27,102,12
SKU_01923,Brand_CD Accessories Item 1923,Electronics,Accessories,Brand_CD,23.03,33.8,0.22,SUPP_039,11,104,18
SKU_01924,Brand_JC Personal Care Item 1924,Groceries & Essentials,Personal Care,Brand_JC,10.71,12.91,2.57,SUPP_030,8,24,5
SKU_01925,Brand_EC Snacks Item 1925,Groceries & Essentials,Snacks,Brand_EC,4.13,5.74,1.11,SUPP_035,10,32,6
SKU_01926,Brand_BB Accessories Item 1926,Apparel,Accessories,Brand_BB,52.86,90.27,0.41,SUPP_022,22,39,5
SKU_01927,Brand_EC Personal Care Item 1927,Groceries & Essentials,Personal Care,Brand_EC,19.95,26.22,0.21,SUPP_036,3,37,10
SKU_01928,Brand_FD Computers Item 1928,Electronics,Computers,Brand_FD,298.42,404.06,1.46,SUPP_005,19,49,7
SKU_01929,Brand_JA Accessories Item 1929,Electronics,Accessories,Brand_JA,83.28,133.9,1.05,SUPP_031,13,66,11
SKU_01930,Brand_BC Cookware Item 1930,Home & Kitchen,Cookware,Brand_BC,147.31,228.67,2.31,SUPP_046,19,82,11
SKU_01931,Brand_CD Packaged Foods Item 1931,Groceries & Essentials,Packaged Foods,Brand_CD,29.83,36.07,0.29,SUPP_011,11,16,3
SKU_01932,Brand_AE Cookware Item 1932,Home & Kitchen,Cookware,Brand_AE,89.14,192.8,0.28,SUPP_012,12,47,8
SKU_01933,Brand_FA Household Supplies Item 1933,Groceries & Essentials,Household Supplies,Brand_FA,17.82,23.33,0.88,SUPP_012,9,19,4
SKU_01934,Brand_DA Accessories Item 1934,Apparel,Accessories,Brand_DA,15.94,33.12,2.19,SUPP_002,28,47,6
SKU_01935,Brand_GA Packaged Foods Item 1935,Groceries & Essentials,Packaged Foods,Brand_GA,15.85,23.01,2.55,SUPP_036,12,62,10
SKU_01936,Brand_JB Accessories Item 1936,Apparel,Accessories,Brand_JB,14.44,25.3,0.39,SUPP_023,28,86,10
SKU_01937,Brand_AB Men's Wear Item 1937,Apparel,Men's Wear,Brand_AB,39.28,83.18,0.46,SUPP_016,12,280,45
SKU_01938,Brand_EB Smart Home Item 1938,Electronics,Smart Home,Brand_EB,83.01,123.12,2.66,SUPP_047,19,33,5
SKU_01939,Brand_JE Personal Care Item 1939,Groceries & Essentials,Personal Care,Brand_JE,15.94,19.82,0.36,SUPP_039,11,72,12
SKU_01940,Brand_EE Storage & Org Item 1940,Home & Kitchen,Storage & Org,Brand_EE,17.94,38.73,0.62,SUPP_025,23,30,4
SKU_01941,Brand_GA Snacks Item 1941,Groceries & Essentials,Snacks,Brand_GA,9.78,12.72,3.11,SUPP_031,11,421,70
SKU_01942,Brand_DE Cycling Item 1942,Sports & Outdoors,Cycling,Brand_DE,70.42,131.87,3.45,SUPP_014,12,40,7
SKU_01943,Brand_HE Personal Care Item 1943,Groceries & Essentials,Personal Care,Brand_HE,28.94,44.0,5.9,SUPP_020,8,24,5
SKU_01944,Brand_GD Computers Item 1944,Electronics,Computers,Brand_GD,123.57,221.03,0.35,SUPP_006,11,76,13
SKU_01945,Brand_IC Men's Wear Item 1945,Apparel,Men's Wear,Brand_IC,19.45,37.52,1.41,SUPP_047,22,121,15
SKU_01946,Brand_GD Snacks Item 1946,Groceries & Essentials,Snacks,Brand_GD,11.87,17.91,1.35,SUPP_027,6,30,7
SKU_01947,Brand_AE Cosmetics Item 1947,Health & Beauty,Cosmetics,Brand_AE,53.07,112.76,0.35,SUPP_010,18,71,10
SKU_01948,Brand_HC Footwear Item 1948,Apparel,Footwear,Brand_HC,28.38,78.52,3.83,SUPP_042,11,28,5
SKU_01949,Brand_JE Personal Care Item 1949,Groceries & Essentials,Personal Care,Brand_JE,14.38,17.66,0.62,SUPP_031,4,36,9
SKU_01950,Brand_GC Camping Item 1950,Sports & Outdoors,Camping,Brand_GC,147.82,263.6,3.42,SUPP_046,18,41,6
SKU_01951,Brand_AA Personal Care Item 1951,Groceries & Essentials,Personal Care,Brand_AA,11.33,16.35,3.56,SUPP_010,7,30,6
SKU_01952,Brand_DA Men's Wear Item 1952,Apparel,Men's Wear,Brand_DA,41.89,118.31,3.24,SUPP_016,29,39,5
SKU_01953,Brand_JC Snacks Item 1953,Groceries & Essentials,Snacks,Brand_JC,3.5,5.38,1.9,SUPP_018,13,28,5
SKU_01954,Brand_EE Sportswear Item 1954,Apparel,Sportswear,Brand_EE,37.86,76.0,1.1,SUPP_033,26,137,16
SKU_01955,Brand_DC Smart Home Item 1955,Electronics,Smart Home,Brand_DC,158.84,255.73,0.38,SUPP_049,15,31,5
SKU_01956,Brand_DB Men's Wear Item 1956,Apparel,Men's Wear,Brand_DB,79.95,165.36,0.69,SUPP_033,18,23,3
SKU_01957,Brand_ID Accessories Item 1957,Apparel,Accessories,Brand_ID,40.64,68.63,0.35,SUPP_040,19,96,13
SKU_01958,Brand_DD Haircare Item 1958,Health & Beauty,Haircare,Brand_DD,30.43,57.38,1.76,SUPP_002,14,159,24
SKU_01959,Brand_ID Men's Wear Item 1959,Apparel,Men's Wear,Brand_ID,41.06,78.93,3.37,SUPP_023,13,21,4
SKU_01960,Brand_CD Smart Home Item 1960,Electronics,Smart Home,Brand_CD,257.18,389.82,0.11,SUPP_017,15,24,4
SKU_01961,Brand_CE Household Supplies Item 1961,Groceries & Essentials,Household Supplies,Brand_CE,20.71,30.39,2.01,SUPP_016,5,11,3
SKU_01962,Brand_FC Cookware Item 1962,Home & Kitchen,Cookware,Brand_FC,6.36,13.22,4.37,SUPP_032,23,41,5
SKU_01963,Brand_EA Accessories Item 1963,Apparel,Accessories,Brand_EA,51.88,99.74,0.33,SUPP_033,27,298,34
SKU_01964,Brand_GB Snacks Item 1964,Groceries & Essentials,Snacks,Brand_GB,17.83,25.0,1.56,SUPP_041,3,11,3
SKU_01965,Brand_GC Home Decor Item 1965,Home & Kitchen,Home Decor,Brand_GC,132.27,215.26,1.24,SUPP_007,28,148,17
SKU_01966,Brand_CE Household Supplies Item 1966,Groceries & Essentials,Household Supplies,Brand_CE,2.8,3.38,0.74,SUPP_030,6,17,4
SKU_01967,Brand_HC Accessories Item 1967,Electronics,Accessories,Brand_HC,189.99,287.47,0.24,SUPP_019,18,63,9
SKU_01968,Brand_HA Personal Care Item 1968,Groceries & Essentials,Personal Care,Brand_HA,10.64,14.63,5.9,SUPP_050,9,14,3
SKU_01969,Brand_DA Skincare Item 1969,Health & Beauty,Skincare,Brand_DA,21.09,67.88,3.54,SUPP_016,18,147,20
SKU_01970,Brand_HC Wearables Item 1970,Electronics,Wearables,Brand_HC,279.23,375.76,0.69,SUPP_020,9,26,5
SKU_01971,Brand_HE Women's Wear Item 1971,Apparel,Women's Wear,Brand_HE,60.44,108.24,3.47,SUPP_017,27,220,25
SKU_01972,Brand_AD Accessories Item 1972,Electronics,Accessories,Brand_AD,52.06,88.76,0.79,SUPP_020,21,114,15
SKU_01973,Brand_AA Outdoor Recreation Item 1973,Sports & Outdoors,Outdoor Recreation,Brand_AA,173.29,319.83,1.34,SUPP_017,15,65,10
SKU_01974,Brand_GD Beverages Item 1974,Groceries & Essentials,Beverages,Brand_GD,16.96,25.73,0.4,SUPP_006,4,7,2
SKU_01975,Brand_AB Men's Wear Item 1975,Apparel,Men's Wear,Brand_AB,57.58,148.93,0.22,SUPP_008,17,79,11
SKU_01976,Brand_GA Beverages Item 1976,Groceries & Essentials,Beverages,Brand_GA,25.0,34.44,1.02,SUPP_025,7,20,4
SKU_01977,Brand_DD Skincare Item 1977,Health & Beauty,Skincare,Brand_DD,43.43,113.0,2.89,SUPP_003,16,39,6
SKU_01978,Brand_ED Beverages Item 1978,Groceries & Essentials,Beverages,Brand_ED,12.74,17.65,0.15,SUPP_025,3,6,2
SKU_01979,Brand_JB Audio Item 1979,Electronics,Audio,Brand_JB,77.89,141.17,2.64,SUPP_036,14,33,5
SKU_01980,Brand_DB Vitamins & Supplements Item 1980,Health & Beauty,Vitamins & Supplements,Brand_DB,14.51,32.11,0.57,SUPP_036,10,15,3
SKU_01981,Brand_DE Cookware Item 1981,Home & Kitchen,Cookware,Brand_DE,36.08,59.3,0.35,SUPP_037,11,49,8
SKU_01982,Brand_JA Snacks Item 1982,Groceries & Essentials,Snacks,Brand_JA,12.81,15.25,2.15,SUPP_040,5,14,3
SKU_01983,Brand_DA Outdoor Recreation Item 1983,Sports & Outdoors,Outdoor Recreation,Brand_DA,44.39,71.47,2.28,SUPP_040,24,32,4
SKU_01984,Brand_IC Sportswear Item 1984,Apparel,Sportswear,Brand_IC,25.58,61.6,2.5,SUPP_029,22,70,9
SKU_01985,Brand_BB Accessories Item 1985,Apparel,Accessories,Brand_BB,75.98,168.04,0.29,SUPP_046,12,28,5
SKU_01986,Brand_HC Computers Item 1986,Electronics,Computers,Brand_HC,26.57,46.54,0.98,SUPP_032,19,31,4
SKU_01987,Brand_BD Packaged Foods Item 1987,Groceries & Essentials,Packaged Foods,Brand_BD,25.38,36.27,4.38,SUPP_028,8,22,4
SKU_01988,Brand_EC Household Supplies Item 1988,Groceries & Essentials,Household Supplies,Brand_EC,18.14,23.91,0.22,SUPP_036,12,16,3
SKU_01989,Brand_CD Storage & Org Item 1989,Home & Kitchen,Storage & Org,Brand_CD,105.67,168.49,0.62,SUPP_047,18,37,5
SKU_01990,Brand_AB Packaged Foods Item 1990,Groceries & Essentials,Packaged Foods,Brand_AB,30.34,36.67,0.23,SUPP_030,4,8,2
SKU_01991,Brand_EE Small Appliances Item 1991,Home & Kitchen,Small Appliances,Brand_EE,125.09,246.96,1.71,SUPP_039,12,29,5
SKU_01992,Brand_ID Skincare Item 1992,Health & Beauty,Skincare,Brand_ID,25.15,57.89,0.94,SUPP_035,8,102,20
SKU_01993,Brand_HB Packaged Foods Item 1993,Groceries & Essentials,Packaged Foods,Brand_HB,11.85,16.27,3.23,SUPP_048,14,44,7
SKU_01994,Brand_HB Sportswear Item 1994,Apparel,Sportswear,Brand_HB,62.72,125.9,0.14,SUPP_019,13,55,9
SKU_01995,Brand_EC Audio Item 1995,Electronics,Audio,Brand_EC,115.08,201.71,0.61,SUPP_028,23,297,36
SKU_01996,Brand_BA Haircare Item 1996,Health & Beauty,Haircare,Brand_BA,16.63,36.98,0.16,SUPP_019,5,34,8
SKU_01997,Brand_JA Women's Wear Item 1997,Apparel,Women's Wear,Brand_JA,27.77,78.41,0.52,SUPP_009,22,45,6
SKU_01998,Brand_EE Snacks Item 1998,Groceries & Essentials,Snacks,Brand_EE,29.59,39.63,0.33,SUPP_048,3,15,4
SKU_01999,Brand_BD Smart Home Item 1999,Electronics,Smart Home,Brand_BD,164.89,244.24,6.97,SUPP_017,14,52,8
SKU_02000,Brand_ED Oral Care Item 2000,Health & Beauty,Oral Care,Brand_ED,11.65,28.94,0.37,SUPP_048,10,60,11
SKU_02001,Brand_AC Storage & Org Item 2001,Home & Kitchen,Storage & Org,Brand_AC,85.07,157.51,2.4,SUPP_041,8,29,6
SKU_02002,Brand_JC Smart Home Item 2002,Electronics,Smart Home,Brand_JC,201.86,278.19,1.29,SUPP_027,15,47,7
SKU_02003,Brand_JC Cookware Item 2003,Home & Kitchen,Cookware,Brand_JC,64.44,113.8,0.17,SUPP_018,25,69,8
SKU_02004,Brand_BD Cycling Item 2004,Sports & Outdoors,Cycling,Brand_BD,25.55,48.29,0.1,SUPP_047,17,22,3
SKU_02005,Brand_DA Home Decor Item 2005,Home & Kitchen,Home Decor,Brand_DA,106.62,187.17,0.21,SUPP_010,20,228,30
SKU_02006,Brand_DB Wearables Item 2006,Electronics,Wearables,Brand_DB,131.46,186.06,2.24,SUPP_003,8,20,4
SKU_02007,Brand_JE Women's Wear Item 2007,Apparel,Women's Wear,Brand_JE,63.7,107.92,2.18,SUPP_015,11,30,5
SKU_02008,Brand_FE Snacks Item 2008,Groceries & Essentials,Snacks,Brand_FE,23.18,32.46,1.52,SUPP_036,13,55,9
SKU_02009,Brand_CE Accessories Item 2009,Electronics,Accessories,Brand_CE,35.02,52.53,1.54,SUPP_024,14,35,6
SKU_02010,Brand_HA Vitamins & Supplements Item 2010,Health & Beauty,Vitamins & Supplements,Brand_HA,35.19,80.63,3.39,SUPP_025,21,43,6
SKU_02011,Brand_EB Personal Care Item 2011,Groceries & Essentials,Personal Care,Brand_EB,7.38,10.2,1.53,SUPP_006,7,22,5
SKU_02012,Brand_CE Accessories Item 2012,Electronics,Accessories,Brand_CE,64.75,113.51,5.95,SUPP_026,15,23,4
SKU_02013,Brand_JE Accessories Item 2013,Apparel,Accessories,Brand_JE,68.0,126.68,0.85,SUPP_016,24,120,15
SKU_02014,Brand_DA Footwear Item 2014,Apparel,Footwear,Brand_DA,20.92,55.03,1.29,SUPP_026,29,356,39
SKU_02015,Brand_AC Small Appliances Item 2015,Home & Kitchen,Small Appliances,Brand_AC,46.37,97.84,0.31,SUPP_008,11,48,8
SKU_02016,Brand_EB Beverages Item 2016,Groceries & Essentials,Beverages,Brand_EB,16.55,21.69,0.28,SUPP_006,14,235,36
SKU_02017,Brand_ED Smart Home Item 2017,Electronics,Smart Home,Brand_ED,227.22,333.59,1.74,SUPP_012,18,43,6
SKU_02018,Brand_JC Bedding Item 2018,Home & Kitchen,Bedding,Brand_JC,15.64,25.57,0.21,SUPP_033,8,36,7
SKU_02019,Brand_ID Oral Care Item 2019,Health & Beauty,Oral Care,Brand_ID,16.37,39.94,0.55,SUPP_036,17,28,4
SKU_02020,Brand_AA Cosmetics Item 2020,Health & Beauty,Cosmetics,Brand_AA,7.18,20.55,1.35,SUPP_021,21,63,8
SKU_02021,Brand_DE Camping Item 2021,Sports & Outdoors,Camping,Brand_DE,208.31,327.85,0.78,SUPP_046,18,66,9
SKU_02022,Brand_AA Bedding Item 2022,Home & Kitchen,Bedding,Brand_AA,73.98,137.32,1.12,SUPP_049,8,14,3
SKU_02023,Brand_GD Cosmetics Item 2023,Health & Beauty,Cosmetics,Brand_GD,9.09,19.14,8.16,SUPP_019,13,19,3
SKU_02024,Brand_DE Fitness Gear Item 2024,Sports & Outdoors,Fitness Gear,Brand_DE,22.01,40.75,3.99,SUPP_004,19,25,4
SKU_02025,Brand_FB Cosmetics Item 2025,Health & Beauty,Cosmetics,Brand_FB,19.15,43.0,1.82,SUPP_026,12,17,3
SKU_02026,Brand_DD Men's Wear Item 2026,Apparel,Men's Wear,Brand_DD,40.19,76.11,0.6,SUPP_017,23,40,5
SKU_02027,Brand_JA Storage & Org Item 2027,Home & Kitchen,Storage & Org,Brand_JA,150.44,234.13,1.14,SUPP_033,20,59,8
SKU_02028,Brand_ED Small Appliances Item 2028,Home & Kitchen,Small Appliances,Brand_ED,81.75,173.26,0.16,SUPP_034,15,24,4
SKU_02029,Brand_HA Outdoor Recreation Item 2029,Sports & Outdoors,Outdoor Recreation,Brand_HA,58.9,89.13,0.31,SUPP_008,26,101,12
SKU_02030,Brand_GC Sportswear Item 2030,Apparel,Sportswear,Brand_GC,69.37,168.75,2.44,SUPP_050,15,33,5
SKU_02031,Brand_HA Computers Item 2031,Electronics,Computers,Brand_HA,211.24,284.52,0.62,SUPP_001,12,42,7
SKU_02032,Brand_GB Accessories Item 2032,Apparel,Accessories,Brand_GB,81.13,156.73,0.79,SUPP_025,21,62,8
SKU_02033,Brand_BD Audio Item 2033,Electronics,Audio,Brand_BD,19.37,28.66,0.38,SUPP_029,15,74,11
SKU_02034,Brand_DA Storage & Org Item 2034,Home & Kitchen,Storage & Org,Brand_DA,94.13,151.44,0.55,SUPP_021,12,19,3
SKU_02035,Brand_CC Wearables Item 2035,Electronics,Wearables,Brand_CC,26.42,36.93,0.33,SUPP_046,7,14,3
SKU_02036,Brand_HE Outdoor Recreation Item 2036,Sports & Outdoors,Outdoor Recreation,Brand_HE,21.18,42.04,3.86,SUPP_002,22,135,17
SKU_02037,Brand_EA Household Supplies Item 2037,Groceries & Essentials,Household Supplies,Brand_EA,13.23,17.86,1.1,SUPP_044,13,50,8
SKU_02038,Brand_FA Sportswear Item 2038,Apparel,Sportswear,Brand_FA,8.87,17.77,3.88,SUPP_016,17,49,7
SKU_02039,Brand_HC Skincare Item 2039,Health & Beauty,Skincare,Brand_HC,34.39,105.2,1.65,SUPP_017,17,60,9
SKU_02040,Brand_BA Accessories Item 2040,Apparel,Accessories,Brand_BA,57.84,99.46,1.18,SUPP_014,19,28,4
SKU_02041,Brand_AC Beverages Item 2041,Groceries & Essentials,Beverages,Brand_AC,22.62,34.43,4.93,SUPP_037,6,19,4
SKU_02042,Brand_AB Computers Item 2042,Electronics,Computers,Brand_AB,26.85,41.59,0.82,SUPP_031,7,29,6
SKU_02043,Brand_JA Small Appliances Item 2043,Home & Kitchen,Small Appliances,Brand_JA,63.69,140.75,2.46,SUPP_001,19,25,4
SKU_02044,Brand_GB Haircare Item 2044,Health & Beauty,Haircare,Brand_GB,8.17,18.59,2.58,SUPP_032,10,17,3
SKU_02045,Brand_JB Women's Wear Item 2045,Apparel,Women's Wear,Brand_JB,77.99,157.39,2.18,SUPP_048,26,177,21
SKU_02046,Brand_BA Outdoor Recreation Item 2046,Sports & Outdoors,Outdoor Recreation,Brand_BA,98.89,145.84,3.49,SUPP_050,13,110,17
SKU_02047,Brand_DD Footwear Item 2047,Apparel,Footwear,Brand_DD,43.85,107.25,2.23,SUPP_011,15,34,5
SKU_02048,Brand_AA Skincare Item 2048,Health & Beauty,Skincare,Brand_AA,13.95,46.36,0.96,SUPP_021,16,112,16
SKU_02049,Brand_FA Women's Wear Item 2049,Apparel,Women's Wear,Brand_FA,39.19,85.17,1.59,SUPP_042,11,21,4
SKU_02050,Brand_FC Smart Home Item 2050,Electronics,Smart Home,Brand_FC,146.94,263.78,3.23,SUPP_015,18,42,6
SKU_02051,Brand_IC Beverages Item 2051,Groceries & Essentials,Beverages,Brand_IC,4.04,5.47,0.53,SUPP_021,7,250,50
SKU_02052,Brand_HB Small Appliances Item 2052,Home & Kitchen,Small Appliances,Brand_HB,63.88,125.73,1.52,SUPP_029,16,111,16
SKU_02053,Brand_FA Vitamins & Supplements Item 2053,Health & Beauty,Vitamins & Supplements,Brand_FA,37.86,86.0,0.61,SUPP_028,7,60,12
SKU_02054,Brand_AA Beverages Item 2054,Groceries & Essentials,Beverages,Brand_AA,23.47,30.71,2.93,SUPP_029,12,17,3
SKU_02055,Brand_IB Wearables Item 2055,Electronics,Wearables,Brand_IB,89.15,161.99,2.72,SUPP_035,19,43,6
SKU_02056,Brand_JD Sportswear Item 2056,Apparel,Sportswear,Brand_JD,26.14,51.68,1.16,SUPP_031,13,45,7
SKU_02057,Brand_IE Beverages Item 2057,Groceries & Essentials,Beverages,Brand_IE,14.9,21.26,4.09,SUPP_026,10,213,37
SKU_02058,Brand_GA Packaged Foods Item 2058,Groceries & Essentials,Packaged Foods,Brand_GA,15.04,20.84,4.44,SUPP_043,5,16,4
SKU_02059,Brand_CE Footwear Item 2059,Apparel,Footwear,Brand_CE,13.32,34.36,5.83,SUPP_008,20,184,24
SKU_02060,Brand_DC Camping Item 2060,Sports & Outdoors,Camping,Brand_DC,66.86,114.67,0.97,SUPP_037,28,36,4
SKU_02061,Brand_EE Snacks Item 2061,Groceries & Essentials,Snacks,Brand_EE,23.55,30.02,0.36,SUPP_046,12,33,6
SKU_02062,Brand_IE Haircare Item 2062,Health & Beauty,Haircare,Brand_IE,18.78,53.7,1.26,SUPP_027,12,97,16
SKU_02063,Brand_FC Fitness Gear Item 2063,Sports & Outdoors,Fitness Gear,Brand_FC,133.35,252.57,6.6,SUPP_006,26,41,5
SKU_02064,Brand_CB Cosmetics Item 2064,Health & Beauty,Cosmetics,Brand_CB,40.4,106.75,0.57,SUPP_006,6,70,15
SKU_02065,Brand_IC Bedding Item 2065,Home & Kitchen,Bedding,Brand_IC,34.28,75.83,1.79,SUPP_009,8,29,6
SKU_02066,Brand_CA Home Decor Item 2066,Home & Kitchen,Home Decor,Brand_CA,49.95,93.67,3.17,SUPP_001,8,16,3
SKU_02067,Brand_JB Fitness Gear Item 2067,Sports & Outdoors,Fitness Gear,Brand_JB,142.06,219.47,0.49,SUPP_026,23,51,7
SKU_02068,Brand_HC Fitness Gear Item 2068,Sports & Outdoors,Fitness Gear,Brand_HC,212.57,313.52,0.16,SUPP_008,13,21,4
SKU_02069,Brand_EC Beverages Item 2069,Groceries & Essentials,Beverages,Brand_EC,30.38,39.05,0.69,SUPP_005,10,14,3
SKU_02070,Brand_FA Outdoor Recreation Item 2070,Sports & Outdoors,Outdoor Recreation,Brand_FA,88.62,172.96,2.44,SUPP_019,16,62,9
SKU_02071,Brand_BA Sportswear Item 2071,Apparel,Sportswear,Brand_BA,60.29,105.25,4.14,SUPP_009,14,239,36
SKU_02072,Brand_GC Skincare Item 2072,Health & Beauty,Skincare,Brand_GC,29.07,95.46,0.8,SUPP_005,19,84,11
SKU_02073,Brand_FC Bedding Item 2073,Home & Kitchen,Bedding,Brand_FC,53.65,106.56,0.77,SUPP_022,10,517,90
SKU_02074,Brand_BD Storage & Org Item 2074,Home & Kitchen,Storage & Org,Brand_BD,44.74,85.49,1.85,SUPP_019,23,86,11
SKU_02075,Brand_FE Packaged Foods Item 2075,Groceries & Essentials,Packaged Foods,Brand_FE,27.21,39.72,0.74,SUPP_040,11,142,24
SKU_02076,Brand_AE Women's Wear Item 2076,Apparel,Women's Wear,Brand_AE,74.17,160.51,1.54,SUPP_011,24,147,18
SKU_02077,Brand_HC Oral Care Item 2077,Health & Beauty,Oral Care,Brand_HC,27.28,78.16,5.91,SUPP_002,15,20,3
SKU_02078,Brand_JB Accessories Item 2078,Electronics,Accessories,Brand_JB,246.42,350.14,3.61,SUPP_037,10,20,4
SKU_02079,Brand_BD Vitamins & Supplements Item 2079,Health & Beauty,Vitamins & Supplements,Brand_BD,15.63,41.72,0.84,SUPP_034,11,26,5
SKU_02080,Brand_EC Packaged Foods Item 2080,Groceries & Essentials,Packaged Foods,Brand_EC,23.99,31.49,2.49,SUPP_048,9,104,19
SKU_02081,Brand_JC Audio Item 2081,Electronics,Audio,Brand_JC,155.06,233.5,2.06,SUPP_030,24,29,4
SKU_02082,Brand_GC Outdoor Recreation Item 2082,Sports & Outdoors,Outdoor Recreation,Brand_GC,56.05,111.34,0.8,SUPP_036,15,26,4
SKU_02083,Brand_EB Computers Item 2083,Electronics,Computers,Brand_EB,59.97,96.32,2.16,SUPP_009,18,26,4
SKU_02084,Brand_JC Personal Care Item 2084,Groceries & Essentials,Personal Care,Brand_JC,12.88,17.37,0.83,SUPP_002,8,11,2
SKU_02085,Brand_DC Personal Care Item 2085,Groceries & Essentials,Personal Care,Brand_DC,15.62,22.31,0.39,SUPP_017,12,19,3
SKU_02086,Brand_GE Computers Item 2086,Electronics,Computers,Brand_GE,140.16,203.78,3.82,SUPP_017,16,59,9
SKU_02087,Brand_JD Sportswear Item 2087,Apparel,Sportswear,Brand_JD,79.02,156.07,0.13,SUPP_030,11,28,5
SKU_02088,Brand_GC Vitamins & Supplements Item 2088,Health & Beauty,Vitamins & Supplements,Brand_GC,19.87,43.64,4.45,SUPP_021,9,17,3
SKU_02089,Brand_IA Computers Item 2089,Electronics,Computers,Brand_IA,78.67,118.45,0.3,SUPP_005,18,58,8
SKU_02090,Brand_AB Snacks Item 2090,Groceries & Essentials,Snacks,Brand_AB,3.03,4.23,0.74,SUPP_004,13,49,8
SKU_02091,Brand_BA Computers Item 2091,Electronics,Computers,Brand_BA,62.12,85.63,5.15,SUPP_033,10,27,5
SKU_02092,Brand_EB Sportswear Item 2092,Apparel,Sportswear,Brand_EB,60.06,159.73,0.51,SUPP_040,27,51,6
SKU_02093,Brand_GB Beverages Item 2093,Groceries & Essentials,Beverages,Brand_GB,21.4,30.21,2.36,SUPP_015,3,12,4
SKU_02094,Brand_HA Storage & Org Item 2094,Home & Kitchen,Storage & Org,Brand_HA,47.89,92.8,0.55,SUPP_032,23,58,7
SKU_02095,Brand_BD Wearables Item 2095,Electronics,Wearables,Brand_BD,83.33,132.21,0.98,SUPP_046,18,46,7
SKU_02096,Brand_BD Bedding Item 2096,Home & Kitchen,Bedding,Brand_BD,42.7,72.38,1.72,SUPP_045,16,83,12
SKU_02097,Brand_HD Team Sports Item 2097,Sports & Outdoors,Team Sports,Brand_HD,95.84,182.47,0.69,SUPP_020,22,30,4
SKU_02098,Brand_CB Personal Care Item 2098,Groceries & Essentials,Personal Care,Brand_CB,13.52,19.87,0.36,SUPP_019,6,33,7
SKU_02099,Brand_GD Audio Item 2099,Electronics,Audio,Brand_GD,96.37,132.86,0.34,SUPP_024,11,84,14
SKU_02100,Brand_CD Wearables Item 2100,Electronics,Wearables,Brand_CD,29.27,44.78,0.38,SUPP_039,25,167,20
SKU_02101,Brand_ED Bedding Item 2101,Home & Kitchen,Bedding,Brand_ED,126.36,205.75,0.23,SUPP_006,28,258,29
SKU_02102,Brand_ID Snacks Item 2102,Groceries & Essentials,Snacks,Brand_ID,3.18,4.17,0.82,SUPP_038,13,238,37
SKU_02103,Brand_EC Personal Care Item 2103,Groceries & Essentials,Personal Care,Brand_EC,18.96,28.74,0.66,SUPP_021,11,17,3
SKU_02104,Brand_EA Packaged Foods Item 2104,Groceries & Essentials,Packaged Foods,Brand_EA,10.14,15.08,0.64,SUPP_008,13,86,14
SKU_02105,Brand_IE Household Supplies Item 2105,Groceries & Essentials,Household Supplies,Brand_IE,13.3,18.18,0.75,SUPP_004,14,20,3
SKU_02106,Brand_DC Personal Care Item 2106,Groceries & Essentials,Personal Care,Brand_DC,15.77,23.34,1.29,SUPP_047,8,100,19
SKU_02107,Brand_CC Bedding Item 2107,Home & Kitchen,Bedding,Brand_CC,96.04,198.91,1.28,SUPP_024,18,302,41
SKU_02108,Brand_JC Packaged Foods Item 2108,Groceries & Essentials,Packaged Foods,Brand_JC,4.82,6.66,2.58,SUPP_031,12,32,5
SKU_02109,Brand_BB Home Decor Item 2109,Home & Kitchen,Home Decor,Brand_BB,76.59,157.19,0.14,SUPP_018,13,25,4
SKU_02110,Brand_FE Sportswear Item 2110,Apparel,Sportswear,Brand_FE,34.78,98.8,0.18,SUPP_020,14,31,5
SKU_02111,Brand_FB Beverages Item 2111,Groceries & Essentials,Beverages,Brand_FB,28.71,43.46,0.71,SUPP_042,10,27,5
SKU_02112,Brand_EB Wearables Item 2112,Electronics,Wearables,Brand_EB,9.03,15.11,2.16,SUPP_034,21,210,27
SKU_02113,Brand_HE Vitamins & Supplements Item 2113,Health & Beauty,Vitamins & Supplements,Brand_HE,56.85,119.6,0.69,SUPP_022,10,159,28
SKU_02114,Brand_HD Audio Item 2114,Electronics,Audio,Brand_HD,266.93,442.07,2.95,SUPP_025,20,61,8
SKU_02115,Brand_EA Bedding Item 2115,Home & Kitchen,Bedding,Brand_EA,97.92,155.26,1.04,SUPP_006,15,120,18
SKU_02116,Brand_IC Household Supplies Item 2116,Groceries & Essentials,Household Supplies,Brand_IC,23.08,30.26,1.68,SUPP_036,6,17,4
SKU_02117,Brand_EA Team Sports Item 2117,Sports & Outdoors,Team Sports,Brand_EA,83.32,150.0,1.83,SUPP_033,12,33,6
SKU_02118,Brand_DB Men's Wear Item 2118,Apparel,Men's Wear,Brand_DB,98.82,179.77,1.21,SUPP_039,15,44,7
SKU_02119,Brand_HA Personal Care Item 2119,Groceries & Essentials,Personal Care,Brand_HA,21.0,26.83,0.4,SUPP_035,11,54,9
SKU_02120,Brand_GA Cookware Item 2120,Home & Kitchen,Cookware,Brand_GA,116.21,205.54,3.6,SUPP_021,14,53,8
SKU_02121,Brand_HC Audio Item 2121,Electronics,Audio,Brand_HC,94.06,142.52,0.49,SUPP_036,21,26,4
SKU_02122,Brand_HA Cycling Item 2122,Sports & Outdoors,Cycling,Brand_HA,33.75,62.79,3.05,SUPP_033,30,84,9
SKU_02123,Brand_ID Packaged Foods Item 2123,Groceries & Essentials,Packaged Foods,Brand_ID,7.96,9.96,3.43,SUPP_012,10,141,25
SKU_02124,Brand_BB Haircare Item 2124,Health & Beauty,Haircare,Brand_BB,36.81,84.25,1.19,SUPP_010,15,87,13
SKU_02125,Brand_JA Vitamins & Supplements Item 2125,Health & Beauty,Vitamins & Supplements,Brand_JA,25.94,65.59,0.85,SUPP_043,14,72,11
SKU_02126,Brand_DB Footwear Item 2126,Apparel,Footwear,Brand_DB,74.24,179.86,1.53,SUPP_018,15,239,35
SKU_02127,Brand_AD Cookware Item 2127,Home & Kitchen,Cookware,Brand_AD,124.67,246.27,0.23,SUPP_043,17,127,18
SKU_02128,Brand_GD Cookware Item 2128,Home & Kitchen,Cookware,Brand_GD,42.43,85.97,0.39,SUPP_050,14,25,4
SKU_02129,Brand_GA Accessories Item 2129,Electronics,Accessories,Brand_GA,97.35,140.69,0.45,SUPP_022,10,17,3
SKU_02130,Brand_GC Packaged Foods Item 2130,Groceries & Essentials,Packaged Foods,Brand_GC,27.28,41.63,1.5,SUPP_042,10,19,4
SKU_02131,Brand_ID Storage & Org Item 2131,Home & Kitchen,Storage & Org,Brand_ID,105.48,229.88,4.03,SUPP_034,13,26,4
SKU_02132,Brand_EB Packaged Foods Item 2132,Groceries & Essentials,Packaged Foods,Brand_EB,13.36,18.4,2.26,SUPP_036,7,50,10
SKU_02133,Brand_GD Personal Care Item 2133,Groceries & Essentials,Personal Care,Brand_GD,18.48,25.16,0.18,SUPP_012,13,38,6
SKU_02134,Brand_IE Sportswear Item 2134,Apparel,Sportswear,Brand_IE,18.36,45.71,0.94,SUPP_013,20,35,5
SKU_02135,Brand_CA Audio Item 2135,Electronics,Audio,Brand_CA,277.63,381.48,2.47,SUPP_050,19,125,17
SKU_02136,Brand_IC Packaged Foods Item 2136,Groceries & Essentials,Packaged Foods,Brand_IC,19.09,23.3,0.52,SUPP_010,4,47,12
SKU_02137,Brand_JB Beverages Item 2137,Groceries & Essentials,Beverages,Brand_JB,24.63,34.32,0.97,SUPP_032,8,56,11
SKU_02138,Brand_CC Sportswear Item 2138,Apparel,Sportswear,Brand_CC,57.5,126.21,0.79,SUPP_050,13,66,11
SKU_02139,Brand_GD Wearables Item 2139,Electronics,Wearables,Brand_GD,113.05,182.23,3.68,SUPP_039,20,43,6
SKU_02140,Brand_BB Men's Wear Item 2140,Apparel,Men's Wear,Brand_BB,45.61,95.74,1.43,SUPP_026,18,61,9
SKU_02141,Brand_HA Cosmetics Item 2141,Health & Beauty,Cosmetics,Brand_HA,43.51,116.49,0.71,SUPP_048,11,18,3
SKU_02142,Brand_DC Wearables Item 2142,Electronics,Wearables,Brand_DC,149.02,235.4,0.2,SUPP_041,10,66,12
SKU_02143,Brand_FC Oral Care Item 2143,Health & Beauty,Oral Care,Brand_FC,42.21,114.34,0.21,SUPP_048,10,60,11
SKU_02144,Brand_JD Beverages Item 2144,Groceries & Essentials,Beverages,Brand_JD,13.91,16.61,1.21,SUPP_019,3,7,2
SKU_02145,Brand_ED Personal Care Item 2145,Groceries & Essentials,Personal Care,Brand_ED,20.2,24.22,1.43,SUPP_034,12,18,3
SKU_02146,Brand_GB Personal Care Item 2146,Groceries & Essentials,Personal Care,Brand_GB,26.91,38.14,0.31,SUPP_043,9,14,3
SKU_02147,Brand_AB Men's Wear Item 2147,Apparel,Men's Wear,Brand_AB,63.63,164.25,2.71,SUPP_003,24,96,12
SKU_02148,Brand_FE Cookware Item 2148,Home & Kitchen,Cookware,Brand_FE,145.67,225.29,1.9,SUPP_017,23,163,20
SKU_02149,Brand_GC Beverages Item 2149,Groceries & Essentials,Beverages,Brand_GC,29.86,37.65,0.99,SUPP_017,8,77,15
SKU_02150,Brand_ED Outdoor Recreation Item 2150,Sports & Outdoors,Outdoor Recreation,Brand_ED,103.38,185.73,0.17,SUPP_049,30,127,14
SKU_02151,Brand_JB Home Decor Item 2151,Home & Kitchen,Home Decor,Brand_JB,117.2,214.73,1.56,SUPP_015,21,38,5
SKU_02152,Brand_HD Sportswear Item 2152,Apparel,Sportswear,Brand_HD,64.02,140.22,2.22,SUPP_039,25,65,8
SKU_02153,Brand_FA Outdoor Recreation Item 2153,Sports & Outdoors,Outdoor Recreation,Brand_FA,53.2,92.08,1.21,SUPP_007,19,75,10
SKU_02154,Brand_IC Sportswear Item 2154,Apparel,Sportswear,Brand_IC,12.0,23.56,4.21,SUPP_008,22,44,6
SKU_02155,Brand_DC Computers Item 2155,Electronics,Computers,Brand_DC,173.57,311.77,0.78,SUPP_050,13,48,8
SKU_02156,Brand_GB Smart Home Item 2156,Electronics,Smart Home,Brand_GB,21.33,32.7,1.0,SUPP_032,13,77,12
SKU_02157,Brand_JC Footwear Item 2157,Apparel,Footwear,Brand_JC,16.39,39.36,2.05,SUPP_011,19,59,8
SKU_02158,Brand_AC Bedding Item 2158,Home & Kitchen,Bedding,Brand_AC,105.61,200.91,0.67,SUPP_024,10,57,10
SKU_02159,Brand_BD Personal Care Item 2159,Groceries & Essentials,Personal Care,Brand_BD,8.19,10.77,1.57,SUPP_046,7,40,8
SKU_02160,Brand_EC Accessories Item 2160,Electronics,Accessories,Brand_EC,43.89,73.58,1.54,SUPP_044,21,274,35
SKU_02161,Brand_JB Computers Item 2161,Electronics,Computers,Brand_JB,240.86,396.75,1.21,SUPP_007,21,60,8
SKU_02162,Brand_AE Smart Home Item 2162,Electronics,Smart Home,Brand_AE,201.8,318.7,0.99,SUPP_030,16,115,17
SKU_02163,Brand_EB Home Decor Item 2163,Home & Kitchen,Home Decor,Brand_EB,104.69,188.53,0.62,SUPP_044,12,59,10
SKU_02164,Brand_FB Camping Item 2164,Sports & Outdoors,Camping,Brand_FB,50.28,96.82,0.26,SUPP_009,23,185,23
SKU_02165,Brand_GD Sportswear Item 2165,Apparel,Sportswear,Brand_GD,36.78,61.5,0.63,SUPP_016,16,28,4
SKU_02166,Brand_BB Household Supplies Item 2166,Groceries & Essentials,Household Supplies,Brand_BB,16.68,22.53,0.25,SUPP_033,14,109,17
SKU_02167,Brand_EC Bedding Item 2167,Home & Kitchen,Bedding,Brand_EC,111.35,178.84,2.61,SUPP_048,24,87,11
SKU_02168,Brand_HA Sportswear Item 2168,Apparel,Sportswear,Brand_HA,39.44,99.91,0.64,SUPP_031,20,238,31
SKU_02169,Brand_BB Cookware Item 2169,Home & Kitchen,Cookware,Brand_BB,69.63,132.86,1.77,SUPP_004,12,18,3
SKU_02170,Brand_FB Home Decor Item 2170,Home & Kitchen,Home Decor,Brand_FB,83.6,167.68,0.42,SUPP_022,12,77,13
SKU_02171,Brand_HA Accessories Item 2171,Apparel,Accessories,Brand_HA,63.87,123.12,1.19,SUPP_005,21,44,6
SKU_02172,Brand_JB Oral Care Item 2172,Health & Beauty,Oral Care,Brand_JB,52.86,100.93,0.33,SUPP_049,15,136,20
SKU_02173,Brand_BB Household Supplies Item 2173,Groceries & Essentials,Household Supplies,Brand_BB,8.23,11.65,0.23,SUPP_022,5,11,3
SKU_02174,Brand_ID Audio Item 2174,Electronics,Audio,Brand_ID,193.29,264.15,0.44,SUPP_050,15,46,7
SKU_02175,Brand_GC Household Supplies Item 2175,Groceries & Essentials,Household Supplies,Brand_GC,29.76,42.15,0.22,SUPP_013,10,39,7
SKU_02176,Brand_JC Personal Care Item 2176,Groceries & Essentials,Personal Care,Brand_JC,27.31,37.03,1.28,SUPP_010,8,67,13
SKU_02177,Brand_BB Sportswear Item 2177,Apparel,Sportswear,Brand_BB,58.7,150.21,2.05,SUPP_033,21,32,4
SKU_02178,Brand_HB Sportswear Item 2178,Apparel,Sportswear,Brand_HB,39.05,88.9,0.26,SUPP_001,22,113,14
SKU_02179,Brand_AD Cookware Item 2179,Home & Kitchen,Cookware,Brand_AD,66.09,136.09,0.17,SUPP_046,11,53,9
SKU_02180,Brand_DC Fitness Gear Item 2180,Sports & Outdoors,Fitness Gear,Brand_DC,171.48,283.41,1.65,SUPP_018,28,60,7
SKU_02181,Brand_IE Audio Item 2181,Electronics,Audio,Brand_IE,97.44,139.34,1.53,SUPP_031,9,13,3
SKU_02182,Brand_CD Accessories Item 2182,Electronics,Accessories,Brand_CD,211.8,339.49,0.94,SUPP_026,17,72,10
SKU_02183,Brand_FE Women's Wear Item 2183,Apparel,Women's Wear,Brand_FE,54.89,103.35,0.48,SUPP_026,15,624,91
SKU_02184,Brand_BB Accessories Item 2184,Electronics,Accessories,Brand_BB,101.25,158.87,2.97,SUPP_011,11,21,4
SKU_02185,Brand_JC Beverages Item 2185,Groceries & Essentials,Beverages,Brand_JC,30.14,42.42,0.18,SUPP_047,12,80,13
SKU_02186,Brand_HC Storage & Org Item 2186,Home & Kitchen,Storage & Org,Brand_HC,20.76,36.95,4.13,SUPP_035,22,45,6
SKU_02187,Brand_HC Accessories Item 2187,Apparel,Accessories,Brand_HC,78.68,172.07,0.65,SUPP_038,28,105,12
SKU_02188,Brand_FB Small Appliances Item 2188,Home & Kitchen,Small Appliances,Brand_FB,113.53,184.94,0.21,SUPP_015,11,47,8
SKU_02189,Brand_ED Beverages Item 2189,Groceries & Essentials,Beverages,Brand_ED,7.24,9.83,0.76,SUPP_010,7,15,3
SKU_02190,Brand_IC Beverages Item 2190,Groceries & Essentials,Beverages,Brand_IC,8.91,10.49,2.01,SUPP_007,5,24,6
SKU_02191,Brand_HC Cookware Item 2191,Home & Kitchen,Cookware,Brand_HC,29.44,57.29,0.48,SUPP_002,21,38,5
SKU_02192,Brand_JE Men's Wear Item 2192,Apparel,Men's Wear,Brand_JE,32.5,67.52,0.21,SUPP_049,26,58,7
SKU_02193,Brand_FD Snacks Item 2193,Groceries & Essentials,Snacks,Brand_FD,5.12,6.89,0.25,SUPP_016,4,16,4
SKU_02194,Brand_IE Cookware Item 2194,Home & Kitchen,Cookware,Brand_IE,73.99,161.38,0.81,SUPP_028,11,33,6
SKU_02195,Brand_AA Bedding Item 2195,Home & Kitchen,Bedding,Brand_AA,62.64,100.59,0.13,SUPP_013,25,46,6
SKU_02196,Brand_FA Wearables Item 2196,Electronics,Wearables,Brand_FA,125.94,169.31,1.26,SUPP_003,21,156,20
SKU_02197,Brand_GE Computers Item 2197,Electronics,Computers,Brand_GE,154.8,262.21,1.22,SUPP_042,11,29,5
SKU_02198,Brand_IC Oral Care Item 2198,Health & Beauty,Oral Care,Brand_IC,33.15,92.78,1.73,SUPP_017,8,51,10
SKU_02199,Brand_FE Fitness Gear Item 2199,Sports & Outdoors,Fitness Gear,Brand_FE,43.99,66.79,0.87,SUPP_013,12,48,8
SKU_02200,Brand_AC Computers Item 2200,Electronics,Computers,Brand_AC,310.53,435.0,1.45,SUPP_025,20,44,6
SKU_02201,Brand_AC Packaged Foods Item 2201,Groceries & Essentials,Packaged Foods,Brand_AC,30.07,43.7,2.19,SUPP_041,3,27,8
SKU_02202,Brand_CA Snacks Item 2202,Groceries & Essentials,Snacks,Brand_CA,33.15,40.7,0.62,SUPP_050,3,9,3
SKU_02203,Brand_JB Camping Item 2203,Sports & Outdoors,Camping,Brand_JB,88.73,136.42,0.89,SUPP_033,24,390,47
SKU_02204,Brand_IA Cookware Item 2204,Home & Kitchen,Cookware,Brand_IA,55.16,96.5,2.47,SUPP_006,26,77,9
SKU_02205,Brand_BB Packaged Foods Item 2205,Groceries & Essentials,Packaged Foods,Brand_BB,35.13,44.45,1.53,SUPP_040,4,10,3
SKU_02206,Brand_GA Oral Care Item 2206,Health & Beauty,Oral Care,Brand_GA,36.55,105.76,1.48,SUPP_037,17,41,6
SKU_02207,Brand_CE Personal Care Item 2207,Groceries & Essentials,Personal Care,Brand_CE,4.32,6.32,0.19,SUPP_026,5,33,8
SKU_02208,Brand_BA Men's Wear Item 2208,Apparel,Men's Wear,Brand_BA,45.46,112.04,1.16,SUPP_037,10,54,10
SKU_02209,Brand_BB Personal Care Item 2209,Groceries & Essentials,Personal Care,Brand_BB,7.34,8.66,1.57,SUPP_003,7,10,2
SKU_02210,Brand_GC Beverages Item 2210,Groceries & Essentials,Beverages,Brand_GC,13.13,17.47,0.42,SUPP_040,9,16,3
SKU_02211,Brand_GA Cosmetics Item 2211,Health & Beauty,Cosmetics,Brand_GA,46.22,91.42,0.52,SUPP_006,18,94,13
SKU_02212,Brand_JD Small Appliances Item 2212,Home & Kitchen,Small Appliances,Brand_JD,60.44,116.64,0.97,SUPP_050,15,53,8
SKU_02213,Brand_JA Snacks Item 2213,Groceries & Essentials,Snacks,Brand_JA,23.81,33.13,0.35,SUPP_039,3,11,3
SKU_02214,Brand_JC Oral Care Item 2214,Health & Beauty,Oral Care,Brand_JC,47.29,87.68,2.14,SUPP_032,5,64,15
SKU_02215,Brand_AC Footwear Item 2215,Apparel,Footwear,Brand_AC,47.19,134.15,1.68,SUPP_029,19,36,5
SKU_02216,Brand_AD Footwear Item 2216,Apparel,Footwear,Brand_AD,67.06,152.38,0.73,SUPP_039,25,34,4
SKU_02217,Brand_FC Sportswear Item 2217,Apparel,Sportswear,Brand_FC,9.43,20.9,0.34,SUPP_022,30,170,19
SKU_02218,Brand_BB Snacks Item 2218,Groceries & Essentials,Snacks,Brand_BB,25.98,33.16,1.41,SUPP_032,4,42,11
SKU_02219,Brand_JC Small Appliances Item 2219,Home & Kitchen,Small Appliances,Brand_JC,24.71,43.93,0.28,SUPP_022,26,592,68
SKU_02220,Brand_GD Bedding Item 2220,Home & Kitchen,Bedding,Brand_GD,76.75,139.46,0.2,SUPP_032,9,87,16
SKU_02221,Brand_BC Personal Care Item 2221,Groceries & Essentials,Personal Care,Brand_BC,14.37,18.6,1.32,SUPP_005,14,162,25
SKU_02222,Brand_GB Household Supplies Item 2222,Groceries & Essentials,Household Supplies,Brand_GB,24.59,29.89,0.2,SUPP_046,14,300,45
SKU_02223,Brand_BD Women's Wear Item 2223,Apparel,Women's Wear,Brand_BD,9.78,23.82,1.29,SUPP_044,26,95,11
SKU_02224,Brand_FC Smart Home Item 2224,Electronics,Smart Home,Brand_FC,219.42,365.72,2.16,SUPP_020,25,307,36
SKU_02225,Brand_CB Snacks Item 2225,Groceries & Essentials,Snacks,Brand_CB,18.05,22.96,2.38,SUPP_041,6,19,4
SKU_02226,Brand_DE Household Supplies Item 2226,Groceries & Essentials,Household Supplies,Brand_DE,13.98,20.24,1.27,SUPP_033,3,51,14
SKU_02227,Brand_JA Accessories Item 2227,Apparel,Accessories,Brand_JA,56.91,119.93,0.77,SUPP_046,18,25,4
SKU_02228,Brand_EA Packaged Foods Item 2228,Groceries & Essentials,Packaged Foods,Brand_EA,10.67,16.34,0.44,SUPP_038,10,23,4
SKU_02229,Brand_CA Household Supplies Item 2229,Groceries & Essentials,Household Supplies,Brand_CA,2.67,3.43,3.4,SUPP_035,6,16,4
SKU_02230,Brand_AA Storage & Org Item 2230,Home & Kitchen,Storage & Org,Brand_AA,110.41,178.01,3.14,SUPP_015,9,22,4
SKU_02231,Brand_BD Beverages Item 2231,Groceries & Essentials,Beverages,Brand_BD,15.77,18.93,0.33,SUPP_040,14,19,3
SKU_02232,Brand_DC Men's Wear Item 2232,Apparel,Men's Wear,Brand_DC,33.91,92.55,0.51,SUPP_023,27,204,23
SKU_02233,Brand_BB Skincare Item 2233,Health & Beauty,Skincare,Brand_BB,35.47,83.72,1.88,SUPP_039,12,18,3
SKU_02234,Brand_DA Computers Item 2234,Electronics,Computers,Brand_DA,155.35,252.17,4.35,SUPP_005,11,32,6
SKU_02235,Brand_JE Audio Item 2235,Electronics,Audio,Brand_JE,163.45,259.12,0.89,SUPP_014,8,41,8
SKU_02236,Brand_CA Cookware Item 2236,Home & Kitchen,Cookware,Brand_CA,112.14,239.3,2.44,SUPP_034,15,38,6
SKU_02237,Brand_JC Beverages Item 2237,Groceries & Essentials,Beverages,Brand_JC,33.35,40.56,2.95,SUPP_020,11,24,4
SKU_02238,Brand_IE Sportswear Item 2238,Apparel,Sportswear,Brand_IE,37.42,106.43,1.01,SUPP_048,29,177,20
SKU_02239,Brand_FB Beverages Item 2239,Groceries & Essentials,Beverages,Brand_FB,12.99,18.17,1.23,SUPP_005,4,24,6
SKU_02240,Brand_CA Cycling Item 2240,Sports & Outdoors,Cycling,Brand_CA,15.35,28.74,1.27,SUPP_026,29,116,13
SKU_02241,Brand_CD Household Supplies Item 2241,Groceries & Essentials,Household Supplies,Brand_CD,20.98,25.59,3.26,SUPP_024,14,141,21
SKU_02242,Brand_HA Bedding Item 2242,Home & Kitchen,Bedding,Brand_HA,144.11,225.39,1.51,SUPP_019,25,68,8
SKU_02243,Brand_BE Bedding Item 2243,Home & Kitchen,Bedding,Brand_BE,13.16,26.12,1.14,SUPP_018,9,72,13
SKU_02244,Brand_IE Oral Care Item 2244,Health & Beauty,Oral Care,Brand_IE,32.03,69.73,1.64,SUPP_007,17,33,5
SKU_02245,Brand_BD Haircare Item 2245,Health & Beauty,Haircare,Brand_BD,35.51,95.2,0.4,SUPP_005,20,135,18
SKU_02246,Brand_GE Haircare Item 2246,Health & Beauty,Haircare,Brand_GE,44.39,86.47,2.41,SUPP_025,16,85,12
SKU_02247,Brand_CA Personal Care Item 2247,Groceries & Essentials,Personal Care,Brand_CA,22.81,29.38,2.09,SUPP_013,11,28,5
SKU_02248,Brand_IE Storage & Org Item 2248,Home & Kitchen,Storage & Org,Brand_IE,40.48,66.83,1.51,SUPP_022,24,30,4
SKU_02249,Brand_HB Snacks Item 2249,Groceries & Essentials,Snacks,Brand_HB,8.79,11.02,1.91,SUPP_029,14,49,8
SKU_02250,Brand_DA Household Supplies Item 2250,Groceries & Essentials,Household Supplies,Brand_DA,16.1,22.09,0.7,SUPP_031,7,22,5
SKU_02251,Brand_AB Personal Care Item 2251,Groceries & Essentials,Personal Care,Brand_AB,15.94,23.26,0.59,SUPP_010,13,22,4
SKU_02252,Brand_GD Accessories Item 2252,Apparel,Accessories,Brand_GD,90.3,155.59,2.01,SUPP_002,25,33,4
SKU_02253,Brand_HC Skincare Item 2253,Health & Beauty,Skincare,Brand_HC,13.44,33.05,6.82,SUPP_018,10,118,21
SKU_02254,Brand_BE Accessories Item 2254,Electronics,Accessories,Brand_BE,299.41,409.75,3.02,SUPP_035,24,99,12
SKU_02255,Brand_DB Wearables Item 2255,Electronics,Wearables,Brand_DB,151.89,238.78,0.13,SUPP_011,19,126,17
SKU_02256,Brand_DA Personal Care Item 2256,Groceries & Essentials,Personal Care,Brand_DA,19.02,26.66,0.23,SUPP_048,8,26,5
SKU_02257,Brand_CA Fitness Gear Item 2257,Sports & Outdoors,Fitness Gear,Brand_CA,169.99,251.39,1.44,SUPP_045,29,411,45
SKU_02258,Brand_HE Cookware Item 2258,Home & Kitchen,Cookware,Brand_HE,25.25,39.57,0.13,SUPP_028,20,46,6
SKU_02259,Brand_GB Accessories Item 2259,Electronics,Accessories,Brand_GB,265.9,429.58,1.04,SUPP_039,14,87,13
SKU_02260,Brand_BA Accessories Item 2260,Electronics,Accessories,Brand_BA,289.72,425.05,0.35,SUPP_007,21,26,4
SKU_02261,Brand_CE Haircare Item 2261,Health & Beauty,Haircare,Brand_CE,29.95,89.73,1.25,SUPP_007,18,49,7
SKU_02262,Brand_EE Accessories Item 2262,Apparel,Accessories,Brand_EE,23.65,52.81,3.56,SUPP_031,19,51,7
SKU_02263,Brand_HD Computers Item 2263,Electronics,Computers,Brand_HD,62.74,87.0,1.27,SUPP_021,19,30,4
SKU_02264,Brand_AC Beverages Item 2264,Groceries & Essentials,Beverages,Brand_AC,16.44,22.88,0.95,SUPP_026,8,42,8
SKU_02265,Brand_BA Personal Care Item 2265,Groceries & Essentials,Personal Care,Brand_BA,2.49,3.48,2.9,SUPP_033,3,37,10
SKU_02266,Brand_DB Cycling Item 2266,Sports & Outdoors,Cycling,Brand_DB,62.4,105.5,7.39,SUPP_040,14,51,8
SKU_02267,Brand_DB Household Supplies Item 2267,Groceries & Essentials,Household Supplies,Brand_DB,13.24,18.27,0.12,SUPP_009,6,28,6
SKU_02268,Brand_HA Cosmetics Item 2268,Health & Beauty,Cosmetics,Brand_HA,25.05,70.57,1.12,SUPP_010,8,50,10
SKU_02269,Brand_IE Packaged Foods Item 2269,Groceries & Essentials,Packaged Foods,Brand_IE,5.24,6.87,1.53,SUPP_021,6,130,28
SKU_02270,Brand_GE Cookware Item 2270,Home & Kitchen,Cookware,Brand_GE,49.75,91.44,1.75,SUPP_050,23,60,8
SKU_02271,Brand_CB Computers Item 2271,Electronics,Computers,Brand_CB,276.06,385.97,0.48,SUPP_040,22,214,27
SKU_02272,Brand_HA Household Supplies Item 2272,Groceries & Essentials,Household Supplies,Brand_HA,6.45,7.92,0.37,SUPP_022,7,84,17
SKU_02273,Brand_JB Women's Wear Item 2273,Apparel,Women's Wear,Brand_JB,90.96,170.5,0.48,SUPP_027,19,81,11
SKU_02274,Brand_IE Snacks Item 2274,Groceries & Essentials,Snacks,Brand_IE,21.36,31.03,3.68,SUPP_033,3,6,2
SKU_02275,Brand_JB Accessories Item 2275,Apparel,Accessories,Brand_JB,8.16,16.73,1.68,SUPP_032,18,123,17
SKU_02276,Brand_DC Sportswear Item 2276,Apparel,Sportswear,Brand_DC,13.18,31.27,0.47,SUPP_023,26,381,44
SKU_02277,Brand_HE Footwear Item 2277,Apparel,Footwear,Brand_HE,44.97,91.24,0.5,SUPP_013,24,41,5
SKU_02278,Brand_DC Household Supplies Item 2278,Groceries & Essentials,Household Supplies,Brand_DC,34.06,43.57,7.07,SUPP_046,10,15,3
SKU_02279,Brand_ED Beverages Item 2279,Groceries & Essentials,Beverages,Brand_ED,26.84,38.3,7.37,SUPP_049,8,57,11
SKU_02280,Brand_JA Fitness Gear Item 2280,Sports & Outdoors,Fitness Gear,Brand_JA,101.52,198.48,0.37,SUPP_022,28,1891,210
SKU_02281,Brand_GD Footwear Item 2281,Apparel,Footwear,Brand_GD,47.86,108.76,0.89,SUPP_032,21,27,4
SKU_02282,Brand_BE Fitness Gear Item 2282,Sports & Outdoors,Fitness Gear,Brand_BE,12.14,17.62,0.42,SUPP_038,18,22,3
SKU_02283,Brand_IC Audio Item 2283,Electronics,Audio,Brand_IC,90.77,160.1,2.34,SUPP_016,15,35,5
SKU_02284,Brand_GC Bedding Item 2284,Home & Kitchen,Bedding,Brand_GC,108.9,173.13,3.18,SUPP_047,26,243,28
SKU_02285,Brand_IE Personal Care Item 2285,Groceries & Essentials,Personal Care,Brand_IE,33.29,39.99,0.72,SUPP_030,8,90,17
SKU_02286,Brand_AE Fitness Gear Item 2286,Sports & Outdoors,Fitness Gear,Brand_AE,12.27,21.22,3.9,SUPP_022,15,31,5
SKU_02287,Brand_FC Bedding Item 2287,Home & Kitchen,Bedding,Brand_FC,35.34,74.62,0.18,SUPP_011,15,120,18
SKU_02288,Brand_DD Storage & Org Item 2288,Home & Kitchen,Storage & Org,Brand_DD,121.91,197.68,0.18,SUPP_041,21,62,8
SKU_02289,Brand_FA Accessories Item 2289,Electronics,Accessories,Brand_FA,41.6,71.5,2.42,SUPP_034,21,102,13
SKU_02290,Brand_GB Storage & Org Item 2290,Home & Kitchen,Storage & Org,Brand_GB,52.23,99.23,1.39,SUPP_017,13,125,20
SKU_02291,Brand_CC Cookware Item 2291,Home & Kitchen,Cookware,Brand_CC,19.35,42.34,1.48,SUPP_027,10,15,3
SKU_02292,Brand_BD Men's Wear Item 2292,Apparel,Men's Wear,Brand_BD,24.28,65.8,0.28,SUPP_049,12,206,33
SKU_02293,Brand_ID Sportswear Item 2293,Apparel,Sportswear,Brand_ID,33.64,72.31,2.49,SUPP_033,18,45,6
SKU_02294,Brand_BE Household Supplies Item 2294,Groceries & Essentials,Household Supplies,Brand_BE,3.3,4.02,1.9,SUPP_027,5,20,5
SKU_02295,Brand_GC Men's Wear Item 2295,Apparel,Men's Wear,Brand_GC,34.29,85.71,1.03,SUPP_035,28,139,16
SKU_02296,Brand_HC Footwear Item 2296,Apparel,Footwear,Brand_HC,34.16,88.23,1.95,SUPP_025,28,68,8
SKU_02297,Brand_CA Packaged Foods Item 2297,Groceries & Essentials,Packaged Foods,Brand_CA,18.08,25.67,1.56,SUPP_011,11,22,4
SKU_02298,Brand_CB Women's Wear Item 2298,Apparel,Women's Wear,Brand_CB,58.51,97.7,1.32,SUPP_024,10,21,4
SKU_02299,Brand_BE Men's Wear Item 2299,Apparel,Men's Wear,Brand_BE,42.09,95.09,1.15,SUPP_014,30,36,4
SKU_02300,Brand_BB Accessories Item 2300,Apparel,Accessories,Brand_BB,23.18,61.66,0.65,SUPP_017,11,22,4
SKU_02301,Brand_CA Accessories Item 2301,Apparel,Accessories,Brand_CA,65.93,168.52,1.4,SUPP_019,20,98,13
SKU_02302,Brand_HE Personal Care Item 2302,Groceries & Essentials,Personal Care,Brand_HE,14.52,19.85,0.15,SUPP_041,9,46,9
SKU_02303,Brand_ED Bedding Item 2303,Home & Kitchen,Bedding,Brand_ED,116.01,200.64,4.81,SUPP_001,11,87,15
SKU_02304,Brand_CE Home Decor Item 2304,Home & Kitchen,Home Decor,Brand_CE,8.05,17.38,0.34,SUPP_020,16,47,7
SKU_02305,Brand_HE Wearables Item 2305,Electronics,Wearables,Brand_HE,67.75,106.1,1.83,SUPP_038,11,16,3
SKU_02306,Brand_JE Vitamins & Supplements Item 2306,Health & Beauty,Vitamins & Supplements,Brand_JE,41.17,110.96,2.1,SUPP_040,20,46,6
SKU_02307,Brand_EB Cookware Item 2307,Home & Kitchen,Cookware,Brand_EB,55.75,110.02,3.57,SUPP_015,14,109,17
SKU_02308,Brand_AB Household Supplies Item 2308,Groceries & Essentials,Household Supplies,Brand_AB,17.89,23.08,0.6,SUPP_027,11,123,21
SKU_02309,Brand_HE Vitamins & Supplements Item 2309,Health & Beauty,Vitamins & Supplements,Brand_HE,16.4,45.8,0.84,SUPP_003,9,183,33
SKU_02310,Brand_CC Personal Care Item 2310,Groceries & Essentials,Personal Care,Brand_CC,19.14,25.75,0.15,SUPP_004,7,17,4
SKU_02311,Brand_HE Accessories Item 2311,Apparel,Accessories,Brand_HE,20.72,35.15,0.82,SUPP_050,29,61,7
SKU_02312,Brand_DD Beverages Item 2312,Groceries & Essentials,Beverages,Brand_DD,6.95,9.28,0.23,SUPP_023,5,53,12
SKU_02313,Brand_FB Haircare Item 2313,Health & Beauty,Haircare,Brand_FB,15.9,47.4,2.71,SUPP_006,12,106,17
SKU_02314,Brand_ID Fitness Gear Item 2314,Sports & Outdoors,Fitness Gear,Brand_ID,212.38,343.27,1.19,SUPP_018,16,699,99
SKU_02315,Brand_IB Snacks Item 2315,Groceries & Essentials,Snacks,Brand_IB,25.33,35.99,0.51,SUPP_040,7,13,3
SKU_02316,Brand_HE Wearables Item 2316,Electronics,Wearables,Brand_HE,324.03,443.27,0.71,SUPP_040,12,64,11
SKU_02317,Brand_IE Men's Wear Item 2317,Apparel,Men's Wear,Brand_IE,43.39,102.71,0.68,SUPP_029,28,33,4
SKU_02318,Brand_EC Household Supplies Item 2318,Groceries & Essentials,Household Supplies,Brand_EC,12.26,16.05,1.98,SUPP_038,3,32,9
SKU_02319,Brand_FD Small Appliances Item 2319,Home & Kitchen,Small Appliances,Brand_FD,101.05,204.83,1.82,SUPP_045,7,130,26
SKU_02320,Brand_AD Team Sports Item 2320,Sports & Outdoors,Team Sports,Brand_AD,63.48,113.09,3.98,SUPP_035,13,62,10
SKU_02321,Brand_BA Personal Care Item 2321,Groceries & Essentials,Personal Care,Brand_BA,11.04,14.25,1.72,SUPP_042,8,55,11
SKU_02322,Brand_JB Vitamins & Supplements Item 2322,Health & Beauty,Vitamins & Supplements,Brand_JB,47.49,118.67,1.18,SUPP_001,7,27,6
SKU_02323,Brand_GA Household Supplies Item 2323,Groceries & Essentials,Household Supplies,Brand_GA,6.68,9.49,5.55,SUPP_031,13,47,8
SKU_02324,Brand_ID Small Appliances Item 2324,Home & Kitchen,Small Appliances,Brand_ID,25.8,41.1,1.02,SUPP_019,12,85,14
SKU_02325,Brand_FD Smart Home Item 2325,Electronics,Smart Home,Brand_FD,122.99,172.95,0.78,SUPP_041,18,36,5
SKU_02326,Brand_DC Women's Wear Item 2326,Apparel,Women's Wear,Brand_DC,28.04,50.23,0.13,SUPP_030,15,20,3
SKU_02327,Brand_JD Smart Home Item 2327,Electronics,Smart Home,Brand_JD,133.03,181.92,0.87,SUPP_028,19,99,13
SKU_02328,Brand_HB Home Decor Item 2328,Home & Kitchen,Home Decor,Brand_HB,29.9,56.21,2.13,SUPP_029,7,12,3
SKU_02329,Brand_AA Home Decor Item 2329,Home & Kitchen,Home Decor,Brand_AA,26.68,45.45,1.45,SUPP_012,15,26,4
SKU_02330,Brand_GC Bedding Item 2330,Home & Kitchen,Bedding,Brand_GC,106.1,168.33,1.33,SUPP_050,17,30,5
SKU_02331,Brand_AD Personal Care Item 2331,Groceries & Essentials,Personal Care,Brand_AD,23.5,31.03,2.77,SUPP_039,4,39,10
SKU_02332,Brand_IC Beverages Item 2332,Groceries & Essentials,Beverages,Brand_IC,17.13,26.3,0.93,SUPP_005,7,27,6
SKU_02333,Brand_GD Home Decor Item 2333,Home & Kitchen,Home Decor,Brand_GD,133.9,216.36,0.38,SUPP_047,12,50,8
SKU_02334,Brand_IC Storage & Org Item 2334,Home & Kitchen,Storage & Org,Brand_IC,72.11,140.93,0.52,SUPP_016,8,44,9
SKU_02335,Brand_BA Fitness Gear Item 2335,Sports & Outdoors,Fitness Gear,Brand_BA,92.16,174.32,1.3,SUPP_046,22,150,19
SKU_02336,Brand_AD Packaged Foods Item 2336,Groceries & Essentials,Packaged Foods,Brand_AD,21.43,26.02,0.73,SUPP_017,10,77,14
SKU_02337,Brand_BB Cookware Item 2337,Home & Kitchen,Cookware,Brand_BB,86.99,161.18,2.61,SUPP_027,26,42,5
SKU_02338,Brand_GA Oral Care Item 2338,Health & Beauty,Oral Care,Brand_GA,21.95,66.95,1.18,SUPP_025,8,18,4
SKU_02339,Brand_CA Men's Wear Item 2339,Apparel,Men's Wear,Brand_CA,17.53,47.86,2.49,SUPP_050,29,118,13
SKU_02340,Brand_FA Storage & Org Item 2340,Home & Kitchen,Storage & Org,Brand_FA,34.23,66.92,2.37,SUPP_029,19,33,5
SKU_02341,Brand_GD Home Decor Item 2341,Home & Kitchen,Home Decor,Brand_GD,44.22,85.3,0.79,SUPP_036,9,22,4
SKU_02342,Brand_DB Packaged Foods Item 2342,Groceries & Essentials,Packaged Foods,Brand_DB,28.41,35.14,0.83,SUPP_011,8,47,9
SKU_02343,Brand_IC Cookware Item 2343,Home & Kitchen,Cookware,Brand_IC,62.88,131.24,2.19,SUPP_009,17,267,37
SKU_02344,Brand_HE Footwear Item 2344,Apparel,Footwear,Brand_HE,11.32,21.96,1.02,SUPP_026,12,50,8
SKU_02345,Brand_CC Computers Item 2345,Electronics,Computers,Brand_CC,12.66,20.29,0.77,SUPP_001,15,59,9
SKU_02346,Brand_CD Computers Item 2346,Electronics,Computers,Brand_CD,105.35,154.2,2.85,SUPP_011,23,111,14
SKU_02347,Brand_ID Personal Care Item 2347,Groceries & Essentials,Personal Care,Brand_ID,10.29,15.5,0.47,SUPP_041,3,17,5
SKU_02348,Brand_HC Personal Care Item 2348,Groceries & Essentials,Personal Care,Brand_HC,19.52,25.21,2.25,SUPP_003,6,9,2
SKU_02349,Brand_DC Storage & Org Item 2349,Home & Kitchen,Storage & Org,Brand_DC,145.01,239.6,1.02,SUPP_001,28,103,12
SKU_02350,Brand_IB Sportswear Item 2350,Apparel,Sportswear,Brand_IB,5.45,13.61,1.37,SUPP_034,25,33,4
SKU_02351,Brand_GB Cosmetics Item 2351,Health & Beauty,Cosmetics,Brand_GB,18.75,41.03,0.23,SUPP_035,6,120,26
SKU_02352,Brand_GB Cycling Item 2352,Sports & Outdoors,Cycling,Brand_GB,209.9,319.7,2.77,SUPP_017,15,27,4
SKU_02353,Brand_IE Bedding Item 2353,Home & Kitchen,Bedding,Brand_IE,133.55,222.37,3.62,SUPP_040,25,92,11
SKU_02354,Brand_DB Sportswear Item 2354,Apparel,Sportswear,Brand_DB,27.53,68.6,0.37,SUPP_009,29,162,18
SKU_02355,Brand_FD Cookware Item 2355,Home & Kitchen,Cookware,Brand_FD,58.67,118.66,0.93,SUPP_001,13,23,4
SKU_02356,Brand_CA Cookware Item 2356,Home & Kitchen,Cookware,Brand_CA,49.96,88.96,0.42,SUPP_015,19,25,4
SKU_02357,Brand_AE Wearables Item 2357,Electronics,Wearables,Brand_AE,280.87,393.94,0.48,SUPP_040,25,354,42
SKU_02358,Brand_FC Women's Wear Item 2358,Apparel,Women's Wear,Brand_FC,65.68,147.36,0.32,SUPP_020,30,62,7
SKU_02359,Brand_AD Fitness Gear Item 2359,Sports & Outdoors,Fitness Gear,Brand_AD,91.13,139.88,1.19,SUPP_041,20,75,10
SKU_02360,Brand_GD Personal Care Item 2360,Groceries & Essentials,Personal Care,Brand_GD,19.89,26.99,0.56,SUPP_007,6,24,5
SKU_02361,Brand_IE Footwear Item 2361,Apparel,Footwear,Brand_IE,86.24,145.4,2.59,SUPP_021,14,31,5
SKU_02362,Brand_IE Home Decor Item 2362,Home & Kitchen,Home Decor,Brand_IE,101.51,169.89,0.44,SUPP_032,16,151,22
SKU_02363,Brand_GD Cycling Item 2363,Sports & Outdoors,Cycling,Brand_GD,33.07,58.66,0.8,SUPP_028,13,73,12
SKU_02364,Brand_JD Skincare Item 2364,Health & Beauty,Skincare,Brand_JD,35.64,67.5,0.89,SUPP_020,17,53,8
SKU_02365,Brand_IC Haircare Item 2365,Health & Beauty,Haircare,Brand_IC,45.48,99.7,2.0,SUPP_004,12,23,4
SKU_02366,Brand_GC Men's Wear Item 2366,Apparel,Men's Wear,Brand_GC,40.31,89.3,2.9,SUPP_047,21,210,27
SKU_02367,Brand_GC Women's Wear Item 2367,Apparel,Women's Wear,Brand_GC,73.6,124.98,0.47,SUPP_003,24,52,7
SKU_02368,Brand_DA Home Decor Item 2368,Home & Kitchen,Home Decor,Brand_DA,45.55,77.6,3.6,SUPP_008,7,24,5
SKU_02369,Brand_JD Snacks Item 2369,Groceries & Essentials,Snacks,Brand_JD,25.88,30.79,0.32,SUPP_007,12,112,18
SKU_02370,Brand_FE Vitamins & Supplements Item 2370,Health & Beauty,Vitamins & Supplements,Brand_FE,14.81,45.97,1.32,SUPP_046,6,105,23
SKU_02371,Brand_CC Sportswear Item 2371,Apparel,Sportswear,Brand_CC,68.59,120.17,0.8,SUPP_016,18,122,17
SKU_02372,Brand_GB Cosmetics Item 2372,Health & Beauty,Cosmetics,Brand_GB,34.01,80.36,0.34,SUPP_045,18,28,4
SKU_02373,Brand_EE Home Decor Item 2373,Home & Kitchen,Home Decor,Brand_EE,79.09,150.96,1.99,SUPP_041,24,51,6
SKU_02374,Brand_EA Home Decor Item 2374,Home & Kitchen,Home Decor,Brand_EA,118.04,192.64,2.0,SUPP_036,25,56,7
SKU_02375,Brand_FC Computers Item 2375,Electronics,Computers,Brand_FC,79.78,117.87,2.47,SUPP_035,9,21,4
SKU_02376,Brand_ID Computers Item 2376,Electronics,Computers,Brand_ID,221.52,319.13,0.71,SUPP_050,8,13,3
SKU_02377,Brand_ED Household Supplies Item 2377,Groceries & Essentials,Household Supplies,Brand_ED,2.22,2.88,1.43,SUPP_049,13,154,24
SKU_02378,Brand_JE Accessories Item 2378,Apparel,Accessories,Brand_JE,63.72,142.07,1.12,SUPP_029,19,63,9
SKU_02379,Brand_JC Sportswear Item 2379,Apparel,Sportswear,Brand_JC,44.68,93.38,0.37,SUPP_030,26,38,5
SKU_02380,Brand_HC Women's Wear Item 2380,Apparel,Women's Wear,Brand_HC,44.54,85.81,0.66,SUPP_015,23,90,11
SKU_02381,Brand_HE Snacks Item 2381,Groceries & Essentials,Snacks,Brand_HE,27.57,36.65,0.82,SUPP_010,6,72,16
SKU_02382,Brand_DC Smart Home Item 2382,Electronics,Smart Home,Brand_DC,214.67,369.61,0.45,SUPP_007,19,296,39
SKU_02383,Brand_DD Small Appliances Item 2383,Home & Kitchen,Small Appliances,Brand_DD,9.25,16.26,0.35,SUPP_028,13,23,4
SKU_02384,Brand_AB Cycling Item 2384,Sports & Outdoors,Cycling,Brand_AB,14.44,24.94,0.7,SUPP_050,19,1156,152
SKU_02385,Brand_JA Camping Item 2385,Sports & Outdoors,Camping,Brand_JA,66.36,116.86,0.59,SUPP_034,15,23,4
SKU_02386,Brand_BB Storage & Org Item 2386,Home & Kitchen,Storage & Org,Brand_BB,107.66,187.34,3.61,SUPP_045,21,375,48
SKU_02387,Brand_DE Small Appliances Item 2387,Home & Kitchen,Small Appliances,Brand_DE,24.49,44.01,0.76,SUPP_036,25,119,14
SKU_02388,Brand_EB Small Appliances Item 2388,Home & Kitchen,Small Appliances,Brand_EB,112.97,194.12,0.1,SUPP_046,13,26,4
SKU_02389,Brand_JA Cookware Item 2389,Home & Kitchen,Cookware,Brand_JA,45.2,88.69,0.17,SUPP_030,17,39,6
SKU_02390,Brand_GA Skincare Item 2390,Health & Beauty,Skincare,Brand_GA,37.52,100.03,5.23,SUPP_003,9,14,3
SKU_02391,Brand_EA Small Appliances Item 2391,Home & Kitchen,Small Appliances,Brand_EA,32.74,70.32,4.01,SUPP_014,14,344,52
SKU_02392,Brand_AB Vitamins & Supplements Item 2392,Health & Beauty,Vitamins & Supplements,Brand_AB,14.42,28.3,2.18,SUPP_049,11,123,21
SKU_02393,Brand_JD Snacks Item 2393,Groceries & Essentials,Snacks,Brand_JD,30.58,40.28,0.59,SUPP_036,9,58,11
SKU_02394,Brand_GA Personal Care Item 2394,Groceries & Essentials,Personal Care,Brand_GA,26.89,34.12,1.34,SUPP_020,5,16,4
SKU_02395,Brand_JD Storage & Org Item 2395,Home & Kitchen,Storage & Org,Brand_JD,11.95,22.15,0.62,SUPP_042,26,37,5
SKU_02396,Brand_DC Cosmetics Item 2396,Health & Beauty,Cosmetics,Brand_DC,15.07,37.36,1.72,SUPP_023,17,32,5
SKU_02397,Brand_DB Packaged Foods Item 2397,Groceries & Essentials,Packaged Foods,Brand_DB,26.08,35.98,0.72,SUPP_022,3,28,8
SKU_02398,Brand_JC Household Supplies Item 2398,Groceries & Essentials,Household Supplies,Brand_JC,34.57,41.46,2.76,SUPP_004,13,80,13
SKU_02399,Brand_HD Haircare Item 2399,Health & Beauty,Haircare,Brand_HD,14.67,27.94,2.14,SUPP_021,14,39,6
SKU_02400,Brand_CB Skincare Item 2400,Health & Beauty,Skincare,Brand_CB,10.54,23.29,3.32,SUPP_035,21,69,9
SKU_02401,Brand_BC Wearables Item 2401,Electronics,Wearables,Brand_BC,180.74,315.99,3.21,SUPP_018,16,51,8
SKU_02402,Brand_JB Haircare Item 2402,Health & Beauty,Haircare,Brand_JB,12.05,34.88,6.48,SUPP_030,7,52,11
SKU_02403,Brand_AE Household Supplies Item 2403,Groceries & Essentials,Household Supplies,Brand_AE,27.36,40.62,0.93,SUPP_007,6,13,3
SKU_02404,Brand_BD Wearables Item 2404,Electronics,Wearables,Brand_BD,42.47,76.35,1.15,SUPP_026,25,40,5
SKU_02405,Brand_BD Cookware Item 2405,Home & Kitchen,Cookware,Brand_BD,46.78,73.48,1.2,SUPP_026,20,39,5
SKU_02406,Brand_AA Cosmetics Item 2406,Health & Beauty,Cosmetics,Brand_AA,48.54,88.9,0.35,SUPP_001,12,166,27
SKU_02407,Brand_EC Team Sports Item 2407,Sports & Outdoors,Team Sports,Brand_EC,94.35,135.14,2.25,SUPP_013,22,87,11
SKU_02408,Brand_GA Cycling Item 2408,Sports & Outdoors,Cycling,Brand_GA,146.88,259.97,0.52,SUPP_008,13,32,5
SKU_02409,Brand_DD Small Appliances Item 2409,Home & Kitchen,Small Appliances,Brand_DD,48.31,85.62,0.58,SUPP_036,18,46,7
SKU_02410,Brand_JC Fitness Gear Item 2410,Sports & Outdoors,Fitness Gear,Brand_JC,50.59,77.48,2.46,SUPP_040,26,42,5
SKU_02411,Brand_JB Snacks Item 2411,Groceries & Essentials,Snacks,Brand_JB,26.58,35.34,0.66,SUPP_033,11,17,3
SKU_02412,Brand_HC Outdoor Recreation Item 2412,Sports & Outdoors,Outdoor Recreation,Brand_HC,51.59,88.8,3.64,SUPP_050,27,47,6
SKU_02413,Brand_AE Bedding Item 2413,Home & Kitchen,Bedding,Brand_AE,20.37,34.15,0.89,SUPP_046,21,178,23
SKU_02414,Brand_AA Beverages Item 2414,Groceries & Essentials,Beverages,Brand_AA,22.25,30.86,1.39,SUPP_014,9,66,12
SKU_02415,Brand_DC Storage & Org Item 2415,Home & Kitchen,Storage & Org,Brand_DC,80.74,128.63,0.29,SUPP_015,21,37,5
SKU_02416,Brand_HD Oral Care Item 2416,Health & Beauty,Oral Care,Brand_HD,46.67,119.99,1.88,SUPP_001,17,46,7
SKU_02417,Brand_EC Smart Home Item 2417,Electronics,Smart Home,Brand_EC,27.35,44.58,0.17,SUPP_026,21,36,5
SKU_02418,Brand_HD Beverages Item 2418,Groceries & Essentials,Beverages,Brand_HD,2.7,3.72,0.9,SUPP_050,10,34,6
SKU_02419,Brand_IC Women's Wear Item 2419,Apparel,Women's Wear,Brand_IC,58.7,139.84,3.62,SUPP_049,29,295,33
SKU_02420,Brand_HA Skincare Item 2420,Health & Beauty,Skincare,Brand_HA,50.01,113.4,6.44,SUPP_049,8,36,7
SKU_02421,Brand_BE Snacks Item 2421,Groceries & Essentials,Snacks,Brand_BE,5.37,8.01,1.86,SUPP_006,8,28,6
SKU_02422,Brand_JE Accessories Item 2422,Electronics,Accessories,Brand_JE,239.82,385.15,0.33,SUPP_010,14,31,5
SKU_02423,Brand_IE Accessories Item 2423,Apparel,Accessories,Brand_IE,22.18,47.6,1.09,SUPP_014,12,71,12
SKU_02424,Brand_GE Smart Home Item 2424,Electronics,Smart Home,Brand_GE,84.56,121.02,3.82,SUPP_025,12,16,3
SKU_02425,Brand_AB Cosmetics Item 2425,Health & Beauty,Cosmetics,Brand_AB,31.5,81.39,3.05,SUPP_037,6,117,25
SKU_02426,Brand_BC Audio Item 2426,Electronics,Audio,Brand_BC,14.06,24.86,2.59,SUPP_050,11,16,3
SKU_02427,Brand_AE Sportswear Item 2427,Apparel,Sportswear,Brand_AE,73.93,146.88,0.44,SUPP_040,12,18,3
SKU_02428,Brand_FC Haircare Item 2428,Health & Beauty,Haircare,Brand_FC,33.69,88.78,0.32,SUPP_008,20,183,24
SKU_02429,Brand_BE Audio Item 2429,Electronics,Audio,Brand_BE,36.39,48.68,0.61,SUPP_004,24,90,11
SKU_02430,Brand_JC Snacks Item 2430,Groceries & Essentials,Snacks,Brand_JC,18.16,27.38,0.74,SUPP_004,14,18,3
SKU_02431,Brand_AC Household Supplies Item 2431,Groceries & Essentials,Household Supplies,Brand_AC,1.72,2.59,1.31,SUPP_025,13,74,12
SKU_02432,Brand_EC Household Supplies Item 2432,Groceries & Essentials,Household Supplies,Brand_EC,26.45,34.02,0.48,SUPP_004,10,51,9
SKU_02433,Brand_DE Footwear Item 2433,Apparel,Footwear,Brand_DE,68.29,152.41,6.09,SUPP_032,21,53,7
SKU_02434,Brand_FD Household Supplies Item 2434,Groceries & Essentials,Household Supplies,Brand_FD,32.09,42.6,8.06,SUPP_030,9,50,9
SKU_02435,Brand_FC Footwear Item 2435,Apparel,Footwear,Brand_FC,12.11,27.78,1.16,SUPP_044,17,22,3
SKU_02436,Brand_DB Footwear Item 2436,Apparel,Footwear,Brand_DB,25.18,57.82,0.78,SUPP_034,25,67,8
SKU_02437,Brand_DA Footwear Item 2437,Apparel,Footwear,Brand_DA,47.07,93.81,4.77,SUPP_001,26,37,5
SKU_02438,Brand_GB Vitamins & Supplements Item 2438,Health & Beauty,Vitamins & Supplements,Brand_GB,51.65,118.99,0.85,SUPP_032,9,31,6
SKU_02439,Brand_FC Home Decor Item 2439,Home & Kitchen,Home Decor,Brand_FC,9.22,18.81,0.32,SUPP_001,16,34,5
SKU_02440,Brand_HA Sportswear Item 2440,Apparel,Sportswear,Brand_HA,65.41,114.16,1.7,SUPP_008,29,164,18
SKU_02441,Brand_CA Beverages Item 2441,Groceries & Essentials,Beverages,Brand_CA,11.45,14.7,0.14,SUPP_022,14,24,4
SKU_02442,Brand_IC Team Sports Item 2442,Sports & Outdoors,Team Sports,Brand_IC,172.37,291.83,0.67,SUPP_040,30,157,17
SKU_02443,Brand_DD Personal Care Item 2443,Groceries & Essentials,Personal Care,Brand_DD,26.79,37.5,2.84,SUPP_014,7,74,15
SKU_02444,Brand_CD Smart Home Item 2444,Electronics,Smart Home,Brand_CD,87.4,144.48,3.75,SUPP_042,24,94,12
SKU_02445,Brand_CB Footwear Item 2445,Apparel,Footwear,Brand_CB,60.13,112.84,0.83,SUPP_027,25,469,55
SKU_02446,Brand_HD Cookware Item 2446,Home & Kitchen,Cookware,Brand_HD,5.68,12.51,1.12,SUPP_014,21,70,9
SKU_02447,Brand_JC Household Supplies Item 2447,Groceries & Essentials,Household Supplies,Brand_JC,23.98,32.21,1.77,SUPP_030,4,10,3
SKU_02448,Brand_CA Accessories Item 2448,Apparel,Accessories,Brand_CA,22.49,51.19,1.01,SUPP_045,26,46,6
SKU_02449,Brand_AD Footwear Item 2449,Apparel,Footwear,Brand_AD,44.54,76.43,2.46,SUPP_036,23,142,18
SKU_02450,Brand_EB Home Decor Item 2450,Home & Kitchen,Home Decor,Brand_EB,54.06,99.1,0.18,SUPP_027,14,40,6
SKU_02451,Brand_EB Skincare Item 2451,Health & Beauty,Skincare,Brand_EB,38.37,119.85,2.36,SUPP_046,6,9,2
SKU_02452,Brand_BC Cookware Item 2452,Home & Kitchen,Cookware,Brand_BC,82.01,181.06,1.27,SUPP_019,19,79,11
SKU_02453,Brand_GA Snacks Item 2453,Groceries & Essentials,Snacks,Brand_GA,12.13,16.35,0.38,SUPP_043,6,16,4
SKU_02454,Brand_FE Cosmetics Item 2454,Health & Beauty,Cosmetics,Brand_FE,34.81,114.66,0.92,SUPP_027,19,95,13
SKU_02455,Brand_BA Computers Item 2455,Electronics,Computers,Brand_BA,170.65,235.68,3.18,SUPP_026,22,213,27
SKU_02456,Brand_IC Household Supplies Item 2456,Groceries & Essentials,Household Supplies,Brand_IC,31.23,44.66,5.0,SUPP_025,14,26,4
SKU_02457,Brand_AD Beverages Item 2457,Groceries & Essentials,Beverages,Brand_AD,6.99,9.94,0.77,SUPP_044,12,108,18
SKU_02458,Brand_EC Team Sports Item 2458,Sports & Outdoors,Team Sports,Brand_EC,191.16,306.63,2.82,SUPP_039,25,295,35
SKU_02459,Brand_FB Bedding Item 2459,Home & Kitchen,Bedding,Brand_FB,98.2,213.57,1.73,SUPP_007,21,28,4
SKU_02460,Brand_BD Team Sports Item 2460,Sports & Outdoors,Team Sports,Brand_BD,96.31,151.41,1.03,SUPP_024,15,41,6
SKU_02461,Brand_EC Oral Care Item 2461,Health & Beauty,Oral Care,Brand_EC,12.03,23.2,0.87,SUPP_033,19,60,8
SKU_02462,Brand_DE Cookware Item 2462,Home & Kitchen,Cookware,Brand_DE,8.86,17.74,1.7,SUPP_017,22,37,5
SKU_02463,Brand_JA Camping Item 2463,Sports & Outdoors,Camping,Brand_JA,85.45,165.68,1.33,SUPP_016,25,54,7
SKU_02464,Brand_BA Sportswear Item 2464,Apparel,Sportswear,Brand_BA,49.7,112.67,1.97,SUPP_027,24,96,12
SKU_02465,Brand_FE Footwear Item 2465,Apparel,Footwear,Brand_FE,18.27,51.47,0.78,SUPP_022,24,168,20
SKU_02466,Brand_CC Team Sports Item 2466,Sports & Outdoors,Team Sports,Brand_CC,132.85,209.49,2.84,SUPP_017,14,36,6
SKU_02467,Brand_BB Snacks Item 2467,Groceries & Essentials,Snacks,Brand_BB,24.97,33.76,0.66,SUPP_007,4,59,15
SKU_02468,Brand_CD Computers Item 2468,Electronics,Computers,Brand_CD,184.13,332.06,2.39,SUPP_021,11,15,3
SKU_02469,Brand_GB Camping Item 2469,Sports & Outdoors,Camping,Brand_GB,138.02,204.69,0.83,SUPP_024,11,47,8
SKU_02470,Brand_GA Accessories Item 2470,Apparel,Accessories,Brand_GA,13.05,24.7,0.24,SUPP_009,18,81,11
SKU_02471,Brand_HD Cookware Item 2471,Home & Kitchen,Cookware,Brand_HD,69.13,132.37,1.39,SUPP_038,23,86,11
SKU_02472,Brand_CE Computers Item 2472,Electronics,Computers,Brand_CE,171.4,247.39,0.46,SUPP_034,11,15,3
SKU_02473,Brand_DB Computers Item 2473,Electronics,Computers,Brand_DB,245.11,348.16,0.62,SUPP_021,15,149,22
SKU_02474,Brand_BB Women's Wear Item 2474,Apparel,Women's Wear,Brand_BB,66.64,129.37,0.82,SUPP_009,10,14,3
SKU_02475,Brand_FB Small Appliances Item 2475,Home & Kitchen,Small Appliances,Brand_FB,28.76,46.3,1.04,SUPP_028,25,119,14
SKU_02476,Brand_IA Snacks Item 2476,Groceries & Essentials,Snacks,Brand_IA,28.23,34.43,2.51,SUPP_037,8,11,2
SKU_02477,Brand_DC Cosmetics Item 2477,Health & Beauty,Cosmetics,Brand_DC,3.71,11.87,1.92,SUPP_001,21,58,8
SKU_02478,Brand_BC Skincare Item 2478,Health & Beauty,Skincare,Brand_BC,33.9,98.2,1.38,SUPP_025,18,110,15
SKU_02479,Brand_CB Bedding Item 2479,Home & Kitchen,Bedding,Brand_CB,88.24,146.15,1.67,SUPP_027,27,130,15
SKU_02480,Brand_BC Cookware Item 2480,Home & Kitchen,Cookware,Brand_BC,64.92,136.2,0.56,SUPP_003,20,61,8
SKU_02481,Brand_AD Accessories Item 2481,Apparel,Accessories,Brand_AD,60.54,162.68,4.26,SUPP_002,30,133,15
SKU_02482,Brand_AC Outdoor Recreation Item 2482,Sports & Outdoors,Outdoor Recreation,Brand_AC,33.22,60.91,3.0,SUPP_005,28,33,4
SKU_02483,Brand_AD Snacks Item 2483,Groceries & Essentials,Snacks,Brand_AD,14.33,22.02,4.57,SUPP_042,13,26,4
SKU_02484,Brand_BB Men's Wear Item 2484,Apparel,Men's Wear,Brand_BB,49.74,131.3,1.18,SUPP_005,17,28,4
SKU_02485,Brand_JB Sportswear Item 2485,Apparel,Sportswear,Brand_JB,55.31,146.85,1.12,SUPP_007,11,28,5
SKU_02486,Brand_AC Beverages Item 2486,Groceries & Essentials,Beverages,Brand_AC,21.24,26.5,0.22,SUPP_010,7,64,13
SKU_02487,Brand_DA Accessories Item 2487,Electronics,Accessories,Brand_DA,213.11,351.23,1.52,SUPP_040,10,83,15
SKU_02488,Brand_CC Small Appliances Item 2488,Home & Kitchen,Small Appliances,Brand_CC,49.17,93.55,5.19,SUPP_026,17,22,3
SKU_02489,Brand_HB Household Supplies Item 2489,Groceries & Essentials,Household Supplies,Brand_HB,7.54,8.97,0.62,SUPP_025,13,28,5
SKU_02490,Brand_JE Household Supplies Item 2490,Groceries & Essentials,Household Supplies,Brand_JE,6.82,8.4,0.35,SUPP_032,7,13,3
SKU_02491,Brand_DA Packaged Foods Item 2491,Groceries & Essentials,Packaged Foods,Brand_DA,30.37,44.21,0.67,SUPP_018,7,14,3
SKU_02492,Brand_FD Women's Wear Item 2492,Apparel,Women's Wear,Brand_FD,68.32,122.3,0.96,SUPP_030,21,51,7
SKU_02493,Brand_DC Men's Wear Item 2493,Apparel,Men's Wear,Brand_DC,30.15,71.37,0.67,SUPP_046,11,39,7
SKU_02494,Brand_FE Sportswear Item 2494,Apparel,Sportswear,Brand_FE,28.98,48.42,1.59,SUPP_031,30,35,4
SKU_02495,Brand_GE Accessories Item 2495,Apparel,Accessories,Brand_GE,63.14,127.14,0.77,SUPP_041,29,151,17
SKU_02496,Brand_JD Packaged Foods Item 2496,Groceries & Essentials,Packaged Foods,Brand_JD,29.14,36.1,0.73,SUPP_027,5,9,2
SKU_02497,Brand_HB Smart Home Item 2497,Electronics,Smart Home,Brand_HB,265.62,417.87,0.27,SUPP_010,17,1388,192
SKU_02498,Brand_DC Women's Wear Item 2498,Apparel,Women's Wear,Brand_DC,35.46,84.17,0.31,SUPP_012,16,144,21
SKU_02499,Brand_CB Household Supplies Item 2499,Groceries & Essentials,Household Supplies,Brand_CB,19.99,30.55,4.65,SUPP_035,4,11,3
SKU_02500,Brand_JC Accessories Item 2500,Electronics,Accessories,Brand_JC,155.98,223.55,0.32,SUPP_005,8,44,9
SKU_02501,Brand_AE Computers Item 2501,Electronics,Computers,Brand_AE,255.77,440.41,1.01,SUPP_018,20,39,5
SKU_02502,Brand_IA Women's Wear Item 2502,Apparel,Women's Wear,Brand_IA,91.79,156.22,0.24,SUPP_012,23,71,9
SKU_02503,Brand_GA Smart Home Item 2503,Electronics,Smart Home,Brand_GA,223.88,326.27,0.71,SUPP_024,18,35,5
SKU_02504,Brand_FB Oral Care Item 2504,Health & Beauty,Oral Care,Brand_FB,18.03,59.98,0.95,SUPP_041,6,12,3
SKU_02505,Brand_IE Personal Care Item 2505,Groceries & Essentials,Personal Care,Brand_IE,20.98,32.26,0.77,SUPP_008,13,32,5
SKU_02506,Brand_AC Storage & Org Item 2506,Home & Kitchen,Storage & Org,Brand_AC,67.56,146.67,0.63,SUPP_029,14,24,4
SKU_02507,Brand_AE Personal Care Item 2507,Groceries & Essentials,Personal Care,Brand_AE,9.8,11.99,1.02,SUPP_042,8,18,4
SKU_02508,Brand_JB Cosmetics Item 2508,Health & Beauty,Cosmetics,Brand_JB,10.29,26.97,1.84,SUPP_043,11,47,8
SKU_02509,Brand_FB Camping Item 2509,Sports & Outdoors,Camping,Brand_FB,88.12,151.34,0.42,SUPP_012,11,29,5
SKU_02510,Brand_CD Women's Wear Item 2510,Apparel,Women's Wear,Brand_CD,11.19,29.39,0.8,SUPP_013,26,253,29
SKU_02511,Brand_HE Personal Care Item 2511,Groceries & Essentials,Personal Care,Brand_HE,6.89,8.71,1.09,SUPP_034,5,186,43
SKU_02512,Brand_BE Packaged Foods Item 2512,Groceries & Essentials,Packaged Foods,Brand_BE,14.75,22.5,0.22,SUPP_008,9,58,11
SKU_02513,Brand_BA Beverages Item 2513,Groceries & Essentials,Beverages,Brand_BA,9.37,12.73,0.11,SUPP_008,4,39,10
SKU_02514,Brand_HC Small Appliances Item 2514,Home & Kitchen,Small Appliances,Brand_HC,33.13,58.7,1.89,SUPP_015,28,58,7
SKU_02515,Brand_JC Sportswear Item 2515,Apparel,Sportswear,Brand_JC,65.39,152.37,1.09,SUPP_033,15,47,7
SKU_02516,Brand_GE Packaged Foods Item 2516,Groceries & Essentials,Packaged Foods,Brand_GE,19.09,29.2,4.44,SUPP_031,3,6,2
SKU_02517,Brand_CB Beverages Item 2517,Groceries & Essentials,Beverages,Brand_CB,25.33,31.7,1.48,SUPP_027,10,31,6
SKU_02518,Brand_HC Sportswear Item 2518,Apparel,Sportswear,Brand_HC,43.23,77.96,1.48,SUPP_005,29,106,12
SKU_02519,Brand_IC Personal Care Item 2519,Groceries & Essentials,Personal Care,Brand_IC,18.96,22.32,0.87,SUPP_012,6,9,2
SKU_02520,Brand_JE Haircare Item 2520,Health & Beauty,Haircare,Brand_JE,16.08,37.69,0.96,SUPP_032,19,42,6
SKU_02521,Brand_GB Camping Item 2521,Sports & Outdoors,Camping,Brand_GB,92.07,170.33,2.07,SUPP_014,18,49,7
SKU_02522,Brand_HB Footwear Item 2522,Apparel,Footwear,Brand_HB,54.14,128.24,0.81,SUPP_017,22,52,7
SKU_02523,Brand_GA Household Supplies Item 2523,Groceries & Essentials,Household Supplies,Brand_GA,6.26,7.56,0.23,SUPP_008,11,16,3
SKU_02524,Brand_AB Fitness Gear Item 2524,Sports & Outdoors,Fitness Gear,Brand_AB,26.64,45.7,1.42,SUPP_048,26,46,6
SKU_02525,Brand_EA Packaged Foods Item 2525,Groceries & Essentials,Packaged Foods,Brand_EA,21.54,32.88,3.51,SUPP_021,13,31,5
SKU_02526,Brand_AB Snacks Item 2526,Groceries & Essentials,Snacks,Brand_AB,32.38,41.22,0.93,SUPP_039,11,57,10
SKU_02527,Brand_JB Snacks Item 2527,Groceries & Essentials,Snacks,Brand_JB,11.83,16.3,0.25,SUPP_011,5,20,5
SKU_02528,Brand_DA Beverages Item 2528,Groceries & Essentials,Beverages,Brand_DA,29.45,40.47,0.28,SUPP_008,12,21,4
SKU_02529,Brand_DD Snacks Item 2529,Groceries & Essentials,Snacks,Brand_DD,27.04,34.19,1.56,SUPP_003,7,18,4
SKU_02530,Brand_GC Fitness Gear Item 2530,Sports & Outdoors,Fitness Gear,Brand_GC,139.88,215.04,2.31,SUPP_017,18,22,3
SKU_02531,Brand_AE Personal Care Item 2531,Groceries & Essentials,Personal Care,Brand_AE,30.05,44.82,0.62,SUPP_024,12,56,9
SKU_02532,Brand_BA Accessories Item 2532,Electronics,Accessories,Brand_BA,237.65,365.43,0.86,SUPP_006,7,35,7
SKU_02533,Brand_AB Footwear Item 2533,Apparel,Footwear,Brand_AB,72.55,168.58,2.73,SUPP_030,18,91,13
SKU_02534,Brand_HB Vitamins & Supplements Item 2534,Health & Beauty,Vitamins & Supplements,Brand_HB,10.26,24.29,0.84,SUPP_014,11,107,18
SKU_02535,Brand_IE Outdoor Recreation Item 2535,Sports & Outdoors,Outdoor Recreation,Brand_IE,182.16,278.13,0.47,SUPP_033,27,70,8
SKU_02536,Brand_BA Team Sports Item 2536,Sports & Outdoors,Team Sports,Brand_BA,95.45,146.44,0.2,SUPP_045,16,28,4
SKU_02537,Brand_CA Audio Item 2537,Electronics,Audio,Brand_CA,213.28,381.5,1.99,SUPP_005,17,214,30
SKU_02538,Brand_AE Accessories Item 2538,Apparel,Accessories,Brand_AE,74.33,130.12,0.23,SUPP_042,20,78,10
SKU_02539,Brand_EE Small Appliances Item 2539,Home & Kitchen,Small Appliances,Brand_EE,68.25,114.16,0.38,SUPP_048,8,42,8
SKU_02540,Brand_CA Household Supplies Item 2540,Groceries & Essentials,Household Supplies,Brand_CA,5.63,6.88,1.14,SUPP_041,8,33,7
SKU_02541,Brand_DC Beverages Item 2541,Groceries & Essentials,Beverages,Brand_DC,9.36,13.97,0.17,SUPP_031,13,62,10
SKU_02542,Brand_ID Audio Item 2542,Electronics,Audio,Brand_ID,82.83,132.68,3.84,SUPP_039,9,17,3
SKU_02543,Brand_BB Accessories Item 2543,Electronics,Accessories,Brand_BB,203.25,364.65,0.86,SUPP_009,22,105,13
SKU_02544,Brand_HE Vitamins & Supplements Item 2544,Health & Beauty,Vitamins & Supplements,Brand_HE,8.01,16.52,0.23,SUPP_027,21,30,4
SKU_02545,Brand_GD Packaged Foods Item 2545,Groceries & Essentials,Packaged Foods,Brand_GD,7.2,9.93,0.83,SUPP_004,13,70,11
SKU_02546,Brand_AD Wearables Item 2546,Electronics,Wearables,Brand_AD,229.78,410.34,0.57,SUPP_016,21,198,25
SKU_02547,Brand_FA Smart Home Item 2547,Electronics,Smart Home,Brand_FA,74.35,122.53,2.61,SUPP_006,20,64,9
SKU_02548,Brand_DE Packaged Foods Item 2548,Groceries & Essentials,Packaged Foods,Brand_DE,30.21,44.07,0.96,SUPP_006,6,17,4
SKU_02549,Brand_HD Home Decor Item 2549,Home & Kitchen,Home Decor,Brand_HD,66.15,121.24,4.68,SUPP_021,7,13,3
SKU_02550,Brand_GC Packaged Foods Item 2550,Groceries & Essentials,Packaged Foods,Brand_GC,23.85,35.35,0.9,SUPP_049,8,15,3
SKU_02551,Brand_EA Home Decor Item 2551,Home & Kitchen,Home Decor,Brand_EA,15.43,30.72,0.58,SUPP_010,11,130,22
SKU_02552,Brand_JE Sportswear Item 2552,Apparel,Sportswear,Brand_JE,39.96,104.4,2.26,SUPP_003,28,327,37
SKU_02553,Brand_ID Oral Care Item 2553,Health & Beauty,Oral Care,Brand_ID,18.47,56.4,1.05,SUPP_004,19,42,6
SKU_02554,Brand_CD Men's Wear Item 2554,Apparel,Men's Wear,Brand_CD,84.6,171.3,0.73,SUPP_036,26,168,20
SKU_02555,Brand_GC Footwear Item 2555,Apparel,Footwear,Brand_GC,7.32,13.07,5.87,SUPP_021,23,62,8
SKU_02556,Brand_AD Accessories Item 2556,Electronics,Accessories,Brand_AD,102.35,165.79,1.09,SUPP_045,23,93,12
SKU_02557,Brand_GC Household Supplies Item 2557,Groceries & Essentials,Household Supplies,Brand_GC,23.62,30.61,0.21,SUPP_010,10,67,12
SKU_02558,Brand_JB Vitamins & Supplements Item 2558,Health & Beauty,Vitamins & Supplements,Brand_JB,36.37,74.29,0.7,SUPP_006,18,148,20
SKU_02559,Brand_IA Sportswear Item 2559,Apparel,Sportswear,Brand_IA,20.14,37.19,1.74,SUPP_008,15,78,12
SKU_02560,Brand_IA Footwear Item 2560,Apparel,Footwear,Brand_IA,71.85,131.62,1.5,SUPP_002,23,30,4
SKU_02561,Brand_EB Women's Wear Item 2561,Apparel,Women's Wear,Brand_EB,37.63,97.08,0.64,SUPP_046,17,29,4
SKU_02562,Brand_BB Personal Care Item 2562,Groceries & Essentials,Personal Care,Brand_BB,23.51,33.96,7.98,SUPP_021,3,20,6
SKU_02563,Brand_BD Camping Item 2563,Sports & Outdoors,Camping,Brand_BD,181.65,320.82,0.96,SUPP_005,28,38,5
SKU_02564,Brand_DC Sportswear Item 2564,Apparel,Sportswear,Brand_DC,44.09,83.71,1.63,SUPP_014,10,16,3
SKU_02565,Brand_AB Packaged Foods Item 2565,Groceries & Essentials,Packaged Foods,Brand_AB,4.33,5.48,1.87,SUPP_032,12,21,4
SKU_02566,Brand_CC Household Supplies Item 2566,Groceries & Essentials,Household Supplies,Brand_CC,24.03,32.1,0.51,SUPP_025,9,21,4
SKU_02567,Brand_CD Snacks Item 2567,Groceries & Essentials,Snacks,Brand_CD,4.01,5.35,1.14,SUPP_029,6,92,20
SKU_02568,Brand_FC Cycling Item 2568,Sports & Outdoors,Cycling,Brand_FC,132.48,226.62,0.92,SUPP_028,10,148,26
SKU_02569,Brand_GE Haircare Item 2569,Health & Beauty,Haircare,Brand_GE,19.67,41.16,1.58,SUPP_023,6,61,13
SKU_02570,Brand_EE Home Decor Item 2570,Home & Kitchen,Home Decor,Brand_EE,55.62,120.02,2.76,SUPP_030,17,89,13
SKU_02571,Brand_CE Cycling Item 2571,Sports & Outdoors,Cycling,Brand_CE,140.39,275.14,1.14,SUPP_035,18,272,37
SKU_02572,Brand_CE Team Sports Item 2572,Sports & Outdoors,Team Sports,Brand_CE,43.32,77.22,0.21,SUPP_036,17,76,11
SKU_02573,Brand_BE Men's Wear Item 2573,Apparel,Men's Wear,Brand_BE,37.47,64.14,0.22,SUPP_037,13,23,4
SKU_02574,Brand_BC Small Appliances Item 2574,Home & Kitchen,Small Appliances,Brand_BC,110.95,213.93,2.9,SUPP_017,20,75,10
SKU_02575,Brand_GC Outdoor Recreation Item 2575,Sports & Outdoors,Outdoor Recreation,Brand_GC,212.95,311.14,0.19,SUPP_019,30,582,63
SKU_02576,Brand_CA Cosmetics Item 2576,Health & Beauty,Cosmetics,Brand_CA,18.06,48.01,1.97,SUPP_011,20,77,10
SKU_02577,Brand_IE Camping Item 2577,Sports & Outdoors,Camping,Brand_IE,87.38,146.89,1.31,SUPP_047,22,143,18
SKU_02578,Brand_EC Snacks Item 2578,Groceries & Essentials,Snacks,Brand_EC,4.68,5.56,0.34,SUPP_022,4,18,5
SKU_02579,Brand_BC Snacks Item 2579,Groceries & Essentials,Snacks,Brand_BC,30.38,40.99,0.96,SUPP_031,7,82,17
SKU_02580,Brand_GB Outdoor Recreation Item 2580,Sports & Outdoors,Outdoor Recreation,Brand_GB,70.4,118.58,0.33,SUPP_026,30,37,4
SKU_02581,Brand_FC Audio Item 2581,Electronics,Audio,Brand_FC,205.65,304.39,2.56,SUPP_047,24,45,6
SKU_02582,Brand_DD Camping Item 2582,Sports & Outdoors,Camping,Brand_DD,100.1,192.6,1.62,SUPP_048,12,68,11
SKU_02583,Brand_DD Sportswear Item 2583,Apparel,Sportswear,Brand_DD,65.48,113.39,0.66,SUPP_023,28,61,7
SKU_02584,Brand_JE Vitamins & Supplements Item 2584,Health & Beauty,Vitamins & Supplements,Brand_JE,28.7,72.42,0.29,SUPP_023,12,102,17
SKU_02585,Brand_ID Personal Care Item 2585,Groceries & Essentials,Personal Care,Brand_ID,10.19,12.19,1.25,SUPP_024,14,36,6
SKU_02586,Brand_EC Men's Wear Item 2586,Apparel,Men's Wear,Brand_EC,74.77,141.19,0.12,SUPP_010,20,176,23
SKU_02587,Brand_JB Personal Care Item 2587,Groceries & Essentials,Personal Care,Brand_JB,10.11,14.62,4.26,SUPP_012,10,27,5
SKU_02588,Brand_HC Computers Item 2588,Electronics,Computers,Brand_HC,106.93,183.33,0.82,SUPP_021,10,83,15
SKU_02589,Brand_HC Household Supplies Item 2589,Groceries & Essentials,Household Supplies,Brand_HC,20.12,26.88,2.84,SUPP_012,12,47,8
SKU_02590,Brand_FD Outdoor Recreation Item 2590,Sports & Outdoors,Outdoor Recreation,Brand_FD,81.12,133.61,0.7,SUPP_046,13,77,12
SKU_02591,Brand_IB Small Appliances Item 2591,Home & Kitchen,Small Appliances,Brand_IB,21.11,44.08,0.27,SUPP_010,27,199,23
SKU_02592,Brand_AE Computers Item 2592,Electronics,Computers,Brand_AE,218.62,365.78,2.11,SUPP_049,15,23,4
SKU_02593,Brand_FC Cosmetics Item 2593,Health & Beauty,Cosmetics,Brand_FC,41.53,98.79,3.74,SUPP_021,9,103,19
SKU_02594,Brand_JA Personal Care Item 2594,Groceries & Essentials,Personal Care,Brand_JA,2.62,3.51,6.76,SUPP_031,6,9,2
SKU_02595,Brand_JB Household Supplies Item 2595,Groceries & Essentials,Household Supplies,Brand_JB,33.91,44.59,3.83,SUPP_040,6,15,3
SKU_02596,Brand_AC Sportswear Item 2596,Apparel,Sportswear,Brand_AC,5.1,12.61,1.9,SUPP_015,10,276,48
SKU_02597,Brand_DA Personal Care Item 2597,Groceries & Essentials,Personal Care,Brand_DA,18.15,22.36,1.2,SUPP_038,6,38,8
SKU_02598,Brand_GA Household Supplies Item 2598,Groceries & Essentials,Household Supplies,Brand_GA,28.25,40.18,1.75,SUPP_031,13,17,3
SKU_02599,Brand_FB Footwear Item 2599,Apparel,Footwear,Brand_FB,37.41,104.6,6.06,SUPP_044,29,77,9
SKU_02600,Brand_EE Accessories Item 2600,Electronics,Accessories,Brand_EE,35.92,64.06,1.23,SUPP_047,16,116,17
SKU_02601,Brand_JA Audio Item 2601,Electronics,Audio,Brand_JA,242.77,419.53,1.03,SUPP_045,10,28,5
SKU_02602,Brand_HB Footwear Item 2602,Apparel,Footwear,Brand_HB,81.25,143.31,2.94,SUPP_002,23,45,6
SKU_02603,Brand_BA Footwear Item 2603,Apparel,Footwear,Brand_BA,32.97,81.92,0.97,SUPP_003,27,73,9
SKU_02604,Brand_BA Personal Care Item 2604,Groceries & Essentials,Personal Care,Brand_BA,17.89,22.46,4.53,SUPP_017,13,28,5
SKU_02605,Brand_BE Men's Wear Item 2605,Apparel,Men's Wear,Brand_BE,76.02,166.62,3.89,SUPP_039,30,104,12
SKU_02606,Brand_BC Home Decor Item 2606,Home & Kitchen,Home Decor,Brand_BC,139.38,216.88,0.96,SUPP_014,21,54,7
SKU_02607,Brand_CB Oral Care Item 2607,Health & Beauty,Oral Care,Brand_CB,46.06,92.64,4.68,SUPP_029,12,33,6
SKU_02608,Brand_DA Household Supplies Item 2608,Groceries & Essentials,Household Supplies,Brand_DA,24.93,32.52,0.48,SUPP_041,14,27,4
SKU_02609,Brand_CA Storage & Org Item 2609,Home & Kitchen,Storage & Org,Brand_CA,92.33,200.55,3.43,SUPP_040,27,70,8
SKU_02610,Brand_ID Snacks Item 2610,Groceries & Essentials,Snacks,Brand_ID,26.01,35.17,0.9,SUPP_042,3,6,2
SKU_02611,Brand_GA Wearables Item 2611,Electronics,Wearables,Brand_GA,126.43,192.65,2.9,SUPP_037,10,77,14
SKU_02612,Brand_EC Wearables Item 2612,Electronics,Wearables,Brand_EC,110.35,155.64,2.33,SUPP_045,24,42,5
SKU_02613,Brand_CA Home Decor Item 2613,Home & Kitchen,Home Decor,Brand_CA,110.56,231.25,5.3,SUPP_018,21,40,5
SKU_02614,Brand_BE Skincare Item 2614,Health & Beauty,Skincare,Brand_BE,27.31,58.16,3.3,SUPP_025,10,34,6
SKU_02615,Brand_DE Computers Item 2615,Electronics,Computers,Brand_DE,247.62,333.66,1.49,SUPP_008,11,18,3
SKU_02616,Brand_FC Men's Wear Item 2616,Apparel,Men's Wear,Brand_FC,10.17,20.74,2.56,SUPP_024,20,76,10
SKU_02617,Brand_BC Women's Wear Item 2617,Apparel,Women's Wear,Brand_BC,70.3,144.29,0.29,SUPP_005,25,180,21
SKU_02618,Brand_CD Sportswear Item 2618,Apparel,Sportswear,Brand_CD,58.94,160.07,2.99,SUPP_012,11,16,3
SKU_02619,Brand_BD Packaged Foods Item 2619,Groceries & Essentials,Packaged Foods,Brand_BD,16.65,19.71,1.49,SUPP_007,14,67,10
SKU_02620,Brand_GB Fitness Gear Item 2620,Sports & Outdoors,Fitness Gear,Brand_GB,109.3,177.8,1.97,SUPP_034,27,111,13
SKU_02621,Brand_IA Cosmetics Item 2621,Health & Beauty,Cosmetics,Brand_IA,28.28,65.43,0.65,SUPP_037,20,108,14
SKU_02622,Brand_IC Cosmetics Item 2622,Health & Beauty,Cosmetics,Brand_IC,13.97,39.08,0.31,SUPP_019,11,78,13
SKU_02623,Brand_BC Audio Item 2623,Electronics,Audio,Brand_BC,101.85,140.57,0.63,SUPP_030,24,115,14
SKU_02624,Brand_HC Computers Item 2624,Electronics,Computers,Brand_HC,31.33,45.85,0.13,SUPP_011,11,47,8
SKU_02625,Brand_DB Audio Item 2625,Electronics,Audio,Brand_DB,161.55,271.63,2.43,SUPP_040,25,30,4
SKU_02626,Brand_IB Cookware Item 2626,Home & Kitchen,Cookware,Brand_IB,11.17,20.77,0.89,SUPP_007,13,23,4
SKU_02627,Brand_CD Cookware Item 2627,Home & Kitchen,Cookware,Brand_CD,26.07,41.91,0.17,SUPP_010,26,94,11
SKU_02628,Brand_EC Sportswear Item 2628,Apparel,Sportswear,Brand_EC,35.19,69.06,0.67,SUPP_044,10,15,3
SKU_02629,Brand_CB Packaged Foods Item 2629,Groceries & Essentials,Packaged Foods,Brand_CB,30.98,42.55,2.39,SUPP_029,8,24,5
SKU_02630,Brand_CD Household Supplies Item 2630,Groceries & Essentials,Household Supplies,Brand_CD,24.5,31.84,1.18,SUPP_029,13,122,19
SKU_02631,Brand_IE Men's Wear Item 2631,Apparel,Men's Wear,Brand_IE,38.63,93.2,0.42,SUPP_033,28,81,9
SKU_02632,Brand_JC Small Appliances Item 2632,Home & Kitchen,Small Appliances,Brand_JC,81.32,174.31,0.89,SUPP_029,22,416,52
SKU_02633,Brand_EA Skincare Item 2633,Health & Beauty,Skincare,Brand_EA,42.43,111.25,0.43,SUPP_016,20,38,5
SKU_02634,Brand_HB Accessories Item 2634,Apparel,Accessories,Brand_HB,35.92,96.11,1.6,SUPP_006,26,52,6
SKU_02635,Brand_HB Personal Care Item 2635,Groceries & Essentials,Personal Care,Brand_HB,19.43,28.3,0.25,SUPP_030,12,47,8
SKU_02636,Brand_IE Bedding Item 2636,Home & Kitchen,Bedding,Brand_IE,16.76,29.19,3.79,SUPP_013,18,247,34
SKU_02637,Brand_DD Oral Care Item 2637,Health & Beauty,Oral Care,Brand_DD,22.85,63.38,0.61,SUPP_011,16,34,5
SKU_02638,Brand_CC Personal Care Item 2638,Groceries & Essentials,Personal Care,Brand_CC,3.34,4.96,0.25,SUPP_027,10,19,4
SKU_02639,Brand_HD Oral Care Item 2639,Health & Beauty,Oral Care,Brand_HD,16.03,43.62,1.21,SUPP_015,20,83,11
SKU_02640,Brand_GD Sportswear Item 2640,Apparel,Sportswear,Brand_GD,53.1,89.23,0.38,SUPP_009,27,50,6
SKU_02641,Brand_IA Audio Item 2641,Electronics,Audio,Brand_IA,49.45,68.47,0.41,SUPP_028,11,238,40
SKU_02642,Brand_AD Household Supplies Item 2642,Groceries & Essentials,Household Supplies,Brand_AD,26.77,37.15,0.38,SUPP_028,13,103,16
SKU_02643,Brand_GC Accessories Item 2643,Electronics,Accessories,Brand_GC,129.73,185.06,0.52,SUPP_017,14,36,6
SKU_02644,Brand_GA Snacks Item 2644,Groceries & Essentials,Snacks,Brand_GA,22.43,30.57,2.92,SUPP_011,8,62,12
SKU_02645,Brand_FC Beverages Item 2645,Groceries & Essentials,Beverages,Brand_FC,32.21,44.45,3.55,SUPP_038,6,23,5
SKU_02646,Brand_AC Skincare Item 2646,Health & Beauty,Skincare,Brand_AC,16.18,45.96,0.23,SUPP_032,18,430,58
SKU_02647,Brand_HC Storage & Org Item 2647,Home & Kitchen,Storage & Org,Brand_HC,60.14,112.53,0.63,SUPP_041,13,42,7
SKU_02648,Brand_HD Smart Home Item 2648,Electronics,Smart Home,Brand_HD,9.77,15.59,9.0,SUPP_023,25,99,12
SKU_02649,Brand_EB Wearables Item 2649,Electronics,Wearables,Brand_EB,64.1,115.91,1.15,SUPP_022,19,65,9
SKU_02650,Brand_GB Footwear Item 2650,Apparel,Footwear,Brand_GB,31.85,68.26,1.0,SUPP_022,22,45,6
SKU_02651,Brand_IE Accessories Item 2651,Apparel,Accessories,Brand_IE,46.4,121.93,3.57,SUPP_024,23,38,5
SKU_02652,Brand_CC Beverages Item 2652,Groceries & Essentials,Beverages,Brand_CC,2.49,3.36,3.66,SUPP_032,7,24,5
SKU_02653,Brand_JB Audio Item 2653,Electronics,Audio,Brand_JB,182.31,270.26,0.24,SUPP_036,16,89,13
SKU_02654,Brand_GA Accessories Item 2654,Apparel,Accessories,Brand_GA,49.47,102.87,1.67,SUPP_033,25,32,4
SKU_02655,Brand_DA Snacks Item 2655,Groceries & Essentials,Snacks,Brand_DA,21.15,24.93,0.3,SUPP_008,14,184,28
SKU_02656,Brand_JA Haircare Item 2656,Health & Beauty,Haircare,Brand_JA,43.68,84.53,1.15,SUPP_037,16,95,14
SKU_02657,Brand_HD Computers Item 2657,Electronics,Computers,Brand_HD,56.39,89.21,0.39,SUPP_036,10,32,6
SKU_02658,Brand_HB Smart Home Item 2658,Electronics,Smart Home,Brand_HB,128.58,177.84,1.94,SUPP_034,12,41,7
SKU_02659,Brand_JD Wearables Item 2659,Electronics,Wearables,Brand_JD,130.84,222.88,1.0,SUPP_018,10,14,3
SKU_02660,Brand_HB Women's Wear Item 2660,Apparel,Women's Wear,Brand_HB,48.51,92.48,1.05,SUPP_004,25,49,6
SKU_02661,Brand_AA Wearables Item 2661,Electronics,Wearables,Brand_AA,148.69,237.44,0.64,SUPP_022,24,146,18
SKU_02662,Brand_GB Footwear Item 2662,Apparel,Footwear,Brand_GB,8.09,18.07,0.73,SUPP_017,11,21,4
SKU_02663,Brand_EA Household Supplies Item 2663,Groceries & Essentials,Household Supplies,Brand_EA,23.02,27.33,3.25,SUPP_034,11,49,8
SKU_02664,Brand_HA Household Supplies Item 2664,Groceries & Essentials,Household Supplies,Brand_HA,6.78,8.26,2.25,SUPP_012,6,13,3
SKU_02665,Brand_CC Packaged Foods Item 2665,Groceries & Essentials,Packaged Foods,Brand_CC,32.15,41.54,1.19,SUPP_050,11,30,5
SKU_02666,Brand_JE Cycling Item 2666,Sports & Outdoors,Cycling,Brand_JE,80.64,158.7,0.39,SUPP_044,24,217,26
SKU_02667,Brand_FB Men's Wear Item 2667,Apparel,Men's Wear,Brand_FB,56.4,122.84,0.21,SUPP_049,30,44,5
SKU_02668,Brand_AD Oral Care Item 2668,Health & Beauty,Oral Care,Brand_AD,15.16,40.16,0.93,SUPP_037,20,53,7
SKU_02669,Brand_GB Skincare Item 2669,Health & Beauty,Skincare,Brand_GB,2.52,7.69,0.8,SUPP_021,16,20,3
SKU_02670,Brand_HA Wearables Item 2670,Electronics,Wearables,Brand_HA,85.4,121.8,2.62,SUPP_007,12,85,14
SKU_02671,Brand_EE Oral Care Item 2671,Health & Beauty,Oral Care,Brand_EE,29.16,87.08,4.21,SUPP_031,11,51,9
SKU_02672,Brand_IC Footwear Item 2672,Apparel,Footwear,Brand_IC,80.9,135.78,1.13,SUPP_037,25,80,10
SKU_02673,Brand_DE Footwear Item 2673,Apparel,Footwear,Brand_DE,44.02,76.67,1.03,SUPP_018,13,17,3
SKU_02674,Brand_BB Sportswear Item 2674,Apparel,Sportswear,Brand_BB,10.84,18.44,0.6,SUPP_033,14,63,10
SKU_02675,Brand_DA Beverages Item 2675,Groceries & Essentials,Beverages,Brand_DA,30.9,37.76,0.14,SUPP_046,9,39,7
SKU_02676,Brand_AC Oral Care Item 2676,Health & Beauty,Oral Care,Brand_AC,43.3,89.83,7.54,SUPP_006,10,415,72
SKU_02677,Brand_AA Packaged Foods Item 2677,Groceries & Essentials,Packaged Foods,Brand_AA,30.75,44.5,1.59,SUPP_010,10,21,4
SKU_02678,Brand_GC Cookware Item 2678,Home & Kitchen,Cookware,Brand_GC,43.17,90.11,0.34,SUPP_022,21,64,8
SKU_02679,Brand_JA Outdoor Recreation Item 2679,Sports & Outdoors,Outdoor Recreation,Brand_JA,91.11,167.41,0.35,SUPP_042,28,128,15
SKU_02680,Brand_GB Women's Wear Item 2680,Apparel,Women's Wear,Brand_GB,46.58,82.49,2.03,SUPP_046,19,94,13
SKU_02681,Brand_FC Beverages Item 2681,Groceries & Essentials,Beverages,Brand_FC,23.49,35.2,0.22,SUPP_041,8,45,9
SKU_02682,Brand_JD Household Supplies Item 2682,Groceries & Essentials,Household Supplies,Brand_JD,27.12,32.16,2.26,SUPP_042,6,17,4
SKU_02683,Brand_DB Accessories Item 2683,Electronics,Accessories,Brand_DB,157.71,272.51,0.81,SUPP_011,16,48,7
SKU_02684,Brand_AE Bedding Item 2684,Home & Kitchen,Bedding,Brand_AE,12.64,26.91,0.37,SUPP_037,13,18,3
SKU_02685,Brand_DC Smart Home Item 2685,Electronics,Smart Home,Brand_DC,211.04,347.15,0.36,SUPP_024,12,37,6
SKU_02686,Brand_HE Sportswear Item 2686,Apparel,Sportswear,Brand_HE,103.06,175.46,0.16,SUPP_006,21,204,26
SKU_02687,Brand_BB Computers Item 2687,Electronics,Computers,Brand_BB,49.4,70.92,1.81,SUPP_043,10,20,4
SKU_02688,Brand_CE Audio Item 2688,Electronics,Audio,Brand_CE,220.16,302.68,7.39,SUPP_028,23,43,6
SKU_02689,Brand_CA Bedding Item 2689,Home & Kitchen,Bedding,Brand_CA,141.21,244.24,0.72,SUPP_001,11,93,16
SKU_02690,Brand_EB Skincare Item 2690,Health & Beauty,Skincare,Brand_EB,57.48,110.69,1.56,SUPP_027,6,56,12
SKU_02691,Brand_BA Packaged Foods Item 2691,Groceries & Essentials,Packaged Foods,Brand_BA,30.23,38.46,0.96,SUPP_020,12,258,42
SKU_02692,Brand_EE Bedding Item 2692,Home & Kitchen,Bedding,Brand_EE,94.33,162.74,0.67,SUPP_022,11,18,3
SKU_02693,Brand_JC Accessories Item 2693,Apparel,Accessories,Brand_JC,31.48,52.89,0.52,SUPP_032,22,451,56
SKU_02694,Brand_IB Footwear Item 2694,Apparel,Footwear,Brand_IB,76.24,169.79,0.55,SUPP_037,20,28,4
SKU_02695,Brand_JC Cycling Item 2695,Sports & Outdoors,Cycling,Brand_JC,134.79,238.24,0.42,SUPP_015,14,18,3
SKU_02696,Brand_FB Audio Item 2696,Electronics,Audio,Brand_FB,26.19,40.02,1.62,SUPP_044,20,52,7
SKU_02697,Brand_FC Snacks Item 2697,Groceries & Essentials,Snacks,Brand_FC,16.0,21.68,1.42,SUPP_029,12,41,7
SKU_02698,Brand_GB Skincare Item 2698,Health & Beauty,Skincare,Brand_GB,7.9,14.4,0.34,SUPP_026,8,18,4
SKU_02699,Brand_JE Beverages Item 2699,Groceries & Essentials,Beverages,Brand_JE,3.76,4.99,0.58,SUPP_007,4,30,8
SKU_02700,Brand_AE Footwear Item 2700,Apparel,Footwear,Brand_AE,29.27,56.73,0.7,SUPP_006,16,27,4
SKU_02701,Brand_AD Cycling Item 2701,Sports & Outdoors,Cycling,Brand_AD,27.89,53.53,0.41,SUPP_024,27,41,5
SKU_02702,Brand_FE Snacks Item 2702,Groceries & Essentials,Snacks,Brand_FE,15.28,21.62,0.18,SUPP_019,13,26,4
SKU_02703,Brand_JC Small Appliances Item 2703,Home & Kitchen,Small Appliances,Brand_JC,10.38,18.38,2.6,SUPP_007,25,84,10
SKU_02704,Brand_AA Cookware Item 2704,Home & Kitchen,Cookware,Brand_AA,91.5,150.81,0.82,SUPP_042,27,57,7
SKU_02705,Brand_BD Snacks Item 2705,Groceries & Essentials,Snacks,Brand_BD,27.26,39.23,0.42,SUPP_002,4,8,2
SKU_02706,Brand_DA Wearables Item 2706,Electronics,Wearables,Brand_DA,22.2,36.44,0.9,SUPP_014,15,74,11
SKU_02707,Brand_GD Beverages Item 2707,Groceries & Essentials,Beverages,Brand_GD,6.99,9.34,0.12,SUPP_031,4,39,10
SKU_02708,Brand_IA Small Appliances Item 2708,Home & Kitchen,Small Appliances,Brand_IA,70.7,144.81,0.42,SUPP_011,21,32,4
SKU_02709,Brand_DD Personal Care Item 2709,Groceries & Essentials,Personal Care,Brand_DD,2.5,3.42,3.08,SUPP_027,4,14,4
SKU_02710,Brand_EC Smart Home Item 2710,Electronics,Smart Home,Brand_EC,235.38,328.97,0.14,SUPP_001,20,39,5
SKU_02711,Brand_CD Women's Wear Item 2711,Apparel,Women's Wear,Brand_CD,44.84,126.67,3.64,SUPP_027,27,55,7
SKU_02712,Brand_CB Bedding Item 2712,Home & Kitchen,Bedding,Brand_CB,93.3,175.66,0.33,SUPP_041,20,29,4
SKU_02713,Brand_JC Snacks Item 2713,Groceries & Essentials,Snacks,Brand_JC,23.44,33.97,2.04,SUPP_024,4,14,4
SKU_02714,Brand_CD Snacks Item 2714,Groceries & Essentials,Snacks,Brand_CD,13.28,19.45,0.84,SUPP_004,10,31,6
SKU_02715,Brand_EC Haircare Item 2715,Health & Beauty,Haircare,Brand_EC,57.18,113.28,0.41,SUPP_045,14,130,20
SKU_02716,Brand_EA Footwear Item 2716,Apparel,Footwear,Brand_EA,55.26,98.52,7.17,SUPP_040,11,63,11
SKU_02717,Brand_JA Home Decor Item 2717,Home & Kitchen,Home Decor,Brand_JA,46.11,99.45,3.24,SUPP_028,11,35,6
SKU_02718,Brand_IC Computers Item 2718,Electronics,Computers,Brand_IC,281.54,438.19,1.14,SUPP_019,14,58,9
SKU_02719,Brand_FC Household Supplies Item 2719,Groceries & Essentials,Household Supplies,Brand_FC,15.25,22.8,0.1,SUPP_033,13,24,4
SKU_02720,Brand_HB Women's Wear Item 2720,Apparel,Women's Wear,Brand_HB,81.06,154.09,3.75,SUPP_014,18,42,6
SKU_02721,Brand_FE Skincare Item 2721,Health & Beauty,Skincare,Brand_FE,22.6,44.44,0.71,SUPP_015,17,113,16
SKU_02722,Brand_GB Footwear Item 2722,Apparel,Footwear,Brand_GB,38.45,81.11,2.63,SUPP_035,26,162,19
SKU_02723,Brand_AD Smart Home Item 2723,Electronics,Smart Home,Brand_AD,250.46,427.32,1.31,SUPP_026,13,413,64
SKU_02724,Brand_EA Packaged Foods Item 2724,Groceries & Essentials,Packaged Foods,Brand_EA,25.3,36.31,0.44,SUPP_040,8,20,4
SKU_02725,Brand_JC Computers Item 2725,Electronics,Computers,Brand_JC,133.46,215.8,2.64,SUPP_037,15,74,11
SKU_02726,Brand_HA Cycling Item 2726,Sports & Outdoors,Cycling,Brand_HA,50.85,98.16,0.12,SUPP_016,23,37,5
SKU_02727,Brand_HB Footwear Item 2727,Apparel,Footwear,Brand_HB,47.52,104.77,0.64,SUPP_014,13,62,10
SKU_02728,Brand_BB Wearables Item 2728,Electronics,Wearables,Brand_BB,60.84,99.14,4.26,SUPP_042,7,29,6
SKU_02729,Brand_FA Household Supplies Item 2729,Groceries & Essentials,Household Supplies,Brand_FA,29.31,39.69,0.7,SUPP_039,4,15,4
SKU_02730,Brand_IA Sportswear Item 2730,Apparel,Sportswear,Brand_IA,42.31,104.05,1.78,SUPP_018,18,36,5
SKU_02731,Brand_DD Beverages Item 2731,Groceries & Essentials,Beverages,Brand_DD,31.36,41.4,1.66,SUPP_010,10,44,8
SKU_02732,Brand_EB Cycling Item 2732,Sports & Outdoors,Cycling,Brand_EB,124.39,199.88,2.89,SUPP_003,11,15,3
SKU_02733,Brand_JE Packaged Foods Item 2733,Groceries & Essentials,Packaged Foods,Brand_JE,2.96,4.33,2.83,SUPP_037,11,124,21
SKU_02734,Brand_CC Accessories Item 2734,Electronics,Accessories,Brand_CC,232.39,383.86,1.24,SUPP_041,14,27,4
SKU_02735,Brand_FD Team Sports Item 2735,Sports & Outdoors,Team Sports,Brand_FD,103.29,203.39,3.44,SUPP_021,22,49,6
SKU_02736,Brand_AA Skincare Item 2736,Health & Beauty,Skincare,Brand_AA,49.06,89.95,0.77,SUPP_046,13,22,4
SKU_02737,Brand_IE Accessories Item 2737,Apparel,Accessories,Brand_IE,24.43,49.46,0.21,SUPP_023,15,225,33
SKU_02738,Brand_IA Accessories Item 2738,Apparel,Accessories,Brand_IA,29.94,80.93,3.28,SUPP_023,11,27,5
SKU_02739,Brand_HD Footwear Item 2739,Apparel,Footwear,Brand_HD,76.91,147.24,0.42,SUPP_043,25,40,5
SKU_02740,Brand_FE Household Supplies Item 2740,Groceries & Essentials,Household Supplies,Brand_FE,18.64,23.6,3.63,SUPP_001,4,40,10
SKU_02741,Brand_AB Accessories Item 2741,Apparel,Accessories,Brand_AB,11.57,29.5,1.82,SUPP_040,30,68,8
SKU_02742,Brand_CC Footwear Item 2742,Apparel,Footwear,Brand_CC,57.72,137.44,1.72,SUPP_025,11,35,6
SKU_02743,Brand_AD Haircare Item 2743,Health & Beauty,Haircare,Brand_AD,3.7,8.08,2.06,SUPP_009,8,11,2
SKU_02744,Brand_GB Smart Home Item 2744,Electronics,Smart Home,Brand_GB,165.44,255.06,0.67,SUPP_013,16,58,9
SKU_02745,Brand_AA Men's Wear Item 2745,Apparel,Men's Wear,Brand_AA,45.96,105.97,4.25,SUPP_021,13,25,4
SKU_02746,Brand_JC Packaged Foods Item 2746,Groceries & Essentials,Packaged Foods,Brand_JC,22.19,31.75,0.68,SUPP_012,3,18,5
SKU_02747,Brand_EA Women's Wear Item 2747,Apparel,Women's Wear,Brand_EA,85.59,164.02,0.31,SUPP_037,26,31,4
SKU_02748,Brand_GC Haircare Item 2748,Health & Beauty,Haircare,Brand_GC,32.53,84.83,0.78,SUPP_004,19,33,5
SKU_02749,Brand_IA Sportswear Item 2749,Apparel,Sportswear,Brand_IA,51.19,93.02,0.33,SUPP_042,21,87,11
SKU_02750,Brand_HB Audio Item 2750,Electronics,Audio,Brand_HB,39.97,62.99,0.23,SUPP_024,16,28,4
SKU_02751,Brand_EC Beverages Item 2751,Groceries & Essentials,Beverages,Brand_EC,15.76,19.27,0.39,SUPP_042,13,53,9
SKU_02752,Brand_AB Cookware Item 2752,Home & Kitchen,Cookware,Brand_AB,10.79,19.37,2.65,SUPP_037,24,70,9
SKU_02753,Brand_IE Cosmetics Item 2753,Health & Beauty,Cosmetics,Brand_IE,29.97,86.74,1.28,SUPP_041,21,50,7
SKU_02754,Brand_JC Haircare Item 2754,Health & Beauty,Haircare,Brand_JC,58.55,119.54,3.56,SUPP_047,19,34,5
SKU_02755,Brand_IA Accessories Item 2755,Apparel,Accessories,Brand_IA,17.7,31.3,1.54,SUPP_048,17,39,6
SKU_02756,Brand_BB Household Supplies Item 2756,Groceries & Essentials,Household Supplies,Brand_BB,8.38,9.9,1.68,SUPP_030,5,76,18
SKU_02757,Brand_HA Accessories Item 2757,Apparel,Accessories,Brand_HA,38.48,84.24,0.24,SUPP_015,10,15,3
SKU_02758,Brand_AB Outdoor Recreation Item 2758,Sports & Outdoors,Outdoor Recreation,Brand_AB,41.54,59.64,1.59,SUPP_040,14,90,14
SKU_02759,Brand_CB Footwear Item 2759,Apparel,Footwear,Brand_CB,9.62,21.49,1.31,SUPP_012,25,105,13
SKU_02760,Brand_HC Men's Wear Item 2760,Apparel,Men's Wear,Brand_HC,43.16,101.76,1.88,SUPP_004,14,19,3
SKU_02761,Brand_AB Cosmetics Item 2761,Health & Beauty,Cosmetics,Brand_AB,23.52,50.51,1.21,SUPP_002,11,15,3
SKU_02762,Brand_CC Cookware Item 2762,Home & Kitchen,Cookware,Brand_CC,49.63,85.73,0.17,SUPP_015,9,31,6
SKU_02763,Brand_IA Accessories Item 2763,Electronics,Accessories,Brand_IA,207.08,290.63,2.75,SUPP_012,9,13,3
SKU_02764,Brand_ED Snacks Item 2764,Groceries & Essentials,Snacks,Brand_ED,15.07,20.55,1.55,SUPP_035,3,6,2
SKU_02765,Brand_JE Smart Home Item 2765,Electronics,Smart Home,Brand_JE,68.52,96.78,1.76,SUPP_036,21,39,5
SKU_02766,Brand_HC Household Supplies Item 2766,Groceries & Essentials,Household Supplies,Brand_HC,2.39,3.62,2.02,SUPP_037,4,14,4
SKU_02767,Brand_AD Beverages Item 2767,Groceries & Essentials,Beverages,Brand_AD,28.71,40.07,0.44,SUPP_014,5,104,24
SKU_02768,Brand_FB Home Decor Item 2768,Home & Kitchen,Home Decor,Brand_FB,123.81,193.99,2.85,SUPP_025,22,261,33
SKU_02769,Brand_DB Men's Wear Item 2769,Apparel,Men's Wear,Brand_DB,71.43,130.92,1.97,SUPP_035,29,55,6
SKU_02770,Brand_CC Accessories Item 2770,Apparel,Accessories,Brand_CC,39.97,102.01,0.59,SUPP_004,10,18,3
SKU_02771,Brand_IE Men's Wear Item 2771,Apparel,Men's Wear,Brand_IE,74.89,134.8,9.55,SUPP_015,29,57,7
SKU_02772,Brand_AD Women's Wear Item 2772,Apparel,Women's Wear,Brand_AD,83.44,162.54,3.06,SUPP_024,27,61,7
SKU_02773,Brand_FD Accessories Item 2773,Electronics,Accessories,Brand_FD,211.04,352.0,3.57,SUPP_004,14,43,7
SKU_02774,Brand_ID Packaged Foods Item 2774,Groceries & Essentials,Packaged Foods,Brand_ID,13.09,19.22,0.17,SUPP_018,10,22,4
SKU_02775,Brand_IA Household Supplies Item 2775,Groceries & Essentials,Household Supplies,Brand_IA,20.1,25.65,0.39,SUPP_020,7,29,6
SKU_02776,Brand_AE Fitness Gear Item 2776,Sports & Outdoors,Fitness Gear,Brand_AE,178.57,319.73,0.17,SUPP_008,23,130,16
SKU_02777,Brand_EB Men's Wear Item 2777,Apparel,Men's Wear,Brand_EB,50.43,103.95,0.7,SUPP_001,21,60,8
SKU_02778,Brand_BC Bedding Item 2778,Home & Kitchen,Bedding,Brand_BC,45.76,80.17,1.3,SUPP_014,12,32,5
SKU_02779,Brand_BA Accessories Item 2779,Electronics,Accessories,Brand_BA,41.82,59.93,0.17,SUPP_002,15,84,13
SKU_02780,Brand_AA Women's Wear Item 2780,Apparel,Women's Wear,Brand_AA,61.98,153.04,0.2,SUPP_025,30,97,11
SKU_02781,Brand_AA Skincare Item 2781,Health & Beauty,Skincare,Brand_AA,36.04,85.01,1.07,SUPP_037,5,34,8
SKU_02782,Brand_CB Snacks Item 2782,Groceries & Essentials,Snacks,Brand_CB,13.17,18.04,0.47,SUPP_022,8,11,2
SKU_02783,Brand_IA Household Supplies Item 2783,Groceries & Essentials,Household Supplies,Brand_IA,29.45,36.84,1.26,SUPP_018,10,118,21
SKU_02784,Brand_JD Camping Item 2784,Sports & Outdoors,Camping,Brand_JD,51.54,99.54,1.23,SUPP_011,12,25,4
SKU_02785,Brand_AD Skincare Item 2785,Health & Beauty,Skincare,Brand_AD,21.67,50.11,0.37,SUPP_019,6,25,6
SKU_02786,Brand_FB Packaged Foods Item 2786,Groceries & Essentials,Packaged Foods,Brand_FB,15.72,20.77,3.37,SUPP_037,11,17,3
SKU_02787,Brand_GE Wearables Item 2787,Electronics,Wearables,Brand_GE,250.8,368.86,2.0,SUPP_023,13,30,5
SKU_02788,Brand_CA Wearables Item 2788,Electronics,Wearables,Brand_CA,36.1,57.21,10.02,SUPP_028,10,14,3
SKU_02789,Brand_FC Small Appliances Item 2789,Home & Kitchen,Small Appliances,Brand_FC,46.96,84.5,0.5,SUPP_010,7,15,3
SKU_02790,Brand_BD Personal Care Item 2790,Groceries & Essentials,Personal Care,Brand_BD,12.14,15.61,12.06,SUPP_038,5,22,5
SKU_02791,Brand_DE Accessories Item 2791,Electronics,Accessories,Brand_DE,264.6,375.02,0.43,SUPP_020,18,51,7
SKU_02792,Brand_FD Accessories Item 2792,Apparel,Accessories,Brand_FD,35.78,82.63,0.19,SUPP_031,13,18,3
SKU_02793,Brand_BC Wearables Item 2793,Electronics,Wearables,Brand_BC,218.55,383.47,0.84,SUPP_048,8,15,3
SKU_02794,Brand_JE Wearables Item 2794,Electronics,Wearables,Brand_JE,269.94,418.01,7.09,SUPP_041,20,52,7
SKU_02795,Brand_CB Men's Wear Item 2795,Apparel,Men's Wear,Brand_CB,53.1,129.37,2.7,SUPP_042,12,36,6
SKU_02796,Brand_DB Wearables Item 2796,Electronics,Wearables,Brand_DB,110.19,199.78,2.12,SUPP_049,17,60,9
SKU_02797,Brand_IC Cycling Item 2797,Sports & Outdoors,Cycling,Brand_IC,18.23,28.6,4.77,SUPP_027,12,102,17
SKU_02798,Brand_JC Footwear Item 2798,Apparel,Footwear,Brand_JC,68.35,177.27,1.72,SUPP_010,30,45,5
SKU_02799,Brand_EC Cosmetics Item 2799,Health & Beauty,Cosmetics,Brand_EC,43.22,102.07,1.03,SUPP_041,11,32,6
SKU_02800,Brand_CB Outdoor Recreation Item 2800,Sports & Outdoors,Outdoor Recreation,Brand_CB,70.14,129.72,1.42,SUPP_016,14,27,4
SKU_02801,Brand_CA Beverages Item 2801,Groceries & Essentials,Beverages,Brand_CA,22.31,33.58,2.18,SUPP_001,7,58,12
SKU_02802,Brand_JB Team Sports Item 2802,Sports & Outdoors,Team Sports,Brand_JB,179.3,331.51,2.36,SUPP_023,11,116,20
SKU_02803,Brand_CA Beverages Item 2803,Groceries & Essentials,Beverages,Brand_CA,34.13,40.15,1.85,SUPP_049,8,15,3
SKU_02804,Brand_ED Packaged Foods Item 2804,Groceries & Essentials,Packaged Foods,Brand_ED,22.12,28.66,0.74,SUPP_029,4,28,7
SKU_02805,Brand_DA Accessories Item 2805,Apparel,Accessories,Brand_DA,14.36,25.4,0.8,SUPP_036,17,75,11
SKU_02806,Brand_GE Household Supplies Item 2806,Groceries & Essentials,Household Supplies,Brand_GE,22.61,30.92,0.59,SUPP_006,12,134,22
SKU_02807,Brand_JD Small Appliances Item 2807,Home & Kitchen,Small Appliances,Brand_JD,15.83,28.05,0.51,SUPP_014,13,76,12
SKU_02808,Brand_HC Wearables Item 2808,Electronics,Wearables,Brand_HC,208.25,288.63,0.16,SUPP_020,19,358,47
SKU_02809,Brand_BE Team Sports Item 2809,Sports & Outdoors,Team Sports,Brand_BE,101.14,156.37,0.97,SUPP_014,12,22,4
SKU_02810,Brand_AA Personal Care Item 2810,Groceries & Essentials,Personal Care,Brand_AA,17.04,24.33,1.12,SUPP_027,10,38,7
SKU_02811,Brand_GB Outdoor Recreation Item 2811,Sports & Outdoors,Outdoor Recreation,Brand_GB,96.94,153.77,0.5,SUPP_019,21,95,12
SKU_02812,Brand_CE Home Decor Item 2812,Home & Kitchen,Home Decor,Brand_CE,55.97,119.09,0.24,SUPP_038,26,186,22
SKU_02813,Brand_HA Cycling Item 2813,Sports & Outdoors,Cycling,Brand_HA,110.57,204.74,6.02,SUPP_028,12,44,7
SKU_02814,Brand_EA Audio Item 2814,Electronics,Audio,Brand_EA,239.64,361.78,4.93,SUPP_050,23,379,46
SKU_02815,Brand_HC Men's Wear Item 2815,Apparel,Men's Wear,Brand_HC,64.29,129.73,0.59,SUPP_047,12,41,7
SKU_02816,Brand_ID Cookware Item 2816,Home & Kitchen,Cookware,Brand_ID,59.68,124.2,1.06,SUPP_032,23,306,37
SKU_02817,Brand_CE Small Appliances Item 2817,Home & Kitchen,Small Appliances,Brand_CE,65.93,103.7,1.39,SUPP_001,25,122,15
SKU_02818,Brand_ID Beverages Item 2818,Groceries & Essentials,Beverages,Brand_ID,28.43,36.62,1.71,SUPP_012,3,6,2
SKU_02819,Brand_FE Skincare Item 2819,Health & Beauty,Skincare,Brand_FE,36.22,72.8,0.6,SUPP_007,18,48,7
SKU_02820,Brand_DB Personal Care Item 2820,Groceries & Essentials,Personal Care,Brand_DB,8.55,11.99,2.0,SUPP_015,13,37,6
SKU_02821,Brand_JC Home Decor Item 2821,Home & Kitchen,Home Decor,Brand_JC,39.64,82.94,0.43,SUPP_019,23,114,14
SKU_02822,Brand_EA Smart Home Item 2822,Electronics,Smart Home,Brand_EA,243.8,389.67,4.8,SUPP_014,10,28,5
SKU_02823,Brand_EE Wearables Item 2823,Electronics,Wearables,Brand_EE,92.63,158.03,0.36,SUPP_027,22,56,7
SKU_02824,Brand_EB Cookware Item 2824,Home & Kitchen,Cookware,Brand_EB,41.26,72.73,3.25,SUPP_041,22,84,11
SKU_02825,Brand_AD Home Decor Item 2825,Home & Kitchen,Home Decor,Brand_AD,82.57,144.11,1.02,SUPP_020,17,24,4
SKU_02826,Brand_AC Footwear Item 2826,Apparel,Footwear,Brand_AC,67.82,121.73,0.8,SUPP_024,21,528,67
SKU_02827,Brand_GE Women's Wear Item 2827,Apparel,Women's Wear,Brand_GE,78.89,165.68,0.32,SUPP_032,26,170,20
SKU_02828,Brand_AA Skincare Item 2828,Health & Beauty,Skincare,Brand_AA,3.58,8.73,0.36,SUPP_005,19,58,8
SKU_02829,Brand_JA Women's Wear Item 2829,Apparel,Women's Wear,Brand_JA,17.48,34.12,0.65,SUPP_009,12,22,4
SKU_02830,Brand_GB Accessories Item 2830,Electronics,Accessories,Brand_GB,163.18,236.35,0.36,SUPP_047,17,41,6
SKU_02831,Brand_AB Beverages Item 2831,Groceries & Essentials,Beverages,Brand_AB,20.78,26.14,1.54,SUPP_038,9,102,19
SKU_02832,Brand_AE Personal Care Item 2832,Groceries & Essentials,Personal Care,Brand_AE,13.52,19.17,1.37,SUPP_024,9,14,3
SKU_02833,Brand_HD Outdoor Recreation Item 2833,Sports & Outdoors,Outdoor Recreation,Brand_HD,106.48,178.78,0.44,SUPP_009,28,50,6
SKU_02834,Brand_AC Household Supplies Item 2834,Groceries & Essentials,Household Supplies,Brand_AC,31.23,36.78,0.43,SUPP_008,13,64,10
SKU_02835,Brand_EC Household Supplies Item 2835,Groceries & Essentials,Household Supplies,Brand_EC,11.4,16.47,3.43,SUPP_001,8,20,4
SKU_02836,Brand_IA Small Appliances Item 2836,Home & Kitchen,Small Appliances,Brand_IA,32.61,70.31,0.2,SUPP_024,24,63,8
SKU_02837,Brand_CA Computers Item 2837,Electronics,Computers,Brand_CA,129.79,184.36,0.46,SUPP_015,22,55,7
SKU_02838,Brand_GE Beverages Item 2838,Groceries & Essentials,Beverages,Brand_GE,2.51,3.37,2.26,SUPP_037,11,16,3
SKU_02839,Brand_EB Accessories Item 2839,Apparel,Accessories,Brand_EB,72.34,137.98,2.37,SUPP_030,29,151,17
SKU_02840,Brand_GC Skincare Item 2840,Health & Beauty,Skincare,Brand_GC,6.05,12.09,1.93,SUPP_049,9,19,4
SKU_02841,Brand_FD Home Decor Item 2841,Home & Kitchen,Home Decor,Brand_FD,46.74,94.2,3.08,SUPP_025,12,33,6
SKU_02842,Brand_CD Footwear Item 2842,Apparel,Footwear,Brand_CD,91.35,162.27,1.61,SUPP_039,13,24,4
SKU_02843,Brand_DA Cookware Item 2843,Home & Kitchen,Cookware,Brand_DA,122.61,206.18,3.93,SUPP_045,15,93,14
SKU_02844,Brand_GA Wearables Item 2844,Electronics,Wearables,Brand_GA,290.11,389.79,4.3,SUPP_046,7,17,4
SKU_02845,Brand_AE Team Sports Item 2845,Sports & Outdoors,Team Sports,Brand_AE,130.34,188.9,0.61,SUPP_037,26,145,17
SKU_02846,Brand_BA Cosmetics Item 2846,Health & Beauty,Cosmetics,Brand_BA,2.9,7.74,1.3,SUPP_013,20,176,23
SKU_02847,Brand_CC Bedding Item 2847,Home & Kitchen,Bedding,Brand_CC,74.22,140.86,4.16,SUPP_029,20,124,16
SKU_02848,Brand_BD Men's Wear Item 2848,Apparel,Men's Wear,Brand_BD,62.92,126.38,1.33,SUPP_004,12,35,6
SKU_02849,Brand_GE Accessories Item 2849,Apparel,Accessories,Brand_GE,38.66,93.94,3.13,SUPP_046,29,34,4
SKU_02850,Brand_CA Men's Wear Item 2850,Apparel,Men's Wear,Brand_CA,70.46,135.85,1.91,SUPP_026,27,44,5
SKU_02851,Brand_HC Camping Item 2851,Sports & Outdoors,Camping,Brand_HC,94.53,138.67,1.57,SUPP_003,16,105,15
SKU_02852,Brand_JB Men's Wear Item 2852,Apparel,Men's Wear,Brand_JB,66.9,117.51,1.18,SUPP_009,16,20,3
SKU_02853,Brand_IE Household Supplies Item 2853,Groceries & Essentials,Household Supplies,Brand_IE,24.46,30.23,1.05,SUPP_022,3,7,2
SKU_02854,Brand_HA Beverages Item 2854,Groceries & Essentials,Beverages,Brand_HA,5.71,7.37,2.14,SUPP_006,13,133,21
SKU_02855,Brand_CC Oral Care Item 2855,Health & Beauty,Oral Care,Brand_CC,28.62,93.84,4.63,SUPP_042,16,26,4
SKU_02856,Brand_HE Haircare Item 2856,Health & Beauty,Haircare,Brand_HE,38.19,79.71,1.44,SUPP_032,15,41,6
SKU_02857,Brand_DA Accessories Item 2857,Apparel,Accessories,Brand_DA,62.49,166.13,3.69,SUPP_009,26,100,12
SKU_02858,Brand_EA Accessories Item 2858,Electronics,Accessories,Brand_EA,101.19,159.87,2.37,SUPP_050,23,127,16
SKU_02859,Brand_EC Storage & Org Item 2859,Home & Kitchen,Storage & Org,Brand_EC,120.23,222.14,0.16,SUPP_041,22,45,6
SKU_02860,Brand_CA Sportswear Item 2860,Apparel,Sportswear,Brand_CA,52.38,126.39,2.62,SUPP_024,10,104,18
SKU_02861,Brand_CA Beverages Item 2861,Groceries & Essentials,Beverages,Brand_CA,9.38,11.56,1.72,SUPP_023,9,37,7
SKU_02862,Brand_JB Cookware Item 2862,Home & Kitchen,Cookware,Brand_JB,78.48,127.13,1.12,SUPP_037,25,46,6
SKU_02863,Brand_GE Accessories Item 2863,Electronics,Accessories,Brand_GE,206.25,286.61,0.17,SUPP_013,14,157,24
SKU_02864,Brand_DD Household Supplies Item 2864,Groceries & Essentials,Household Supplies,Brand_DD,21.71,26.02,1.22,SUPP_037,9,53,10
SKU_02865,Brand_DC Personal Care Item 2865,Groceries & Essentials,Personal Care,Brand_DC,5.73,8.8,1.65,SUPP_043,6,10,2
SKU_02866,Brand_GD Packaged Foods Item 2866,Groceries & Essentials,Packaged Foods,Brand_GD,24.84,29.87,0.13,SUPP_028,11,52,9
SKU_02867,Brand_IB Vitamins & Supplements Item 2867,Health & Beauty,Vitamins & Supplements,Brand_IB,35.36,64.86,0.6,SUPP_042,12,46,8
SKU_02868,Brand_DE Women's Wear Item 2868,Apparel,Women's Wear,Brand_DE,71.69,159.59,1.01,SUPP_017,10,67,12
SKU_02869,Brand_HB Audio Item 2869,Electronics,Audio,Brand_HB,65.41,109.83,0.49,SUPP_016,16,132,19
SKU_02870,Brand_BE Sportswear Item 2870,Apparel,Sportswear,Brand_BE,15.76,27.18,0.32,SUPP_043,17,62,9
SKU_02871,Brand_FC Vitamins & Supplements Item 2871,Health & Beauty,Vitamins & Supplements,Brand_FC,8.43,26.55,1.73,SUPP_038,7,18,4
SKU_02872,Brand_DE Household Supplies Item 2872,Groceries & Essentials,Household Supplies,Brand_DE,20.77,31.7,2.93,SUPP_021,6,13,3
SKU_02873,Brand_GA Packaged Foods Item 2873,Groceries & Essentials,Packaged Foods,Brand_GA,3.86,5.11,0.31,SUPP_009,10,14,3
SKU_02874,Brand_FA Cookware Item 2874,Home & Kitchen,Cookware,Brand_FA,88.93,181.21,3.62,SUPP_028,28,151,17
SKU_02875,Brand_DC Home Decor Item 2875,Home & Kitchen,Home Decor,Brand_DC,56.82,111.87,3.13,SUPP_012,17,256,36
SKU_02876,Brand_BB Women's Wear Item 2876,Apparel,Women's Wear,Brand_BB,22.03,54.49,2.13,SUPP_023,14,57,9
SKU_02877,Brand_BD Home Decor Item 2877,Home & Kitchen,Home Decor,Brand_BD,106.93,187.1,0.31,SUPP_012,23,165,20
SKU_02878,Brand_ED Snacks Item 2878,Groceries & Essentials,Snacks,Brand_ED,8.35,12.01,1.01,SUPP_027,11,46,8
SKU_02879,Brand_DD Cookware Item 2879,Home & Kitchen,Cookware,Brand_DD,14.26,27.52,1.99,SUPP_013,11,40,7
SKU_02880,Brand_FA Packaged Foods Item 2880,Groceries & Essentials,Packaged Foods,Brand_FA,30.93,42.5,1.52,SUPP_032,14,51,8
SKU_02881,Brand_IC Camping Item 2881,Sports & Outdoors,Camping,Brand_IC,201.14,306.49,1.01,SUPP_030,18,39,6
SKU_02882,Brand_IA Oral Care Item 2882,Health & Beauty,Oral Care,Brand_IA,42.94,96.89,0.29,SUPP_029,19,50,7
SKU_02883,Brand_HC Beverages Item 2883,Groceries & Essentials,Beverages,Brand_HC,28.9,34.17,1.59,SUPP_035,6,14,3
SKU_02884,Brand_JA Personal Care Item 2884,Groceries & Essentials,Personal Care,Brand_JA,24.25,32.79,2.21,SUPP_029,14,43,7
SKU_02885,Brand_CC Personal Care Item 2885,Groceries & Essentials,Personal Care,Brand_CC,20.01,28.14,0.8,SUPP_040,7,15,3
SKU_02886,Brand_FD Women's Wear Item 2886,Apparel,Women's Wear,Brand_FD,54.69,149.38,1.74,SUPP_003,25,142,17
SKU_02887,Brand_HD Computers Item 2887,Electronics,Computers,Brand_HD,209.49,306.06,0.89,SUPP_033,21,70,9
SKU_02888,Brand_JB Footwear Item 2888,Apparel,Footwear,Brand_JB,6.97,18.65,2.66,SUPP_024,17,62,9
SKU_02889,Brand_AE Cycling Item 2889,Sports & Outdoors,Cycling,Brand_AE,73.36,117.66,1.12,SUPP_049,11,16,3
SKU_02890,Brand_DD Sportswear Item 2890,Apparel,Sportswear,Brand_DD,85.24,142.09,1.15,SUPP_050,12,105,17
SKU_02891,Brand_AD Personal Care Item 2891,Groceries & Essentials,Personal Care,Brand_AD,16.41,19.43,0.25,SUPP_019,5,21,5
SKU_02892,Brand_EE Sportswear Item 2892,Apparel,Sportswear,Brand_EE,8.58,22.25,2.64,SUPP_033,10,32,6
SKU_02893,Brand_BB Storage & Org Item 2893,Home & Kitchen,Storage & Org,Brand_BB,161.16,249.14,5.25,SUPP_030,23,106,13
SKU_02894,Brand_EE Accessories Item 2894,Apparel,Accessories,Brand_EE,79.05,132.85,5.54,SUPP_023,22,95,12
SKU_02895,Brand_BE Beverages Item 2895,Groceries & Essentials,Beverages,Brand_BE,16.61,24.46,2.08,SUPP_050,5,11,3
SKU_02896,Brand_BE Accessories Item 2896,Apparel,Accessories,Brand_BE,83.6,177.36,2.13,SUPP_016,11,41,7
SKU_02897,Brand_GD Haircare Item 2897,Health & Beauty,Haircare,Brand_GD,11.84,25.55,5.36,SUPP_038,7,40,8
SKU_02898,Brand_HC Household Supplies Item 2898,Groceries & Essentials,Household Supplies,Brand_HC,18.17,23.32,0.59,SUPP_040,13,31,5
SKU_02899,Brand_HE Beverages Item 2899,Groceries & Essentials,Beverages,Brand_HE,29.94,37.47,0.94,SUPP_035,4,14,4
SKU_02900,Brand_CC Women's Wear Item 2900,Apparel,Women's Wear,Brand_CC,49.14,140.13,2.42,SUPP_038,11,40,7
SKU_02901,Brand_DA Snacks Item 2901,Groceries & Essentials,Snacks,Brand_DA,12.88,19.35,0.22,SUPP_027,11,60,10
SKU_02902,Brand_JC Camping Item 2902,Sports & Outdoors,Camping,Brand_JC,130.17,192.39,0.47,SUPP_030,25,82,10
SKU_02903,Brand_CE Skincare Item 2903,Health & Beauty,Skincare,Brand_CE,18.46,35.08,0.84,SUPP_010,15,51,8
SKU_02904,Brand_GB Women's Wear Item 2904,Apparel,Women's Wear,Brand_GB,75.3,144.21,1.43,SUPP_014,23,64,8
SKU_02905,Brand_EB Smart Home Item 2905,Electronics,Smart Home,Brand_EB,34.14,53.82,1.67,SUPP_023,14,24,4
SKU_02906,Brand_CC Accessories Item 2906,Electronics,Accessories,Brand_CC,259.57,436.63,0.91,SUPP_045,12,33,6
SKU_02907,Brand_FC Skincare Item 2907,Health & Beauty,Skincare,Brand_FC,15.55,43.52,3.82,SUPP_022,9,96,18
SKU_02908,Brand_HE Accessories Item 2908,Electronics,Accessories,Brand_HE,331.27,442.52,1.61,SUPP_017,17,190,27
SKU_02909,Brand_IB Skincare Item 2909,Health & Beauty,Skincare,Brand_IB,36.88,67.26,0.12,SUPP_005,6,27,6
SKU_02910,Brand_FB Team Sports Item 2910,Sports & Outdoors,Team Sports,Brand_FB,99.25,182.16,0.67,SUPP_024,13,165,26
SKU_02911,Brand_EA Beverages Item 2911,Groceries & Essentials,Beverages,Brand_EA,17.34,22.57,0.75,SUPP_010,12,24,4
SKU_02912,Brand_AA Beverages Item 2912,Groceries & Essentials,Beverages,Brand_AA,7.87,11.08,3.12,SUPP_019,8,66,13
SKU_02913,Brand_EA Skincare Item 2913,Health & Beauty,Skincare,Brand_EA,29.98,56.99,0.24,SUPP_008,20,62,8
SKU_02914,Brand_HD Storage & Org Item 2914,Home & Kitchen,Storage & Org,Brand_HD,77.4,130.77,0.65,SUPP_049,18,42,6
SKU_02915,Brand_HD Smart Home Item 2915,Electronics,Smart Home,Brand_HD,145.02,220.72,1.69,SUPP_043,23,65,8
SKU_02916,Brand_AE Snacks Item 2916,Groceries & Essentials,Snacks,Brand_AE,16.46,25.26,0.26,SUPP_025,9,19,4
SKU_02917,Brand_BD Home Decor Item 2917,Home & Kitchen,Home Decor,Brand_BD,49.62,78.85,0.4,SUPP_046,27,138,16
SKU_02918,Brand_AD Computers Item 2918,Electronics,Computers,Brand_AD,60.69,85.61,1.12,SUPP_010,23,90,11
SKU_02919,Brand_HE Vitamins & Supplements Item 2919,Health & Beauty,Vitamins & Supplements,Brand_HE,5.58,13.79,0.72,SUPP_048,6,12,3
SKU_02920,Brand_AA Accessories Item 2920,Apparel,Accessories,Brand_AA,14.33,30.42,1.33,SUPP_019,20,55,7
SKU_02921,Brand_CE Smart Home Item 2921,Electronics,Smart Home,Brand_CE,19.3,31.14,6.8,SUPP_009,20,140,18
SKU_02922,Brand_CC Audio Item 2922,Electronics,Audio,Brand_CC,188.79,309.06,2.06,SUPP_008,16,24,4
SKU_02923,Brand_JA Home Decor Item 2923,Home & Kitchen,Home Decor,Brand_JA,90.43,176.41,1.18,SUPP_016,25,208,25
SKU_02924,Brand_JC Camping Item 2924,Sports & Outdoors,Camping,Brand_JC,120.44,177.61,3.32,SUPP_043,23,35,5
SKU_02925,Brand_FA Small Appliances Item 2925,Home & Kitchen,Small Appliances,Brand_FA,6.75,10.79,1.29,SUPP_032,11,17,3
SKU_02926,Brand_AA Cookware Item 2926,Home & Kitchen,Cookware,Brand_AA,32.52,66.62,0.75,SUPP_039,26,73,9
SKU_02927,Brand_AB Small Appliances Item 2927,Home & Kitchen,Small Appliances,Brand_AB,32.52,63.02,3.79,SUPP_018,12,47,8
SKU_02928,Brand_HC Team Sports Item 2928,Sports & Outdoors,Team Sports,Brand_HC,137.48,257.4,3.54,SUPP_004,19,40,6
SKU_02929,Brand_CE Sportswear Item 2929,Apparel,Sportswear,Brand_CE,22.14,43.42,1.32,SUPP_026,17,149,21
SKU_02930,Brand_FB Outdoor Recreation Item 2930,Sports & Outdoors,Outdoor Recreation,Brand_FB,31.91,59.03,0.29,SUPP_035,29,55,6
SKU_02931,Brand_JC Cycling Item 2931,Sports & Outdoors,Cycling,Brand_JC,173.89,303.36,0.46,SUPP_034,30,64,7
SKU_02932,Brand_JB Accessories Item 2932,Apparel,Accessories,Brand_JB,19.5,53.57,3.57,SUPP_009,19,157,21
SKU_02933,Brand_EE Footwear Item 2933,Apparel,Footwear,Brand_EE,74.54,141.62,0.24,SUPP_029,25,32,4
SKU_02934,Brand_IE Computers Item 2934,Electronics,Computers,Brand_IE,70.1,114.15,0.23,SUPP_030,23,30,4
SKU_02935,Brand_AD Household Supplies Item 2935,Groceries & Essentials,Household Supplies,Brand_AD,10.08,14.24,2.26,SUPP_009,6,50,11
SKU_02936,Brand_IB Household Supplies Item 2936,Groceries & Essentials,Household Supplies,Brand_IB,35.99,43.07,0.89,SUPP_015,12,31,5
SKU_02937,Brand_IE Haircare Item 2937,Health & Beauty,Haircare,Brand_IE,31.15,91.7,0.59,SUPP_005,20,216,28
SKU_02938,Brand_JC Cookware Item 2938,Home & Kitchen,Cookware,Brand_JC,32.19,54.21,1.19,SUPP_047,10,28,5
SKU_02939,Brand_EB Cosmetics Item 2939,Health & Beauty,Cosmetics,Brand_EB,17.32,54.92,7.23,SUPP_044,6,14,3
SKU_02940,Brand_FB Beverages Item 2940,Groceries & Essentials,Beverages,Brand_FB,9.15,13.21,0.95,SUPP_045,13,57,9
SKU_02941,Brand_HB Storage & Org Item 2941,Home & Kitchen,Storage & Org,Brand_HB,58.74,97.67,0.72,SUPP_043,23,98,12
SKU_02942,Brand_FA Wearables Item 2942,Electronics,Wearables,Brand_FA,96.07,133.3,0.89,SUPP_018,15,33,5
SKU_02943,Brand_EA Sportswear Item 2943,Apparel,Sportswear,Brand_EA,10.22,27.07,5.16,SUPP_039,10,51,9
SKU_02944,Brand_HC Cosmetics Item 2944,Health & Beauty,Cosmetics,Brand_HC,25.55,60.56,0.87,SUPP_045,5,55,13
SKU_02945,Brand_HE Accessories Item 2945,Electronics,Accessories,Brand_HE,133.49,226.18,4.63,SUPP_015,18,33,5
SKU_02946,Brand_GE Wearables Item 2946,Electronics,Wearables,Brand_GE,100.12,160.47,0.21,SUPP_009,19,163,22
SKU_02947,Brand_FB Smart Home Item 2947,Electronics,Smart Home,Brand_FB,207.01,308.16,0.87,SUPP_019,15,73,11
SKU_02948,Brand_EA Skincare Item 2948,Health & Beauty,Skincare,Brand_EA,26.48,73.59,1.5,SUPP_046,9,21,4
SKU_02949,Brand_AC Personal Care Item 2949,Groceries & Essentials,Personal Care,Brand_AC,8.49,11.78,3.95,SUPP_041,14,45,7
SKU_02950,Brand_FE Home Decor Item 2950,Home & Kitchen,Home Decor,Brand_FE,38.13,63.89,0.25,SUPP_047,24,72,9
SKU_02951,Brand_FB Footwear Item 2951,Apparel,Footwear,Brand_FB,77.7,138.32,0.86,SUPP_049,24,199,24
SKU_02952,Brand_JC Computers Item 2952,Electronics,Computers,Brand_JC,124.22,171.21,0.47,SUPP_023,25,114,14
SKU_02953,Brand_ED Household Supplies Item 2953,Groceries & Essentials,Household Supplies,Brand_ED,18.23,25.31,1.96,SUPP_008,5,20,5
SKU_02954,Brand_JA Women's Wear Item 2954,Apparel,Women's Wear,Brand_JA,7.18,14.01,0.24,SUPP_034,29,327,36
SKU_02955,Brand_DD Sportswear Item 2955,Apparel,Sportswear,Brand_DD,51.46,121.73,4.06,SUPP_015,11,39,7
SKU_02956,Brand_HB Accessories Item 2956,Apparel,Accessories,Brand_HB,92.97,169.44,1.93,SUPP_020,29,82,9
SKU_02957,Brand_CC Accessories Item 2957,Electronics,Accessories,Brand_CC,74.61,111.47,5.67,SUPP_013,22,51,7
SKU_02958,Brand_FC Sportswear Item 2958,Apparel,Sportswear,Brand_FC,47.78,92.79,0.39,SUPP_027,15,38,6
SKU_02959,Brand_AB Small Appliances Item 2959,Home & Kitchen,Small Appliances,Brand_AB,50.53,92.69,0.32,SUPP_045,9,16,3
SKU_02960,Brand_BC Snacks Item 2960,Groceries & Essentials,Snacks,Brand_BC,9.24,11.71,9.08,SUPP_011,13,153,24
SKU_02961,Brand_FC Snacks Item 2961,Groceries & Essentials,Snacks,Brand_FC,12.27,16.45,0.94,SUPP_012,7,12,3
SKU_02962,Brand_DB Beverages Item 2962,Groceries & Essentials,Beverages,Brand_DB,4.04,5.32,2.11,SUPP_003,9,54,10
SKU_02963,Brand_GC Skincare Item 2963,Health & Beauty,Skincare,Brand_GC,14.62,31.65,2.06,SUPP_049,13,20,3
SKU_02964,Brand_AC Audio Item 2964,Electronics,Audio,Brand_AC,43.53,60.33,0.1,SUPP_019,24,84,10
SKU_02965,Brand_JE Vitamins & Supplements Item 2965,Health & Beauty,Vitamins & Supplements,Brand_JE,14.28,35.39,0.68,SUPP_011,12,23,4
SKU_02966,Brand_HA Computers Item 2966,Electronics,Computers,Brand_HA,198.08,297.61,0.73,SUPP_017,24,40,5
SKU_02967,Brand_AE Men's Wear Item 2967,Apparel,Men's Wear,Brand_AE,71.83,146.57,1.9,SUPP_024,10,39,7
SKU_02968,Brand_FB Men's Wear Item 2968,Apparel,Men's Wear,Brand_FB,22.72,61.96,4.98,SUPP_049,13,68,11
SKU_02969,Brand_CB Personal Care Item 2969,Groceries & Essentials,Personal Care,Brand_CB,14.95,19.95,5.23,SUPP_042,6,60,13
SKU_02970,Brand_AE Smart Home Item 2970,Electronics,Smart Home,Brand_AE,217.71,383.57,0.33,SUPP_026,13,51,8
SKU_02971,Brand_AE Snacks Item 2971,Groceries & Essentials,Snacks,Brand_AE,32.31,40.81,0.35,SUPP_011,4,101,25
SKU_02972,Brand_IB Wearables Item 2972,Electronics,Wearables,Brand_IB,276.02,399.59,1.33,SUPP_011,18,62,9
SKU_02973,Brand_IE Cosmetics Item 2973,Health & Beauty,Cosmetics,Brand_IE,53.18,108.81,1.33,SUPP_050,21,29,4
SKU_02974,Brand_HD Men's Wear Item 2974,Apparel,Men's Wear,Brand_HD,55.28,102.82,0.71,SUPP_010,25,46,6
SKU_02975,Brand_JE Cosmetics Item 2975,Health & Beauty,Cosmetics,Brand_JE,18.54,59.27,0.91,SUPP_030,16,32,5
SKU_02976,Brand_FA Packaged Foods Item 2976,Groceries & Essentials,Packaged Foods,Brand_FA,16.72,23.15,0.1,SUPP_004,10,21,4
SKU_02977,Brand_GD Smart Home Item 2977,Electronics,Smart Home,Brand_GD,268.95,436.41,0.93,SUPP_019,25,194,23
SKU_02978,Brand_JD Vitamins & Supplements Item 2978,Health & Beauty,Vitamins & Supplements,Brand_JD,4.58,12.34,0.26,SUPP_035,12,42,7
SKU_02979,Brand_BC Audio Item 2979,Electronics,Audio,Brand_BC,12.14,21.22,1.11,SUPP_034,16,26,4
SKU_02980,Brand_DE Small Appliances Item 2980,Home & Kitchen,Small Appliances,Brand_DE,91.7,188.95,3.01,SUPP_038,18,62,9
SKU_02981,Brand_DB Haircare Item 2981,Health & Beauty,Haircare,Brand_DB,34.78,99.13,0.99,SUPP_032,17,57,8
SKU_02982,Brand_FD Packaged Foods Item 2982,Groceries & Essentials,Packaged Foods,Brand_FD,28.29,40.77,2.41,SUPP_024,9,17,3
SKU_02983,Brand_HC Accessories Item 2983,Apparel,Accessories,Brand_HC,67.25,119.81,0.57,SUPP_006,12,18,3
SKU_02984,Brand_HA Oral Care Item 2984,Health & Beauty,Oral Care,Brand_HA,30.15,100.25,2.05,SUPP_015,15,115,17
SKU_02985,Brand_HA Accessories Item 2985,Apparel,Accessories,Brand_HA,57.98,107.22,0.12,SUPP_005,20,56,8
SKU_02986,Brand_AA Smart Home Item 2986,Electronics,Smart Home,Brand_AA,57.61,94.77,0.35,SUPP_007,15,141,21
SKU_02987,Brand_GE Outdoor Recreation Item 2987,Sports & Outdoors,Outdoor Recreation,Brand_GE,70.94,124.41,7.39,SUPP_020,29,319,35
SKU_02988,Brand_EB Audio Item 2988,Electronics,Audio,Brand_EB,110.55,197.29,5.29,SUPP_016,14,37,6
SKU_02989,Brand_AA Home Decor Item 2989,Home & Kitchen,Home Decor,Brand_AA,60.24,109.18,0.37,SUPP_043,8,14,3
SKU_02990,Brand_FD Household Supplies Item 2990,Groceries & Essentials,Household Supplies,Brand_FD,19.69,24.49,1.73,SUPP_001,3,42,12
SKU_02991,Brand_IB Snacks Item 2991,Groceries & Essentials,Snacks,Brand_IB,11.38,17.03,3.73,SUPP_005,4,32,8
SKU_02992,Brand_IA Accessories Item 2992,Apparel,Accessories,Brand_IA,86.34,178.94,2.11,SUPP_003,30,49,6
SKU_02993,Brand_HE Skincare Item 2993,Health & Beauty,Skincare,Brand_HE,15.83,42.28,2.11,SUPP_035,11,96,16
SKU_02994,Brand_CB Packaged Foods Item 2994,Groceries & Essentials,Packaged Foods,Brand_CB,28.12,37.25,2.11,SUPP_013,11,135,23
SKU_02995,Brand_ED Cookware Item 2995,Home & Kitchen,Cookware,Brand_ED,115.07,215.25,1.2,SUPP_035,24,162,20
SKU_02996,Brand_IA Women's Wear Item 2996,Apparel,Women's Wear,Brand_IA,27.86,56.68,0.48,SUPP_040,18,40,6
SKU_02997,Brand_HE Bedding Item 2997,Home & Kitchen,Bedding,Brand_HE,95.38,195.01,0.53,SUPP_005,9,13,3
SKU_02998,Brand_JC Accessories Item 2998,Apparel,Accessories,Brand_JC,67.66,133.97,3.34,SUPP_047,17,145,20
SKU_02999,Brand_JA Packaged Foods Item 2999,Groceries & Essentials,Packaged Foods,Brand_JA,19.23,24.8,3.13,SUPP_020,7,12,3
SKU_03000,Brand_ID Snacks Item 3000,Groceries & Essentials,Snacks,Brand_ID,25.53,38.21,1.95,SUPP_048,7,18,4
SKU_03001,Brand_JA Home Decor Item 3001,Home & Kitchen,Home Decor,Brand_JA,96.25,206.81,0.95,SUPP_029,10,26,5
SKU_03002,Brand_IB Men's Wear Item 3002,Apparel,Men's Wear,Brand_IB,37.21,92.1,4.09,SUPP_037,17,69,10
SKU_03003,Brand_HC Skincare Item 3003,Health & Beauty,Skincare,Brand_HC,20.35,55.28,1.11,SUPP_016,10,14,3
SKU_03004,Brand_GA Men's Wear Item 3004,Apparel,Men's Wear,Brand_GA,67.95,165.54,0.87,SUPP_005,25,46,6
SKU_03005,Brand_GE Beverages Item 3005,Groceries & Essentials,Beverages,Brand_GE,25.88,38.94,0.25,SUPP_018,7,25,5
SKU_03006,Brand_FE Home Decor Item 3006,Home & Kitchen,Home Decor,Brand_FE,106.43,163.84,5.27,SUPP_026,15,190,28
SKU_03007,Brand_DE Wearables Item 3007,Electronics,Wearables,Brand_DE,64.53,117.17,0.11,SUPP_035,24,200,24
SKU_03008,Brand_CE Cookware Item 3008,Home & Kitchen,Cookware,Brand_CE,54.0,101.95,1.0,SUPP_048,8,15,3
SKU_03009,Brand_CB Snacks Item 3009,Groceries & Essentials,Snacks,Brand_CB,21.22,30.53,0.46,SUPP_024,11,22,4
SKU_03010,Brand_HA Snacks Item 3010,Groceries & Essentials,Snacks,Brand_HA,12.67,18.99,0.73,SUPP_031,8,30,6
SKU_03011,Brand_HB Footwear Item 3011,Apparel,Footwear,Brand_HB,38.52,108.46,1.01,SUPP_032,18,137,19
SKU_03012,Brand_HE Men's Wear Item 3012,Apparel,Men's Wear,Brand_HE,57.04,99.03,7.7,SUPP_001,17,47,7
SKU_03013,Brand_JA Household Supplies Item 3013,Groceries & Essentials,Household Supplies,Brand_JA,19.11,29.4,1.18,SUPP_015,8,29,6
SKU_03014,Brand_DE Storage & Org Item 3014,Home & Kitchen,Storage & Org,Brand_DE,109.41,202.29,0.63,SUPP_014,12,23,4
SKU_03015,Brand_BC Men's Wear Item 3015,Apparel,Men's Wear,Brand_BC,22.35,58.4,0.34,SUPP_003,29,69,8
SKU_03016,Brand_FD Home Decor Item 3016,Home & Kitchen,Home Decor,Brand_FD,7.7,14.78,1.6,SUPP_032,22,63,8
SKU_03017,Brand_AA Small Appliances Item 3017,Home & Kitchen,Small Appliances,Brand_AA,67.3,120.66,2.6,SUPP_019,23,201,25
SKU_03018,Brand_IC Personal Care Item 3018,Groceries & Essentials,Personal Care,Brand_IC,22.27,31.39,5.13,SUPP_033,7,20,4
SKU_03019,Brand_BB Computers Item 3019,Electronics,Computers,Brand_BB,272.14,431.54,0.13,SUPP_033,16,373,53
SKU_03020,Brand_IA Packaged Foods Item 3020,Groceries & Essentials,Packaged Foods,Brand_IA,17.92,26.46,2.71,SUPP_013,3,10,3
SKU_03021,Brand_DC Cycling Item 3021,Sports & Outdoors,Cycling,Brand_DC,57.79,110.88,0.4,SUPP_023,17,202,28
SKU_03022,Brand_GB Cookware Item 3022,Home & Kitchen,Cookware,Brand_GB,37.66,65.55,2.46,SUPP_041,7,12,3
SKU_03023,Brand_EE Cosmetics Item 3023,Health & Beauty,Cosmetics,Brand_EE,45.0,86.6,1.4,SUPP_049,20,128,17
SKU_03024,Brand_AC Household Supplies Item 3024,Groceries & Essentials,Household Supplies,Brand_AC,12.91,18.44,0.5,SUPP_026,6,18,4
SKU_03025,Brand_BC Sportswear Item 3025,Apparel,Sportswear,Brand_BC,6.8,19.13,7.61,SUPP_044,14,32,5
SKU_03026,Brand_IA Accessories Item 3026,Apparel,Accessories,Brand_IA,48.61,97.0,0.85,SUPP_011,24,72,9
SKU_03027,Brand_GC Accessories Item 3027,Apparel,Accessories,Brand_GC,7.97,22.33,0.25,SUPP_018,18,171,23
SKU_03028,Brand_GE Sportswear Item 3028,Apparel,Sportswear,Brand_GE,90.1,170.09,4.02,SUPP_045,26,432,50
SKU_03029,Brand_GA Household Supplies Item 3029,Groceries & Essentials,Household Supplies,Brand_GA,8.97,11.79,7.68,SUPP_035,8,42,8
SKU_03030,Brand_IB Camping Item 3030,Sports & Outdoors,Camping,Brand_IB,79.28,116.5,1.65,SUPP_011,21,44,6
SKU_03031,Brand_EE Accessories Item 3031,Apparel,Accessories,Brand_EE,45.82,78.79,0.78,SUPP_021,12,121,20
SKU_03032,Brand_JA Sportswear Item 3032,Apparel,Sportswear,Brand_JA,52.8,104.36,0.3,SUPP_046,18,114,16
SKU_03033,Brand_BA Beverages Item 3033,Groceries & Essentials,Beverages,Brand_BA,15.04,19.94,1.7,SUPP_048,8,14,3
SKU_03034,Brand_ID Sportswear Item 3034,Apparel,Sportswear,Brand_ID,36.39,101.18,4.28,SUPP_005,19,33,5
SKU_03035,Brand_BC Vitamins & Supplements Item 3035,Health & Beauty,Vitamins & Supplements,Brand_BC,10.45,22.11,0.17,SUPP_008,6,24,5
SKU_03036,Brand_HC Haircare Item 3036,Health & Beauty,Haircare,Brand_HC,12.59,33.27,3.04,SUPP_045,10,92,16
SKU_03037,Brand_CD Footwear Item 3037,Apparel,Footwear,Brand_CD,58.12,114.37,1.78,SUPP_030,28,94,11
SKU_03038,Brand_JD Home Decor Item 3038,Home & Kitchen,Home Decor,Brand_JD,92.87,193.12,2.68,SUPP_002,23,99,12
SKU_03039,Brand_DA Household Supplies Item 3039,Groceries & Essentials,Household Supplies,Brand_DA,7.3,9.26,0.45,SUPP_035,4,15,4
SKU_03040,Brand_AE Team Sports Item 3040,Sports & Outdoors,Team Sports,Brand_AE,157.37,273.73,0.65,SUPP_003,18,26,4
SKU_03041,Brand_DA Personal Care Item 3041,Groceries & Essentials,Personal Care,Brand_DA,30.24,36.87,0.83,SUPP_041,8,21,4
SKU_03042,Brand_JA Snacks Item 3042,Groceries & Essentials,Snacks,Brand_JA,6.96,10.54,0.73,SUPP_012,3,17,5
SKU_03043,Brand_EA Skincare Item 3043,Health & Beauty,Skincare,Brand_EA,9.69,27.03,1.47,SUPP_008,10,62,11
SKU_03044,Brand_AC Home Decor Item 3044,Home & Kitchen,Home Decor,Brand_AC,58.58,99.78,3.1,SUPP_045,17,22,3
SKU_03045,Brand_DD Accessories Item 3045,Apparel,Accessories,Brand_DD,35.23,70.64,1.95,SUPP_035,12,89,15
SKU_03046,Brand_GE Footwear Item 3046,Apparel,Footwear,Brand_GE,58.15,148.31,0.7,SUPP_021,27,35,4
SKU_03047,Brand_JD Women's Wear Item 3047,Apparel,Women's Wear,Brand_JD,43.08,99.79,0.22,SUPP_050,15,29,5
SKU_03048,Brand_DD Storage & Org Item 3048,Home & Kitchen,Storage & Org,Brand_DD,101.12,164.58,2.45,SUPP_001,13,21,4
SKU_03049,Brand_FE Packaged Foods Item 3049,Groceries & Essentials,Packaged Foods,Brand_FE,26.76,38.7,0.98,SUPP_040,13,17,3
SKU_03050,Brand_GC Women's Wear Item 3050,Apparel,Women's Wear,Brand_GC,9.9,18.63,0.13,SUPP_013,25,40,5
SKU_03051,Brand_HE Haircare Item 3051,Health & Beauty,Haircare,Brand_HE,17.98,48.77,1.08,SUPP_044,21,156,20
SKU_03052,Brand_JA Footwear Item 3052,Apparel,Footwear,Brand_JA,34.6,77.19,1.7,SUPP_009,24,109,13
SKU_03053,Brand_IA Storage & Org Item 3053,Home & Kitchen,Storage & Org,Brand_IA,14.54,24.73,0.32,SUPP_036,9,14,3
SKU_03054,Brand_HE Cookware Item 3054,Home & Kitchen,Cookware,Brand_HE,115.32,243.12,0.29,SUPP_014,28,47,6
SKU_03055,Brand_ID Audio Item 3055,Electronics,Audio,Brand_ID,69.18,113.85,2.08,SUPP_006,23,43,6
SKU_03056,Brand_AB Haircare Item 3056,Health & Beauty,Haircare,Brand_AB,17.08,34.92,0.26,SUPP_031,11,28,5
SKU_03057,Brand_HB Haircare Item 3057,Health & Beauty,Haircare,Brand_HB,31.94,71.36,0.6,SUPP_014,16,103,15
SKU_03058,Brand_HC Camping Item 3058,Sports & Outdoors,Camping,Brand_HC,14.94,27.25,1.31,SUPP_032,18,22,3
SKU_03059,Brand_IB Footwear Item 3059,Apparel,Footwear,Brand_IB,48.02,91.83,1.16,SUPP_031,13,36,6
SKU_03060,Brand_EB Household Supplies Item 3060,Groceries & Essentials,Household Supplies,Brand_EB,15.91,21.91,0.51,SUPP_001,7,38,8
SKU_03061,Brand_EA Beverages Item 3061,Groceries & Essentials,Beverages,Brand_EA,3.04,4.25,0.46,SUPP_036,4,15,4
SKU_03062,Brand_BE Beverages Item 3062,Groceries & Essentials,Beverages,Brand_BE,9.74,14.2,0.65,SUPP_013,4,11,3
SKU_03063,Brand_CC Accessories Item 3063,Apparel,Accessories,Brand_CC,51.07,90.17,0.12,SUPP_011,10,25,5
SKU_03064,Brand_CA Men's Wear Item 3064,Apparel,Men's Wear,Brand_CA,90.07,163.02,0.8,SUPP_006,21,60,8
SKU_03065,Brand_GE Computers Item 3065,Electronics,Computers,Brand_GE,135.82,201.39,0.49,SUPP_025,24,133,16
SKU_03066,Brand_AB Home Decor Item 3066,Home & Kitchen,Home Decor,Brand_AB,68.84,146.89,3.04,SUPP_045,14,47,7
SKU_03067,Brand_CA Personal Care Item 3067,Groceries & Essentials,Personal Care,Brand_CA,31.56,37.28,1.41,SUPP_048,5,11,3
SKU_03068,Brand_ED Sportswear Item 3068,Apparel,Sportswear,Brand_ED,27.66,50.38,0.92,SUPP_033,17,148,21
SKU_03069,Brand_FC Packaged Foods Item 3069,Groceries & Essentials,Packaged Foods,Brand_FC,35.61,43.04,0.45,SUPP_032,11,18,3
SKU_03070,Brand_AD Computers Item 3070,Electronics,Computers,Brand_AD,22.67,36.63,0.22,SUPP_010,9,28,5
SKU_03071,Brand_AB Outdoor Recreation Item 3071,Sports & Outdoors,Outdoor Recreation,Brand_AB,39.41,78.73,0.6,SUPP_050,15,38,6
SKU_03072,Brand_HA Women's Wear Item 3072,Apparel,Women's Wear,Brand_HA,72.32,146.75,1.79,SUPP_014,28,85,10
SKU_03073,Brand_GD Computers Item 3073,Electronics,Computers,Brand_GD,185.17,251.14,1.87,SUPP_049,17,112,16
SKU_03074,Brand_CC Computers Item 3074,Electronics,Computers,Brand_CC,32.21,53.27,0.32,SUPP_039,17,54,8
SKU_03075,Brand_IB Computers Item 3075,Electronics,Computers,Brand_IB,35.13,53.68,0.2,SUPP_032,9,35,7
SKU_03076,Brand_EE Haircare Item 3076,Health & Beauty,Haircare,Brand_EE,46.5,91.36,2.91,SUPP_040,15,391,57
SKU_03077,Brand_GC Oral Care Item 3077,Health & Beauty,Oral Care,Brand_GC,9.75,18.58,2.19,SUPP_001,14,32,5
SKU_03078,Brand_GA Wearables Item 3078,Electronics,Wearables,Brand_GA,208.9,349.56,1.19,SUPP_013,24,89,11
SKU_03079,Brand_AC Oral Care Item 3079,Health & Beauty,Oral Care,Brand_AC,34.36,75.29,2.16,SUPP_048,10,21,4
SKU_03080,Brand_HC Smart Home Item 3080,Electronics,Smart Home,Brand_HC,238.6,340.76,1.04,SUPP_046,25,51,6
SKU_03081,Brand_AE Sportswear Item 3081,Apparel,Sportswear,Brand_AE,82.58,149.97,0.17,SUPP_019,14,57,9
SKU_03082,Brand_BC Packaged Foods Item 3082,Groceries & Essentials,Packaged Foods,Brand_BC,4.2,5.57,3.13,SUPP_027,7,234,47
SKU_03083,Brand_AC Footwear Item 3083,Apparel,Footwear,Brand_AC,19.49,33.15,5.2,SUPP_012,27,156,18
SKU_03084,Brand_BA Household Supplies Item 3084,Groceries & Essentials,Household Supplies,Brand_BA,17.48,21.72,0.36,SUPP_046,7,38,8
SKU_03085,Brand_BC Accessories Item 3085,Electronics,Accessories,Brand_BC,86.48,120.65,1.45,SUPP_012,7,18,4
SKU_03086,Brand_AB Snacks Item 3086,Groceries & Essentials,Snacks,Brand_AB,12.93,17.54,2.55,SUPP_036,7,45,9
SKU_03087,Brand_ED Computers Item 3087,Electronics,Computers,Brand_ED,32.45,54.57,0.41,SUPP_027,18,57,8
SKU_03088,Brand_CD Women's Wear Item 3088,Apparel,Women's Wear,Brand_CD,76.11,168.74,3.02,SUPP_043,27,74,9
SKU_03089,Brand_EE Camping Item 3089,Sports & Outdoors,Camping,Brand_EE,26.4,42.28,7.79,SUPP_024,26,536,62
SKU_03090,Brand_BC Computers Item 3090,Electronics,Computers,Brand_BC,159.94,262.84,0.94,SUPP_042,21,138,18
SKU_03091,Brand_GC Footwear Item 3091,Apparel,Footwear,Brand_GC,59.37,101.26,4.68,SUPP_002,28,206,23
SKU_03092,Brand_JC Personal Care Item 3092,Groceries & Essentials,Personal Care,Brand_JC,16.42,22.57,0.27,SUPP_040,5,22,5
SKU_03093,Brand_FC Storage & Org Item 3093,Home & Kitchen,Storage & Org,Brand_FC,110.42,184.01,3.39,SUPP_042,21,79,10
SKU_03094,Brand_JE Accessories Item 3094,Electronics,Accessories,Brand_JE,191.45,269.38,2.55,SUPP_022,21,45,6
SKU_03095,Brand_FC Skincare Item 3095,Health & Beauty,Skincare,Brand_FC,19.14,45.21,0.2,SUPP_022,8,58,11
SKU_03096,Brand_BA Small Appliances Item 3096,Home & Kitchen,Small Appliances,Brand_BA,16.53,30.59,1.21,SUPP_012,20,51,7
SKU_03097,Brand_EB Footwear Item 3097,Apparel,Footwear,Brand_EB,35.17,68.59,0.43,SUPP_036,12,208,34
SKU_03098,Brand_GD Sportswear Item 3098,Apparel,Sportswear,Brand_GD,21.49,45.35,1.76,SUPP_012,12,181,29
SKU_03099,Brand_IC Accessories Item 3099,Electronics,Accessories,Brand_IC,235.33,413.21,0.81,SUPP_032,19,53,7
SKU_03100,Brand_HD Fitness Gear Item 3100,Sports & Outdoors,Fitness Gear,Brand_HD,43.79,78.65,0.18,SUPP_045,16,20,3
SKU_03101,Brand_CA Smart Home Item 3101,Electronics,Smart Home,Brand_CA,132.13,226.63,1.26,SUPP_017,14,23,4
SKU_03102,Brand_HD Snacks Item 3102,Groceries & Essentials,Snacks,Brand_HD,3.32,4.76,0.64,SUPP_002,12,30,5
SKU_03103,Brand_DA Small Appliances Item 3103,Home & Kitchen,Small Appliances,Brand_DA,78.9,142.29,1.75,SUPP_005,11,26,5
SKU_03104,Brand_CC Computers Item 3104,Electronics,Computers,Brand_CC,45.9,82.91,0.67,SUPP_032,23,73,9
SKU_03105,Brand_ID Home Decor Item 3105,Home & Kitchen,Home Decor,Brand_ID,68.01,114.9,0.82,SUPP_027,8,36,7
SKU_03106,Brand_ID Computers Item 3106,Electronics,Computers,Brand_ID,145.44,202.14,0.89,SUPP_050,8,11,2
SKU_03107,Brand_DA Accessories Item 3107,Electronics,Accessories,Brand_DA,215.19,306.63,0.67,SUPP_023,11,165,28
SKU_03108,Brand_EB Storage & Org Item 3108,Home & Kitchen,Storage & Org,Brand_EB,102.64,170.31,0.98,SUPP_049,26,141,17
SKU_03109,Brand_EA Computers Item 3109,Electronics,Computers,Brand_EA,21.15,36.96,0.25,SUPP_008,21,299,38
SKU_03110,Brand_AD Smart Home Item 3110,Electronics,Smart Home,Brand_AD,260.55,362.63,0.41,SUPP_011,11,58,10
SKU_03111,Brand_ED Women's Wear Item 3111,Apparel,Women's Wear,Brand_ED,64.27,153.87,2.77,SUPP_029,19,89,12
SKU_03112,Brand_BA Computers Item 3112,Electronics,Computers,Brand_BA,16.24,25.62,2.85,SUPP_038,11,24,4
SKU_03113,Brand_ED Beverages Item 3113,Groceries & Essentials,Beverages,Brand_ED,21.77,27.08,0.12,SUPP_010,13,19,3
SKU_03114,Brand_BB Packaged Foods Item 3114,Groceries & Essentials,Packaged Foods,Brand_BB,11.51,13.63,0.66,SUPP_015,6,87,19
SKU_03115,Brand_BA Team Sports Item 3115,Sports & Outdoors,Team Sports,Brand_BA,134.52,256.79,1.36,SUPP_039,28,33,4
SKU_03116,Brand_BC Smart Home Item 3116,Electronics,Smart Home,Brand_BC,268.88,365.48,0.53,SUPP_047,13,35,6
SKU_03117,Brand_DA Packaged Foods Item 3117,Groceries & Essentials,Packaged Foods,Brand_DA,9.18,13.14,0.63,SUPP_015,5,11,3
SKU_03118,Brand_JE Storage & Org Item 3118,Home & Kitchen,Storage & Org,Brand_JE,14.63,23.34,0.27,SUPP_017,21,267,34
SKU_03119,Brand_HE Cosmetics Item 3119,Health & Beauty,Cosmetics,Brand_HE,36.68,75.02,0.42,SUPP_002,13,23,4
SKU_03120,Brand_FB Audio Item 3120,Electronics,Audio,Brand_FB,150.61,209.68,1.24,SUPP_044,7,173,35
SKU_03121,Brand_HA Cookware Item 3121,Home & Kitchen,Cookware,Brand_HA,63.74,106.5,0.15,SUPP_033,26,258,30
SKU_03122,Brand_EA Haircare Item 3122,Health & Beauty,Haircare,Brand_EA,28.79,56.1,0.26,SUPP_034,7,49,10
SKU_03123,Brand_IA Men's Wear Item 3123,Apparel,Men's Wear,Brand_IA,38.89,104.6,1.43,SUPP_045,25,201,24
SKU_03124,Brand_HD Accessories Item 3124,Electronics,Accessories,Brand_HD,296.87,424.16,1.88,SUPP_007,8,41,8
SKU_03125,Brand_EA Accessories Item 3125,Apparel,Accessories,Brand_EA,28.3,74.28,2.88,SUPP_018,22,58,8
SKU_03126,Brand_EA Computers Item 3126,Electronics,Computers,Brand_EA,157.3,234.72,3.81,SUPP_032,21,40,5
SKU_03127,Brand_DB Accessories Item 3127,Apparel,Accessories,Brand_DB,43.77,96.35,2.87,SUPP_026,14,50,8
SKU_03128,Brand_FC Men's Wear Item 3128,Apparel,Men's Wear,Brand_FC,47.22,118.7,0.75,SUPP_032,21,98,13
SKU_03129,Brand_CA Women's Wear Item 3129,Apparel,Women's Wear,Brand_CA,65.47,137.21,1.48,SUPP_036,19,158,21
SKU_03130,Brand_CB Packaged Foods Item 3130,Groceries & Essentials,Packaged Foods,Brand_CB,12.43,15.49,1.1,SUPP_022,3,16,5
SKU_03131,Brand_FC Sportswear Item 3131,Apparel,Sportswear,Brand_FC,28.42,71.6,3.94,SUPP_008,24,141,17
SKU_03132,Brand_ED Footwear Item 3132,Apparel,Footwear,Brand_ED,13.17,36.73,1.03,SUPP_038,23,111,14
SKU_03133,Brand_HD Home Decor Item 3133,Home & Kitchen,Home Decor,Brand_HD,58.79,95.27,1.06,SUPP_015,22,149,19
SKU_03134,Brand_CD Audio Item 3134,Electronics,Audio,Brand_CD,241.71,360.99,1.74,SUPP_043,20,25,4
SKU_03135,Brand_JE Wearables Item 3135,Electronics,Wearables,Brand_JE,231.47,349.25,0.39,SUPP_024,23,39,5
SKU_03136,Brand_GB Personal Care Item 3136,Groceries & Essentials,Personal Care,Brand_GB,31.24,39.63,1.91,SUPP_010,7,43,9
SKU_03137,Brand_FD Computers Item 3137,Electronics,Computers,Brand_FD,82.59,112.11,0.57,SUPP_010,14,63,10
SKU_03138,Brand_CB Small Appliances Item 3138,Home & Kitchen,Small Appliances,Brand_CB,20.81,32.43,1.15,SUPP_013,21,52,7
SKU_03139,Brand_CB Vitamins & Supplements Item 3139,Health & Beauty,Vitamins & Supplements,Brand_CB,21.09,69.87,2.22,SUPP_023,14,104,16
SKU_03140,Brand_GA Personal Care Item 3140,Groceries & Essentials,Personal Care,Brand_GA,16.15,20.52,2.84,SUPP_008,6,36,8
SKU_03141,Brand_GE Household Supplies Item 3141,Groceries & Essentials,Household Supplies,Brand_GE,17.48,23.42,3.27,SUPP_025,8,20,4
SKU_03142,Brand_GD Smart Home Item 3142,Electronics,Smart Home,Brand_GD,134.95,241.02,1.67,SUPP_030,9,28,5
SKU_03143,Brand_FA Footwear Item 3143,Apparel,Footwear,Brand_FA,61.29,110.32,0.15,SUPP_027,19,50,7
SKU_03144,Brand_GB Audio Item 3144,Electronics,Audio,Brand_GB,114.09,197.04,1.34,SUPP_038,9,88,16
SKU_03145,Brand_HB Camping Item 3145,Sports & Outdoors,Camping,Brand_HB,202.8,325.46,0.25,SUPP_045,12,38,6
SKU_03146,Brand_JC Accessories Item 3146,Apparel,Accessories,Brand_JC,91.28,161.94,1.34,SUPP_043,25,57,7
SKU_03147,Brand_CA Vitamins & Supplements Item 3147,Health & Beauty,Vitamins & Supplements,Brand_CA,50.67,98.27,0.66,SUPP_048,18,63,9
SKU_03148,Brand_HE Audio Item 3148,Electronics,Audio,Brand_HE,41.54,57.23,1.42,SUPP_011,10,92,16
SKU_03149,Brand_CC Men's Wear Item 3149,Apparel,Men's Wear,Brand_CC,53.52,129.8,0.98,SUPP_013,23,78,10
SKU_03150,Brand_EA Fitness Gear Item 3150,Sports & Outdoors,Fitness Gear,Brand_EA,157.98,297.21,1.06,SUPP_043,23,103,13
SKU_03151,Brand_DA Outdoor Recreation Item 3151,Sports & Outdoors,Outdoor Recreation,Brand_DA,82.57,163.87,0.79,SUPP_008,18,39,6
SKU_03152,Brand_BC Personal Care Item 3152,Groceries & Essentials,Personal Care,Brand_BC,20.3,28.32,0.22,SUPP_018,8,18,4
SKU_03153,Brand_AB Audio Item 3153,Electronics,Audio,Brand_AB,189.5,305.45,2.59,SUPP_041,16,253,36
SKU_03154,Brand_GB Beverages Item 3154,Groceries & Essentials,Beverages,Brand_GB,23.66,33.55,1.6,SUPP_047,8,53,10
SKU_03155,Brand_EA Beverages Item 3155,Groceries & Essentials,Beverages,Brand_EA,15.95,18.84,0.82,SUPP_016,3,31,9
SKU_03156,Brand_DE Smart Home Item 3156,Electronics,Smart Home,Brand_DE,92.79,141.78,0.88,SUPP_047,21,27,4
SKU_03157,Brand_IC Home Decor Item 3157,Home & Kitchen,Home Decor,Brand_IC,28.62,52.63,0.17,SUPP_039,24,73,9
SKU_03158,Brand_ED Bedding Item 3158,Home & Kitchen,Bedding,Brand_ED,78.17,139.58,0.52,SUPP_038,23,37,5
SKU_03159,Brand_EC Sportswear Item 3159,Apparel,Sportswear,Brand_EC,67.51,114.46,2.26,SUPP_002,29,52,6
SKU_03160,Brand_BE Team Sports Item 3160,Sports & Outdoors,Team Sports,Brand_BE,41.05,73.91,1.95,SUPP_016,10,19,4
SKU_03161,Brand_AA Vitamins & Supplements Item 3161,Health & Beauty,Vitamins & Supplements,Brand_AA,26.84,68.0,2.58,SUPP_036,15,75,11
SKU_03162,Brand_EA Cosmetics Item 3162,Health & Beauty,Cosmetics,Brand_EA,41.91,93.91,0.46,SUPP_019,21,34,5
SKU_03163,Brand_ED Wearables Item 3163,Electronics,Wearables,Brand_ED,52.65,91.2,2.31,SUPP_018,20,82,11
SKU_03164,Brand_AA Wearables Item 3164,Electronics,Wearables,Brand_AA,65.41,112.18,0.49,SUPP_003,16,45,7
SKU_03165,Brand_HD Household Supplies Item 3165,Groceries & Essentials,Household Supplies,Brand_HD,20.97,30.97,1.16,SUPP_048,13,70,11
SKU_03166,Brand_CA Small Appliances Item 3166,Home & Kitchen,Small Appliances,Brand_CA,83.92,140.29,0.76,SUPP_039,15,55,8
SKU_03167,Brand_CE Footwear Item 3167,Apparel,Footwear,Brand_CE,29.16,76.96,2.98,SUPP_016,28,54,6
SKU_03168,Brand_BC Personal Care Item 3168,Groceries & Essentials,Personal Care,Brand_BC,25.02,37.57,0.16,SUPP_025,3,9,3
SKU_03169,Brand_AE Household Supplies Item 3169,Groceries & Essentials,Household Supplies,Brand_AE,11.99,17.48,0.73,SUPP_005,10,62,11
SKU_03170,Brand_JC Bedding Item 3170,Home & Kitchen,Bedding,Brand_JC,57.95,97.13,0.49,SUPP_008,16,33,5
SKU_03171,Brand_GC Men's Wear Item 3171,Apparel,Men's Wear,Brand_GC,62.57,121.24,0.79,SUPP_009,13,17,3
SKU_03172,Brand_AD Accessories Item 3172,Apparel,Accessories,Brand_AD,36.54,67.78,2.63,SUPP_046,24,105,13
SKU_03173,Brand_IA Women's Wear Item 3173,Apparel,Women's Wear,Brand_IA,45.24,99.29,2.14,SUPP_036,25,50,6
SKU_03174,Brand_FA Packaged Foods Item 3174,Groceries & Essentials,Packaged Foods,Brand_FA,27.51,38.78,2.52,SUPP_022,6,16,4
SKU_03175,Brand_HC Accessories Item 3175,Electronics,Accessories,Brand_HC,214.08,304.0,0.32,SUPP_003,17,40,6
SKU_03176,Brand_IC Accessories Item 3176,Electronics,Accessories,Brand_IC,64.77,110.6,0.97,SUPP_028,10,15,3
SKU_03177,Brand_ID Household Supplies Item 3177,Groceries & Essentials,Household Supplies,Brand_ID,29.97,41.1,0.52,SUPP_024,8,30,6
SKU_03178,Brand_GB Accessories Item 3178,Electronics,Accessories,Brand_GB,66.12,101.05,0.98,SUPP_017,15,88,13
SKU_03179,Brand_ED Fitness Gear Item 3179,Sports & Outdoors,Fitness Gear,Brand_ED,212.4,308.99,1.42,SUPP_006,20,30,4
SKU_03180,Brand_EC Smart Home Item 3180,Electronics,Smart Home,Brand_EC,248.1,367.43,1.91,SUPP_005,13,18,3
SKU_03181,Brand_IB Sportswear Item 3181,Apparel,Sportswear,Brand_IB,73.37,157.27,0.13,SUPP_026,16,67,10
SKU_03182,Brand_GD Audio Item 3182,Electronics,Audio,Brand_GD,181.24,311.9,1.05,SUPP_021,20,137,18
SKU_03183,Brand_HC Bedding Item 3183,Home & Kitchen,Bedding,Brand_HC,35.96,75.26,1.67,SUPP_022,16,55,8
SKU_03184,Brand_GA Smart Home Item 3184,Electronics,Smart Home,Brand_GA,17.85,31.62,0.4,SUPP_010,17,23,4
SKU_03185,Brand_JC Cycling Item 3185,Sports & Outdoors,Cycling,Brand_JC,98.71,141.19,1.82,SUPP_045,24,486,58
SKU_03186,Brand_EE Packaged Foods Item 3186,Groceries & Essentials,Packaged Foods,Brand_EE,25.38,38.2,1.41,SUPP_048,12,56,9
SKU_03187,Brand_AD Footwear Item 3187,Apparel,Footwear,Brand_AD,33.84,63.08,0.18,SUPP_028,20,68,9
SKU_03188,Brand_EC Sportswear Item 3188,Apparel,Sportswear,Brand_EC,50.56,106.58,1.11,SUPP_049,30,100,11
SKU_03189,Brand_DB Snacks Item 3189,Groceries & Essentials,Snacks,Brand_DB,26.78,32.79,2.62,SUPP_038,12,38,6
SKU_03190,Brand_DA Beverages Item 3190,Groceries & Essentials,Beverages,Brand_DA,8.87,10.55,0.7,SUPP_030,7,12,3
SKU_03191,Brand_GD Footwear Item 3191,Apparel,Footwear,Brand_GD,16.09,27.52,1.49,SUPP_019,21,129,17
SKU_03192,Brand_HB Cosmetics Item 3192,Health & Beauty,Cosmetics,Brand_HB,15.79,33.91,0.17,SUPP_012,14,45,7
SKU_03193,Brand_CB Small Appliances Item 3193,Home & Kitchen,Small Appliances,Brand_CB,20.22,43.18,1.45,SUPP_049,9,85,16
SKU_03194,Brand_AB Haircare Item 3194,Health & Beauty,Haircare,Brand_AB,35.56,80.98,0.62,SUPP_045,17,38,6
SKU_03195,Brand_CB Bedding Item 3195,Home & Kitchen,Bedding,Brand_CB,93.03,177.59,4.36,SUPP_046,17,58,8
SKU_03196,Brand_EC Men's Wear Item 3196,Apparel,Men's Wear,Brand_EC,27.45,65.56,0.54,SUPP_012,13,18,3
SKU_03197,Brand_GE Personal Care Item 3197,Groceries & Essentials,Personal Care,Brand_GE,17.92,22.56,4.68,SUPP_009,5,74,17
SKU_03198,Brand_GC Accessories Item 3198,Apparel,Accessories,Brand_GC,19.12,45.56,0.99,SUPP_032,30,58,7
SKU_03199,Brand_EB Footwear Item 3199,Apparel,Footwear,Brand_EB,12.23,23.14,0.73,SUPP_025,15,232,34
SKU_03200,Brand_DE Footwear Item 3200,Apparel,Footwear,Brand_DE,37.82,73.85,1.62,SUPP_013,24,42,5
SKU_03201,Brand_HB Sportswear Item 3201,Apparel,Sportswear,Brand_HB,43.84,106.65,3.05,SUPP_008,12,49,8
SKU_03202,Brand_JE Beverages Item 3202,Groceries & Essentials,Beverages,Brand_JE,9.24,14.16,3.93,SUPP_008,5,17,4
SKU_03203,Brand_FE Cookware Item 3203,Home & Kitchen,Cookware,Brand_FE,8.58,16.46,2.56,SUPP_025,18,73,10
SKU_03204,Brand_BB Outdoor Recreation Item 3204,Sports & Outdoors,Outdoor Recreation,Brand_BB,31.42,51.78,1.32,SUPP_013,11,27,5
SKU_03205,Brand_HD Beverages Item 3205,Groceries & Essentials,Beverages,Brand_HD,2.12,2.69,1.15,SUPP_030,9,83,15
SKU_03206,Brand_EE Household Supplies Item 3206,Groceries & Essentials,Household Supplies,Brand_EE,29.54,39.63,3.33,SUPP_029,12,32,5
SKU_03207,Brand_FC Sportswear Item 3207,Apparel,Sportswear,Brand_FC,78.61,170.98,1.75,SUPP_031,20,83,11
SKU_03208,Brand_DC Men's Wear Item 3208,Apparel,Men's Wear,Brand_DC,81.64,161.81,1.98,SUPP_005,13,50,8
SKU_03209,Brand_EE Vitamins & Supplements Item 3209,Health & Beauty,Vitamins & Supplements,Brand_EE,9.7,31.04,0.35,SUPP_045,17,76,11
SKU_03210,Brand_EC Packaged Foods Item 3210,Groceries & Essentials,Packaged Foods,Brand_EC,24.94,30.92,2.04,SUPP_046,12,149,24
SKU_03211,Brand_GD Cookware Item 3211,Home & Kitchen,Cookware,Brand_GD,66.68,106.32,2.0,SUPP_009,17,89,13
SKU_03212,Brand_HB Women's Wear Item 3212,Apparel,Women's Wear,Brand_HB,36.32,67.89,0.17,SUPP_027,16,64,9
SKU_03213,Brand_BC Vitamins & Supplements Item 3213,Health & Beauty,Vitamins & Supplements,Brand_BC,18.69,41.07,2.49,SUPP_031,16,48,7
SKU_03214,Brand_CB Team Sports Item 3214,Sports & Outdoors,Team Sports,Brand_CB,133.89,241.41,0.76,SUPP_008,26,39,5
SKU_03215,Brand_GA Beverages Item 3215,Groceries & Essentials,Beverages,Brand_GA,33.95,42.86,7.64,SUPP_006,14,25,4
SKU_03216,Brand_BD Packaged Foods Item 3216,Groceries & Essentials,Packaged Foods,Brand_BD,26.38,33.25,0.13,SUPP_017,3,6,2
SKU_03217,Brand_AD Beverages Item 3217,Groceries & Essentials,Beverages,Brand_AD,22.93,29.63,0.11,SUPP_019,9,39,7
SKU_03218,Brand_FD Accessories Item 3218,Electronics,Accessories,Brand_FD,235.71,343.76,1.11,SUPP_028,19,104,14
SKU_03219,Brand_HE Personal Care Item 3219,Groceries & Essentials,Personal Care,Brand_HE,33.17,43.96,2.34,SUPP_010,10,23,4
SKU_03220,Brand_AE Accessories Item 3220,Apparel,Accessories,Brand_AE,30.38,83.43,1.14,SUPP_043,15,31,5
SKU_03221,Brand_FE Small Appliances Item 3221,Home & Kitchen,Small Appliances,Brand_FE,101.78,197.25,0.25,SUPP_018,19,27,4
SKU_03222,Brand_CC Women's Wear Item 3222,Apparel,Women's Wear,Brand_CC,45.69,78.98,0.77,SUPP_025,14,126,19
SKU_03223,Brand_GE Men's Wear Item 3223,Apparel,Men's Wear,Brand_GE,49.94,125.05,0.18,SUPP_012,16,31,5
SKU_03224,Brand_BD Accessories Item 3224,Apparel,Accessories,Brand_BD,46.33,109.44,0.15,SUPP_039,24,39,5
SKU_03225,Brand_FD Audio Item 3225,Electronics,Audio,Brand_FD,267.99,378.67,0.6,SUPP_015,24,67,8
SKU_03226,Brand_AB Cycling Item 3226,Sports & Outdoors,Cycling,Brand_AB,109.31,185.43,0.7,SUPP_045,15,74,11
SKU_03227,Brand_FE Men's Wear Item 3227,Apparel,Men's Wear,Brand_FE,75.0,141.52,0.89,SUPP_022,25,30,4
SKU_03228,Brand_HA Team Sports Item 3228,Sports & Outdoors,Team Sports,Brand_HA,54.33,101.24,0.45,SUPP_009,19,31,4
SKU_03229,Brand_JB Packaged Foods Item 3229,Groceries & Essentials,Packaged Foods,Brand_JB,6.21,7.75,0.62,SUPP_049,10,90,16
SKU_03230,Brand_IA Personal Care Item 3230,Groceries & Essentials,Personal Care,Brand_IA,5.87,8.28,3.89,SUPP_006,5,30,7
SKU_03231,Brand_FD Storage & Org Item 3231,Home & Kitchen,Storage & Org,Brand_FD,16.18,26.73,0.97,SUPP_042,18,25,4
SKU_03232,Brand_AA Wearables Item 3232,Electronics,Wearables,Brand_AA,36.94,50.07,0.93,SUPP_027,14,78,12
SKU_03233,Brand_HA Men's Wear Item 3233,Apparel,Men's Wear,Brand_HA,79.93,163.17,4.38,SUPP_023,14,64,10
SKU_03234,Brand_CA Footwear Item 3234,Apparel,Footwear,Brand_CA,29.62,75.86,0.55,SUPP_049,24,49,6
SKU_03235,Brand_HB Storage & Org Item 3235,Home & Kitchen,Storage & Org,Brand_HB,81.65,172.94,1.78,SUPP_033,18,60,8
SKU_03236,Brand_JB Smart Home Item 3236,Electronics,Smart Home,Brand_JB,145.15,209.37,1.21,SUPP_048,23,120,15
SKU_03237,Brand_FC Storage & Org Item 3237,Home & Kitchen,Storage & Org,Brand_FC,78.89,164.73,1.4,SUPP_002,26,93,11
SKU_03238,Brand_AD Accessories Item 3238,Electronics,Accessories,Brand_AD,240.14,392.93,0.41,SUPP_035,20,165,22
SKU_03239,Brand_IE Sportswear Item 3239,Apparel,Sportswear,Brand_IE,40.7,81.62,0.76,SUPP_004,12,59,10
SKU_03240,Brand_DC Haircare Item 3240,Health & Beauty,Haircare,Brand_DC,17.27,55.8,0.78,SUPP_030,11,173,29
SKU_03241,Brand_JA Accessories Item 3241,Apparel,Accessories,Brand_JA,62.5,146.06,5.42,SUPP_010,15,72,11
SKU_03242,Brand_BE Bedding Item 3242,Home & Kitchen,Bedding,Brand_BE,86.81,134.96,0.66,SUPP_041,13,17,3
SKU_03243,Brand_IE Snacks Item 3243,Groceries & Essentials,Snacks,Brand_IE,8.22,11.05,2.17,SUPP_011,6,79,17
SKU_03244,Brand_AD Household Supplies Item 3244,Groceries & Essentials,Household Supplies,Brand_AD,31.91,44.56,0.61,SUPP_032,8,108,21
SKU_03245,Brand_IB Audio Item 3245,Electronics,Audio,Brand_IB,104.38,166.78,0.87,SUPP_005,16,20,3
SKU_03246,Brand_DB Household Supplies Item 3246,Groceries & Essentials,Household Supplies,Brand_DB,11.6,14.38,0.54,SUPP_006,6,26,6
SKU_03247,Brand_GC Snacks Item 3247,Groceries & Essentials,Snacks,Brand_GC,11.97,18.26,0.5,SUPP_014,5,144,33
SKU_03248,Brand_HA Packaged Foods Item 3248,Groceries & Essentials,Packaged Foods,Brand_HA,21.15,32.09,0.79,SUPP_044,8,15,3
SKU_03249,Brand_EB Accessories Item 3249,Electronics,Accessories,Brand_EB,215.05,357.37,0.39,SUPP_009,24,62,8
SKU_03250,Brand_BE Home Decor Item 3250,Home & Kitchen,Home Decor,Brand_BE,72.21,145.11,2.41,SUPP_030,21,79,10
SKU_03251,Brand_IA Women's Wear Item 3251,Apparel,Women's Wear,Brand_IA,23.98,63.47,0.43,SUPP_019,30,102,11
SKU_03252,Brand_CE Accessories Item 3252,Apparel,Accessories,Brand_CE,37.44,65.51,1.53,SUPP_020,18,51,7
SKU_03253,Brand_IC Beverages Item 3253,Groceries & Essentials,Beverages,Brand_IC,15.49,21.41,0.71,SUPP_024,14,20,3
SKU_03254,Brand_DB Beverages Item 3254,Groceries & Essentials,Beverages,Brand_DB,9.59,11.68,0.69,SUPP_012,14,38,6
SKU_03255,Brand_DE Cycling Item 3255,Sports & Outdoors,Cycling,Brand_DE,194.42,282.8,2.16,SUPP_049,13,60,10
SKU_03256,Brand_HC Accessories Item 3256,Electronics,Accessories,Brand_HC,166.96,295.14,0.99,SUPP_039,13,25,4
SKU_03257,Brand_HC Accessories Item 3257,Apparel,Accessories,Brand_HC,9.12,15.46,1.81,SUPP_033,18,173,24
SKU_03258,Brand_FD Smart Home Item 3258,Electronics,Smart Home,Brand_FD,200.32,333.15,3.06,SUPP_031,10,18,3
SKU_03259,Brand_JD Household Supplies Item 3259,Groceries & Essentials,Household Supplies,Brand_JD,17.73,23.76,1.61,SUPP_005,13,57,9
SKU_03260,Brand_GA Household Supplies Item 3260,Groceries & Essentials,Household Supplies,Brand_GA,9.03,13.56,2.24,SUPP_028,8,23,5
SKU_03261,Brand_IE Women's Wear Item 3261,Apparel,Women's Wear,Brand_IE,49.67,97.1,1.66,SUPP_010,16,72,11
SKU_03262,Brand_DD Beverages Item 3262,Groceries & Essentials,Beverages,Brand_DD,4.45,5.66,0.68,SUPP_002,8,66,13
SKU_03263,Brand_CD Cosmetics Item 3263,Health & Beauty,Cosmetics,Brand_CD,17.55,47.93,1.49,SUPP_001,21,48,6
SKU_03264,Brand_EC Oral Care Item 3264,Health & Beauty,Oral Care,Brand_EC,41.0,118.35,4.31,SUPP_002,6,441,94
SKU_03265,Brand_CC Accessories Item 3265,Electronics,Accessories,Brand_CC,190.39,306.41,3.6,SUPP_044,7,17,4
SKU_03266,Brand_ED Computers Item 3266,Electronics,Computers,Brand_ED,224.5,303.92,0.14,SUPP_019,19,81,11
SKU_03267,Brand_ID Smart Home Item 3267,Electronics,Smart Home,Brand_ID,243.41,428.13,0.24,SUPP_036,21,123,16
SKU_03268,Brand_IA Camping Item 3268,Sports & Outdoors,Camping,Brand_IA,22.11,43.81,2.14,SUPP_033,30,84,9
SKU_03269,Brand_JE Computers Item 3269,Electronics,Computers,Brand_JE,45.97,69.93,2.07,SUPP_014,21,38,5
SKU_03270,Brand_AB Wearables Item 3270,Electronics,Wearables,Brand_AB,71.3,98.93,2.45,SUPP_029,7,48,10
SKU_03271,Brand_BA Storage & Org Item 3271,Home & Kitchen,Storage & Org,Brand_BA,65.88,116.56,1.27,SUPP_012,26,73,9
SKU_03272,Brand_GC Sportswear Item 3272,Apparel,Sportswear,Brand_GC,20.59,35.58,0.56,SUPP_027,30,60,7
SKU_03273,Brand_FB Wearables Item 3273,Electronics,Wearables,Brand_FB,49.91,86.13,1.09,SUPP_029,24,106,13
SKU_03274,Brand_DD Cycling Item 3274,Sports & Outdoors,Cycling,Brand_DD,125.85,239.74,7.9,SUPP_045,15,71,11
SKU_03275,Brand_JA Accessories Item 3275,Apparel,Accessories,Brand_JA,22.03,61.87,1.92,SUPP_034,30,56,6
SKU_03276,Brand_AB Snacks Item 3276,Groceries & Essentials,Snacks,Brand_AB,2.72,3.82,1.1,SUPP_029,10,21,4
SKU_03277,Brand_FD Footwear Item 3277,Apparel,Footwear,Brand_FD,100.27,178.42,1.03,SUPP_037,27,53,6
SKU_03278,Brand_CA Footwear Item 3278,Apparel,Footwear,Brand_CA,70.81,139.78,0.35,SUPP_029,12,216,35
SKU_03279,Brand_IC Packaged Foods Item 3279,Groceries & Essentials,Packaged Foods,Brand_IC,18.45,25.3,2.21,SUPP_027,13,68,11
SKU_03280,Brand_IE Packaged Foods Item 3280,Groceries & Essentials,Packaged Foods,Brand_IE,14.22,19.15,1.52,SUPP_003,13,497,77
SKU_03281,Brand_BE Bedding Item 3281,Home & Kitchen,Bedding,Brand_BE,71.87,112.95,3.14,SUPP_003,20,43,6
SKU_03282,Brand_AD Cookware Item 3282,Home & Kitchen,Cookware,Brand_AD,27.33,60.55,1.37,SUPP_016,7,25,5
SKU_03283,Brand_DD Audio Item 3283,Electronics,Audio,Brand_DD,235.46,361.77,1.6,SUPP_037,7,44,9
SKU_03284,Brand_GB Packaged Foods Item 3284,Groceries & Essentials,Packaged Foods,Brand_GB,24.78,30.22,1.54,SUPP_024,12,75,12
SKU_03285,Brand_AA Vitamins & Supplements Item 3285,Health & Beauty,Vitamins & Supplements,Brand_AA,43.74,88.11,0.28,SUPP_050,7,15,3
SKU_03286,Brand_FE Accessories Item 3286,Electronics,Accessories,Brand_FE,301.73,422.13,2.46,SUPP_032,21,38,5
SKU_03287,Brand_FE Household Supplies Item 3287,Groceries & Essentials,Household Supplies,Brand_FE,12.27,15.64,1.45,SUPP_019,14,39,6
SKU_03288,Brand_DA Vitamins & Supplements Item 3288,Health & Beauty,Vitamins & Supplements,Brand_DA,23.22,50.16,0.44,SUPP_050,6,33,7
SKU_03289,Brand_EE Skincare Item 3289,Health & Beauty,Skincare,Brand_EE,20.36,52.81,0.8,SUPP_038,5,8,2
SKU_03290,Brand_ED Fitness Gear Item 3290,Sports & Outdoors,Fitness Gear,Brand_ED,44.54,71.66,2.69,SUPP_005,16,134,19
SKU_03291,Brand_AE Packaged Foods Item 3291,Groceries & Essentials,Packaged Foods,Brand_AE,10.62,15.61,1.16,SUPP_042,9,19,4
SKU_03292,Brand_FA Home Decor Item 3292,Home & Kitchen,Home Decor,Brand_FA,69.67,136.4,1.17,SUPP_009,15,91,14
SKU_03293,Brand_BB Accessories Item 3293,Apparel,Accessories,Brand_BB,60.69,126.09,2.15,SUPP_004,11,23,4
SKU_03294,Brand_FD Oral Care Item 3294,Health & Beauty,Oral Care,Brand_FD,2.66,6.29,3.96,SUPP_035,10,34,6
SKU_03295,Brand_FB Accessories Item 3295,Electronics,Accessories,Brand_FB,251.09,439.6,0.44,SUPP_022,10,43,8
SKU_03296,Brand_ID Beverages Item 3296,Groceries & Essentials,Beverages,Brand_ID,27.5,41.03,0.44,SUPP_010,5,13,3
SKU_03297,Brand_EA Oral Care Item 3297,Health & Beauty,Oral Care,Brand_EA,40.76,116.37,4.69,SUPP_036,6,26,6
SKU_03298,Brand_AE Audio Item 3298,Electronics,Audio,Brand_AE,80.59,123.44,1.27,SUPP_039,16,112,16
SKU_03299,Brand_FC Cosmetics Item 3299,Health & Beauty,Cosmetics,Brand_FC,37.18,110.26,1.01,SUPP_012,17,395,55
SKU_03300,Brand_AC Accessories Item 3300,Electronics,Accessories,Brand_AC,58.04,81.28,2.54,SUPP_026,10,91,16
SKU_03301,Brand_BD Personal Care Item 3301,Groceries & Essentials,Personal Care,Brand_BD,30.15,44.04,2.06,SUPP_011,12,21,4
SKU_03302,Brand_AB Cosmetics Item 3302,Health & Beauty,Cosmetics,Brand_AB,30.0,75.44,2.04,SUPP_005,18,54,8
SKU_03303,Brand_HC Computers Item 3303,Electronics,Computers,Brand_HC,98.82,143.76,0.3,SUPP_043,21,45,6
SKU_03304,Brand_FA Cosmetics Item 3304,Health & Beauty,Cosmetics,Brand_FA,49.6,90.73,3.56,SUPP_040,11,39,7
SKU_03305,Brand_CE Wearables Item 3305,Electronics,Wearables,Brand_CE,105.74,155.3,2.92,SUPP_037,25,101,12
SKU_03306,Brand_FE Computers Item 3306,Electronics,Computers,Brand_FE,164.46,232.47,1.61,SUPP_015,18,43,6
SKU_03307,Brand_EA Home Decor Item 3307,Home & Kitchen,Home Decor,Brand_EA,19.84,30.6,1.29,SUPP_048,10,35,6
SKU_03308,Brand_AC Beverages Item 3308,Groceries & Essentials,Beverages,Brand_AC,4.8,6.64,0.25,SUPP_024,5,42,10
SKU_03309,Brand_FA Men's Wear Item 3309,Apparel,Men's Wear,Brand_FA,47.02,79.99,5.18,SUPP_048,22,64,8
SKU_03310,Brand_DD Women's Wear Item 3310,Apparel,Women's Wear,Brand_DD,47.54,123.59,5.7,SUPP_019,28,211,24
SKU_03311,Brand_JC Small Appliances Item 3311,Home & Kitchen,Small Appliances,Brand_JC,75.91,121.83,0.93,SUPP_019,26,90,11
SKU_03312,Brand_JD Personal Care Item 3312,Groceries & Essentials,Personal Care,Brand_JD,31.72,41.07,1.59,SUPP_015,9,52,10
SKU_03313,Brand_FA Oral Care Item 3313,Health & Beauty,Oral Care,Brand_FA,33.84,88.49,0.79,SUPP_007,14,19,3
SKU_03314,Brand_FB Home Decor Item 3314,Home & Kitchen,Home Decor,Brand_FB,122.26,229.36,0.82,SUPP_034,23,85,11
SKU_03315,Brand_FB Team Sports Item 3315,Sports & Outdoors,Team Sports,Brand_FB,150.56,278.39,0.96,SUPP_001,25,42,5
SKU_03316,Brand_IE Camping Item 3316,Sports & Outdoors,Camping,Brand_IE,137.86,260.78,1.52,SUPP_029,17,85,12
SKU_03317,Brand_FB Sportswear Item 3317,Apparel,Sportswear,Brand_FB,25.88,71.5,1.9,SUPP_032,24,69,9
SKU_03318,Brand_JE Packaged Foods Item 3318,Groceries & Essentials,Packaged Foods,Brand_JE,4.15,5.95,0.85,SUPP_013,12,16,3
SKU_03319,Brand_DA Home Decor Item 3319,Home & Kitchen,Home Decor,Brand_DA,10.41,18.13,1.87,SUPP_002,28,93,11
SKU_03320,Brand_EB Cookware Item 3320,Home & Kitchen,Cookware,Brand_EB,103.53,213.51,3.43,SUPP_016,16,60,9
SKU_03321,Brand_GC Accessories Item 3321,Electronics,Accessories,Brand_GC,51.86,74.29,1.01,SUPP_016,16,152,22
SKU_03322,Brand_FD Packaged Foods Item 3322,Groceries & Essentials,Packaged Foods,Brand_FD,4.79,6.32,2.69,SUPP_014,14,57,9
SKU_03323,Brand_FE Footwear Item 3323,Apparel,Footwear,Brand_FE,34.68,97.64,0.2,SUPP_040,26,61,7
SKU_03324,Brand_FC Personal Care Item 3324,Groceries & Essentials,Personal Care,Brand_FC,9.74,13.06,0.14,SUPP_038,7,28,6
SKU_03325,Brand_IB Accessories Item 3325,Apparel,Accessories,Brand_IB,63.67,130.47,0.66,SUPP_010,16,25,4
SKU_03326,Brand_ED Accessories Item 3326,Electronics,Accessories,Brand_ED,247.71,428.2,2.47,SUPP_014,9,15,3
SKU_03327,Brand_AD Home Decor Item 3327,Home & Kitchen,Home Decor,Brand_AD,72.63,159.79,0.26,SUPP_049,23,267,33
SKU_03328,Brand_GC Team Sports Item 3328,Sports & Outdoors,Team Sports,Brand_GC,62.39,117.97,1.36,SUPP_028,20,25,4
SKU_03329,Brand_HE Accessories Item 3329,Electronics,Accessories,Brand_HE,118.26,161.97,4.81,SUPP_022,7,13,3
SKU_03330,Brand_JE Personal Care Item 3330,Groceries & Essentials,Personal Care,Brand_JE,14.89,20.66,0.6,SUPP_004,13,181,28
SKU_03331,Brand_GE Women's Wear Item 3331,Apparel,Women's Wear,Brand_GE,57.7,115.28,1.8,SUPP_006,28,90,10
SKU_03332,Brand_FD Wearables Item 3332,Electronics,Wearables,Brand_FD,169.04,278.18,2.73,SUPP_006,22,76,10
SKU_03333,Brand_JE Vitamins & Supplements Item 3333,Health & Beauty,Vitamins & Supplements,Brand_JE,8.86,20.23,0.46,SUPP_027,17,72,10
SKU_03334,Brand_IE Footwear Item 3334,Apparel,Footwear,Brand_IE,40.39,109.06,1.41,SUPP_033,14,56,9
SKU_03335,Brand_AA Storage & Org Item 3335,Home & Kitchen,Storage & Org,Brand_AA,57.43,89.94,0.68,SUPP_004,7,24,5
SKU_03336,Brand_FD Personal Care Item 3336,Groceries & Essentials,Personal Care,Brand_FD,3.75,4.91,0.51,SUPP_027,3,20,6
SKU_03337,Brand_CE Small Appliances Item 3337,Home & Kitchen,Small Appliances,Brand_CE,20.47,34.96,1.26,SUPP_007,24,59,7
SKU_03338,Brand_CE Footwear Item 3338,Apparel,Footwear,Brand_CE,18.16,44.36,0.19,SUPP_030,16,52,8
SKU_03339,Brand_FC Snacks Item 3339,Groceries & Essentials,Snacks,Brand_FC,17.68,22.54,0.56,SUPP_015,7,83,17
SKU_03340,Brand_DB Packaged Foods Item 3340,Groceries & Essentials,Packaged Foods,Brand_DB,13.26,20.31,1.4,SUPP_019,8,23,5
SKU_03341,Brand_CA Bedding Item 3341,Home & Kitchen,Bedding,Brand_CA,85.82,161.93,2.12,SUPP_039,13,91,14
SKU_03342,Brand_FD Camping Item 3342,Sports & Outdoors,Camping,Brand_FD,178.75,296.0,1.64,SUPP_012,18,43,6
SKU_03343,Brand_HA Household Supplies Item 3343,Groceries & Essentials,Household Supplies,Brand_HA,14.73,21.98,1.68,SUPP_014,8,16,3
SKU_03344,Brand_GD Snacks Item 3344,Groceries & Essentials,Snacks,Brand_GD,22.36,29.44,1.51,SUPP_044,4,7,2
SKU_03345,Brand_JB Wearables Item 3345,Electronics,Wearables,Brand_JB,92.18,134.66,0.83,SUPP_042,24,125,15
SKU_03346,Brand_JB Accessories Item 3346,Electronics,Accessories,Brand_JB,190.95,320.59,0.85,SUPP_042,18,64,9
SKU_03347,Brand_BA Cookware Item 3347,Home & Kitchen,Cookware,Brand_BA,115.64,224.72,1.67,SUPP_027,13,91,14
SKU_03348,Brand_JE Snacks Item 3348,Groceries & Essentials,Snacks,Brand_JE,21.32,25.31,1.65,SUPP_005,4,10,3
SKU_03349,Brand_GB Storage & Org Item 3349,Home & Kitchen,Storage & Org,Brand_GB,122.44,195.08,0.89,SUPP_008,9,17,3
SKU_03350,Brand_EE Snacks Item 3350,Groceries & Essentials,Snacks,Brand_EE,20.42,31.12,1.7,SUPP_049,14,42,7
SKU_03351,Brand_HE Snacks Item 3351,Groceries & Essentials,Snacks,Brand_HE,13.03,18.23,0.81,SUPP_023,9,42,8
SKU_03352,Brand_FB Beverages Item 3352,Groceries & Essentials,Beverages,Brand_FB,20.8,25.39,2.6,SUPP_047,9,51,10
SKU_03353,Brand_GD Cookware Item 3353,Home & Kitchen,Cookware,Brand_GD,11.49,24.99,2.97,SUPP_029,23,126,16
SKU_03354,Brand_BA Wearables Item 3354,Electronics,Wearables,Brand_BA,113.95,184.7,2.23,SUPP_032,17,165,23
SKU_03355,Brand_GA Men's Wear Item 3355,Apparel,Men's Wear,Brand_GA,22.8,39.69,0.1,SUPP_041,17,44,6
SKU_03356,Brand_BD Men's Wear Item 3356,Apparel,Men's Wear,Brand_BD,26.72,63.79,1.12,SUPP_021,28,221,25
SKU_03357,Brand_JA Wearables Item 3357,Electronics,Wearables,Brand_JA,21.1,30.37,6.8,SUPP_011,16,70,10
SKU_03358,Brand_EC Smart Home Item 3358,Electronics,Smart Home,Brand_EC,284.28,417.33,0.87,SUPP_044,18,39,6
SKU_03359,Brand_BB Home Decor Item 3359,Home & Kitchen,Home Decor,Brand_BB,69.52,118.6,0.6,SUPP_024,17,122,17
SKU_03360,Brand_EC Small Appliances Item 3360,Home & Kitchen,Small Appliances,Brand_EC,35.58,65.17,0.89,SUPP_050,11,28,5
SKU_03361,Brand_DC Men's Wear Item 3361,Apparel,Men's Wear,Brand_DC,22.2,39.63,0.11,SUPP_021,19,49,7
SKU_03362,Brand_CE Cycling Item 3362,Sports & Outdoors,Cycling,Brand_CE,175.88,293.5,0.25,SUPP_013,30,303,33
SKU_03363,Brand_EE Cycling Item 3363,Sports & Outdoors,Cycling,Brand_EE,85.75,159.93,1.87,SUPP_007,19,31,4
SKU_03364,Brand_HE Computers Item 3364,Electronics,Computers,Brand_HE,312.19,427.83,2.02,SUPP_044,11,56,10
SKU_03365,Brand_GB Accessories Item 3365,Apparel,Accessories,Brand_GB,83.86,154.77,0.67,SUPP_038,20,28,4
SKU_03366,Brand_HA Women's Wear Item 3366,Apparel,Women's Wear,Brand_HA,16.88,39.81,0.33,SUPP_046,20,148,19
SKU_03367,Brand_JC Team Sports Item 3367,Sports & Outdoors,Team Sports,Brand_JC,163.09,261.51,0.24,SUPP_005,26,44,5
SKU_03368,Brand_DC Footwear Item 3368,Apparel,Footwear,Brand_DC,10.63,30.07,2.87,SUPP_041,21,100,13
SKU_03369,Brand_JB Snacks Item 3369,Groceries & Essentials,Snacks,Brand_JB,20.38,27.65,1.64,SUPP_008,13,38,6
SKU_03370,Brand_FE Household Supplies Item 3370,Groceries & Essentials,Household Supplies,Brand_FE,17.15,25.51,1.6,SUPP_034,13,18,3
SKU_03371,Brand_HD Cookware Item 3371,Home & Kitchen,Cookware,Brand_HD,10.32,18.07,0.27,SUPP_044,8,21,4
SKU_03372,Brand_AB Snacks Item 3372,Groceries & Essentials,Snacks,Brand_AB,13.07,16.27,0.57,SUPP_003,10,72,13
SKU_03373,Brand_HE Household Supplies Item 3373,Groceries & Essentials,Household Supplies,Brand_HE,27.5,36.17,4.74,SUPP_041,13,19,3
SKU_03374,Brand_BC Accessories Item 3374,Apparel,Accessories,Brand_BC,45.22,114.12,1.21,SUPP_027,17,76,11
SKU_03375,Brand_ED Personal Care Item 3375,Groceries & Essentials,Personal Care,Brand_ED,16.1,19.85,1.71,SUPP_011,13,23,4
SKU_03376,Brand_FD Computers Item 3376,Electronics,Computers,Brand_FD,185.8,274.24,1.74,SUPP_009,16,64,9
SKU_03377,Brand_AE Audio Item 3377,Electronics,Audio,Brand_AE,145.29,235.78,0.28,SUPP_020,8,20,4
SKU_03378,Brand_BC Sportswear Item 3378,Apparel,Sportswear,Brand_BC,32.35,60.78,0.74,SUPP_003,21,50,7
SKU_03379,Brand_AB Skincare Item 3379,Health & Beauty,Skincare,Brand_AB,21.06,43.88,2.19,SUPP_001,6,35,8
SKU_03380,Brand_EA Outdoor Recreation Item 3380,Sports & Outdoors,Outdoor Recreation,Brand_EA,52.63,81.9,2.25,SUPP_010,15,241,35
SKU_03381,Brand_FE Snacks Item 3381,Groceries & Essentials,Snacks,Brand_FE,29.07,42.69,0.97,SUPP_009,4,18,5
SKU_03382,Brand_DA Cosmetics Item 3382,Health & Beauty,Cosmetics,Brand_DA,37.14,88.76,1.76,SUPP_022,12,32,5
SKU_03383,Brand_AE Beverages Item 3383,Groceries & Essentials,Beverages,Brand_AE,22.71,31.04,1.67,SUPP_045,6,32,7
SKU_03384,Brand_IE Packaged Foods Item 3384,Groceries & Essentials,Packaged Foods,Brand_IE,25.43,30.95,2.1,SUPP_004,4,10,3
SKU_03385,Brand_BA Computers Item 3385,Electronics,Computers,Brand_BA,16.64,26.88,1.49,SUPP_022,9,15,3
SKU_03386,Brand_JD Packaged Foods Item 3386,Groceries & Essentials,Packaged Foods,Brand_JD,6.91,8.94,0.17,SUPP_050,4,7,2
SKU_03387,Brand_EC Camping Item 3387,Sports & Outdoors,Camping,Brand_EC,29.39,47.12,4.13,SUPP_031,10,45,8
SKU_03388,Brand_DC Bedding Item 3388,Home & Kitchen,Bedding,Brand_DC,70.67,148.03,1.3,SUPP_007,11,39,7
SKU_03389,Brand_CE Home Decor Item 3389,Home & Kitchen,Home Decor,Brand_CE,73.51,113.91,0.19,SUPP_026,28,77,9
SKU_03390,Brand_HE Beverages Item 3390,Groceries & Essentials,Beverages,Brand_HE,25.72,31.69,0.92,SUPP_021,11,30,5
SKU_03391,Brand_HE Vitamins & Supplements Item 3391,Health & Beauty,Vitamins & Supplements,Brand_HE,42.52,95.26,1.14,SUPP_019,8,29,6
SKU_03392,Brand_EB Smart Home Item 3392,Electronics,Smart Home,Brand_EB,315.51,441.81,3.78,SUPP_047,11,28,5
SKU_03393,Brand_AE Snacks Item 3393,Groceries & Essentials,Snacks,Brand_AE,11.58,13.95,3.11,SUPP_010,5,27,6
SKU_03394,Brand_JB Cosmetics Item 3394,Health & Beauty,Cosmetics,Brand_JB,53.97,107.8,2.1,SUPP_028,11,31,5
SKU_03395,Brand_JC Sportswear Item 3395,Apparel,Sportswear,Brand_JC,6.55,13.59,0.39,SUPP_016,29,79,9
SKU_03396,Brand_HB Team Sports Item 3396,Sports & Outdoors,Team Sports,Brand_HB,23.61,42.16,0.22,SUPP_020,24,40,5
SKU_03397,Brand_BD Footwear Item 3397,Apparel,Footwear,Brand_BD,77.4,131.93,2.24,SUPP_024,29,182,20
SKU_03398,Brand_BE Computers Item 3398,Electronics,Computers,Brand_BE,134.77,227.71,0.37,SUPP_043,21,37,5
SKU_03399,Brand_AA Smart Home Item 3399,Electronics,Smart Home,Brand_AA,237.69,424.75,1.71,SUPP_033,23,114,14
SKU_03400,Brand_JD Wearables Item 3400,Electronics,Wearables,Brand_JD,291.33,400.06,0.56,SUPP_020,18,30,4
SKU_03401,Brand_CA Snacks Item 3401,Groceries & Essentials,Snacks,Brand_CA,18.32,22.62,3.39,SUPP_045,8,77,15
SKU_03402,Brand_DE Personal Care Item 3402,Groceries & Essentials,Personal Care,Brand_DE,7.81,11.97,0.35,SUPP_015,6,29,6
SKU_03403,Brand_HA Packaged Foods Item 3403,Groceries & Essentials,Packaged Foods,Brand_HA,22.46,29.92,0.31,SUPP_034,8,21,4
SKU_03404,Brand_CE Camping Item 3404,Sports & Outdoors,Camping,Brand_CE,234.87,338.98,1.81,SUPP_007,19,114,15
SKU_03405,Brand_JB Sportswear Item 3405,Apparel,Sportswear,Brand_JB,25.7,59.06,1.71,SUPP_042,19,48,7
SKU_03406,Brand_CA Fitness Gear Item 3406,Sports & Outdoors,Fitness Gear,Brand_CA,144.57,208.75,2.88,SUPP_027,30,41,5
SKU_03407,Brand_DC Personal Care Item 3407,Groceries & Essentials,Personal Care,Brand_DC,3.01,3.59,0.98,SUPP_007,12,22,4
SKU_03408,Brand_BD Audio Item 3408,Electronics,Audio,Brand_BD,15.49,23.24,0.66,SUPP_031,20,205,27
SKU_03409,Brand_DD Packaged Foods Item 3409,Groceries & Essentials,Packaged Foods,Brand_DD,23.48,32.2,1.54,SUPP_015,12,37,6
SKU_03410,Brand_BD Packaged Foods Item 3410,Groceries & Essentials,Packaged Foods,Brand_BD,22.41,29.09,0.41,SUPP_041,8,15,3
SKU_03411,Brand_CC Personal Care Item 3411,Groceries & Essentials,Personal Care,Brand_CC,35.11,41.69,0.59,SUPP_024,3,25,7
SKU_03412,Brand_GA Snacks Item 3412,Groceries & Essentials,Snacks,Brand_GA,12.1,18.2,0.14,SUPP_045,4,20,5
SKU_03413,Brand_FA Smart Home Item 3413,Electronics,Smart Home,Brand_FA,199.68,320.32,1.35,SUPP_035,16,406,58
SKU_03414,Brand_FD Women's Wear Item 3414,Apparel,Women's Wear,Brand_FD,80.21,173.97,1.22,SUPP_031,18,80,11
SKU_03415,Brand_GA Footwear Item 3415,Apparel,Footwear,Brand_GA,34.37,75.05,1.0,SUPP_039,30,65,7
SKU_03416,Brand_BB Accessories Item 3416,Electronics,Accessories,Brand_BB,288.35,429.29,4.84,SUPP_011,11,148,25
SKU_03417,Brand_FD Small Appliances Item 3417,Home & Kitchen,Small Appliances,Brand_FD,81.37,128.1,1.69,SUPP_026,23,176,22
SKU_03418,Brand_AB Accessories Item 3418,Apparel,Accessories,Brand_AB,45.18,112.21,0.16,SUPP_003,25,106,13
SKU_03419,Brand_AA Accessories Item 3419,Electronics,Accessories,Brand_AA,218.15,298.1,1.39,SUPP_039,15,30,5
SKU_03420,Brand_AB Household Supplies Item 3420,Groceries & Essentials,Household Supplies,Brand_AB,15.61,22.4,2.9,SUPP_021,8,356,68
SKU_03421,Brand_IE Snacks Item 3421,Groceries & Essentials,Snacks,Brand_IE,34.61,43.95,1.45,SUPP_041,7,30,6
SKU_03422,Brand_BB Snacks Item 3422,Groceries & Essentials,Snacks,Brand_BB,17.57,22.21,1.89,SUPP_046,14,62,10
SKU_03423,Brand_JB Smart Home Item 3423,Electronics,Smart Home,Brand_JB,88.73,136.98,3.8,SUPP_042,9,18,4
SKU_03424,Brand_HE Accessories Item 3424,Electronics,Accessories,Brand_HE,319.45,447.43,3.51,SUPP_038,19,59,8
SKU_03425,Brand_IC Fitness Gear Item 3425,Sports & Outdoors,Fitness Gear,Brand_IC,180.15,281.13,5.04,SUPP_029,17,103,15
SKU_03426,Brand_BE Footwear Item 3426,Apparel,Footwear,Brand_BE,61.25,161.75,0.29,SUPP_032,29,58,7
SKU_03427,Brand_FA Audio Item 3427,Electronics,Audio,Brand_FA,212.22,312.52,2.01,SUPP_009,18,42,6
SKU_03428,Brand_HC Storage & Org Item 3428,Home & Kitchen,Storage & Org,Brand_HC,84.2,169.43,1.45,SUPP_005,20,100,13
SKU_03429,Brand_CA Sportswear Item 3429,Apparel,Sportswear,Brand_CA,75.05,129.2,1.42,SUPP_037,11,29,5
SKU_03430,Brand_DB Accessories Item 3430,Apparel,Accessories,Brand_DB,14.49,36.81,0.25,SUPP_025,23,86,11
SKU_03431,Brand_AD Small Appliances Item 3431,Home & Kitchen,Small Appliances,Brand_AD,72.11,112.17,3.4,SUPP_029,8,37,7
SKU_03432,Brand_BA Sportswear Item 3432,Apparel,Sportswear,Brand_BA,50.15,95.62,8.75,SUPP_018,17,46,7
SKU_03433,Brand_AA Packaged Foods Item 3433,Groceries & Essentials,Packaged Foods,Brand_AA,4.14,5.96,0.75,SUPP_023,6,37,8
SKU_03434,Brand_AD Accessories Item 3434,Electronics,Accessories,Brand_AD,75.18,119.17,1.31,SUPP_044,20,50,7
SKU_03435,Brand_GE Cosmetics Item 3435,Health & Beauty,Cosmetics,Brand_GE,42.63,104.59,1.66,SUPP_043,13,30,5
SKU_03436,Brand_AB Oral Care Item 3436,Health & Beauty,Oral Care,Brand_AB,8.33,26.05,1.91,SUPP_024,19,29,4
SKU_03437,Brand_HD Men's Wear Item 3437,Apparel,Men's Wear,Brand_HD,73.48,146.8,0.57,SUPP_034,11,40,7
SKU_03438,Brand_JC Computers Item 3438,Electronics,Computers,Brand_JC,216.58,342.6,0.5,SUPP_022,7,15,3
SKU_03439,Brand_JE Smart Home Item 3439,Electronics,Smart Home,Brand_JE,184.96,311.44,0.99,SUPP_039,14,22,4
SKU_03440,Brand_IC Accessories Item 3440,Electronics,Accessories,Brand_IC,87.56,144.98,2.28,SUPP_016,15,73,11
SKU_03441,Brand_DB Household Supplies Item 3441,Groceries & Essentials,Household Supplies,Brand_DB,6.19,8.98,1.24,SUPP_041,10,23,4
SKU_03442,Brand_DE Men's Wear Item 3442,Apparel,Men's Wear,Brand_DE,23.27,45.46,2.26,SUPP_016,27,35,4
SKU_03443,Brand_DC Cosmetics Item 3443,Health & Beauty,Cosmetics,Brand_DC,26.73,86.56,0.74,SUPP_021,19,250,33
SKU_03444,Brand_FA Snacks Item 3444,Groceries & Essentials,Snacks,Brand_FA,27.7,38.44,0.14,SUPP_025,8,11,2
SKU_03445,Brand_CA Smart Home Item 3445,Electronics,Smart Home,Brand_CA,194.32,276.5,0.68,SUPP_029,25,91,11
SKU_03446,Brand_JB Cycling Item 3446,Sports & Outdoors,Cycling,Brand_JB,211.65,304.65,3.73,SUPP_026,15,33,5
SKU_03447,Brand_FD Women's Wear Item 3447,Apparel,Women's Wear,Brand_FD,50.91,137.97,1.82,SUPP_003,14,20,3
SKU_03448,Brand_FC Small Appliances Item 3448,Home & Kitchen,Small Appliances,Brand_FC,133.19,232.35,1.92,SUPP_016,8,14,3
SKU_03449,Brand_IA Oral Care Item 3449,Health & Beauty,Oral Care,Brand_IA,27.86,86.14,5.07,SUPP_030,5,38,9
SKU_03450,Brand_GD Accessories Item 3450,Electronics,Accessories,Brand_GD,270.36,372.0,0.42,SUPP_016,17,76,11
SKU_03451,Brand_ED Audio Item 3451,Electronics,Audio,Brand_ED,75.19,108.98,5.22,SUPP_026,13,331,52
SKU_03452,Brand_FE Bedding Item 3452,Home & Kitchen,Bedding,Brand_FE,10.76,18.84,2.33,SUPP_028,10,22,4
SKU_03453,Brand_BB Sportswear Item 3453,Apparel,Sportswear,Brand_BB,10.1,24.47,0.2,SUPP_045,22,137,17
SKU_03454,Brand_GB Men's Wear Item 3454,Apparel,Men's Wear,Brand_GB,66.92,131.82,1.29,SUPP_020,14,56,9
SKU_03455,Brand_BE Snacks Item 3455,Groceries & Essentials,Snacks,Brand_BE,16.04,21.34,1.76,SUPP_038,5,20,5
SKU_03456,Brand_DE Packaged Foods Item 3456,Groceries & Essentials,Packaged Foods,Brand_DE,29.42,43.61,0.59,SUPP_013,5,34,8
SKU_03457,Brand_EC Team Sports Item 3457,Sports & Outdoors,Team Sports,Brand_EC,110.27,201.98,2.0,SUPP_005,20,120,16
SKU_03458,Brand_IE Vitamins & Supplements Item 3458,Health & Beauty,Vitamins & Supplements,Brand_IE,26.75,56.64,2.79,SUPP_038,11,21,4
SKU_03459,Brand_EC Audio Item 3459,Electronics,Audio,Brand_EC,248.86,401.05,1.33,SUPP_050,14,60,9
SKU_03460,Brand_IC Storage & Org Item 3460,Home & Kitchen,Storage & Org,Brand_IC,105.35,162.96,0.67,SUPP_010,26,316,37
SKU_03461,Brand_FC Beverages Item 3461,Groceries & Essentials,Beverages,Brand_FC,14.19,19.89,0.42,SUPP_028,11,66,11
SKU_03462,Brand_AC Sportswear Item 3462,Apparel,Sportswear,Brand_AC,41.53,113.45,1.72,SUPP_043,22,86,11
SKU_03463,Brand_CC Skincare Item 3463,Health & Beauty,Skincare,Brand_CC,15.96,34.42,1.62,SUPP_013,18,43,6
SKU_03464,Brand_DB Household Supplies Item 3464,Groceries & Essentials,Household Supplies,Brand_DB,16.22,21.85,1.61,SUPP_042,13,57,9
SKU_03465,Brand_CD Cosmetics Item 3465,Health & Beauty,Cosmetics,Brand_CD,7.21,13.96,1.4,SUPP_020,21,133,17
SKU_03466,Brand_FA Household Supplies Item 3466,Groceries & Essentials,Household Supplies,Brand_FA,6.76,8.77,1.74,SUPP_014,11,23,4
SKU_03467,Brand_FC Vitamins & Supplements Item 3467,Health & Beauty,Vitamins & Supplements,Brand_FC,28.87,65.7,1.26,SUPP_005,20,38,5
SKU_03468,Brand_GD Personal Care Item 3468,Groceries & Essentials,Personal Care,Brand_GD,18.18,23.46,0.23,SUPP_023,14,100,15
SKU_03469,Brand_DB Team Sports Item 3469,Sports & Outdoors,Team Sports,Brand_DB,107.48,159.29,2.36,SUPP_030,21,70,9
SKU_03470,Brand_HC Accessories Item 3470,Electronics,Accessories,Brand_HC,102.87,183.5,0.44,SUPP_039,21,51,7
SKU_03471,Brand_JC Storage & Org Item 3471,Home & Kitchen,Storage & Org,Brand_JC,121.37,198.98,0.68,SUPP_038,16,77,11
SKU_03472,Brand_EA Footwear Item 3472,Apparel,Footwear,Brand_EA,74.74,158.85,0.36,SUPP_021,23,31,4
SKU_03473,Brand_FD Smart Home Item 3473,Electronics,Smart Home,Brand_FD,234.44,378.94,0.71,SUPP_045,23,113,14
SKU_03474,Brand_FA Team Sports Item 3474,Sports & Outdoors,Team Sports,Brand_FA,150.75,224.2,0.17,SUPP_012,17,36,5
SKU_03475,Brand_FD Beverages Item 3475,Groceries & Essentials,Beverages,Brand_FD,23.39,28.07,4.09,SUPP_044,6,17,4
SKU_03476,Brand_JB Team Sports Item 3476,Sports & Outdoors,Team Sports,Brand_JB,68.09,97.27,3.54,SUPP_016,16,72,11
SKU_03477,Brand_GC Footwear Item 3477,Apparel,Footwear,Brand_GC,51.54,123.2,2.35,SUPP_045,13,87,14
SKU_03478,Brand_CA Computers Item 3478,Electronics,Computers,Brand_CA,162.51,245.02,1.07,SUPP_009,12,31,5
SKU_03479,Brand_EC Audio Item 3479,Electronics,Audio,Brand_EC,87.93,121.57,0.27,SUPP_015,19,41,6
SKU_03480,Brand_CC Audio Item 3480,Electronics,Audio,Brand_CC,139.32,216.24,0.68,SUPP_027,20,194,25
SKU_03481,Brand_IB Storage & Org Item 3481,Home & Kitchen,Storage & Org,Brand_IB,112.04,204.7,0.16,SUPP_001,22,30,4
SKU_03482,Brand_GC Accessories Item 3482,Electronics,Accessories,Brand_GC,31.77,49.7,2.71,SUPP_038,17,24,4
SKU_03483,Brand_DE Personal Care Item 3483,Groceries & Essentials,Personal Care,Brand_DE,21.9,32.25,0.24,SUPP_020,14,176,27
SKU_03484,Brand_ID Household Supplies Item 3484,Groceries & Essentials,Household Supplies,Brand_ID,28.36,42.37,3.71,SUPP_025,4,32,8
SKU_03485,Brand_JD Bedding Item 3485,Home & Kitchen,Bedding,Brand_JD,96.4,168.17,1.06,SUPP_016,15,171,25
SKU_03486,Brand_DE Bedding Item 3486,Home & Kitchen,Bedding,Brand_DE,79.07,127.21,3.34,SUPP_043,13,341,53
SKU_03487,Brand_DE Wearables Item 3487,Electronics,Wearables,Brand_DE,46.14,83.2,0.21,SUPP_035,22,303,38
SKU_03488,Brand_FD Women's Wear Item 3488,Apparel,Women's Wear,Brand_FD,55.88,156.32,4.94,SUPP_007,23,78,10
SKU_03489,Brand_ID Accessories Item 3489,Apparel,Accessories,Brand_ID,68.73,133.21,0.41,SUPP_016,24,47,6
SKU_03490,Brand_BD Footwear Item 3490,Apparel,Footwear,Brand_BD,75.65,135.38,2.18,SUPP_002,30,158,17
SKU_03491,Brand_CA Cookware Item 3491,Home & Kitchen,Cookware,Brand_CA,75.91,159.8,0.64,SUPP_033,14,226,34
SKU_03492,Brand_FB Bedding Item 3492,Home & Kitchen,Bedding,Brand_FB,80.07,158.59,0.6,SUPP_038,18,161,22
SKU_03493,Brand_FB Home Decor Item 3493,Home & Kitchen,Home Decor,Brand_FB,39.37,61.99,0.84,SUPP_047,16,42,6
SKU_03494,Brand_HE Computers Item 3494,Electronics,Computers,Brand_HE,179.13,309.01,1.64,SUPP_009,19,88,12
SKU_03495,Brand_GC Snacks Item 3495,Groceries & Essentials,Snacks,Brand_GC,23.58,28.43,0.6,SUPP_032,5,76,18
SKU_03496,Brand_IB Women's Wear Item 3496,Apparel,Women's Wear,Brand_IB,88.22,170.42,0.88,SUPP_012,29,72,8
SKU_03497,Brand_GD Cosmetics Item 3497,Health & Beauty,Cosmetics,Brand_GD,20.14,62.85,1.33,SUPP_006,16,119,17
SKU_03498,Brand_FA Home Decor Item 3498,Home & Kitchen,Home Decor,Brand_FA,85.26,156.35,2.39,SUPP_045,21,161,21
SKU_03499,Brand_HB Packaged Foods Item 3499,Groceries & Essentials,Packaged Foods,Brand_HB,20.05,25.51,1.22,SUPP_021,4,14,4
SKU_03500,Brand_EB Bedding Item 3500,Home & Kitchen,Bedding,Brand_EB,63.65,99.23,2.47,SUPP_045,24,37,5
SKU_03501,Brand_CA Bedding Item 3501,Home & Kitchen,Bedding,Brand_CA,17.39,27.7,2.55,SUPP_005,15,129,19
SKU_03502,Brand_CD Small Appliances Item 3502,Home & Kitchen,Small Appliances,Brand_CD,93.64,176.77,0.89,SUPP_008,13,28,5
SKU_03503,Brand_HE Team Sports Item 3503,Sports & Outdoors,Team Sports,Brand_HE,191.23,331.5,1.87,SUPP_005,29,46,5
SKU_03504,Brand_IC Small Appliances Item 3504,Home & Kitchen,Small Appliances,Brand_IC,46.23,96.91,0.67,SUPP_015,12,78,13
SKU_03505,Brand_CC Home Decor Item 3505,Home & Kitchen,Home Decor,Brand_CC,34.6,55.12,1.72,SUPP_047,17,44,6
SKU_03506,Brand_HD Skincare Item 3506,Health & Beauty,Skincare,Brand_HD,2.46,6.61,0.9,SUPP_008,13,43,7
SKU_03507,Brand_DD Accessories Item 3507,Apparel,Accessories,Brand_DD,6.92,13.94,0.2,SUPP_013,14,52,8
SKU_03508,Brand_ED Cookware Item 3508,Home & Kitchen,Cookware,Brand_ED,69.97,136.21,1.0,SUPP_028,9,15,3
SKU_03509,Brand_AA Cosmetics Item 3509,Health & Beauty,Cosmetics,Brand_AA,37.52,117.87,5.46,SUPP_039,15,20,3
SKU_03510,Brand_GE Household Supplies Item 3510,Groceries & Essentials,Household Supplies,Brand_GE,22.49,29.02,0.31,SUPP_037,9,22,4
SKU_03511,Brand_JC Accessories Item 3511,Apparel,Accessories,Brand_JC,46.32,86.77,3.46,SUPP_001,27,96,11
SKU_03512,Brand_AE Women's Wear Item 3512,Apparel,Women's Wear,Brand_AE,68.16,120.34,4.72,SUPP_005,27,80,9
SKU_03513,Brand_GD Household Supplies Item 3513,Groceries & Essentials,Household Supplies,Brand_GD,18.57,28.17,0.77,SUPP_041,5,8,2
SKU_03514,Brand_IE Small Appliances Item 3514,Home & Kitchen,Small Appliances,Brand_IE,95.1,153.96,0.2,SUPP_038,22,39,5
SKU_03515,Brand_HB Beverages Item 3515,Groceries & Essentials,Beverages,Brand_HB,21.34,27.15,4.88,SUPP_028,3,22,6
SKU_03516,Brand_IB Audio Item 3516,Electronics,Audio,Brand_IB,214.26,332.4,0.96,SUPP_038,12,52,9
SKU_03517,Brand_JB Home Decor Item 3517,Home & Kitchen,Home Decor,Brand_JB,39.38,72.1,1.56,SUPP_002,24,207,25
SKU_03518,Brand_EB Household Supplies Item 3518,Groceries & Essentials,Household Supplies,Brand_EB,19.15,28.84,3.34,SUPP_013,11,26,5
SKU_03519,Brand_BD Personal Care Item 3519,Groceries & Essentials,Personal Care,Brand_BD,34.72,43.46,0.83,SUPP_030,14,67,10
SKU_03520,Brand_DC Haircare Item 3520,Health & Beauty,Haircare,Brand_DC,32.98,85.88,3.6,SUPP_004,15,62,9
SKU_03521,Brand_BD Home Decor Item 3521,Home & Kitchen,Home Decor,Brand_BD,134.72,240.07,1.2,SUPP_030,9,19,4
SKU_03522,Brand_HC Storage & Org Item 3522,Home & Kitchen,Storage & Org,Brand_HC,72.95,142.78,0.59,SUPP_011,22,135,17
SKU_03523,Brand_AE Bedding Item 3523,Home & Kitchen,Bedding,Brand_AE,50.07,82.43,0.41,SUPP_013,25,119,14
SKU_03524,Brand_EE Women's Wear Item 3524,Apparel,Women's Wear,Brand_EE,12.87,24.36,1.36,SUPP_016,14,23,4
SKU_03525,Brand_CE Team Sports Item 3525,Sports & Outdoors,Team Sports,Brand_CE,72.25,107.59,0.3,SUPP_004,29,68,8
SKU_03526,Brand_GD Snacks Item 3526,Groceries & Essentials,Snacks,Brand_GD,9.38,14.19,0.81,SUPP_028,14,35,6
SKU_03527,Brand_DB Sportswear Item 3527,Apparel,Sportswear,Brand_DB,39.7,85.05,0.12,SUPP_049,20,58,8
SKU_03528,Brand_EE Small Appliances Item 3528,Home & Kitchen,Small Appliances,Brand_EE,115.0,180.14,0.19,SUPP_047,23,39,5
SKU_03529,Brand_AC Camping Item 3529,Sports & Outdoors,Camping,Brand_AC,74.3,117.16,0.96,SUPP_025,28,51,6
SKU_03530,Brand_FC Household Supplies Item 3530,Groceries & Essentials,Household Supplies,Brand_FC,15.81,19.74,1.39,SUPP_045,9,67,12
SKU_03531,Brand_BE Bedding Item 3531,Home & Kitchen,Bedding,Brand_BE,96.25,161.93,1.61,SUPP_015,9,20,4
SKU_03532,Brand_EA Women's Wear Item 3532,Apparel,Women's Wear,Brand_EA,8.16,19.28,0.62,SUPP_009,11,26,5
SKU_03533,Brand_BB Cookware Item 3533,Home & Kitchen,Cookware,Brand_BB,52.83,84.51,4.16,SUPP_044,15,19,3
SKU_03534,Brand_GB Bedding Item 3534,Home & Kitchen,Bedding,Brand_GB,127.2,206.58,2.01,SUPP_010,19,135,18
SKU_03535,Brand_GA Vitamins & Supplements Item 3535,Health & Beauty,Vitamins & Supplements,Brand_GA,45.8,119.92,1.17,SUPP_010,12,29,5
SKU_03536,Brand_BA Personal Care Item 3536,Groceries & Essentials,Personal Care,Brand_BA,25.65,31.59,6.73,SUPP_012,13,53,9
SKU_03537,Brand_GD Household Supplies Item 3537,Groceries & Essentials,Household Supplies,Brand_GD,19.15,27.58,0.29,SUPP_049,5,13,3
SKU_03538,Brand_JE Footwear Item 3538,Apparel,Footwear,Brand_JE,32.21,59.32,2.93,SUPP_006,18,86,12
SKU_03539,Brand_GD Audio Item 3539,Electronics,Audio,Brand_GD,260.56,409.63,3.28,SUPP_010,25,111,13
SKU_03540,Brand_CC Snacks Item 3540,Groceries & Essentials,Snacks,Brand_CC,25.62,37.81,1.23,SUPP_007,9,25,5
SKU_03541,Brand_HA Men's Wear Item 3541,Apparel,Men's Wear,Brand_HA,7.17,13.87,0.15,SUPP_006,10,32,6
SKU_03542,Brand_IC Beverages Item 3542,Groceries & Essentials,Beverages,Brand_IC,8.31,11.94,1.88,SUPP_025,14,72,11
SKU_03543,Brand_GB Outdoor Recreation Item 3543,Sports & Outdoors,Outdoor Recreation,Brand_GB,93.98,187.37,0.5,SUPP_029,26,78,9
SKU_03544,Brand_FD Accessories Item 3544,Apparel,Accessories,Brand_FD,74.82,162.4,1.82,SUPP_018,12,83,14
SKU_03545,Brand_FD Skincare Item 3545,Health & Beauty,Skincare,Brand_FD,5.1,12.45,2.21,SUPP_003,13,18,3
SKU_03546,Brand_AB Household Supplies Item 3546,Groceries & Essentials,Household Supplies,Brand_AB,21.83,31.85,2.95,SUPP_025,10,38,7
SKU_03547,Brand_GE Outdoor Recreation Item 3547,Sports & Outdoors,Outdoor Recreation,Brand_GE,179.5,270.28,0.5,SUPP_026,25,76,9
SKU_03548,Brand_GC Outdoor Recreation Item 3548,Sports & Outdoors,Outdoor Recreation,Brand_GC,70.14,104.79,2.6,SUPP_024,17,140,20
SKU_03549,Brand_DD Oral Care Item 3549,Health & Beauty,Oral Care,Brand_DD,37.38,94.1,2.95,SUPP_029,10,17,3
SKU_03550,Brand_GE Audio Item 3550,Electronics,Audio,Brand_GE,169.39,287.85,2.33,SUPP_019,23,31,4
SKU_03551,Brand_AC Wearables Item 3551,Electronics,Wearables,Brand_AC,244.11,327.59,0.73,SUPP_047,12,39,7
SKU_03552,Brand_IC Accessories Item 3552,Apparel,Accessories,Brand_IC,36.31,62.81,5.22,SUPP_006,11,15,3
SKU_03553,Brand_JA Smart Home Item 3553,Electronics,Smart Home,Brand_JA,136.93,222.65,2.33,SUPP_046,17,108,15
SKU_03554,Brand_FB Small Appliances Item 3554,Home & Kitchen,Small Appliances,Brand_FB,26.73,58.31,4.58,SUPP_034,22,59,8
SKU_03555,Brand_FD Audio Item 3555,Electronics,Audio,Brand_FD,56.17,78.13,0.42,SUPP_048,10,335,58
SKU_03556,Brand_AA Oral Care Item 3556,Health & Beauty,Oral Care,Brand_AA,14.9,49.23,5.21,SUPP_046,16,30,5
SKU_03557,Brand_AE Packaged Foods Item 3557,Groceries & Essentials,Packaged Foods,Brand_AE,22.73,33.93,0.4,SUPP_029,13,28,5
SKU_03558,Brand_HE Computers Item 3558,Electronics,Computers,Brand_HE,252.25,341.76,0.72,SUPP_043,7,47,10
SKU_03559,Brand_GB Women's Wear Item 3559,Apparel,Women's Wear,Brand_GB,44.97,118.6,1.01,SUPP_046,27,35,4
SKU_03560,Brand_IE Bedding Item 3560,Home & Kitchen,Bedding,Brand_IE,35.27,56.1,0.66,SUPP_008,18,527,71
SKU_03561,Brand_GD Home Decor Item 3561,Home & Kitchen,Home Decor,Brand_GD,77.47,159.59,2.1,SUPP_026,28,110,13
SKU_03562,Brand_CC Personal Care Item 3562,Groceries & Essentials,Personal Care,Brand_CC,21.59,31.76,0.89,SUPP_032,13,78,12
SKU_03563,Brand_EA Audio Item 3563,Electronics,Audio,Brand_EA,290.81,419.68,1.05,SUPP_043,24,81,10
SKU_03564,Brand_BC Men's Wear Item 3564,Apparel,Men's Wear,Brand_BC,86.26,147.43,0.43,SUPP_037,18,35,5
SKU_03565,Brand_IB Wearables Item 3565,Electronics,Wearables,Brand_IB,155.94,279.66,1.72,SUPP_022,12,25,4
SKU_03566,Brand_FD Snacks Item 3566,Groceries & Essentials,Snacks,Brand_FD,18.45,24.71,0.45,SUPP_040,10,53,9
SKU_03567,Brand_GB Skincare Item 3567,Health & Beauty,Skincare,Brand_GB,27.13,54.47,1.6,SUPP_027,7,72,15
SKU_03568,Brand_JA Fitness Gear Item 3568,Sports & Outdoors,Fitness Gear,Brand_JA,44.53,76.38,0.89,SUPP_027,21,61,8
SKU_03569,Brand_FE Personal Care Item 3569,Groceries & Essentials,Personal Care,Brand_FE,20.3,28.7,3.44,SUPP_042,12,31,5
SKU_03570,Brand_JA Men's Wear Item 3570,Apparel,Men's Wear,Brand_JA,30.54,75.95,0.64,SUPP_016,19,48,7
SKU_03571,Brand_BD Beverages Item 3571,Groceries & Essentials,Beverages,Brand_BD,15.06,21.92,0.66,SUPP_015,13,108,17
SKU_03572,Brand_AE Home Decor Item 3572,Home & Kitchen,Home Decor,Brand_AE,73.78,153.47,0.5,SUPP_002,25,36,5
SKU_03573,Brand_JE Bedding Item 3573,Home & Kitchen,Bedding,Brand_JE,27.91,45.56,0.99,SUPP_026,25,59,7
SKU_03574,Brand_IE Sportswear Item 3574,Apparel,Sportswear,Brand_IE,47.66,129.16,3.3,SUPP_031,25,41,5
SKU_03575,Brand_CB Computers Item 3575,Electronics,Computers,Brand_CB,275.57,406.27,1.08,SUPP_017,25,159,19
SKU_03576,Brand_FB Sportswear Item 3576,Apparel,Sportswear,Brand_FB,57.91,165.34,2.33,SUPP_022,25,300,35
SKU_03577,Brand_BB Cookware Item 3577,Home & Kitchen,Cookware,Brand_BB,85.6,161.92,1.08,SUPP_005,24,205,25
SKU_03578,Brand_IE Haircare Item 3578,Health & Beauty,Haircare,Brand_IE,33.31,87.37,0.12,SUPP_011,7,25,5
SKU_03579,Brand_FC Accessories Item 3579,Apparel,Accessories,Brand_FC,86.35,148.86,2.43,SUPP_035,27,132,15
SKU_03580,Brand_IC Sportswear Item 3580,Apparel,Sportswear,Brand_IC,11.75,27.83,0.69,SUPP_016,28,84,10
SKU_03581,Brand_FB Accessories Item 3581,Electronics,Accessories,Brand_FB,188.4,275.17,0.4,SUPP_038,17,176,25
SKU_03582,Brand_DD Personal Care Item 3582,Groceries & Essentials,Personal Care,Brand_DD,20.74,24.81,0.69,SUPP_038,12,61,10
SKU_03583,Brand_ID Bedding Item 3583,Home & Kitchen,Bedding,Brand_ID,68.28,142.23,3.82,SUPP_043,23,79,10
SKU_03584,Brand_HC Vitamins & Supplements Item 3584,Health & Beauty,Vitamins & Supplements,Brand_HC,6.82,13.69,3.04,SUPP_039,5,9,2
SKU_03585,Brand_JD Packaged Foods Item 3585,Groceries & Essentials,Packaged Foods,Brand_JD,22.77,26.92,7.41,SUPP_025,9,24,5
SKU_03586,Brand_AE Cookware Item 3586,Home & Kitchen,Cookware,Brand_AE,95.14,161.08,2.05,SUPP_027,17,131,18
SKU_03587,Brand_FA Footwear Item 3587,Apparel,Footwear,Brand_FA,53.54,106.92,0.57,SUPP_012,27,120,14
SKU_03588,Brand_BE Home Decor Item 3588,Home & Kitchen,Home Decor,Brand_BE,51.07,93.05,0.41,SUPP_050,22,29,4
SKU_03589,Brand_GE Footwear Item 3589,Apparel,Footwear,Brand_GE,33.39,69.47,8.83,SUPP_048,14,138,21
SKU_03590,Brand_ID Outdoor Recreation Item 3590,Sports & Outdoors,Outdoor Recreation,Brand_ID,132.57,220.24,1.69,SUPP_020,11,70,12
SKU_03591,Brand_AC Accessories Item 3591,Electronics,Accessories,Brand_AC,237.43,339.8,4.7,SUPP_008,14,39,6
SKU_03592,Brand_AB Accessories Item 3592,Apparel,Accessories,Brand_AB,49.97,135.36,1.2,SUPP_047,10,32,6
SKU_03593,Brand_JB Vitamins & Supplements Item 3593,Health & Beauty,Vitamins & Supplements,Brand_JB,53.27,105.16,0.14,SUPP_010,13,100,16
SKU_03594,Brand_AD Audio Item 3594,Electronics,Audio,Brand_AD,182.13,326.3,0.66,SUPP_037,15,114,17
SKU_03595,Brand_BC Sportswear Item 3595,Apparel,Sportswear,Brand_BC,8.29,23.56,1.81,SUPP_023,15,24,4
SKU_03596,Brand_GC Sportswear Item 3596,Apparel,Sportswear,Brand_GC,55.8,158.65,0.27,SUPP_021,18,52,7
SKU_03597,Brand_AC Cycling Item 3597,Sports & Outdoors,Cycling,Brand_AC,86.3,130.14,0.13,SUPP_034,10,26,5
SKU_03598,Brand_AA Outdoor Recreation Item 3598,Sports & Outdoors,Outdoor Recreation,Brand_AA,10.12,18.66,0.55,SUPP_016,24,35,5
SKU_03599,Brand_GB Footwear Item 3599,Apparel,Footwear,Brand_GB,57.8,131.56,3.28,SUPP_033,24,30,4
SKU_03600,Brand_CE Household Supplies Item 3600,Groceries & Essentials,Household Supplies,Brand_CE,14.62,20.12,1.65,SUPP_003,4,7,2
SKU_03601,Brand_AA Men's Wear Item 3601,Apparel,Men's Wear,Brand_AA,7.69,13.75,0.26,SUPP_014,23,112,14
SKU_03602,Brand_JC Men's Wear Item 3602,Apparel,Men's Wear,Brand_JC,27.23,67.49,0.25,SUPP_039,28,102,12
SKU_03603,Brand_AC Women's Wear Item 3603,Apparel,Women's Wear,Brand_AC,6.37,13.96,3.45,SUPP_003,22,257,32
SKU_03604,Brand_BC Smart Home Item 3604,Electronics,Smart Home,Brand_BC,153.62,211.94,0.46,SUPP_005,11,113,19
SKU_03605,Brand_CA Women's Wear Item 3605,Apparel,Women's Wear,Brand_CA,20.72,39.97,0.21,SUPP_035,29,82,9
SKU_03606,Brand_FB Haircare Item 3606,Health & Beauty,Haircare,Brand_FB,28.67,60.08,1.89,SUPP_040,5,21,5
SKU_03607,Brand_FC Storage & Org Item 3607,Home & Kitchen,Storage & Org,Brand_FC,29.67,56.84,0.25,SUPP_010,12,54,9
SKU_03608,Brand_IA Sportswear Item 3608,Apparel,Sportswear,Brand_IA,47.49,87.02,0.75,SUPP_013,11,40,7
SKU_03609,Brand_CD Women's Wear Item 3609,Apparel,Women's Wear,Brand_CD,11.52,29.23,0.68,SUPP_027,17,34,5
SKU_03610,Brand_DC Small Appliances Item 3610,Home & Kitchen,Small Appliances,Brand_DC,40.64,67.82,0.82,SUPP_044,15,63,10
SKU_03611,Brand_AE Cookware Item 3611,Home & Kitchen,Cookware,Brand_AE,53.45,106.73,0.26,SUPP_048,19,38,5
SKU_03612,Brand_DA Snacks Item 3612,Groceries & Essentials,Snacks,Brand_DA,20.35,27.79,0.81,SUPP_045,12,16,3
SKU_03613,Brand_CB Small Appliances Item 3613,Home & Kitchen,Small Appliances,Brand_CB,78.19,155.56,5.57,SUPP_018,13,25,4
SKU_03614,Brand_CA Household Supplies Item 3614,Groceries & Essentials,Household Supplies,Brand_CA,5.4,6.91,0.32,SUPP_042,3,17,5
SKU_03615,Brand_IA Snacks Item 3615,Groceries & Essentials,Snacks,Brand_IA,8.47,11.43,2.51,SUPP_034,5,12,3
SKU_03616,Brand_IB Household Supplies Item 3616,Groceries & Essentials,Household Supplies,Brand_IB,11.55,13.76,0.98,SUPP_046,8,57,11
SKU_03617,Brand_HB Team Sports Item 3617,Sports & Outdoors,Team Sports,Brand_HB,63.67,124.52,1.69,SUPP_045,29,49,6
SKU_03618,Brand_IA Haircare Item 3618,Health & Beauty,Haircare,Brand_IA,49.18,116.44,0.6,SUPP_004,11,44,8
SKU_03619,Brand_FD Personal Care Item 3619,Groceries & Essentials,Personal Care,Brand_FD,2.01,2.75,1.16,SUPP_030,8,24,5
SKU_03620,Brand_IC Sportswear Item 3620,Apparel,Sportswear,Brand_IC,31.65,58.13,0.71,SUPP_011,19,31,4
SKU_03621,Brand_DB Storage & Org Item 3621,Home & Kitchen,Storage & Org,Brand_DB,54.98,119.16,0.4,SUPP_036,9,154,28
SKU_03622,Brand_IE Snacks Item 3622,Groceries & Essentials,Snacks,Brand_IE,8.79,11.24,0.49,SUPP_013,9,275,50
SKU_03623,Brand_GE Personal Care Item 3623,Groceries & Essentials,Personal Care,Brand_GE,29.79,43.09,0.81,SUPP_033,10,16,3
SKU_03624,Brand_CC Personal Care Item 3624,Groceries & Essentials,Personal Care,Brand_CC,11.75,15.36,0.67,SUPP_022,12,17,3
SKU_03625,Brand_AC Women's Wear Item 3625,Apparel,Women's Wear,Brand_AC,10.96,30.74,1.87,SUPP_007,21,86,11
SKU_03626,Brand_IA Computers Item 3626,Electronics,Computers,Brand_IA,82.0,142.91,2.83,SUPP_027,10,25,5
SKU_03627,Brand_BC Household Supplies Item 3627,Groceries & Essentials,Household Supplies,Brand_BC,4.66,5.54,0.16,SUPP_039,8,43,8
SKU_03628,Brand_JE Accessories Item 3628,Electronics,Accessories,Brand_JE,97.71,168.49,1.96,SUPP_026,22,61,8
SKU_03629,Brand_EC Beverages Item 3629,Groceries & Essentials,Beverages,Brand_EC,27.39,38.26,1.64,SUPP_045,5,15,4
SKU_03630,Brand_BA Skincare Item 3630,Health & Beauty,Skincare,Brand_BA,40.62,89.12,0.36,SUPP_042,16,44,7
SKU_03631,Brand_FD Beverages Item 3631,Groceries & Essentials,Beverages,Brand_FD,22.17,28.28,0.91,SUPP_019,8,24,5
SKU_03632,Brand_FE Accessories Item 3632,Apparel,Accessories,Brand_FE,23.98,48.59,5.46,SUPP_001,12,29,5
SKU_03633,Brand_ED Audio Item 3633,Electronics,Audio,Brand_ED,190.59,318.8,1.02,SUPP_001,19,167,22
SKU_03634,Brand_AD Accessories Item 3634,Apparel,Accessories,Brand_AD,86.24,152.01,0.15,SUPP_033,25,50,6
SKU_03635,Brand_BC Home Decor Item 3635,Home & Kitchen,Home Decor,Brand_BC,42.08,85.94,0.92,SUPP_027,14,160,24
SKU_03636,Brand_DE Men's Wear Item 3636,Apparel,Men's Wear,Brand_DE,28.9,74.84,1.86,SUPP_028,29,173,19
SKU_03637,Brand_GB Personal Care Item 3637,Groceries & Essentials,Personal Care,Brand_GB,4.88,7.32,0.48,SUPP_025,6,14,3
SKU_03638,Brand_HC Outdoor Recreation Item 3638,Sports & Outdoors,Outdoor Recreation,Brand_HC,169.62,282.28,0.84,SUPP_035,22,71,9
SKU_03639,Brand_CE Cookware Item 3639,Home & Kitchen,Cookware,Brand_CE,60.0,106.67,0.16,SUPP_039,24,115,14
SKU_03640,Brand_AA Women's Wear Item 3640,Apparel,Women's Wear,Brand_AA,12.3,26.27,0.69,SUPP_015,12,32,5
SKU_03641,Brand_HA Cosmetics Item 3641,Health & Beauty,Cosmetics,Brand_HA,5.36,11.9,0.26,SUPP_044,16,48,7
SKU_03642,Brand_AB Sportswear Item 3642,Apparel,Sportswear,Brand_AB,15.47,40.1,1.43,SUPP_014,14,95,15
SKU_03643,Brand_AC Oral Care Item 3643,Health & Beauty,Oral Care,Brand_AC,10.81,31.12,2.77,SUPP_042,8,42,8
SKU_03644,Brand_CD Computers Item 3644,Electronics,Computers,Brand_CD,233.96,328.89,1.68,SUPP_048,9,230,42
SKU_03645,Brand_JC Skincare Item 3645,Health & Beauty,Skincare,Brand_JC,13.61,31.42,2.65,SUPP_023,19,75,10
SKU_03646,Brand_HE Household Supplies Item 3646,Groceries & Essentials,Household Supplies,Brand_HE,2.35,2.91,2.78,SUPP_048,13,18,3
SKU_03647,Brand_IA Accessories Item 3647,Apparel,Accessories,Brand_IA,52.49,108.58,1.66,SUPP_025,11,24,4
SKU_03648,Brand_JC Skincare Item 3648,Health & Beauty,Skincare,Brand_JC,39.52,81.03,1.66,SUPP_020,9,80,15
SKU_03649,Brand_GD Vitamins & Supplements Item 3649,Health & Beauty,Vitamins & Supplements,Brand_GD,46.05,92.54,0.25,SUPP_003,9,159,29
SKU_03650,Brand_GA Footwear Item 3650,Apparel,Footwear,Brand_GA,8.05,17.34,2.56,SUPP_013,20,80,11
SKU_03651,Brand_BA Sportswear Item 3651,Apparel,Sportswear,Brand_BA,15.19,38.87,0.91,SUPP_046,16,151,22
SKU_03652,Brand_BA Packaged Foods Item 3652,Groceries & Essentials,Packaged Foods,Brand_BA,30.36,36.59,1.62,SUPP_019,8,85,16
SKU_03653,Brand_JD Footwear Item 3653,Apparel,Footwear,Brand_JD,43.75,76.31,0.32,SUPP_010,30,159,17
SKU_03654,Brand_HE Sportswear Item 3654,Apparel,Sportswear,Brand_HE,44.79,116.96,2.84,SUPP_046,25,89,11
SKU_03655,Brand_IE Footwear Item 3655,Apparel,Footwear,Brand_IE,11.4,25.2,1.3,SUPP_036,16,82,12
SKU_03656,Brand_DE Computers Item 3656,Electronics,Computers,Brand_DE,42.6,68.1,3.32,SUPP_019,21,50,7
SKU_03657,Brand_DA Beverages Item 3657,Groceries & Essentials,Beverages,Brand_DA,12.95,19.73,0.44,SUPP_018,4,20,5
SKU_03658,Brand_JC Computers Item 3658,Electronics,Computers,Brand_JC,288.4,443.81,1.19,SUPP_043,18,30,4
SKU_03659,Brand_GD Personal Care Item 3659,Groceries & Essentials,Personal Care,Brand_GD,11.57,16.33,5.57,SUPP_014,10,34,6
SKU_03660,Brand_BD Men's Wear Item 3660,Apparel,Men's Wear,Brand_BD,42.56,92.91,1.84,SUPP_004,28,90,10
SKU_03661,Brand_DD Wearables Item 3661,Electronics,Wearables,Brand_DD,253.76,434.39,0.56,SUPP_024,18,62,9
SKU_03662,Brand_IC Cycling Item 3662,Sports & Outdoors,Cycling,Brand_IC,160.28,294.32,2.21,SUPP_039,29,66,8
SKU_03663,Brand_FC Storage & Org Item 3663,Home & Kitchen,Storage & Org,Brand_FC,88.26,143.91,1.83,SUPP_025,21,27,4
SKU_03664,Brand_FA Accessories Item 3664,Electronics,Accessories,Brand_FA,29.7,49.81,1.84,SUPP_044,13,39,6
SKU_03665,Brand_GB Small Appliances Item 3665,Home & Kitchen,Small Appliances,Brand_GB,47.2,72.86,3.18,SUPP_002,20,31,4
SKU_03666,Brand_DA Footwear Item 3666,Apparel,Footwear,Brand_DA,48.85,124.31,0.42,SUPP_026,30,89,10
SKU_03667,Brand_DC Snacks Item 3667,Groceries & Essentials,Snacks,Brand_DC,14.72,21.02,0.19,SUPP_015,9,15,3
SKU_03668,Brand_CC Packaged Foods Item 3668,Groceries & Essentials,Packaged Foods,Brand_CC,27.53,34.97,0.24,SUPP_049,11,35,6
SKU_03669,Brand_IA Household Supplies Item 3669,Groceries & Essentials,Household Supplies,Brand_IA,7.84,11.71,2.45,SUPP_041,14,124,19
SKU_03670,Brand_JB Smart Home Item 3670,Electronics,Smart Home,Brand_JB,181.55,260.83,6.38,SUPP_019,16,24,4
SKU_03671,Brand_GE Men's Wear Item 3671,Apparel,Men's Wear,Brand_GE,19.18,50.19,2.52,SUPP_036,20,49,7
SKU_03672,Brand_FC Team Sports Item 3672,Sports & Outdoors,Team Sports,Brand_FC,102.78,158.13,1.98,SUPP_017,29,317,35
SKU_03673,Brand_JA Accessories Item 3673,Apparel,Accessories,Brand_JA,54.68,124.63,0.48,SUPP_027,21,31,4
SKU_03674,Brand_DD Wearables Item 3674,Electronics,Wearables,Brand_DD,101.87,171.61,2.15,SUPP_001,23,56,7
SKU_03675,Brand_GB Snacks Item 3675,Groceries & Essentials,Snacks,Brand_GB,36.6,43.88,1.03,SUPP_022,6,9,2
SKU_03676,Brand_EC Vitamins & Supplements Item 3676,Health & Beauty,Vitamins & Supplements,Brand_EC,14.79,37.91,0.67,SUPP_013,15,164,24
SKU_03677,Brand_HD Sportswear Item 3677,Apparel,Sportswear,Brand_HD,70.92,125.72,0.29,SUPP_020,10,16,3
SKU_03678,Brand_CC Sportswear Item 3678,Apparel,Sportswear,Brand_CC,80.04,140.85,3.16,SUPP_039,28,35,4
SKU_03679,Brand_BA Women's Wear Item 3679,Apparel,Women's Wear,Brand_BA,51.5,135.44,0.71,SUPP_048,28,48,6
SKU_03680,Brand_FB Cosmetics Item 3680,Health & Beauty,Cosmetics,Brand_FB,21.45,40.45,4.57,SUPP_047,7,18,4
SKU_03681,Brand_JC Accessories Item 3681,Apparel,Accessories,Brand_JC,87.53,162.07,0.22,SUPP_042,21,49,7
SKU_03682,Brand_AD Footwear Item 3682,Apparel,Footwear,Brand_AD,19.26,54.36,1.64,SUPP_045,24,326,39
SKU_03683,Brand_HD Oral Care Item 3683,Health & Beauty,Oral Care,Brand_HD,30.55,76.31,0.31,SUPP_041,18,174,24
SKU_03684,Brand_DE Home Decor Item 3684,Home & Kitchen,Home Decor,Brand_DE,77.41,135.73,2.0,SUPP_004,16,106,15
SKU_03685,Brand_CB Men's Wear Item 3685,Apparel,Men's Wear,Brand_CB,87.77,165.2,3.38,SUPP_048,27,71,8
SKU_03686,Brand_IE Storage & Org Item 3686,Home & Kitchen,Storage & Org,Brand_IE,85.76,141.44,0.14,SUPP_041,26,107,13
SKU_03687,Brand_GD Accessories Item 3687,Apparel,Accessories,Brand_GD,41.61,79.38,1.19,SUPP_039,26,42,5
SKU_03688,Brand_EE Footwear Item 3688,Apparel,Footwear,Brand_EE,50.32,125.02,0.7,SUPP_027,16,40,6
SKU_03689,Brand_DA Snacks Item 3689,Groceries & Essentials,Snacks,Brand_DA,3.73,5.13,0.99,SUPP_043,10,19,4
SKU_03690,Brand_DB Household Supplies Item 3690,Groceries & Essentials,Household Supplies,Brand_DB,8.38,12.73,0.9,SUPP_040,4,8,2
SKU_03691,Brand_DC Household Supplies Item 3691,Groceries & Essentials,Household Supplies,Brand_DC,19.72,24.03,0.14,SUPP_022,8,28,6
SKU_03692,Brand_DA Audio Item 3692,Electronics,Audio,Brand_DA,116.67,163.65,0.39,SUPP_020,17,61,9
SKU_03693,Brand_JB Household Supplies Item 3693,Groceries & Essentials,Household Supplies,Brand_JB,29.65,40.61,1.89,SUPP_041,4,10,3
SKU_03694,Brand_DB Small Appliances Item 3694,Home & Kitchen,Small Appliances,Brand_DB,55.74,116.5,0.14,SUPP_039,25,118,14
SKU_03695,Brand_CE Small Appliances Item 3695,Home & Kitchen,Small Appliances,Brand_CE,121.03,233.25,1.66,SUPP_044,9,149,27
SKU_03696,Brand_FE Computers Item 3696,Electronics,Computers,Brand_FE,194.52,269.03,1.2,SUPP_048,7,13,3
SKU_03697,Brand_JE Cosmetics Item 3697,Health & Beauty,Cosmetics,Brand_JE,31.61,59.31,0.45,SUPP_005,16,110,16
SKU_03698,Brand_BE Fitness Gear Item 3698,Sports & Outdoors,Fitness Gear,Brand_BE,54.53,93.63,5.0,SUPP_048,30,223,24
SKU_03699,Brand_FB Personal Care Item 3699,Groceries & Essentials,Personal Care,Brand_FB,12.35,18.86,0.29,SUPP_024,10,15,3
SKU_03700,Brand_CA Footwear Item 3700,Apparel,Footwear,Brand_CA,5.98,14.33,3.4,SUPP_006,12,28,5
SKU_03701,Brand_BB Packaged Foods Item 3701,Groceries & Essentials,Packaged Foods,Brand_BB,4.27,5.62,1.61,SUPP_026,7,135,27
SKU_03702,Brand_DC Women's Wear Item 3702,Apparel,Women's Wear,Brand_DC,14.65,35.72,0.68,SUPP_042,25,129,15
SKU_03703,Brand_EE Home Decor Item 3703,Home & Kitchen,Home Decor,Brand_EE,52.49,92.98,2.05,SUPP_010,25,54,7
SKU_03704,Brand_ED Snacks Item 3704,Groceries & Essentials,Snacks,Brand_ED,15.89,22.28,3.06,SUPP_023,5,19,5
SKU_03705,Brand_CD Bedding Item 3705,Home & Kitchen,Bedding,Brand_CD,153.25,243.86,0.45,SUPP_033,17,32,5
SKU_03706,Brand_FA Personal Care Item 3706,Groceries & Essentials,Personal Care,Brand_FA,26.8,34.53,1.38,SUPP_034,8,15,3
SKU_03707,Brand_ED Household Supplies Item 3707,Groceries & Essentials,Household Supplies,Brand_ED,15.1,21.55,1.31,SUPP_025,14,39,6
SKU_03708,Brand_CB Women's Wear Item 3708,Apparel,Women's Wear,Brand_CB,25.87,70.73,1.34,SUPP_023,13,56,9
SKU_03709,Brand_EC Women's Wear Item 3709,Apparel,Women's Wear,Brand_EC,5.52,12.37,0.76,SUPP_038,20,58,8
SKU_03710,Brand_AA Haircare Item 3710,Health & Beauty,Haircare,Brand_AA,20.16,48.65,2.96,SUPP_011,13,22,4
SKU_03711,Brand_ID Sportswear Item 3711,Apparel,Sportswear,Brand_ID,62.99,159.27,2.61,SUPP_016,20,257,33
SKU_03712,Brand_BD Beverages Item 3712,Groceries & Essentials,Beverages,Brand_BD,10.33,13.12,1.23,SUPP_027,13,40,7
SKU_03713,Brand_JC Small Appliances Item 3713,Home & Kitchen,Small Appliances,Brand_JC,82.06,141.35,2.82,SUPP_029,13,75,12
SKU_03714,Brand_HD Packaged Foods Item 3714,Groceries & Essentials,Packaged Foods,Brand_HD,31.1,38.18,1.78,SUPP_019,3,8,2
SKU_03715,Brand_AB Accessories Item 3715,Electronics,Accessories,Brand_AB,42.13,69.04,2.88,SUPP_036,16,35,5
SKU_03716,Brand_HC Snacks Item 3716,Groceries & Essentials,Snacks,Brand_HC,9.28,13.8,1.46,SUPP_022,4,7,2
SKU_03717,Brand_GE Skincare Item 3717,Health & Beauty,Skincare,Brand_GE,34.89,103.13,1.72,SUPP_015,10,21,4
SKU_03718,Brand_HE Small Appliances Item 3718,Home & Kitchen,Small Appliances,Brand_HE,113.91,219.95,2.84,SUPP_024,14,25,4
SKU_03719,Brand_ID Fitness Gear Item 3719,Sports & Outdoors,Fitness Gear,Brand_ID,58.9,104.93,1.43,SUPP_018,16,52,8
SKU_03720,Brand_DB Wearables Item 3720,Electronics,Wearables,Brand_DB,126.15,170.41,1.04,SUPP_040,17,82,12
SKU_03721,Brand_FB Beverages Item 3721,Groceries & Essentials,Beverages,Brand_FB,4.39,6.33,0.69,SUPP_018,8,18,4
SKU_03722,Brand_AA Snacks Item 3722,Groceries & Essentials,Snacks,Brand_AA,17.16,21.43,0.48,SUPP_029,10,15,3
SKU_03723,Brand_FB Personal Care Item 3723,Groceries & Essentials,Personal Care,Brand_FB,20.75,25.21,0.18,SUPP_035,4,7,2
SKU_03724,Brand_GC Household Supplies Item 3724,Groceries & Essentials,Household Supplies,Brand_GC,30.34,37.72,2.76,SUPP_040,6,16,4
SKU_03725,Brand_CC Audio Item 3725,Electronics,Audio,Brand_CC,86.98,142.9,1.83,SUPP_016,9,22,4
SKU_03726,Brand_CA Cosmetics Item 3726,Health & Beauty,Cosmetics,Brand_CA,12.92,29.96,0.61,SUPP_010,20,112,15
SKU_03727,Brand_JD Snacks Item 3727,Groceries & Essentials,Snacks,Brand_JD,16.42,20.52,0.94,SUPP_024,11,24,4
SKU_03728,Brand_DC Accessories Item 3728,Electronics,Accessories,Brand_DC,36.52,54.69,0.75,SUPP_045,12,32,5
SKU_03729,Brand_HC Snacks Item 3729,Groceries & Essentials,Snacks,Brand_HC,2.76,3.62,1.43,SUPP_048,12,44,7
SKU_03730,Brand_FC Computers Item 3730,Electronics,Computers,Brand_FC,63.66,89.34,1.15,SUPP_014,9,16,3
SKU_03731,Brand_BC Home Decor Item 3731,Home & Kitchen,Home Decor,Brand_BC,117.73,223.51,0.67,SUPP_050,20,81,11
SKU_03732,Brand_AB Women's Wear Item 3732,Apparel,Women's Wear,Brand_AB,53.32,90.03,1.08,SUPP_038,18,76,11
SKU_03733,Brand_IE Team Sports Item 3733,Sports & Outdoors,Team Sports,Brand_IE,58.86,84.18,6.01,SUPP_007,29,55,6
SKU_03734,Brand_GC Beverages Item 3734,Groceries & Essentials,Beverages,Brand_GC,31.98,38.33,3.5,SUPP_009,6,9,2
SKU_03735,Brand_JE Personal Care Item 3735,Groceries & Essentials,Personal Care,Brand_JE,17.69,24.81,0.72,SUPP_025,9,19,4
SKU_03736,Brand_AA Oral Care Item 3736,Health & Beauty,Oral Care,Brand_AA,3.39,7.49,2.39,SUPP_015,5,39,9
SKU_03737,Brand_FE Skincare Item 3737,Health & Beauty,Skincare,Brand_FE,2.82,7.12,0.3,SUPP_016,14,46,7
SKU_03738,Brand_JE Footwear Item 3738,Apparel,Footwear,Brand_JE,56.66,104.86,1.61,SUPP_027,30,53,6
SKU_03739,Brand_EB Personal Care Item 3739,Groceries & Essentials,Personal Care,Brand_EB,13.02,18.04,0.14,SUPP_013,12,16,3
SKU_03740,Brand_FA Accessories Item 3740,Apparel,Accessories,Brand_FA,25.3,56.88,4.44,SUPP_018,29,66,8
SKU_03741,Brand_GB Women's Wear Item 3741,Apparel,Women's Wear,Brand_GB,7.31,17.68,0.97,SUPP_006,29,69,8
SKU_03742,Brand_GE Footwear Item 3742,Apparel,Footwear,Brand_GE,34.27,70.04,0.83,SUPP_036,13,71,11
SKU_03743,Brand_ID Women's Wear Item 3743,Apparel,Women's Wear,Brand_ID,22.05,56.64,0.88,SUPP_013,14,20,3
SKU_03744,Brand_BE Storage & Org Item 3744,Home & Kitchen,Storage & Org,Brand_BE,87.36,175.21,0.45,SUPP_010,10,47,8
SKU_03745,Brand_BE Accessories Item 3745,Apparel,Accessories,Brand_BE,9.55,21.87,2.12,SUPP_048,21,61,8
SKU_03746,Brand_BC Beverages Item 3746,Groceries & Essentials,Beverages,Brand_BC,6.53,9.58,0.84,SUPP_028,7,12,3
SKU_03747,Brand_DC Small Appliances Item 3747,Home & Kitchen,Small Appliances,Brand_DC,103.23,160.91,0.83,SUPP_048,18,178,24
SKU_03748,Brand_CD Cookware Item 3748,Home & Kitchen,Cookware,Brand_CD,86.11,169.56,4.21,SUPP_015,11,39,7
SKU_03749,Brand_EE Beverages Item 3749,Groceries & Essentials,Beverages,Brand_EE,22.14,34.06,1.96,SUPP_050,12,53,9
SKU_03750,Brand_AC Storage & Org Item 3750,Home & Kitchen,Storage & Org,Brand_AC,126.75,198.24,2.24,SUPP_040,28,87,10
SKU_03751,Brand_GE Haircare Item 3751,Health & Beauty,Haircare,Brand_GE,15.27,47.2,7.71,SUPP_029,5,311,71
SKU_03752,Brand_DA Women's Wear Item 3752,Apparel,Women's Wear,Brand_DA,41.14,70.67,2.14,SUPP_019,11,23,4
SKU_03753,Brand_GB Sportswear Item 3753,Apparel,Sportswear,Brand_GB,6.48,12.55,1.72,SUPP_043,27,43,5
SKU_03754,Brand_DB Small Appliances Item 3754,Home & Kitchen,Small Appliances,Brand_DB,140.65,219.8,0.93,SUPP_032,18,39,6
SKU_03755,Brand_HE Cookware Item 3755,Home & Kitchen,Cookware,Brand_HE,132.88,204.88,1.23,SUPP_013,27,112,13
SKU_03756,Brand_HD Accessories Item 3756,Electronics,Accessories,Brand_HD,26.33,46.06,0.39,SUPP_002,14,83,13
SKU_03757,Brand_DC Sportswear Item 3757,Apparel,Sportswear,Brand_DC,11.23,18.84,0.93,SUPP_023,21,86,11
SKU_03758,Brand_DA Oral Care Item 3758,Health & Beauty,Oral Care,Brand_DA,36.54,97.64,0.49,SUPP_048,11,53,9
SKU_03759,Brand_BE Accessories Item 3759,Electronics,Accessories,Brand_BE,145.6,240.55,0.68,SUPP_048,10,47,8
SKU_03760,Brand_EB Accessories Item 3760,Electronics,Accessories,Brand_EB,94.86,152.93,1.02,SUPP_004,17,63,9
SKU_03761,Brand_HE Haircare Item 3761,Health & Beauty,Haircare,Brand_HE,26.0,68.37,0.18,SUPP_020,21,34,5
SKU_03762,Brand_GC Camping Item 3762,Sports & Outdoors,Camping,Brand_GC,44.65,70.48,0.57,SUPP_035,23,49,6
SKU_03763,Brand_JA Footwear Item 3763,Apparel,Footwear,Brand_JA,64.63,154.83,2.01,SUPP_006,14,23,4
SKU_03764,Brand_JD Packaged Foods Item 3764,Groceries & Essentials,Packaged Foods,Brand_JD,6.23,7.37,0.6,SUPP_028,14,90,14
SKU_03765,Brand_HA Wearables Item 3765,Electronics,Wearables,Brand_HA,63.94,91.76,4.35,SUPP_046,11,90,15
SKU_03766,Brand_DB Household Supplies Item 3766,Groceries & Essentials,Household Supplies,Brand_DB,8.68,11.47,5.99,SUPP_049,8,12,3
SKU_03767,Brand_CA Snacks Item 3767,Groceries & Essentials,Snacks,Brand_CA,11.13,15.43,0.95,SUPP_024,14,100,15
SKU_03768,Brand_FE Home Decor Item 3768,Home & Kitchen,Home Decor,Brand_FE,49.7,87.59,3.49,SUPP_019,27,176,20
SKU_03769,Brand_EB Household Supplies Item 3769,Groceries & Essentials,Household Supplies,Brand_EB,20.88,27.9,2.39,SUPP_027,9,36,7
SKU_03770,Brand_AD Computers Item 3770,Electronics,Computers,Brand_AD,222.19,372.64,1.98,SUPP_007,14,30,5
SKU_03771,Brand_JC Sportswear Item 3771,Apparel,Sportswear,Brand_JC,64.72,172.75,0.28,SUPP_033,26,51,6
SKU_03772,Brand_IE Home Decor Item 3772,Home & Kitchen,Home Decor,Brand_IE,133.03,248.1,1.56,SUPP_003,11,163,27
SKU_03773,Brand_GA Skincare Item 3773,Health & Beauty,Skincare,Brand_GA,18.44,39.79,0.78,SUPP_007,10,39,7
SKU_03774,Brand_JB Computers Item 3774,Electronics,Computers,Brand_JB,102.12,183.44,0.23,SUPP_025,12,48,8
SKU_03775,Brand_CB Smart Home Item 3775,Electronics,Smart Home,Brand_CB,120.69,166.67,0.33,SUPP_041,8,28,6
SKU_03776,Brand_AC Snacks Item 3776,Groceries & Essentials,Snacks,Brand_AC,24.4,34.91,1.05,SUPP_030,12,33,6
SKU_03777,Brand_CD Packaged Foods Item 3777,Groceries & Essentials,Packaged Foods,Brand_CD,18.42,24.63,1.6,SUPP_008,6,16,4
SKU_03778,Brand_DC Sportswear Item 3778,Apparel,Sportswear,Brand_DC,63.35,125.35,0.43,SUPP_043,22,160,20
SKU_03779,Brand_JC Computers Item 3779,Electronics,Computers,Brand_JC,116.9,198.14,0.59,SUPP_014,17,166,23
SKU_03780,Brand_AE Small Appliances Item 3780,Home & Kitchen,Small Appliances,Brand_AE,124.15,208.6,2.05,SUPP_047,14,150,23
SKU_03781,Brand_FD Packaged Foods Item 3781,Groceries & Essentials,Packaged Foods,Brand_FD,4.66,6.78,8.79,SUPP_040,8,120,23
SKU_03782,Brand_BB Accessories Item 3782,Apparel,Accessories,Brand_BB,96.93,163.03,3.63,SUPP_046,15,24,4
SKU_03783,Brand_BA Computers Item 3783,Electronics,Computers,Brand_BA,187.7,320.61,2.69,SUPP_048,15,54,8
SKU_03784,Brand_ED Smart Home Item 3784,Electronics,Smart Home,Brand_ED,28.2,42.14,1.71,SUPP_041,17,39,6
SKU_03785,Brand_BD Men's Wear Item 3785,Apparel,Men's Wear,Brand_BD,16.48,37.56,1.43,SUPP_027,15,55,8
SKU_03786,Brand_FE Household Supplies Item 3786,Groceries & Essentials,Household Supplies,Brand_FE,30.78,41.15,2.0,SUPP_011,3,16,5
SKU_03787,Brand_IC Cookware Item 3787,Home & Kitchen,Cookware,Brand_IC,72.79,130.09,2.33,SUPP_011,26,100,12
SKU_03788,Brand_BD Household Supplies Item 3788,Groceries & Essentials,Household Supplies,Brand_BD,15.4,23.0,1.17,SUPP_005,11,18,3
SKU_03789,Brand_JD Home Decor Item 3789,Home & Kitchen,Home Decor,Brand_JD,95.46,184.26,2.24,SUPP_025,20,34,5
SKU_03790,Brand_GE Sportswear Item 3790,Apparel,Sportswear,Brand_GE,62.74,106.75,3.2,SUPP_041,19,124,17
SKU_03791,Brand_GD Women's Wear Item 3791,Apparel,Women's Wear,Brand_GD,48.43,117.54,0.97,SUPP_024,25,109,13
SKU_03792,Brand_CA Personal Care Item 3792,Groceries & Essentials,Personal Care,Brand_CA,16.78,23.47,2.64,SUPP_008,5,65,15
SKU_03793,Brand_BA Team Sports Item 3793,Sports & Outdoors,Team Sports,Brand_BA,39.18,73.04,0.46,SUPP_040,30,36,4
SKU_03794,Brand_DD Team Sports Item 3794,Sports & Outdoors,Team Sports,Brand_DD,134.89,237.53,1.2,SUPP_009,22,43,6
SKU_03795,Brand_HE Accessories Item 3795,Electronics,Accessories,Brand_HE,189.0,308.56,3.21,SUPP_014,12,43,7
SKU_03796,Brand_HD Home Decor Item 3796,Home & Kitchen,Home Decor,Brand_HD,65.51,134.12,1.7,SUPP_016,16,49,7
SKU_03797,Brand_AA Household Supplies Item 3797,Groceries & Essentials,Household Supplies,Brand_AA,23.1,31.33,1.02,SUPP_038,4,19,5
SKU_03798,Brand_DC Team Sports Item 3798,Sports & Outdoors,Team Sports,Brand_DC,70.61,122.61,2.86,SUPP_005,23,63,8
SKU_03799,Brand_CC Wearables Item 3799,Electronics,Wearables,Brand_CC,224.72,342.98,3.53,SUPP_040,16,104,15
SKU_03800,Brand_DE Beverages Item 3800,Groceries & Essentials,Beverages,Brand_DE,32.29,41.64,1.29,SUPP_042,3,9,3
SKU_03801,Brand_HE Skincare Item 3801,Health & Beauty,Skincare,Brand_HE,57.64,114.28,0.9,SUPP_031,17,139,20
SKU_03802,Brand_ID Storage & Org Item 3802,Home & Kitchen,Storage & Org,Brand_ID,31.11,54.25,0.81,SUPP_040,13,116,18
SKU_03803,Brand_IB Cookware Item 3803,Home & Kitchen,Cookware,Brand_IB,66.03,104.38,1.76,SUPP_029,10,21,4
SKU_03804,Brand_EA Small Appliances Item 3804,Home & Kitchen,Small Appliances,Brand_EA,61.2,108.27,1.75,SUPP_049,20,49,7
SKU_03805,Brand_EA Accessories Item 3805,Apparel,Accessories,Brand_EA,17.61,31.78,0.66,SUPP_041,15,43,7
SKU_03806,Brand_FC Personal Care Item 3806,Groceries & Essentials,Personal Care,Brand_FC,19.76,23.56,0.24,SUPP_027,6,12,3
SKU_03807,Brand_GC Cookware Item 3807,Home & Kitchen,Cookware,Brand_GC,38.37,64.2,0.21,SUPP_032,24,257,31
SKU_03808,Brand_AE Personal Care Item 3808,Groceries & Essentials,Personal Care,Brand_AE,6.34,7.88,0.5,SUPP_014,8,20,4
SKU_03809,Brand_HC Vitamins & Supplements Item 3809,Health & Beauty,Vitamins & Supplements,Brand_HC,18.43,35.17,1.93,SUPP_009,8,65,13
SKU_03810,Brand_AE Footwear Item 3810,Apparel,Footwear,Brand_AE,71.12,176.24,2.33,SUPP_009,17,21,3
SKU_03811,Brand_AA Cookware Item 3811,Home & Kitchen,Cookware,Brand_AA,115.29,209.68,0.36,SUPP_034,8,25,5
SKU_03812,Brand_IA Small Appliances Item 3812,Home & Kitchen,Small Appliances,Brand_IA,78.01,152.56,2.01,SUPP_020,26,35,4
SKU_03813,Brand_IB Snacks Item 3813,Groceries & Essentials,Snacks,Brand_IB,28.34,35.51,2.73,SUPP_015,13,19,3
SKU_03814,Brand_EB Wearables Item 3814,Electronics,Wearables,Brand_EB,145.57,253.6,2.65,SUPP_007,21,82,11
SKU_03815,Brand_ED Personal Care Item 3815,Groceries & Essentials,Personal Care,Brand_ED,21.28,26.77,1.22,SUPP_033,13,31,5
SKU_03816,Brand_HB Accessories Item 3816,Electronics,Accessories,Brand_HB,12.84,20.41,2.32,SUPP_047,21,278,35
SKU_03817,Brand_CD Accessories Item 3817,Apparel,Accessories,Brand_CD,44.61,88.76,1.01,SUPP_008,14,87,13
SKU_03818,Brand_GC Bedding Item 3818,Home & Kitchen,Bedding,Brand_GC,12.53,21.83,0.39,SUPP_011,21,33,5
SKU_03819,Brand_BB Smart Home Item 3819,Electronics,Smart Home,Brand_BB,29.47,42.98,0.75,SUPP_024,17,90,13
SKU_03820,Brand_CA Cookware Item 3820,Home & Kitchen,Cookware,Brand_CA,32.36,61.73,0.2,SUPP_008,22,258,32
SKU_03821,Brand_IB Cookware Item 3821,Home & Kitchen,Cookware,Brand_IB,38.24,79.72,0.26,SUPP_005,20,52,7
SKU_03822,Brand_AE Skincare Item 3822,Health & Beauty,Skincare,Brand_AE,21.08,46.5,0.3,SUPP_018,13,101,16
SKU_03823,Brand_BB Cookware Item 3823,Home & Kitchen,Cookware,Brand_BB,58.59,120.72,1.65,SUPP_007,21,79,10
SKU_03824,Brand_AD Packaged Foods Item 3824,Groceries & Essentials,Packaged Foods,Brand_AD,19.59,28.62,0.98,SUPP_001,5,10,3
SKU_03825,Brand_ID Wearables Item 3825,Electronics,Wearables,Brand_ID,253.9,340.3,0.87,SUPP_007,25,100,12
SKU_03826,Brand_CC Household Supplies Item 3826,Groceries & Essentials,Household Supplies,Brand_CC,19.51,27.48,2.72,SUPP_013,5,8,2
SKU_03827,Brand_CE Cookware Item 3827,Home & Kitchen,Cookware,Brand_CE,108.72,174.47,0.35,SUPP_023,28,188,21
SKU_03828,Brand_BD Accessories Item 3828,Electronics,Accessories,Brand_BD,284.24,428.85,0.94,SUPP_025,9,19,4
SKU_03829,Brand_EA Beverages Item 3829,Groceries & Essentials,Beverages,Brand_EA,10.36,14.21,0.44,SUPP_017,9,185,34
SKU_03830,Brand_JA Snacks Item 3830,Groceries & Essentials,Snacks,Brand_JA,7.48,9.17,3.36,SUPP_016,12,36,6
SKU_03831,Brand_IC Computers Item 3831,Electronics,Computers,Brand_IC,100.28,161.0,0.37,SUPP_042,19,68,9
SKU_03832,Brand_CA Skincare Item 3832,Health & Beauty,Skincare,Brand_CA,63.54,116.97,2.05,SUPP_026,10,37,7
SKU_03833,Brand_JC Computers Item 3833,Electronics,Computers,Brand_JC,63.08,106.9,0.66,SUPP_032,9,39,7
SKU_03834,Brand_CE Camping Item 3834,Sports & Outdoors,Camping,Brand_CE,34.3,58.57,2.37,SUPP_041,19,41,6
SKU_03835,Brand_HC Household Supplies Item 3835,Groceries & Essentials,Household Supplies,Brand_HC,24.4,36.68,2.24,SUPP_025,7,163,33
SKU_03836,Brand_FC Cosmetics Item 3836,Health & Beauty,Cosmetics,Brand_FC,24.0,74.0,0.44,SUPP_001,16,473,67
SKU_03837,Brand_FB Oral Care Item 3837,Health & Beauty,Oral Care,Brand_FB,35.69,111.38,2.01,SUPP_020,11,50,9
SKU_03838,Brand_EA Accessories Item 3838,Apparel,Accessories,Brand_EA,8.41,20.44,0.5,SUPP_035,19,378,50
SKU_03839,Brand_IB Footwear Item 3839,Apparel,Footwear,Brand_IB,49.21,120.92,1.15,SUPP_013,28,43,5
SKU_03840,Brand_FD Sportswear Item 3840,Apparel,Sportswear,Brand_FD,45.48,117.01,3.71,SUPP_017,20,127,17
SKU_03841,Brand_ID Packaged Foods Item 3841,Groceries & Essentials,Packaged Foods,Brand_ID,20.75,30.88,4.66,SUPP_045,7,50,10
SKU_03842,Brand_GB Vitamins & Supplements Item 3842,Health & Beauty,Vitamins & Supplements,Brand_GB,35.47,109.46,3.96,SUPP_018,13,37,6
SKU_03843,Brand_IA Beverages Item 3843,Groceries & Essentials,Beverages,Brand_IA,10.68,15.27,0.22,SUPP_034,11,63,11
SKU_03844,Brand_DD Cycling Item 3844,Sports & Outdoors,Cycling,Brand_DD,195.77,296.04,2.58,SUPP_016,27,79,9
SKU_03845,Brand_DC Men's Wear Item 3845,Apparel,Men's Wear,Brand_DC,101.41,172.99,0.5,SUPP_010,29,99,11
SKU_03846,Brand_IA Camping Item 3846,Sports & Outdoors,Camping,Brand_IA,185.28,290.32,3.42,SUPP_043,17,31,5
SKU_03847,Brand_HA Personal Care Item 3847,Groceries & Essentials,Personal Care,Brand_HA,11.08,15.49,1.34,SUPP_050,14,20,3
SKU_03848,Brand_HB Cookware Item 3848,Home & Kitchen,Cookware,Brand_HB,90.98,159.54,0.19,SUPP_004,21,115,15
SKU_03849,Brand_IE Women's Wear Item 3849,Apparel,Women's Wear,Brand_IE,28.77,71.25,5.23,SUPP_044,14,40,6
SKU_03850,Brand_JA Packaged Foods Item 3850,Groceries & Essentials,Packaged Foods,Brand_JA,14.34,21.07,0.54,SUPP_014,10,90,16
SKU_03851,Brand_FE Audio Item 3851,Electronics,Audio,Brand_FE,162.68,227.11,1.59,SUPP_025,20,33,5
SKU_03852,Brand_HC Beverages Item 3852,Groceries & Essentials,Beverages,Brand_HC,5.55,6.69,0.56,SUPP_041,6,27,6
SKU_03853,Brand_CA Audio Item 3853,Electronics,Audio,Brand_CA,29.64,45.4,0.69,SUPP_041,23,41,5
SKU_03854,Brand_AC Snacks Item 3854,Groceries & Essentials,Snacks,Brand_AC,24.58,33.13,2.71,SUPP_043,9,19,4
SKU_03855,Brand_ED Wearables Item 3855,Electronics,Wearables,Brand_ED,160.06,245.51,0.11,SUPP_038,18,57,8
SKU_03856,Brand_BE Household Supplies Item 3856,Groceries & Essentials,Household Supplies,Brand_BE,26.82,39.97,0.61,SUPP_010,13,44,7
SKU_03857,Brand_BA Cookware Item 3857,Home & Kitchen,Cookware,Brand_BA,69.26,145.09,1.51,SUPP_006,17,47,7
SKU_03858,Brand_JC Beverages Item 3858,Groceries & Essentials,Beverages,Brand_JC,32.04,37.88,0.63,SUPP_020,12,25,4
SKU_03859,Brand_CA Sportswear Item 3859,Apparel,Sportswear,Brand_CA,75.05,158.44,0.51,SUPP_010,28,34,4
SKU_03860,Brand_EB Beverages Item 3860,Groceries & Essentials,Beverages,Brand_EB,30.39,38.05,0.22,SUPP_015,7,38,8
SKU_03861,Brand_EC Audio Item 3861,Electronics,Audio,Brand_EC,84.61,122.93,2.9,SUPP_005,10,21,4
SKU_03862,Brand_HA Men's Wear Item 3862,Apparel,Men's Wear,Brand_HA,62.36,165.95,6.32,SUPP_026,25,32,4
SKU_03863,Brand_GC Beverages Item 3863,Groceries & Essentials,Beverages,Brand_GC,30.76,37.77,0.47,SUPP_011,14,33,5
SKU_03864,Brand_HD Outdoor Recreation Item 3864,Sports & Outdoors,Outdoor Recreation,Brand_HD,217.88,349.6,0.53,SUPP_041,18,254,35
SKU_03865,Brand_GC Footwear Item 3865,Apparel,Footwear,Brand_GC,8.43,18.0,0.55,SUPP_017,23,442,54
SKU_03866,Brand_GC Wearables Item 3866,Electronics,Wearables,Brand_GC,261.13,422.53,0.11,SUPP_038,7,45,9
SKU_03867,Brand_GD Snacks Item 3867,Groceries & Essentials,Snacks,Brand_GD,7.22,9.13,0.77,SUPP_024,10,21,4
SKU_03868,Brand_DA Beverages Item 3868,Groceries & Essentials,Beverages,Brand_DA,24.72,32.61,1.32,SUPP_002,13,44,7
SKU_03869,Brand_DD Footwear Item 3869,Apparel,Footwear,Brand_DD,35.95,75.1,1.16,SUPP_006,23,41,5
SKU_03870,Brand_FE Small Appliances Item 3870,Home & Kitchen,Small Appliances,Brand_FE,141.12,248.0,0.27,SUPP_010,28,60,7
SKU_03871,Brand_BE Household Supplies Item 3871,Groceries & Essentials,Household Supplies,Brand_BE,3.61,4.86,0.71,SUPP_041,6,23,5
SKU_03872,Brand_DE Small Appliances Item 3872,Home & Kitchen,Small Appliances,Brand_DE,119.91,211.88,3.13,SUPP_045,15,41,6
SKU_03873,Brand_FE Oral Care Item 3873,Health & Beauty,Oral Care,Brand_FE,30.42,62.47,4.77,SUPP_033,17,21,3
SKU_03874,Brand_BE Wearables Item 3874,Electronics,Wearables,Brand_BE,64.48,110.17,0.45,SUPP_034,22,105,13
SKU_03875,Brand_HE Household Supplies Item 3875,Groceries & Essentials,Household Supplies,Brand_HE,19.71,28.83,2.81,SUPP_006,13,55,9
SKU_03876,Brand_IB Fitness Gear Item 3876,Sports & Outdoors,Fitness Gear,Brand_IB,26.41,49.98,0.23,SUPP_047,30,64,7
SKU_03877,Brand_JD Household Supplies Item 3877,Groceries & Essentials,Household Supplies,Brand_JD,14.57,21.07,0.15,SUPP_009,3,6,2
SKU_03878,Brand_AE Computers Item 3878,Electronics,Computers,Brand_AE,153.77,250.99,2.64,SUPP_039,23,33,4
SKU_03879,Brand_IC Packaged Foods Item 3879,Groceries & Essentials,Packaged Foods,Brand_IC,22.04,32.28,1.1,SUPP_018,5,8,2
SKU_03880,Brand_EA Smart Home Item 3880,Electronics,Smart Home,Brand_EA,257.19,438.86,7.48,SUPP_041,9,93,17
SKU_03881,Brand_IC Accessories Item 3881,Apparel,Accessories,Brand_IC,32.69,88.44,1.12,SUPP_037,16,23,4
SKU_03882,Brand_JE Vitamins & Supplements Item 3882,Health & Beauty,Vitamins & Supplements,Brand_JE,47.34,99.07,6.08,SUPP_003,12,17,3
SKU_03883,Brand_JB Women's Wear Item 3883,Apparel,Women's Wear,Brand_JB,70.49,169.37,1.39,SUPP_008,11,28,5
SKU_03884,Brand_CD Computers Item 3884,Electronics,Computers,Brand_CD,167.4,244.48,0.41,SUPP_040,15,170,25
SKU_03885,Brand_CE Household Supplies Item 3885,Groceries & Essentials,Household Supplies,Brand_CE,6.13,8.11,2.45,SUPP_020,9,13,3
SKU_03886,Brand_BD Sportswear Item 3886,Apparel,Sportswear,Brand_BD,54.0,111.68,1.03,SUPP_027,25,71,9
SKU_03887,Brand_CD Snacks Item 3887,Groceries & Essentials,Snacks,Brand_CD,15.71,21.2,2.32,SUPP_014,6,37,8
SKU_03888,Brand_FC Household Supplies Item 3888,Groceries & Essentials,Household Supplies,Brand_FC,30.27,43.51,0.13,SUPP_013,7,18,4
SKU_03889,Brand_HB Sportswear Item 3889,Apparel,Sportswear,Brand_HB,52.1,116.86,0.58,SUPP_043,16,28,4
SKU_03890,Brand_JD Computers Item 3890,Electronics,Computers,Brand_JD,192.45,308.82,0.76,SUPP_035,16,23,4
SKU_03891,Brand_IE Personal Care Item 3891,Groceries & Essentials,Personal Care,Brand_IE,11.08,13.17,1.14,SUPP_047,9,16,3
SKU_03892,Brand_FD Storage & Org Item 3892,Home & Kitchen,Storage & Org,Brand_FD,80.11,125.13,0.14,SUPP_043,25,42,5
SKU_03893,Brand_CE Personal Care Item 3893,Groceries & Essentials,Personal Care,Brand_CE,26.8,36.55,1.73,SUPP_037,4,34,9
SKU_03894,Brand_AE Sportswear Item 3894,Apparel,Sportswear,Brand_AE,10.01,27.49,1.02,SUPP_003,21,137,18
SKU_03895,Brand_GD Snacks Item 3895,Groceries & Essentials,Snacks,Brand_GD,6.65,8.79,0.15,SUPP_008,3,10,3
SKU_03896,Brand_JE Snacks Item 3896,Groceries & Essentials,Snacks,Brand_JE,29.07,36.8,0.95,SUPP_021,6,9,2
SKU_03897,Brand_DD Personal Care Item 3897,Groceries & Essentials,Personal Care,Brand_DD,5.02,6.27,3.71,SUPP_038,12,75,12
SKU_03898,Brand_AC Smart Home Item 3898,Electronics,Smart Home,Brand_AC,114.02,168.48,2.15,SUPP_022,23,77,10
SKU_03899,Brand_CB Personal Care Item 3899,Groceries & Essentials,Personal Care,Brand_CB,13.88,20.13,1.13,SUPP_017,12,21,4
SKU_03900,Brand_JB Men's Wear Item 3900,Apparel,Men's Wear,Brand_JB,84.82,178.22,3.1,SUPP_024,12,88,14
SKU_03901,Brand_CB Women's Wear Item 3901,Apparel,Women's Wear,Brand_CB,54.34,93.77,0.16,SUPP_044,30,118,13
SKU_03902,Brand_AB Vitamins & Supplements Item 3902,Health & Beauty,Vitamins & Supplements,Brand_AB,30.76,85.97,1.16,SUPP_038,7,180,36
SKU_03903,Brand_EC Cookware Item 3903,Home & Kitchen,Cookware,Brand_EC,119.84,243.18,0.79,SUPP_022,23,206,25
SKU_03904,Brand_CA Men's Wear Item 3904,Apparel,Men's Wear,Brand_CA,58.79,113.46,3.2,SUPP_017,17,83,12
SKU_03905,Brand_DE Personal Care Item 3905,Groceries & Essentials,Personal Care,Brand_DE,11.65,14.53,2.13,SUPP_047,5,9,2
SKU_03906,Brand_BB Audio Item 3906,Electronics,Audio,Brand_BB,22.58,32.29,1.42,SUPP_017,24,98,12
SKU_03907,Brand_HD Women's Wear Item 3907,Apparel,Women's Wear,Brand_HD,16.34,28.1,0.24,SUPP_014,19,48,7
SKU_03908,Brand_BE Footwear Item 3908,Apparel,Footwear,Brand_BE,44.56,81.13,1.9,SUPP_012,15,218,32
SKU_03909,Brand_JD Smart Home Item 3909,Electronics,Smart Home,Brand_JD,176.57,311.11,0.32,SUPP_037,23,57,7
SKU_03910,Brand_BD Wearables Item 3910,Electronics,Wearables,Brand_BD,18.36,27.26,0.52,SUPP_044,11,304,51
SKU_03911,Brand_JB Snacks Item 3911,Groceries & Essentials,Snacks,Brand_JB,29.96,35.86,4.92,SUPP_042,11,18,3
SKU_03912,Brand_CD Bedding Item 3912,Home & Kitchen,Bedding,Brand_CD,106.03,164.06,2.17,SUPP_018,22,167,21
SKU_03913,Brand_FB Packaged Foods Item 3913,Groceries & Essentials,Packaged Foods,Brand_FB,27.15,34.14,4.29,SUPP_029,5,8,2
SKU_03914,Brand_HD Snacks Item 3914,Groceries & Essentials,Snacks,Brand_HD,32.98,38.98,4.31,SUPP_016,11,26,5
SKU_03915,Brand_CC Storage & Org Item 3915,Home & Kitchen,Storage & Org,Brand_CC,52.66,116.21,0.19,SUPP_024,22,38,5
SKU_03916,Brand_DC Snacks Item 3916,Groceries & Essentials,Snacks,Brand_DC,12.68,19.22,2.25,SUPP_043,5,21,5
SKU_03917,Brand_HC Smart Home Item 3917,Electronics,Smart Home,Brand_HC,260.76,371.94,1.73,SUPP_017,20,33,5
SKU_03918,Brand_ID Snacks Item 3918,Groceries & Essentials,Snacks,Brand_ID,25.15,33.52,2.49,SUPP_039,10,26,5
SKU_03919,Brand_DC Vitamins & Supplements Item 3919,Health & Beauty,Vitamins & Supplements,Brand_DC,47.82,100.54,1.28,SUPP_030,8,35,7
SKU_03920,Brand_IA Cycling Item 3920,Sports & Outdoors,Cycling,Brand_IA,77.26,113.26,0.93,SUPP_038,18,26,4
SKU_03921,Brand_HB Beverages Item 3921,Groceries & Essentials,Beverages,Brand_HB,2.65,3.38,0.86,SUPP_003,13,206,32
SKU_03922,Brand_AB Audio Item 3922,Electronics,Audio,Brand_AB,284.32,423.0,0.51,SUPP_027,13,41,7
SKU_03923,Brand_BA Accessories Item 3923,Electronics,Accessories,Brand_BA,102.31,155.55,1.27,SUPP_046,25,119,14
SKU_03924,Brand_IE Oral Care Item 3924,Health & Beauty,Oral Care,Brand_IE,62.63,119.48,0.36,SUPP_020,5,9,2
SKU_03925,Brand_HC Accessories Item 3925,Apparel,Accessories,Brand_HC,22.83,61.03,0.39,SUPP_049,22,73,9
SKU_03926,Brand_DC Men's Wear Item 3926,Apparel,Men's Wear,Brand_DC,9.47,23.46,4.61,SUPP_011,10,52,9
SKU_03927,Brand_BA Smart Home Item 3927,Electronics,Smart Home,Brand_BA,110.53,177.03,0.39,SUPP_010,20,103,14
SKU_03928,Brand_DB Computers Item 3928,Electronics,Computers,Brand_DB,54.93,78.73,8.3,SUPP_005,23,114,14
SKU_03929,Brand_HB Cookware Item 3929,Home & Kitchen,Cookware,Brand_HB,104.12,169.92,1.73,SUPP_027,19,582,77
SKU_03930,Brand_HB Women's Wear Item 3930,Apparel,Women's Wear,Brand_HB,44.76,97.36,4.57,SUPP_048,13,17,3
SKU_03931,Brand_JC Storage & Org Item 3931,Home & Kitchen,Storage & Org,Brand_JC,44.16,90.5,3.0,SUPP_004,25,47,6
SKU_03932,Brand_BC Snacks Item 3932,Groceries & Essentials,Snacks,Brand_BC,16.27,19.79,2.13,SUPP_008,13,48,8
SKU_03933,Brand_FB Wearables Item 3933,Electronics,Wearables,Brand_FB,49.97,80.68,0.82,SUPP_008,10,33,6
SKU_03934,Brand_AD Women's Wear Item 3934,Apparel,Women's Wear,Brand_AD,21.06,46.99,1.26,SUPP_008,16,38,6
SKU_03935,Brand_GC Sportswear Item 3935,Apparel,Sportswear,Brand_GC,65.73,126.18,0.73,SUPP_048,16,28,4
SKU_03936,Brand_GA Household Supplies Item 3936,Groceries & Essentials,Household Supplies,Brand_GA,21.74,27.35,1.17,SUPP_022,3,37,10
SKU_03937,Brand_JB Cookware Item 3937,Home & Kitchen,Cookware,Brand_JB,124.32,209.62,0.46,SUPP_047,18,96,13
SKU_03938,Brand_JA Beverages Item 3938,Groceries & Essentials,Beverages,Brand_JA,30.96,44.95,0.75,SUPP_013,5,16,4
SKU_03939,Brand_HC Audio Item 3939,Electronics,Audio,Brand_HC,225.11,385.96,0.84,SUPP_050,17,48,7
SKU_03940,Brand_GD Audio Item 3940,Electronics,Audio,Brand_GD,242.78,332.67,3.47,SUPP_020,12,48,8
SKU_03941,Brand_FC Storage & Org Item 3941,Home & Kitchen,Storage & Org,Brand_FC,59.22,96.33,2.1,SUPP_004,11,57,10
SKU_03942,Brand_GA Beverages Item 3942,Groceries & Essentials,Beverages,Brand_GA,19.43,28.45,1.12,SUPP_028,4,30,8
SKU_03943,Brand_FE Accessories Item 3943,Apparel,Accessories,Brand_FE,65.31,172.2,0.31,SUPP_003,14,142,22
SKU_03944,Brand_EA Sportswear Item 3944,Apparel,Sportswear,Brand_EA,19.85,38.76,0.96,SUPP_012,19,680,90
SKU_03945,Brand_IA Footwear Item 3945,Apparel,Footwear,Brand_IA,8.57,18.04,0.85,SUPP_002,17,45,7
SKU_03946,Brand_HD Oral Care Item 3946,Health & Beauty,Oral Care,Brand_HD,10.95,28.25,1.78,SUPP_038,19,91,12
SKU_03947,Brand_CE Bedding Item 3947,Home & Kitchen,Bedding,Brand_CE,47.51,98.82,0.21,SUPP_001,24,37,5
SKU_03948,Brand_FE Sportswear Item 3948,Apparel,Sportswear,Brand_FE,15.54,43.3,0.25,SUPP_036,20,103,14
SKU_03949,Brand_AD Sportswear Item 3949,Apparel,Sportswear,Brand_AD,70.45,138.52,1.63,SUPP_049,16,30,5
SKU_03950,Brand_IE Wearables Item 3950,Electronics,Wearables,Brand_IE,255.99,398.82,1.78,SUPP_008,14,145,22
SKU_03951,Brand_JC Sportswear Item 3951,Apparel,Sportswear,Brand_JC,58.86,160.09,2.2,SUPP_012,23,214,26
SKU_03952,Brand_HC Smart Home Item 3952,Electronics,Smart Home,Brand_HC,19.87,33.25,1.38,SUPP_048,17,24,4
SKU_03953,Brand_GA Household Supplies Item 3953,Groceries & Essentials,Household Supplies,Brand_GA,4.89,7.17,0.24,SUPP_029,10,14,3
SKU_03954,Brand_IB Packaged Foods Item 3954,Groceries & Essentials,Packaged Foods,Brand_IB,8.46,10.13,1.43,SUPP_017,12,17,3
SKU_03955,Brand_CA Accessories Item 3955,Apparel,Accessories,Brand_CA,76.19,133.26,0.63,SUPP_011,13,30,5
SKU_03956,Brand_JE Beverages Item 3956,Groceries & Essentials,Beverages,Brand_JE,14.18,19.61,0.93,SUPP_040,10,51,9
SKU_03957,Brand_IA Sportswear Item 3957,Apparel,Sportswear,Brand_IA,15.57,43.7,0.73,SUPP_039,16,169,24
SKU_03958,Brand_DB Accessories Item 3958,Apparel,Accessories,Brand_DB,46.45,100.63,0.41,SUPP_045,14,36,6
SKU_03959,Brand_IC Smart Home Item 3959,Electronics,Smart Home,Brand_IC,308.06,446.76,1.81,SUPP_048,12,35,6
SKU_03960,Brand_HB Sportswear Item 3960,Apparel,Sportswear,Brand_HB,15.09,36.73,1.91,SUPP_043,29,41,5
SKU_03961,Brand_IA Oral Care Item 3961,Health & Beauty,Oral Care,Brand_IA,21.93,48.76,0.36,SUPP_021,19,97,13
SKU_03962,Brand_HB Wearables Item 3962,Electronics,Wearables,Brand_HB,212.99,325.77,3.82,SUPP_030,16,110,16
SKU_03963,Brand_FA Packaged Foods Item 3963,Groceries & Essentials,Packaged Foods,Brand_FA,23.06,35.12,0.77,SUPP_012,9,26,5
SKU_03964,Brand_HD Footwear Item 3964,Apparel,Footwear,Brand_HD,8.88,22.76,0.41,SUPP_009,27,63,7
SKU_03965,Brand_GC Snacks Item 3965,Groceries & Essentials,Snacks,Brand_GC,24.47,30.28,1.37,SUPP_043,5,43,10
SKU_03966,Brand_JE Women's Wear Item 3966,Apparel,Women's Wear,Brand_JE,82.93,152.27,3.07,SUPP_034,29,70,8
SKU_03967,Brand_BA Skincare Item 3967,Health & Beauty,Skincare,Brand_BA,41.34,97.8,0.58,SUPP_016,8,50,10
SKU_03968,Brand_AB Camping Item 3968,Sports & Outdoors,Camping,Brand_AB,163.45,287.49,0.97,SUPP_023,12,33,6
SKU_03969,Brand_BD Outdoor Recreation Item 3969,Sports & Outdoors,Outdoor Recreation,Brand_BD,170.73,275.09,3.66,SUPP_012,26,50,6
SKU_03970,Brand_AB Footwear Item 3970,Apparel,Footwear,Brand_AB,88.7,159.69,2.11,SUPP_031,10,17,3
SKU_03971,Brand_EC Packaged Foods Item 3971,Groceries & Essentials,Packaged Foods,Brand_EC,25.89,38.07,1.93,SUPP_028,14,29,5
SKU_03972,Brand_JD Snacks Item 3972,Groceries & Essentials,Snacks,Brand_JD,2.31,3.18,1.33,SUPP_025,5,41,10
SKU_03973,Brand_BA Beverages Item 3973,Groceries & Essentials,Beverages,Brand_BA,27.16,37.86,0.15,SUPP_015,7,35,7
SKU_03974,Brand_JB Cosmetics Item 3974,Health & Beauty,Cosmetics,Brand_JB,44.72,118.03,0.8,SUPP_010,17,36,5
SKU_03975,Brand_AD Storage & Org Item 3975,Home & Kitchen,Storage & Org,Brand_AD,112.36,184.28,1.46,SUPP_041,15,29,5
SKU_03976,Brand_JA Snacks Item 3976,Groceries & Essentials,Snacks,Brand_JA,30.53,37.84,4.51,SUPP_013,4,10,3
SKU_03977,Brand_CB Men's Wear Item 3977,Apparel,Men's Wear,Brand_CB,17.25,40.42,2.1,SUPP_027,15,30,5
SKU_03978,Brand_HC Oral Care Item 3978,Health & Beauty,Oral Care,Brand_HC,34.32,64.51,1.62,SUPP_036,6,13,3
SKU_03979,Brand_EC Personal Care Item 3979,Groceries & Essentials,Personal Care,Brand_EC,2.84,3.37,1.79,SUPP_034,14,22,4
SKU_03980,Brand_FA Smart Home Item 3980,Electronics,Smart Home,Brand_FA,152.79,255.28,1.64,SUPP_016,22,124,16
SKU_03981,Brand_FE Beverages Item 3981,Groceries & Essentials,Beverages,Brand_FE,25.15,38.68,0.71,SUPP_021,6,18,4
SKU_03982,Brand_GA Home Decor Item 3982,Home & Kitchen,Home Decor,Brand_GA,136.78,235.49,0.17,SUPP_045,13,68,11
SKU_03983,Brand_GB Wearables Item 3983,Electronics,Wearables,Brand_GB,243.85,371.49,0.31,SUPP_049,9,16,3
SKU_03984,Brand_FC Bedding Item 3984,Home & Kitchen,Bedding,Brand_FC,22.8,36.81,0.53,SUPP_048,14,60,9
SKU_03985,Brand_BB Storage & Org Item 3985,Home & Kitchen,Storage & Org,Brand_BB,15.6,26.74,1.73,SUPP_036,20,106,14
SKU_03986,Brand_JE Accessories Item 3986,Electronics,Accessories,Brand_JE,199.76,282.29,1.16,SUPP_038,7,27,6
SKU_03987,Brand_CE Men's Wear Item 3987,Apparel,Men's Wear,Brand_CE,53.5,152.81,0.68,SUPP_023,12,106,17
SKU_03988,Brand_CE Camping Item 3988,Sports & Outdoors,Camping,Brand_CE,35.38,61.32,2.22,SUPP_030,12,40,7
SKU_03989,Brand_GE Bedding Item 3989,Home & Kitchen,Bedding,Brand_GE,18.5,28.91,0.84,SUPP_046,22,118,15
SKU_03990,Brand_JD Smart Home Item 3990,Electronics,Smart Home,Brand_JD,184.65,287.75,1.72,SUPP_008,19,53,7
SKU_03991,Brand_BA Wearables Item 3991,Electronics,Wearables,Brand_BA,25.74,36.7,2.31,SUPP_012,19,57,8
SKU_03992,Brand_GE Cosmetics Item 3992,Health & Beauty,Cosmetics,Brand_GE,41.29,83.21,0.2,SUPP_044,13,21,4
SKU_03993,Brand_CA Home Decor Item 3993,Home & Kitchen,Home Decor,Brand_CA,25.68,45.39,0.36,SUPP_010,8,26,5
SKU_03994,Brand_ID Snacks Item 3994,Groceries & Essentials,Snacks,Brand_ID,15.53,20.24,3.26,SUPP_029,8,68,13
SKU_03995,Brand_AA Audio Item 3995,Electronics,Audio,Brand_AA,124.23,219.69,0.63,SUPP_025,21,245,31
SKU_03996,Brand_AC Women's Wear Item 3996,Apparel,Women's Wear,Brand_AC,18.05,34.91,0.59,SUPP_046,24,113,14
SKU_03997,Brand_DA Fitness Gear Item 3997,Sports & Outdoors,Fitness Gear,Brand_DA,129.57,247.56,0.63,SUPP_032,18,96,13
SKU_03998,Brand_EA Women's Wear Item 3998,Apparel,Women's Wear,Brand_EA,92.96,174.08,0.74,SUPP_046,29,68,8
SKU_03999,Brand_FA Beverages Item 3999,Groceries & Essentials,Beverages,Brand_FA,8.59,10.36,0.22,SUPP_017,9,24,5
SKU_04000,Brand_IC Wearables Item 4000,Electronics,Wearables,Brand_IC,220.25,374.25,2.41,SUPP_044,19,44,6
SKU_04001,Brand_JC Cookware Item 4001,Home & Kitchen,Cookware,Brand_JC,78.55,154.58,4.63,SUPP_002,24,49,6
SKU_04002,Brand_AD Cookware Item 4002,Home & Kitchen,Cookware,Brand_AD,114.67,202.8,0.25,SUPP_001,20,25,4
SKU_04003,Brand_CB Cycling Item 4003,Sports & Outdoors,Cycling,Brand_CB,135.07,198.73,1.53,SUPP_012,24,959,114
SKU_04004,Brand_ID Men's Wear Item 4004,Apparel,Men's Wear,Brand_ID,28.0,74.62,1.15,SUPP_047,30,185,20
SKU_04005,Brand_AB Snacks Item 4005,Groceries & Essentials,Snacks,Brand_AB,2.44,3.42,1.22,SUPP_043,5,15,4
SKU_04006,Brand_GC Packaged Foods Item 4006,Groceries & Essentials,Packaged Foods,Brand_GC,33.81,42.27,0.38,SUPP_018,10,22,4
SKU_04007,Brand_BD Footwear Item 4007,Apparel,Footwear,Brand_BD,56.89,149.33,0.12,SUPP_013,14,23,4
SKU_04008,Brand_IA Packaged Foods Item 4008,Groceries & Essentials,Packaged Foods,Brand_IA,15.82,19.23,1.14,SUPP_001,3,28,8
SKU_04009,Brand_BE Skincare Item 4009,Health & Beauty,Skincare,Brand_BE,49.49,90.6,3.89,SUPP_013,10,27,5
SKU_04010,Brand_GB Home Decor Item 4010,Home & Kitchen,Home Decor,Brand_GB,78.05,132.26,0.44,SUPP_001,14,19,3
SKU_04011,Brand_FA Packaged Foods Item 4011,Groceries & Essentials,Packaged Foods,Brand_FA,20.07,28.07,1.13,SUPP_009,9,47,9
SKU_04012,Brand_FA Cookware Item 4012,Home & Kitchen,Cookware,Brand_FA,139.74,237.18,0.14,SUPP_040,11,59,10
SKU_04013,Brand_CE Personal Care Item 4013,Groceries & Essentials,Personal Care,Brand_CE,12.88,16.61,0.55,SUPP_038,11,22,4
SKU_04014,Brand_HC Personal Care Item 4014,Groceries & Essentials,Personal Care,Brand_HC,5.51,8.01,1.09,SUPP_007,12,30,5
SKU_04015,Brand_DE Bedding Item 4015,Home & Kitchen,Bedding,Brand_DE,92.48,166.63,0.81,SUPP_023,23,143,18
SKU_04016,Brand_EE Footwear Item 4016,Apparel,Footwear,Brand_EE,51.45,109.48,0.81,SUPP_046,26,64,8
SKU_04017,Brand_DB Household Supplies Item 4017,Groceries & Essentials,Household Supplies,Brand_DB,30.7,37.11,1.04,SUPP_015,8,35,7
SKU_04018,Brand_AA Home Decor Item 4018,Home & Kitchen,Home Decor,Brand_AA,21.56,41.52,2.73,SUPP_019,11,21,4
SKU_04019,Brand_FD Footwear Item 4019,Apparel,Footwear,Brand_FD,46.41,103.23,1.23,SUPP_050,19,66,9
SKU_04020,Brand_ID Cookware Item 4020,Home & Kitchen,Cookware,Brand_ID,9.41,14.68,0.15,SUPP_015,28,1070,119
SKU_04021,Brand_DA Sportswear Item 4021,Apparel,Sportswear,Brand_DA,61.16,159.33,0.4,SUPP_024,25,43,5
SKU_04022,Brand_DD Fitness Gear Item 4022,Sports & Outdoors,Fitness Gear,Brand_DD,69.76,120.77,1.96,SUPP_026,30,60,7
SKU_04023,Brand_HB Personal Care Item 4023,Groceries & Essentials,Personal Care,Brand_HB,4.26,6.18,3.74,SUPP_011,6,146,31
SKU_04024,Brand_DD Personal Care Item 4024,Groceries & Essentials,Personal Care,Brand_DD,4.34,6.41,0.24,SUPP_030,14,23,4
SKU_04025,Brand_GA Cycling Item 4025,Sports & Outdoors,Cycling,Brand_GA,156.59,279.14,0.78,SUPP_028,25,96,12
SKU_04026,Brand_EA Household Supplies Item 4026,Groceries & Essentials,Household Supplies,Brand_EA,19.42,24.57,0.56,SUPP_010,10,45,8
SKU_04027,Brand_EA Haircare Item 4027,Health & Beauty,Haircare,Brand_EA,11.29,27.33,1.62,SUPP_041,7,52,11
SKU_04028,Brand_CC Wearables Item 4028,Electronics,Wearables,Brand_CC,208.63,291.32,0.22,SUPP_009,12,16,3
SKU_04029,Brand_IE Haircare Item 4029,Health & Beauty,Haircare,Brand_IE,56.12,107.42,1.98,SUPP_003,14,63,10
SKU_04030,Brand_DB Sportswear Item 4030,Apparel,Sportswear,Brand_DB,29.44,49.66,1.05,SUPP_005,14,18,3
SKU_04031,Brand_AE Small Appliances Item 4031,Home & Kitchen,Small Appliances,Brand_AE,133.95,247.81,1.66,SUPP_017,13,51,8
SKU_04032,Brand_FC Sportswear Item 4032,Apparel,Sportswear,Brand_FC,34.95,79.67,0.11,SUPP_025,14,20,3
SKU_04033,Brand_FE Cosmetics Item 4033,Health & Beauty,Cosmetics,Brand_FE,50.57,98.28,1.94,SUPP_038,20,90,12
SKU_04034,Brand_CB Skincare Item 4034,Health & Beauty,Skincare,Brand_CB,28.87,59.51,0.36,SUPP_017,16,77,11
SKU_04035,Brand_HA Snacks Item 4035,Groceries & Essentials,Snacks,Brand_HA,32.25,43.17,0.34,SUPP_016,7,10,2
SKU_04036,Brand_IB Wearables Item 4036,Electronics,Wearables,Brand_IB,11.02,15.11,2.28,SUPP_022,10,26,5
SKU_04037,Brand_CC Packaged Foods Item 4037,Groceries & Essentials,Packaged Foods,Brand_CC,36.8,44.79,3.07,SUPP_020,6,9,2
SKU_04038,Brand_HA Outdoor Recreation Item 4038,Sports & Outdoors,Outdoor Recreation,Brand_HA,224.81,334.64,1.81,SUPP_050,17,33,5
SKU_04039,Brand_EE Home Decor Item 4039,Home & Kitchen,Home Decor,Brand_EE,28.87,45.0,1.06,SUPP_021,8,65,13
SKU_04040,Brand_EC Women's Wear Item 4040,Apparel,Women's Wear,Brand_EC,26.89,65.16,1.72,SUPP_015,30,64,7
SKU_04041,Brand_EA Oral Care Item 4041,Health & Beauty,Oral Care,Brand_EA,35.39,73.24,0.72,SUPP_022,15,120,18
SKU_04042,Brand_EC Home Decor Item 4042,Home & Kitchen,Home Decor,Brand_EC,64.76,111.06,2.5,SUPP_006,7,10,2
SKU_04043,Brand_AC Cookware Item 4043,Home & Kitchen,Cookware,Brand_AC,94.15,183.26,3.16,SUPP_022,19,29,4
SKU_04044,Brand_AC Home Decor Item 4044,Home & Kitchen,Home Decor,Brand_AC,46.94,96.02,4.77,SUPP_021,23,38,5
SKU_04045,Brand_CD Packaged Foods Item 4045,Groceries & Essentials,Packaged Foods,Brand_CD,26.24,38.36,5.58,SUPP_010,14,99,15
SKU_04046,Brand_DC Outdoor Recreation Item 4046,Sports & Outdoors,Outdoor Recreation,Brand_DC,91.07,176.89,0.38,SUPP_003,26,37,5
SKU_04047,Brand_FC Smart Home Item 4047,Electronics,Smart Home,Brand_FC,136.22,211.07,2.62,SUPP_018,20,36,5
SKU_04048,Brand_DE Home Decor Item 4048,Home & Kitchen,Home Decor,Brand_DE,16.34,29.95,1.4,SUPP_020,7,15,3
SKU_04049,Brand_IE Women's Wear Item 4049,Apparel,Women's Wear,Brand_IE,67.96,114.53,1.95,SUPP_046,20,36,5
SKU_04050,Brand_GA Accessories Item 4050,Apparel,Accessories,Brand_GA,36.96,79.79,2.11,SUPP_042,14,42,7
SKU_04051,Brand_GC Cookware Item 4051,Home & Kitchen,Cookware,Brand_GC,28.4,52.47,4.85,SUPP_034,26,120,14
SKU_04052,Brand_AD Small Appliances Item 4052,Home & Kitchen,Small Appliances,Brand_AD,99.1,182.34,0.62,SUPP_013,21,64,8
SKU_04053,Brand_ED Beverages Item 4053,Groceries & Essentials,Beverages,Brand_ED,18.47,22.27,3.33,SUPP_037,13,36,6
SKU_04054,Brand_FB Household Supplies Item 4054,Groceries & Essentials,Household Supplies,Brand_FB,30.06,41.52,0.67,SUPP_043,11,35,6
SKU_04055,Brand_IC Small Appliances Item 4055,Home & Kitchen,Small Appliances,Brand_IC,74.94,160.18,0.11,SUPP_026,22,110,14
SKU_04056,Brand_HE Wearables Item 4056,Electronics,Wearables,Brand_HE,253.65,373.2,2.03,SUPP_008,11,24,4
SKU_04057,Brand_ID Computers Item 4057,Electronics,Computers,Brand_ID,146.76,239.53,0.38,SUPP_015,7,33,7
SKU_04058,Brand_JE Home Decor Item 4058,Home & Kitchen,Home Decor,Brand_JE,59.54,125.69,2.1,SUPP_032,22,95,12
SKU_04059,Brand_IA Skincare Item 4059,Health & Beauty,Skincare,Brand_IA,12.68,23.32,1.12,SUPP_048,9,42,8
SKU_04060,Brand_BC Cosmetics Item 4060,Health & Beauty,Cosmetics,Brand_BC,10.74,33.33,0.66,SUPP_025,10,14,3
SKU_04061,Brand_AB Sportswear Item 4061,Apparel,Sportswear,Brand_AB,14.03,28.78,0.69,SUPP_031,21,69,9
SKU_04062,Brand_AA Beverages Item 4062,Groceries & Essentials,Beverages,Brand_AA,27.59,36.6,2.68,SUPP_044,13,29,5
SKU_04063,Brand_AB Small Appliances Item 4063,Home & Kitchen,Small Appliances,Brand_AB,121.04,192.57,1.91,SUPP_041,12,50,8
SKU_04064,Brand_JE Sportswear Item 4064,Apparel,Sportswear,Brand_JE,65.52,174.01,1.67,SUPP_034,13,30,5
SKU_04065,Brand_BA Footwear Item 4065,Apparel,Footwear,Brand_BA,53.54,109.02,4.51,SUPP_047,18,83,12
SKU_04066,Brand_ID Beverages Item 4066,Groceries & Essentials,Beverages,Brand_ID,27.54,33.39,1.75,SUPP_046,14,51,8
SKU_04067,Brand_GA Camping Item 4067,Sports & Outdoors,Camping,Brand_GA,138.37,222.12,1.73,SUPP_004,25,48,6
SKU_04068,Brand_GE Cosmetics Item 4068,Health & Beauty,Cosmetics,Brand_GE,32.9,99.28,0.45,SUPP_038,6,11,3
SKU_04069,Brand_CD Men's Wear Item 4069,Apparel,Men's Wear,Brand_CD,9.99,19.99,0.37,SUPP_043,26,94,11
SKU_04070,Brand_AB Small Appliances Item 4070,Home & Kitchen,Small Appliances,Brand_AB,121.46,238.01,0.26,SUPP_039,16,22,3
SKU_04071,Brand_CD Oral Care Item 4071,Health & Beauty,Oral Care,Brand_CD,34.32,102.51,1.55,SUPP_006,7,10,2
SKU_04072,Brand_EB Accessories Item 4072,Apparel,Accessories,Brand_EB,39.41,98.24,0.12,SUPP_025,10,35,6
SKU_04073,Brand_HB Smart Home Item 4073,Electronics,Smart Home,Brand_HB,135.5,208.07,3.08,SUPP_023,20,69,9
SKU_04074,Brand_JD Audio Item 4074,Electronics,Audio,Brand_JD,130.32,217.74,1.08,SUPP_038,19,31,4
SKU_04075,Brand_AC Small Appliances Item 4075,Home & Kitchen,Small Appliances,Brand_AC,16.17,34.14,4.48,SUPP_045,10,17,3
SKU_04076,Brand_EB Snacks Item 4076,Groceries & Essentials,Snacks,Brand_EB,26.21,33.85,7.72,SUPP_010,12,29,5
SKU_04077,Brand_DA Packaged Foods Item 4077,Groceries & Essentials,Packaged Foods,Brand_DA,27.91,37.41,0.79,SUPP_020,9,21,4
SKU_04078,Brand_HE Men's Wear Item 4078,Apparel,Men's Wear,Brand_HE,54.1,102.39,0.76,SUPP_014,20,30,4
SKU_04079,Brand_BC Women's Wear Item 4079,Apparel,Women's Wear,Brand_BC,9.88,27.71,0.18,SUPP_049,12,186,30
SKU_04080,Brand_JC Cosmetics Item 4080,Health & Beauty,Cosmetics,Brand_JC,28.41,76.29,0.65,SUPP_034,16,26,4
SKU_04081,Brand_BC Household Supplies Item 4081,Groceries & Essentials,Household Supplies,Brand_BC,13.07,19.18,1.27,SUPP_043,14,78,12
SKU_04082,Brand_JB Computers Item 4082,Electronics,Computers,Brand_JB,240.39,370.29,3.68,SUPP_005,23,53,7
SKU_04083,Brand_GA Household Supplies Item 4083,Groceries & Essentials,Household Supplies,Brand_GA,23.47,30.4,0.32,SUPP_044,6,41,9
SKU_04084,Brand_DD Cookware Item 4084,Home & Kitchen,Cookware,Brand_DD,52.1,103.31,2.26,SUPP_007,8,40,8
SKU_04085,Brand_AE Packaged Foods Item 4085,Groceries & Essentials,Packaged Foods,Brand_AE,5.15,7.41,2.61,SUPP_048,9,36,7
SKU_04086,Brand_CB Vitamins & Supplements Item 4086,Health & Beauty,Vitamins & Supplements,Brand_CB,28.16,54.01,2.84,SUPP_027,21,28,4
SKU_04087,Brand_IA Personal Care Item 4087,Groceries & Essentials,Personal Care,Brand_IA,15.36,22.66,0.58,SUPP_044,13,25,4
SKU_04088,Brand_IA Beverages Item 4088,Groceries & Essentials,Beverages,Brand_IA,12.77,18.58,2.5,SUPP_038,6,9,2
SKU_04089,Brand_FB Household Supplies Item 4089,Groceries & Essentials,Household Supplies,Brand_FB,7.36,10.58,0.7,SUPP_009,8,20,4
SKU_04090,Brand_BD Beverages Item 4090,Groceries & Essentials,Beverages,Brand_BD,18.6,26.07,2.6,SUPP_003,10,119,21
SKU_04091,Brand_EB Home Decor Item 4091,Home & Kitchen,Home Decor,Brand_EB,127.56,201.59,2.48,SUPP_009,10,38,7
SKU_04092,Brand_EA Personal Care Item 4092,Groceries & Essentials,Personal Care,Brand_EA,20.9,27.66,0.63,SUPP_025,10,333,58
SKU_04093,Brand_ID Sportswear Item 4093,Apparel,Sportswear,Brand_ID,37.93,79.68,0.27,SUPP_050,15,28,4
SKU_04094,Brand_HE Beverages Item 4094,Groceries & Essentials,Beverages,Brand_HE,8.31,11.05,0.12,SUPP_007,11,30,5
SKU_04095,Brand_CA Personal Care Item 4095,Groceries & Essentials,Personal Care,Brand_CA,19.4,24.06,0.59,SUPP_030,7,20,4
SKU_04096,Brand_FD Sportswear Item 4096,Apparel,Sportswear,Brand_FD,50.98,105.52,1.83,SUPP_039,10,24,4
SKU_04097,Brand_HD Bedding Item 4097,Home & Kitchen,Bedding,Brand_HD,48.92,106.58,2.94,SUPP_027,10,28,5
SKU_04098,Brand_DE Storage & Org Item 4098,Home & Kitchen,Storage & Org,Brand_DE,32.62,56.01,0.14,SUPP_047,25,44,6
SKU_04099,Brand_FA Personal Care Item 4099,Groceries & Essentials,Personal Care,Brand_FA,28.65,35.97,0.25,SUPP_036,14,214,32
SKU_04100,Brand_JB Personal Care Item 4100,Groceries & Essentials,Personal Care,Brand_JB,11.57,16.85,0.19,SUPP_009,3,10,3
SKU_04101,Brand_AC Household Supplies Item 4101,Groceries & Essentials,Household Supplies,Brand_AC,12.76,18.88,1.19,SUPP_047,4,8,2
SKU_04102,Brand_IB Storage & Org Item 4102,Home & Kitchen,Storage & Org,Brand_IB,35.67,62.33,0.66,SUPP_011,26,72,9
SKU_04103,Brand_DE Team Sports Item 4103,Sports & Outdoors,Team Sports,Brand_DE,83.52,158.41,0.1,SUPP_021,15,39,6
SKU_04104,Brand_GE Footwear Item 4104,Apparel,Footwear,Brand_GE,38.29,75.84,2.91,SUPP_013,19,83,11
SKU_04105,Brand_FE Fitness Gear Item 4105,Sports & Outdoors,Fitness Gear,Brand_FE,11.26,21.17,4.98,SUPP_005,26,37,5
SKU_04106,Brand_EE Women's Wear Item 4106,Apparel,Women's Wear,Brand_EE,40.19,88.54,3.41,SUPP_043,25,115,14
SKU_04107,Brand_FC Outdoor Recreation Item 4107,Sports & Outdoors,Outdoor Recreation,Brand_FC,12.98,19.85,1.5,SUPP_010,26,38,5
SKU_04108,Brand_DB Sportswear Item 4108,Apparel,Sportswear,Brand_DB,28.53,56.76,0.79,SUPP_041,28,108,12
SKU_04109,Brand_IA Beverages Item 4109,Groceries & Essentials,Beverages,Brand_IA,13.09,19.65,0.89,SUPP_011,7,23,5
SKU_04110,Brand_FE Wearables Item 4110,Electronics,Wearables,Brand_FE,197.05,321.19,0.68,SUPP_030,19,34,5
SKU_04111,Brand_ED Footwear Item 4111,Apparel,Footwear,Brand_ED,90.74,163.05,1.88,SUPP_007,11,61,10
SKU_04112,Brand_FA Wearables Item 4112,Electronics,Wearables,Brand_FA,136.89,187.72,1.5,SUPP_015,10,63,11
SKU_04113,Brand_FD Computers Item 4113,Electronics,Computers,Brand_FD,176.94,281.28,1.08,SUPP_025,17,24,4
SKU_04114,Brand_CC Household Supplies Item 4114,Groceries & Essentials,Household Supplies,Brand_CC,9.74,11.62,1.71,SUPP_034,12,18,3
SKU_04115,Brand_HC Footwear Item 4115,Apparel,Footwear,Brand_HC,24.52,67.69,1.82,SUPP_031,16,282,40
SKU_04116,Brand_JC Men's Wear Item 4116,Apparel,Men's Wear,Brand_JC,74.57,179.0,1.19,SUPP_017,10,22,4
SKU_04117,Brand_BC Cookware Item 4117,Home & Kitchen,Cookware,Brand_BC,80.29,143.44,0.4,SUPP_009,24,92,11
SKU_04118,Brand_DB Personal Care Item 4118,Groceries & Essentials,Personal Care,Brand_DB,23.4,31.81,1.85,SUPP_024,11,48,8
SKU_04119,Brand_BB Personal Care Item 4119,Groceries & Essentials,Personal Care,Brand_BB,26.33,38.81,3.59,SUPP_046,10,189,33
SKU_04120,Brand_EB Sportswear Item 4120,Apparel,Sportswear,Brand_EB,51.05,95.24,2.03,SUPP_032,16,127,18
SKU_04121,Brand_GC Accessories Item 4121,Electronics,Accessories,Brand_GC,62.36,107.01,0.31,SUPP_016,24,88,11
SKU_04122,Brand_FE Skincare Item 4122,Health & Beauty,Skincare,Brand_FE,37.11,109.83,4.86,SUPP_027,20,138,18
SKU_04123,Brand_AB Household Supplies Item 4123,Groceries & Essentials,Household Supplies,Brand_AB,7.98,9.85,0.37,SUPP_012,4,14,4
SKU_04124,Brand_FB Accessories Item 4124,Electronics,Accessories,Brand_FB,102.41,157.93,2.28,SUPP_015,25,77,9
SKU_04125,Brand_GD Snacks Item 4125,Groceries & Essentials,Snacks,Brand_GD,12.27,17.34,1.41,SUPP_039,14,197,30
SKU_04126,Brand_HD Packaged Foods Item 4126,Groceries & Essentials,Packaged Foods,Brand_HD,30.26,39.27,1.66,SUPP_020,11,42,7
SKU_04127,Brand_CA Audio Item 4127,Electronics,Audio,Brand_CA,306.29,441.42,0.2,SUPP_049,12,149,24
SKU_04128,Brand_EC Footwear Item 4128,Apparel,Footwear,Brand_EC,57.89,115.34,3.08,SUPP_032,24,30,4
SKU_04129,Brand_EE Cookware Item 4129,Home & Kitchen,Cookware,Brand_EE,101.66,173.33,2.82,SUPP_024,9,17,3
SKU_04130,Brand_BB Team Sports Item 4130,Sports & Outdoors,Team Sports,Brand_BB,150.93,279.52,0.25,SUPP_026,11,80,14
SKU_04131,Brand_EA Household Supplies Item 4131,Groceries & Essentials,Household Supplies,Brand_EA,26.8,37.22,2.89,SUPP_049,10,23,4
SKU_04132,Brand_HC Computers Item 4132,Electronics,Computers,Brand_HC,153.79,259.11,5.68,SUPP_010,11,120,20
SKU_04133,Brand_AA Beverages Item 4133,Groceries & Essentials,Beverages,Brand_AA,13.01,16.82,2.07,SUPP_013,6,17,4
SKU_04134,Brand_IA Haircare Item 4134,Health & Beauty,Haircare,Brand_IA,44.54,86.08,1.85,SUPP_015,5,12,3
SKU_04135,Brand_BC Sportswear Item 4135,Apparel,Sportswear,Brand_BC,49.43,111.22,0.38,SUPP_031,28,338,38
SKU_04136,Brand_IB Women's Wear Item 4136,Apparel,Women's Wear,Brand_IB,89.2,165.89,0.77,SUPP_047,16,177,25
SKU_04137,Brand_FB Sportswear Item 4137,Apparel,Sportswear,Brand_FB,56.36,112.97,0.2,SUPP_007,15,34,5
SKU_04138,Brand_AB Beverages Item 4138,Groceries & Essentials,Beverages,Brand_AB,2.0,2.88,2.92,SUPP_038,13,342,53
SKU_04139,Brand_IB Computers Item 4139,Electronics,Computers,Brand_IB,40.33,60.93,1.07,SUPP_006,17,22,3
SKU_04140,Brand_BA Personal Care Item 4140,Groceries & Essentials,Personal Care,Brand_BA,10.37,14.72,0.51,SUPP_023,6,63,14
SKU_04141,Brand_CE Footwear Item 4141,Apparel,Footwear,Brand_CE,61.77,131.2,0.11,SUPP_002,18,65,9
SKU_04142,Brand_ED Skincare Item 4142,Health & Beauty,Skincare,Brand_ED,28.36,66.95,0.21,SUPP_019,21,168,22
SKU_04143,Brand_HA Women's Wear Item 4143,Apparel,Women's Wear,Brand_HA,41.75,71.36,1.82,SUPP_005,27,74,9
SKU_04144,Brand_GA Vitamins & Supplements Item 4144,Health & Beauty,Vitamins & Supplements,Brand_GA,29.28,69.27,0.76,SUPP_026,8,13,3
SKU_04145,Brand_HA Household Supplies Item 4145,Groceries & Essentials,Household Supplies,Brand_HA,31.2,41.16,2.26,SUPP_050,8,37,7
SKU_04146,Brand_IA Footwear Item 4146,Apparel,Footwear,Brand_IA,64.21,145.21,0.91,SUPP_023,15,69,10
SKU_04147,Brand_EB Audio Item 4147,Electronics,Audio,Brand_EB,110.72,149.43,0.89,SUPP_018,25,256,30
SKU_04148,Brand_EA Skincare Item 4148,Health & Beauty,Skincare,Brand_EA,28.48,68.34,0.17,SUPP_027,6,40,9
SKU_04149,Brand_DD Small Appliances Item 4149,Home & Kitchen,Small Appliances,Brand_DD,36.72,59.88,1.2,SUPP_001,14,146,22
SKU_04150,Brand_CE Personal Care Item 4150,Groceries & Essentials,Personal Care,Brand_CE,27.71,34.12,2.71,SUPP_009,11,119,20
SKU_04151,Brand_HA Smart Home Item 4151,Electronics,Smart Home,Brand_HA,187.14,281.22,0.25,SUPP_020,24,48,6
SKU_04152,Brand_CA Cycling Item 4152,Sports & Outdoors,Cycling,Brand_CA,58.77,84.4,2.03,SUPP_021,15,21,3
SKU_04153,Brand_BE Team Sports Item 4153,Sports & Outdoors,Team Sports,Brand_BE,76.83,114.47,1.17,SUPP_016,13,24,4
SKU_04154,Brand_FC Household Supplies Item 4154,Groceries & Essentials,Household Supplies,Brand_FC,27.55,38.28,0.19,SUPP_046,4,31,8
SKU_04155,Brand_GD Accessories Item 4155,Apparel,Accessories,Brand_GD,6.95,14.47,0.31,SUPP_049,13,19,3
SKU_04156,Brand_GB Outdoor Recreation Item 4156,Sports & Outdoors,Outdoor Recreation,Brand_GB,158.4,312.78,1.89,SUPP_006,11,54,9
SKU_04157,Brand_AE Footwear Item 4157,Apparel,Footwear,Brand_AE,15.7,40.88,1.22,SUPP_050,12,18,3
SKU_04158,Brand_IC Home Decor Item 4158,Home & Kitchen,Home Decor,Brand_IC,45.91,89.13,0.38,SUPP_040,22,132,17
SKU_04159,Brand_DE Cosmetics Item 4159,Health & Beauty,Cosmetics,Brand_DE,9.78,21.13,1.12,SUPP_020,21,43,6
SKU_04160,Brand_AE Cycling Item 4160,Sports & Outdoors,Cycling,Brand_AE,157.19,306.63,0.97,SUPP_028,19,53,7
SKU_04161,Brand_FE Beverages Item 4161,Groceries & Essentials,Beverages,Brand_FE,8.24,9.75,1.37,SUPP_050,12,49,8
SKU_04162,Brand_GE Audio Item 4162,Electronics,Audio,Brand_GE,79.93,139.14,0.23,SUPP_025,22,101,13
SKU_04163,Brand_EA Footwear Item 4163,Apparel,Footwear,Brand_EA,25.85,53.19,1.11,SUPP_015,28,102,12
SKU_04164,Brand_AA Wearables Item 4164,Electronics,Wearables,Brand_AA,142.38,200.04,0.23,SUPP_034,13,18,3
SKU_04165,Brand_HB Beverages Item 4165,Groceries & Essentials,Beverages,Brand_HB,22.39,31.05,3.08,SUPP_001,14,32,5
SKU_04166,Brand_FB Skincare Item 4166,Health & Beauty,Skincare,Brand_FB,13.86,30.65,2.73,SUPP_006,16,201,29
SKU_04167,Brand_DA Personal Care Item 4167,Groceries & Essentials,Personal Care,Brand_DA,18.69,26.46,3.35,SUPP_035,9,21,4
SKU_04168,Brand_FD Women's Wear Item 4168,Apparel,Women's Wear,Brand_FD,31.71,88.06,1.31,SUPP_039,13,58,9
SKU_04169,Brand_FD Footwear Item 4169,Apparel,Footwear,Brand_FD,55.93,117.6,0.93,SUPP_009,19,104,14
SKU_04170,Brand_AB Accessories Item 4170,Apparel,Accessories,Brand_AB,68.64,171.77,0.45,SUPP_001,19,40,6
SKU_04171,Brand_AA Computers Item 4171,Electronics,Computers,Brand_AA,82.06,129.07,0.89,SUPP_026,18,45,6
SKU_04172,Brand_HB Accessories Item 4172,Apparel,Accessories,Brand_HB,93.9,158.31,1.87,SUPP_002,19,51,7
SKU_04173,Brand_IC Personal Care Item 4173,Groceries & Essentials,Personal Care,Brand_IC,2.59,3.14,0.5,SUPP_050,14,31,5
SKU_04174,Brand_EE Bedding Item 4174,Home & Kitchen,Bedding,Brand_EE,123.41,214.76,0.73,SUPP_050,19,35,5
SKU_04175,Brand_FC Personal Care Item 4175,Groceries & Essentials,Personal Care,Brand_FC,16.01,19.83,1.87,SUPP_042,5,50,12
SKU_04176,Brand_BB Camping Item 4176,Sports & Outdoors,Camping,Brand_BB,70.37,130.66,3.51,SUPP_007,26,33,4
SKU_04177,Brand_GC Personal Care Item 4177,Groceries & Essentials,Personal Care,Brand_GC,19.63,29.03,1.83,SUPP_016,10,31,6
SKU_04178,Brand_EE Skincare Item 4178,Health & Beauty,Skincare,Brand_EE,26.95,52.63,5.91,SUPP_007,16,23,4
SKU_04179,Brand_ID Accessories Item 4179,Apparel,Accessories,Brand_ID,11.18,29.82,3.29,SUPP_029,10,125,22
SKU_04180,Brand_JA Household Supplies Item 4180,Groceries & Essentials,Household Supplies,Brand_JA,6.38,8.55,0.84,SUPP_039,10,43,8
SKU_04181,Brand_HC Bedding Item 4181,Home & Kitchen,Bedding,Brand_HC,126.25,221.93,2.79,SUPP_016,27,32,4
SKU_04182,Brand_EE Smart Home Item 4182,Electronics,Smart Home,Brand_EE,271.76,429.03,1.03,SUPP_042,21,54,7
SKU_04183,Brand_GC Personal Care Item 4183,Groceries & Essentials,Personal Care,Brand_GC,22.38,28.59,2.09,SUPP_033,7,18,4
SKU_04184,Brand_FE Small Appliances Item 4184,Home & Kitchen,Small Appliances,Brand_FE,13.78,25.58,1.52,SUPP_018,8,18,4
SKU_04185,Brand_CA Women's Wear Item 4185,Apparel,Women's Wear,Brand_CA,75.46,174.79,0.17,SUPP_033,20,154,20
SKU_04186,Brand_HC Audio Item 4186,Electronics,Audio,Brand_HC,66.48,89.33,1.2,SUPP_050,8,32,6
SKU_04187,Brand_DA Cookware Item 4187,Home & Kitchen,Cookware,Brand_DA,131.2,211.52,1.28,SUPP_021,21,99,13
SKU_04188,Brand_EA Smart Home Item 4188,Electronics,Smart Home,Brand_EA,26.12,43.17,1.63,SUPP_016,25,119,14
SKU_04189,Brand_GC Footwear Item 4189,Apparel,Footwear,Brand_GC,27.31,56.93,2.79,SUPP_002,28,2062,229
SKU_04190,Brand_AB Household Supplies Item 4190,Groceries & Essentials,Household Supplies,Brand_AB,30.24,39.95,1.16,SUPP_020,5,16,4
SKU_04191,Brand_BD Sportswear Item 4191,Apparel,Sportswear,Brand_BD,44.98,101.82,0.38,SUPP_038,17,238,33
SKU_04192,Brand_BD Snacks Item 4192,Groceries & Essentials,Snacks,Brand_BD,32.87,39.98,0.3,SUPP_026,14,32,5
SKU_04193,Brand_JD Vitamins & Supplements Item 4193,Health & Beauty,Vitamins & Supplements,Brand_JD,11.64,30.38,3.07,SUPP_029,18,27,4
SKU_04194,Brand_FE Household Supplies Item 4194,Groceries & Essentials,Household Supplies,Brand_FE,10.65,16.04,2.14,SUPP_007,6,18,4
SKU_04195,Brand_BE Smart Home Item 4195,Electronics,Smart Home,Brand_BE,219.23,305.56,0.99,SUPP_009,10,31,6
SKU_04196,Brand_ID Footwear Item 4196,Apparel,Footwear,Brand_ID,21.57,39.26,0.22,SUPP_039,23,70,9
SKU_04197,Brand_FA Small Appliances Item 4197,Home & Kitchen,Small Appliances,Brand_FA,32.27,53.71,0.2,SUPP_034,27,62,7
SKU_04198,Brand_BB Accessories Item 4198,Electronics,Accessories,Brand_BB,224.29,362.2,0.69,SUPP_005,14,131,20
SKU_04199,Brand_IC Footwear Item 4199,Apparel,Footwear,Brand_IC,58.33,119.04,1.99,SUPP_037,27,204,23
SKU_04200,Brand_EA Oral Care Item 4200,Health & Beauty,Oral Care,Brand_EA,44.79,102.93,0.68,SUPP_031,10,40,7
SKU_04201,Brand_CC Cookware Item 4201,Home & Kitchen,Cookware,Brand_CC,76.44,129.83,6.78,SUPP_001,19,25,4
SKU_04202,Brand_GD Snacks Item 4202,Groceries & Essentials,Snacks,Brand_GD,14.01,21.22,5.06,SUPP_030,11,64,11
SKU_04203,Brand_HA Beverages Item 4203,Groceries & Essentials,Beverages,Brand_HA,23.6,36.12,1.04,SUPP_008,5,16,4
SKU_04204,Brand_JD Team Sports Item 4204,Sports & Outdoors,Team Sports,Brand_JD,171.46,319.25,1.34,SUPP_028,17,38,6
SKU_04205,Brand_GE Men's Wear Item 4205,Apparel,Men's Wear,Brand_GE,40.02,68.59,2.33,SUPP_035,11,32,6
SKU_04206,Brand_AB Audio Item 4206,Electronics,Audio,Brand_AB,259.62,390.1,0.43,SUPP_030,7,25,5
SKU_04207,Brand_GB Women's Wear Item 4207,Apparel,Women's Wear,Brand_GB,84.59,175.06,0.36,SUPP_047,14,132,20
SKU_04208,Brand_FB Household Supplies Item 4208,Groceries & Essentials,Household Supplies,Brand_FB,25.19,31.16,1.17,SUPP_008,14,33,5
SKU_04209,Brand_GE Beverages Item 4209,Groceries & Essentials,Beverages,Brand_GE,8.89,11.1,2.4,SUPP_007,11,32,6
SKU_04210,Brand_FB Snacks Item 4210,Groceries & Essentials,Snacks,Brand_FB,25.2,36.62,0.29,SUPP_022,6,18,4
SKU_04211,Brand_HA Vitamins & Supplements Item 4211,Health & Beauty,Vitamins & Supplements,Brand_HA,14.77,30.33,1.67,SUPP_020,13,41,7
SKU_04212,Brand_GC Fitness Gear Item 4212,Sports & Outdoors,Fitness Gear,Brand_GC,100.24,183.95,2.18,SUPP_041,24,36,5
SKU_04213,Brand_GE Footwear Item 4213,Apparel,Footwear,Brand_GE,10.35,24.36,2.06,SUPP_008,17,28,4
SKU_04214,Brand_HD Storage & Org Item 4214,Home & Kitchen,Storage & Org,Brand_HD,43.38,92.42,0.37,SUPP_015,24,174,21
SKU_04215,Brand_DA Snacks Item 4215,Groceries & Essentials,Snacks,Brand_DA,5.8,7.73,1.76,SUPP_028,6,22,5
SKU_04216,Brand_FD Snacks Item 4216,Groceries & Essentials,Snacks,Brand_FD,32.23,44.82,3.0,SUPP_050,5,22,5
SKU_04217,Brand_IA Footwear Item 4217,Apparel,Footwear,Brand_IA,57.05,153.99,0.14,SUPP_021,11,32,6
SKU_04218,Brand_EA Beverages Item 4218,Groceries & Essentials,Beverages,Brand_EA,28.8,37.27,0.55,SUPP_036,6,10,2
SKU_04219,Brand_BE Smart Home Item 4219,Electronics,Smart Home,Brand_BE,209.67,342.64,3.76,SUPP_005,23,104,13
SKU_04220,Brand_DE Fitness Gear Item 4220,Sports & Outdoors,Fitness Gear,Brand_DE,238.59,341.58,4.16,SUPP_044,30,38,4
SKU_04221,Brand_DC Oral Care Item 4221,Health & Beauty,Oral Care,Brand_DC,45.74,114.89,3.53,SUPP_050,20,66,9
SKU_04222,Brand_HA Wearables Item 4222,Electronics,Wearables,Brand_HA,262.82,409.21,0.38,SUPP_020,17,742,103
SKU_04223,Brand_JA Footwear Item 4223,Apparel,Footwear,Brand_JA,16.78,32.7,0.23,SUPP_041,12,28,5
SKU_04224,Brand_BA Women's Wear Item 4224,Apparel,Women's Wear,Brand_BA,76.23,161.41,2.04,SUPP_028,21,134,17
SKU_04225,Brand_JD Women's Wear Item 4225,Apparel,Women's Wear,Brand_JD,80.08,142.25,0.22,SUPP_009,13,20,3
SKU_04226,Brand_ID Packaged Foods Item 4226,Groceries & Essentials,Packaged Foods,Brand_ID,20.71,27.63,1.17,SUPP_031,7,29,6
SKU_04227,Brand_AD Wearables Item 4227,Electronics,Wearables,Brand_AD,74.29,128.02,0.48,SUPP_034,23,36,5
SKU_04228,Brand_HC Footwear Item 4228,Apparel,Footwear,Brand_HC,67.34,146.59,2.89,SUPP_026,27,79,9
SKU_04229,Brand_IC Oral Care Item 4229,Health & Beauty,Oral Care,Brand_IC,22.58,74.9,0.4,SUPP_008,5,73,17
SKU_04230,Brand_HB Oral Care Item 4230,Health & Beauty,Oral Care,Brand_HB,30.82,73.33,0.12,SUPP_021,12,22,4
SKU_04231,Brand_AC Bedding Item 4231,Home & Kitchen,Bedding,Brand_AC,100.65,162.62,1.29,SUPP_041,8,22,4
SKU_04232,Brand_AE Sportswear Item 4232,Apparel,Sportswear,Brand_AE,24.45,49.11,0.3,SUPP_036,13,30,5
SKU_04233,Brand_IE Cookware Item 4233,Home & Kitchen,Cookware,Brand_IE,49.18,84.82,1.38,SUPP_013,24,354,42
SKU_04234,Brand_FD Beverages Item 4234,Groceries & Essentials,Beverages,Brand_FD,35.06,43.44,1.67,SUPP_005,4,32,8
SKU_04235,Brand_EE Vitamins & Supplements Item 4235,Health & Beauty,Vitamins & Supplements,Brand_EE,23.46,44.65,0.4,SUPP_005,10,170,30
SKU_04236,Brand_HA Accessories Item 4236,Apparel,Accessories,Brand_HA,9.79,19.22,1.77,SUPP_009,22,30,4
SKU_04237,Brand_IB Footwear Item 4237,Apparel,Footwear,Brand_IB,17.32,38.34,0.84,SUPP_043,13,86,14
SKU_04238,Brand_BA Haircare Item 4238,Health & Beauty,Haircare,Brand_BA,17.48,41.19,1.25,SUPP_045,18,59,8
SKU_04239,Brand_CE Audio Item 4239,Electronics,Audio,Brand_CE,52.27,75.48,0.8,SUPP_043,9,165,30
SKU_04240,Brand_AA Bedding Item 4240,Home & Kitchen,Bedding,Brand_AA,26.75,44.68,0.54,SUPP_034,25,55,7
SKU_04241,Brand_AD Skincare Item 4241,Health & Beauty,Skincare,Brand_AD,63.68,117.78,0.46,SUPP_040,5,63,15
SKU_04242,Brand_AA Sportswear Item 4242,Apparel,Sportswear,Brand_AA,30.47,82.05,0.26,SUPP_029,23,36,5
SKU_04243,Brand_AD Smart Home Item 4243,Electronics,Smart Home,Brand_AD,226.06,327.12,0.28,SUPP_041,7,42,9
SKU_04244,Brand_CC Vitamins & Supplements Item 4244,Health & Beauty,Vitamins & Supplements,Brand_CC,11.91,28.01,7.76,SUPP_011,6,11,3
SKU_04245,Brand_FC Personal Care Item 4245,Groceries & Essentials,Personal Care,Brand_FC,26.23,32.15,0.14,SUPP_017,14,82,13
SKU_04246,Brand_GD Packaged Foods Item 4246,Groceries & Essentials,Packaged Foods,Brand_GD,12.97,18.3,1.42,SUPP_018,10,67,12
SKU_04247,Brand_IC Personal Care Item 4247,Groceries & Essentials,Personal Care,Brand_IC,2.27,2.86,3.4,SUPP_018,13,74,12
SKU_04248,Brand_DA Home Decor Item 4248,Home & Kitchen,Home Decor,Brand_DA,44.09,91.25,0.19,SUPP_014,12,18,3
SKU_04249,Brand_JA Women's Wear Item 4249,Apparel,Women's Wear,Brand_JA,11.49,28.76,0.18,SUPP_032,13,18,3
SKU_04250,Brand_CB Audio Item 4250,Electronics,Audio,Brand_CB,270.27,396.32,1.27,SUPP_005,19,40,6
SKU_04251,Brand_AE Camping Item 4251,Sports & Outdoors,Camping,Brand_AE,36.66,63.9,0.69,SUPP_038,27,52,6
SKU_04252,Brand_GE Women's Wear Item 4252,Apparel,Women's Wear,Brand_GE,13.22,26.76,0.7,SUPP_003,20,29,4
SKU_04253,Brand_CA Home Decor Item 4253,Home & Kitchen,Home Decor,Brand_CA,70.37,120.16,0.63,SUPP_041,22,152,19
SKU_04254,Brand_IC Haircare Item 4254,Health & Beauty,Haircare,Brand_IC,12.52,29.99,2.09,SUPP_025,12,230,37
SKU_04255,Brand_EA Personal Care Item 4255,Groceries & Essentials,Personal Care,Brand_EA,3.1,3.71,2.02,SUPP_003,11,88,15
SKU_04256,Brand_ED Personal Care Item 4256,Groceries & Essentials,Personal Care,Brand_ED,10.35,12.96,5.26,SUPP_021,12,29,5
SKU_04257,Brand_IE Accessories Item 4257,Electronics,Accessories,Brand_IE,71.83,100.63,0.24,SUPP_002,19,134,18
SKU_04258,Brand_GC Sportswear Item 4258,Apparel,Sportswear,Brand_GC,42.52,79.41,7.14,SUPP_038,27,133,15
SKU_04259,Brand_HE Audio Item 4259,Electronics,Audio,Brand_HE,22.5,31.35,0.55,SUPP_008,8,20,4
SKU_04260,Brand_HD Snacks Item 4260,Groceries & Essentials,Snacks,Brand_HD,28.05,42.3,3.27,SUPP_018,8,108,21
SKU_04261,Brand_AC Footwear Item 4261,Apparel,Footwear,Brand_AC,72.61,156.45,0.33,SUPP_021,15,72,11
SKU_04262,Brand_BA Accessories Item 4262,Apparel,Accessories,Brand_BA,88.84,151.37,1.4,SUPP_003,14,43,7
SKU_04263,Brand_GC Household Supplies Item 4263,Groceries & Essentials,Household Supplies,Brand_GC,4.93,5.85,4.27,SUPP_026,11,28,5
SKU_04264,Brand_BE Outdoor Recreation Item 4264,Sports & Outdoors,Outdoor Recreation,Brand_BE,128.59,189.76,2.48,SUPP_006,22,32,4
SKU_04265,Brand_BD Snacks Item 4265,Groceries & Essentials,Snacks,Brand_BD,29.95,44.5,3.1,SUPP_046,5,42,10
SKU_04266,Brand_JE Smart Home Item 4266,Electronics,Smart Home,Brand_JE,48.34,84.6,1.33,SUPP_044,13,25,4
SKU_04267,Brand_IE Snacks Item 4267,Groceries & Essentials,Snacks,Brand_IE,23.72,35.82,9.71,SUPP_032,11,18,3
SKU_04268,Brand_FA Beverages Item 4268,Groceries & Essentials,Beverages,Brand_FA,25.14,38.45,0.29,SUPP_040,3,6,2
SKU_04269,Brand_CA Wearables Item 4269,Electronics,Wearables,Brand_CA,255.78,413.72,0.16,SUPP_026,7,62,13
SKU_04270,Brand_BD Packaged Foods Item 4270,Groceries & Essentials,Packaged Foods,Brand_BD,12.3,15.88,0.7,SUPP_002,12,16,3
SKU_04271,Brand_JB Women's Wear Item 4271,Apparel,Women's Wear,Brand_JB,16.1,33.72,4.14,SUPP_004,20,64,9
SKU_04272,Brand_FE Accessories Item 4272,Apparel,Accessories,Brand_FE,91.82,167.8,0.23,SUPP_007,24,124,15
SKU_04273,Brand_EC Cookware Item 4273,Home & Kitchen,Cookware,Brand_EC,54.38,86.1,0.95,SUPP_014,14,25,4
SKU_04274,Brand_BC Oral Care Item 4274,Health & Beauty,Oral Care,Brand_BC,7.85,21.16,5.9,SUPP_025,6,10,2
SKU_04275,Brand_CA Household Supplies Item 4275,Groceries & Essentials,Household Supplies,Brand_CA,21.21,28.79,2.5,SUPP_014,10,16,3
SKU_04276,Brand_AC Small Appliances Item 4276,Home & Kitchen,Small Appliances,Brand_AC,41.0,69.07,4.2,SUPP_008,17,31,5
SKU_04277,Brand_AB Household Supplies Item 4277,Groceries & Essentials,Household Supplies,Brand_AB,22.22,29.85,0.56,SUPP_026,11,44,8
SKU_04278,Brand_HE Beverages Item 4278,Groceries & Essentials,Beverages,Brand_HE,18.95,23.95,0.18,SUPP_027,3,8,2
SKU_04279,Brand_FC Personal Care Item 4279,Groceries & Essentials,Personal Care,Brand_FC,11.22,17.23,0.76,SUPP_020,11,18,3
SKU_04280,Brand_IE Women's Wear Item 4280,Apparel,Women's Wear,Brand_IE,14.57,33.51,1.69,SUPP_005,28,249,28
SKU_04281,Brand_EB Packaged Foods Item 4281,Groceries & Essentials,Packaged Foods,Brand_EB,27.6,41.74,3.17,SUPP_005,3,10,3
SKU_04282,Brand_ID Small Appliances Item 4282,Home & Kitchen,Small Appliances,Brand_ID,79.38,133.51,1.33,SUPP_029,14,149,23
SKU_04283,Brand_IE Cookware Item 4283,Home & Kitchen,Cookware,Brand_IE,37.16,80.89,1.2,SUPP_031,28,41,5
SKU_04284,Brand_JD Household Supplies Item 4284,Groceries & Essentials,Household Supplies,Brand_JD,19.41,26.58,0.33,SUPP_022,12,117,19
SKU_04285,Brand_GD Men's Wear Item 4285,Apparel,Men's Wear,Brand_GD,80.83,147.59,0.36,SUPP_009,12,49,8
SKU_04286,Brand_FD Vitamins & Supplements Item 4286,Health & Beauty,Vitamins & Supplements,Brand_FD,14.05,39.2,0.89,SUPP_016,19,529,70
SKU_04287,Brand_GE Beverages Item 4287,Groceries & Essentials,Beverages,Brand_GE,8.54,11.67,4.68,SUPP_030,3,6,2
SKU_04288,Brand_IE Beverages Item 4288,Groceries & Essentials,Beverages,Brand_IE,13.03,16.73,0.49,SUPP_032,9,15,3
SKU_04289,Brand_BB Women's Wear Item 4289,Apparel,Women's Wear,Brand_BB,75.63,146.86,1.75,SUPP_037,17,33,5
SKU_04290,Brand_IE Bedding Item 4290,Home & Kitchen,Bedding,Brand_IE,29.12,50.94,0.42,SUPP_009,28,123,14
SKU_04291,Brand_EE Snacks Item 4291,Groceries & Essentials,Snacks,Brand_EE,28.48,35.5,0.94,SUPP_019,8,18,4
SKU_04292,Brand_CB Computers Item 4292,Electronics,Computers,Brand_CB,222.72,323.6,1.73,SUPP_044,12,42,7
SKU_04293,Brand_JA Household Supplies Item 4293,Groceries & Essentials,Household Supplies,Brand_JA,28.53,35.07,0.44,SUPP_036,12,28,5
SKU_04294,Brand_CD Bedding Item 4294,Home & Kitchen,Bedding,Brand_CD,14.93,23.84,1.02,SUPP_010,23,188,23
SKU_04295,Brand_IB Cosmetics Item 4295,Health & Beauty,Cosmetics,Brand_IB,27.15,64.87,2.2,SUPP_030,5,19,5
SKU_04296,Brand_EB Camping Item 4296,Sports & Outdoors,Camping,Brand_EB,143.08,285.0,3.1,SUPP_032,18,24,4
SKU_04297,Brand_ID Home Decor Item 4297,Home & Kitchen,Home Decor,Brand_ID,44.86,90.47,0.25,SUPP_037,24,97,12
SKU_04298,Brand_AE Beverages Item 4298,Groceries & Essentials,Beverages,Brand_AE,4.61,6.18,0.36,SUPP_039,9,142,26
SKU_04299,Brand_JA Packaged Foods Item 4299,Groceries & Essentials,Packaged Foods,Brand_JA,27.08,36.04,0.16,SUPP_036,14,59,9
SKU_04300,Brand_JC Sportswear Item 4300,Apparel,Sportswear,Brand_JC,58.63,128.55,2.13,SUPP_026,30,507,55
SKU_04301,Brand_JA Accessories Item 4301,Electronics,Accessories,Brand_JA,180.14,272.08,0.6,SUPP_009,11,40,7
SKU_04302,Brand_GE Personal Care Item 4302,Groceries & Essentials,Personal Care,Brand_GE,2.3,3.42,0.26,SUPP_034,9,163,30
SKU_04303,Brand_HA Accessories Item 4303,Apparel,Accessories,Brand_HA,30.34,72.86,0.75,SUPP_009,19,127,17
SKU_04304,Brand_EA Snacks Item 4304,Groceries & Essentials,Snacks,Brand_EA,9.45,14.53,0.69,SUPP_001,12,29,5
SKU_04305,Brand_DC Wearables Item 4305,Electronics,Wearables,Brand_DC,257.9,375.06,0.5,SUPP_002,20,26,4
SKU_04306,Brand_BC Men's Wear Item 4306,Apparel,Men's Wear,Brand_BC,64.31,121.92,1.5,SUPP_033,16,20,3
SKU_04307,Brand_CB Computers Item 4307,Electronics,Computers,Brand_CB,186.11,328.96,7.03,SUPP_029,17,415,58
SKU_04308,Brand_ID Computers Item 4308,Electronics,Computers,Brand_ID,145.22,264.02,0.3,SUPP_036,19,27,4
SKU_04309,Brand_AA Oral Care Item 4309,Health & Beauty,Oral Care,Brand_AA,3.15,6.38,2.44,SUPP_027,12,27,5
SKU_04310,Brand_AD Personal Care Item 4310,Groceries & Essentials,Personal Care,Brand_AD,14.52,17.85,2.09,SUPP_008,7,24,5
SKU_04311,Brand_FE Accessories Item 4311,Apparel,Accessories,Brand_FE,72.27,125.02,2.53,SUPP_006,23,157,19
SKU_04312,Brand_FC Bedding Item 4312,Home & Kitchen,Bedding,Brand_FC,23.27,42.36,0.45,SUPP_031,17,60,9
SKU_04313,Brand_AE Footwear Item 4313,Apparel,Footwear,Brand_AE,73.28,158.89,2.08,SUPP_031,12,50,8
SKU_04314,Brand_EC Household Supplies Item 4314,Groceries & Essentials,Household Supplies,Brand_EC,19.67,26.23,0.56,SUPP_017,9,24,5
SKU_04315,Brand_FD Cookware Item 4315,Home & Kitchen,Cookware,Brand_FD,70.84,148.43,0.55,SUPP_025,24,115,14
SKU_04316,Brand_EE Skincare Item 4316,Health & Beauty,Skincare,Brand_EE,24.62,79.89,1.8,SUPP_002,19,63,9
SKU_04317,Brand_DE Smart Home Item 4317,Electronics,Smart Home,Brand_DE,40.4,66.29,0.8,SUPP_044,9,19,4
SKU_04318,Brand_IE Computers Item 4318,Electronics,Computers,Brand_IE,86.18,145.26,0.66,SUPP_044,13,47,8
SKU_04319,Brand_DA Sportswear Item 4319,Apparel,Sportswear,Brand_DA,24.19,44.3,0.56,SUPP_021,25,140,17
SKU_04320,Brand_FC Household Supplies Item 4320,Groceries & Essentials,Household Supplies,Brand_FC,17.37,25.6,2.79,SUPP_017,6,9,2
SKU_04321,Brand_FE Accessories Item 4321,Apparel,Accessories,Brand_FE,35.36,70.63,0.51,SUPP_036,24,36,5
SKU_04322,Brand_GD Footwear Item 4322,Apparel,Footwear,Brand_GD,56.35,143.53,1.75,SUPP_039,28,66,8
SKU_04323,Brand_BA Footwear Item 4323,Apparel,Footwear,Brand_BA,8.21,19.27,4.45,SUPP_002,30,147,16
SKU_04324,Brand_DE Snacks Item 4324,Groceries & Essentials,Snacks,Brand_DE,17.57,22.3,1.29,SUPP_003,4,12,3
SKU_04325,Brand_EA Computers Item 4325,Electronics,Computers,Brand_EA,183.15,318.33,0.66,SUPP_003,7,89,18
SKU_04326,Brand_IA Men's Wear Item 4326,Apparel,Men's Wear,Brand_IA,52.58,122.08,1.11,SUPP_001,16,33,5
SKU_04327,Brand_JA Team Sports Item 4327,Sports & Outdoors,Team Sports,Brand_JA,152.13,259.19,0.68,SUPP_018,18,44,6
SKU_04328,Brand_AC Skincare Item 4328,Health & Beauty,Skincare,Brand_AC,13.84,27.27,2.55,SUPP_029,21,58,8
SKU_04329,Brand_ID Household Supplies Item 4329,Groceries & Essentials,Household Supplies,Brand_ID,15.39,19.29,0.33,SUPP_046,5,158,36
SKU_04330,Brand_AE Accessories Item 4330,Apparel,Accessories,Brand_AE,37.32,80.43,0.4,SUPP_025,28,166,19
SKU_04331,Brand_GB Snacks Item 4331,Groceries & Essentials,Snacks,Brand_GB,17.74,21.17,0.39,SUPP_008,5,15,4
SKU_04332,Brand_IE Personal Care Item 4332,Groceries & Essentials,Personal Care,Brand_IE,29.47,36.01,0.39,SUPP_006,10,135,24
SKU_04333,Brand_DE Snacks Item 4333,Groceries & Essentials,Snacks,Brand_DE,2.63,3.73,3.74,SUPP_006,6,12,3
SKU_04334,Brand_DB Computers Item 4334,Electronics,Computers,Brand_DB,22.94,34.5,1.15,SUPP_041,22,263,33
SKU_04335,Brand_EE Small Appliances Item 4335,Home & Kitchen,Small Appliances,Brand_EE,43.39,87.03,2.4,SUPP_050,8,14,3
SKU_04336,Brand_DC Oral Care Item 4336,Health & Beauty,Oral Care,Brand_DC,7.47,19.83,7.57,SUPP_020,21,103,13
SKU_04337,Brand_HE Men's Wear Item 4337,Apparel,Men's Wear,Brand_HE,57.42,132.23,1.38,SUPP_046,23,39,5
SKU_04338,Brand_DA Wearables Item 4338,Electronics,Wearables,Brand_DA,203.18,349.46,0.39,SUPP_039,20,41,6
SKU_04339,Brand_EB Vitamins & Supplements Item 4339,Health & Beauty,Vitamins & Supplements,Brand_EB,8.84,26.77,1.94,SUPP_014,9,15,3
SKU_04340,Brand_AC Snacks Item 4340,Groceries & Essentials,Snacks,Brand_AC,11.35,15.84,0.41,SUPP_047,5,15,4
SKU_04341,Brand_DA Audio Item 4341,Electronics,Audio,Brand_DA,246.79,378.0,5.29,SUPP_049,9,49,9
SKU_04342,Brand_AE Household Supplies Item 4342,Groceries & Essentials,Household Supplies,Brand_AE,17.56,26.51,1.45,SUPP_033,9,16,3
SKU_04343,Brand_JA Bedding Item 4343,Home & Kitchen,Bedding,Brand_JA,122.19,232.31,3.9,SUPP_045,7,44,9
SKU_04344,Brand_GB Packaged Foods Item 4344,Groceries & Essentials,Packaged Foods,Brand_GB,13.35,20.08,0.22,SUPP_013,13,17,3
SKU_04345,Brand_BB Storage & Org Item 4345,Home & Kitchen,Storage & Org,Brand_BB,47.41,91.05,3.82,SUPP_033,21,53,7
SKU_04346,Brand_AD Smart Home Item 4346,Electronics,Smart Home,Brand_AD,284.17,425.73,1.36,SUPP_010,18,43,6
SKU_04347,Brand_JB Vitamins & Supplements Item 4347,Health & Beauty,Vitamins & Supplements,Brand_JB,22.23,43.68,1.15,SUPP_025,16,56,8
SKU_04348,Brand_GA Footwear Item 4348,Apparel,Footwear,Brand_GA,16.36,44.81,2.47,SUPP_036,23,56,7
SKU_04349,Brand_FB Packaged Foods Item 4349,Groceries & Essentials,Packaged Foods,Brand_FB,33.73,41.69,0.26,SUPP_043,6,33,7
SKU_04350,Brand_FA Women's Wear Item 4350,Apparel,Women's Wear,Brand_FA,26.31,51.28,1.16,SUPP_035,30,110,12
SKU_04351,Brand_BC Personal Care Item 4351,Groceries & Essentials,Personal Care,Brand_BC,7.55,11.26,0.34,SUPP_035,11,24,4
SKU_04352,Brand_FC Personal Care Item 4352,Groceries & Essentials,Personal Care,Brand_FC,25.96,34.86,0.63,SUPP_014,11,125,21
SKU_04353,Brand_BE Bedding Item 4353,Home & Kitchen,Bedding,Brand_BE,134.54,237.38,0.73,SUPP_050,8,16,3
SKU_04354,Brand_IA Smart Home Item 4354,Electronics,Smart Home,Brand_IA,71.49,119.68,1.25,SUPP_001,21,84,11
SKU_04355,Brand_HA Accessories Item 4355,Electronics,Accessories,Brand_HA,294.46,434.31,1.74,SUPP_045,20,36,5
SKU_04356,Brand_AE Personal Care Item 4356,Groceries & Essentials,Personal Care,Brand_AE,17.08,23.36,1.33,SUPP_010,3,20,6
SKU_04357,Brand_BA Audio Item 4357,Electronics,Audio,Brand_BA,82.11,115.52,0.61,SUPP_006,9,19,4
SKU_04358,Brand_AD Personal Care Item 4358,Groceries & Essentials,Personal Care,Brand_AD,5.99,7.86,0.37,SUPP_032,3,47,13
SKU_04359,Brand_BB Accessories Item 4359,Apparel,Accessories,Brand_BB,24.42,63.52,0.74,SUPP_008,29,155,17
SKU_04360,Brand_IE Accessories Item 4360,Apparel,Accessories,Brand_IE,62.47,171.5,1.87,SUPP_037,12,106,17
SKU_04361,Brand_HA Accessories Item 4361,Electronics,Accessories,Brand_HA,279.76,420.9,3.71,SUPP_004,19,29,4
SKU_04362,Brand_JA Footwear Item 4362,Apparel,Footwear,Brand_JA,15.65,28.95,2.51,SUPP_004,11,54,9
SKU_04363,Brand_CD Home Decor Item 4363,Home & Kitchen,Home Decor,Brand_CD,39.81,65.39,0.48,SUPP_021,9,50,9
SKU_04364,Brand_DE Home Decor Item 4364,Home & Kitchen,Home Decor,Brand_DE,108.98,202.51,1.82,SUPP_001,23,153,19
SKU_04365,Brand_BE Accessories Item 4365,Apparel,Accessories,Brand_BE,17.07,35.81,0.14,SUPP_046,21,35,5
SKU_04366,Brand_AA Cookware Item 4366,Home & Kitchen,Cookware,Brand_AA,9.4,20.22,2.69,SUPP_017,27,64,8
SKU_04367,Brand_JE Women's Wear Item 4367,Apparel,Women's Wear,Brand_JE,7.01,15.96,0.72,SUPP_036,11,836,139
SKU_04368,Brand_FC Smart Home Item 4368,Electronics,Smart Home,Brand_FC,137.88,208.49,0.11,SUPP_036,22,152,19
SKU_04369,Brand_CB Accessories Item 4369,Apparel,Accessories,Brand_CB,20.2,52.51,3.1,SUPP_039,20,51,7
SKU_04370,Brand_CA Cookware Item 4370,Home & Kitchen,Cookware,Brand_CA,46.28,72.36,0.59,SUPP_030,12,19,3
SKU_04371,Brand_IB Packaged Foods Item 4371,Groceries & Essentials,Packaged Foods,Brand_IB,24.59,37.01,0.56,SUPP_036,3,15,4
SKU_04372,Brand_BE Men's Wear Item 4372,Apparel,Men's Wear,Brand_BE,57.85,132.33,0.95,SUPP_038,20,111,15
SKU_04373,Brand_CB Snacks Item 4373,Groceries & Essentials,Snacks,Brand_CB,31.98,37.91,0.32,SUPP_041,12,54,9
SKU_04374,Brand_IC Oral Care Item 4374,Health & Beauty,Oral Care,Brand_IC,18.5,47.53,2.59,SUPP_035,8,42,8
SKU_04375,Brand_ED Personal Care Item 4375,Groceries & Essentials,Personal Care,Brand_ED,27.32,39.89,0.78,SUPP_040,4,15,4
SKU_04376,Brand_CB Cookware Item 4376,Home & Kitchen,Cookware,Brand_CB,112.23,182.3,1.02,SUPP_042,18,80,11
SKU_04377,Brand_AE Personal Care Item 4377,Groceries & Essentials,Personal Care,Brand_AE,11.97,15.81,1.64,SUPP_013,6,14,3
SKU_04378,Brand_ID Cookware Item 4378,Home & Kitchen,Cookware,Brand_ID,112.97,232.92,0.54,SUPP_026,10,26,5
SKU_04379,Brand_DA Vitamins & Supplements Item 4379,Health & Beauty,Vitamins & Supplements,Brand_DA,4.79,12.2,0.91,SUPP_034,11,39,7
SKU_04380,Brand_DC Haircare Item 4380,Health & Beauty,Haircare,Brand_DC,7.5,17.47,1.18,SUPP_048,12,54,9
SKU_04381,Brand_CB Audio Item 4381,Electronics,Audio,Brand_CB,148.43,225.55,1.86,SUPP_022,16,33,5
SKU_04382,Brand_EA Storage & Org Item 4382,Home & Kitchen,Storage & Org,Brand_EA,115.47,206.72,0.64,SUPP_026,18,41,6
SKU_04383,Brand_JA Audio Item 4383,Electronics,Audio,Brand_JA,122.1,188.19,0.83,SUPP_001,19,167,22
SKU_04384,Brand_GC Men's Wear Item 4384,Apparel,Men's Wear,Brand_GC,29.63,49.82,1.39,SUPP_035,23,44,6
SKU_04385,Brand_FE Audio Item 4385,Electronics,Audio,Brand_FE,217.16,306.09,3.38,SUPP_001,19,902,119
SKU_04386,Brand_HC Wearables Item 4386,Electronics,Wearables,Brand_HC,32.65,47.25,3.05,SUPP_037,9,72,13
SKU_04387,Brand_ID Small Appliances Item 4387,Home & Kitchen,Small Appliances,Brand_ID,24.81,54.24,1.01,SUPP_028,10,14,3
SKU_04388,Brand_HD Sportswear Item 4388,Apparel,Sportswear,Brand_HD,40.83,90.32,0.69,SUPP_045,15,39,6
SKU_04389,Brand_CB Storage & Org Item 4389,Home & Kitchen,Storage & Org,Brand_CB,117.29,227.23,1.77,SUPP_022,24,52,7
SKU_04390,Brand_AB Women's Wear Item 4390,Apparel,Women's Wear,Brand_AB,75.24,165.2,0.85,SUPP_049,18,184,25
SKU_04391,Brand_JC Footwear Item 4391,Apparel,Footwear,Brand_JC,21.27,51.64,2.1,SUPP_016,29,1581,173
SKU_04392,Brand_GA Women's Wear Item 4392,Apparel,Women's Wear,Brand_GA,23.8,43.02,3.03,SUPP_035,27,112,13
SKU_04393,Brand_FD Personal Care Item 4393,Groceries & Essentials,Personal Care,Brand_FD,9.75,13.4,0.36,SUPP_022,9,43,8
SKU_04394,Brand_AD Vitamins & Supplements Item 4394,Health & Beauty,Vitamins & Supplements,Brand_AD,52.04,103.15,0.59,SUPP_002,12,43,7
SKU_04395,Brand_FE Audio Item 4395,Electronics,Audio,Brand_FE,190.62,310.64,1.48,SUPP_020,10,15,3
SKU_04396,Brand_DE Wearables Item 4396,Electronics,Wearables,Brand_DE,253.53,405.82,1.12,SUPP_047,13,28,5
SKU_04397,Brand_EC Oral Care Item 4397,Health & Beauty,Oral Care,Brand_EC,30.34,71.9,5.68,SUPP_020,5,11,3
SKU_04398,Brand_FA Bedding Item 4398,Home & Kitchen,Bedding,Brand_FA,98.06,166.54,0.53,SUPP_036,20,207,27
SKU_04399,Brand_BA Bedding Item 4399,Home & Kitchen,Bedding,Brand_BA,91.5,147.84,1.09,SUPP_034,26,867,100
SKU_04400,Brand_DE Team Sports Item 4400,Sports & Outdoors,Team Sports,Brand_DE,210.92,343.09,2.43,SUPP_032,11,17,3
SKU_04401,Brand_GD Men's Wear Item 4401,Apparel,Men's Wear,Brand_GD,8.87,19.94,1.71,SUPP_048,22,133,17
SKU_04402,Brand_FB Household Supplies Item 4402,Groceries & Essentials,Household Supplies,Brand_FB,20.04,23.88,2.09,SUPP_004,12,21,4
SKU_04403,Brand_DE Home Decor Item 4403,Home & Kitchen,Home Decor,Brand_DE,19.7,40.96,2.08,SUPP_040,20,33,5
SKU_04404,Brand_BE Skincare Item 4404,Health & Beauty,Skincare,Brand_BE,17.71,51.51,2.89,SUPP_049,12,197,32
SKU_04405,Brand_GD Sportswear Item 4405,Apparel,Sportswear,Brand_GD,93.32,162.3,1.54,SUPP_043,12,77,13
SKU_04406,Brand_EC Women's Wear Item 4406,Apparel,Women's Wear,Brand_EC,47.03,117.2,3.4,SUPP_017,13,159,25
SKU_04407,Brand_IB Accessories Item 4407,Apparel,Accessories,Brand_IB,68.1,172.17,0.12,SUPP_032,20,31,4
SKU_04408,Brand_GE Footwear Item 4408,Apparel,Footwear,Brand_GE,65.11,157.54,1.66,SUPP_050,15,36,6
SKU_04409,Brand_FE Small Appliances Item 4409,Home & Kitchen,Small Appliances,Brand_FE,40.04,77.87,4.9,SUPP_022,12,23,4
SKU_04410,Brand_EB Vitamins & Supplements Item 4410,Health & Beauty,Vitamins & Supplements,Brand_EB,22.55,47.74,0.34,SUPP_048,7,15,3
SKU_04411,Brand_ID Women's Wear Item 4411,Apparel,Women's Wear,Brand_ID,62.14,116.11,0.8,SUPP_040,24,36,5
SKU_04412,Brand_GA Audio Item 4412,Electronics,Audio,Brand_GA,71.93,101.27,0.31,SUPP_037,10,62,11
SKU_04413,Brand_IC Computers Item 4413,Electronics,Computers,Brand_IC,246.49,429.51,4.84,SUPP_041,21,108,14
SKU_04414,Brand_CC Snacks Item 4414,Groceries & Essentials,Snacks,Brand_CC,5.02,7.03,0.32,SUPP_018,12,29,5
SKU_04415,Brand_EA Personal Care Item 4415,Groceries & Essentials,Personal Care,Brand_EA,24.46,31.04,1.84,SUPP_018,4,11,3
SKU_04416,Brand_AE Household Supplies Item 4416,Groceries & Essentials,Household Supplies,Brand_AE,14.36,20.88,4.71,SUPP_007,10,35,6
SKU_04417,Brand_CC Packaged Foods Item 4417,Groceries & Essentials,Packaged Foods,Brand_CC,30.51,38.31,1.06,SUPP_050,4,246,61
SKU_04418,Brand_CB Small Appliances Item 4418,Home & Kitchen,Small Appliances,Brand_CB,31.7,69.33,0.56,SUPP_016,21,269,34
SKU_04419,Brand_AE Vitamins & Supplements Item 4419,Health & Beauty,Vitamins & Supplements,Brand_AE,39.03,116.57,1.25,SUPP_012,17,235,33
SKU_04420,Brand_HB Women's Wear Item 4420,Apparel,Women's Wear,Brand_HB,54.85,104.1,0.57,SUPP_011,15,44,7
SKU_04421,Brand_DA Accessories Item 4421,Apparel,Accessories,Brand_DA,61.02,153.31,1.4,SUPP_038,28,180,20
SKU_04422,Brand_HC Sportswear Item 4422,Apparel,Sportswear,Brand_HC,29.2,75.52,3.43,SUPP_039,16,222,32
SKU_04423,Brand_EA Home Decor Item 4423,Home & Kitchen,Home Decor,Brand_EA,5.05,10.25,1.16,SUPP_016,10,55,10
SKU_04424,Brand_GB Small Appliances Item 4424,Home & Kitchen,Small Appliances,Brand_GB,8.77,13.85,1.15,SUPP_033,24,141,17
SKU_04425,Brand_AB Men's Wear Item 4425,Apparel,Men's Wear,Brand_AB,88.81,156.11,5.18,SUPP_049,10,40,7
SKU_04426,Brand_AE Cookware Item 4426,Home & Kitchen,Cookware,Brand_AE,35.27,56.42,1.61,SUPP_004,18,59,8
SKU_04427,Brand_CE Packaged Foods Item 4427,Groceries & Essentials,Packaged Foods,Brand_CE,16.42,22.55,1.2,SUPP_046,10,15,3
SKU_04428,Brand_IE Household Supplies Item 4428,Groceries & Essentials,Household Supplies,Brand_IE,20.18,27.71,0.51,SUPP_010,11,15,3
SKU_04429,Brand_EA Men's Wear Item 4429,Apparel,Men's Wear,Brand_EA,47.86,102.06,0.37,SUPP_022,18,49,7
SKU_04430,Brand_ID Cosmetics Item 4430,Health & Beauty,Cosmetics,Brand_ID,51.32,110.13,2.06,SUPP_032,9,60,11
SKU_04431,Brand_DD Sportswear Item 4431,Apparel,Sportswear,Brand_DD,53.34,107.98,0.11,SUPP_032,15,190,28
SKU_04432,Brand_BB Cycling Item 4432,Sports & Outdoors,Cycling,Brand_BB,74.89,126.38,1.36,SUPP_022,20,205,27
SKU_04433,Brand_DC Smart Home Item 4433,Electronics,Smart Home,Brand_DC,106.62,162.62,0.64,SUPP_010,9,30,6
SKU_04434,Brand_BE Home Decor Item 4434,Home & Kitchen,Home Decor,Brand_BE,102.87,160.5,2.43,SUPP_019,21,26,4
SKU_04435,Brand_DC Accessories Item 4435,Electronics,Accessories,Brand_DC,198.63,289.26,2.1,SUPP_034,16,32,5
SKU_04436,Brand_HA Oral Care Item 4436,Health & Beauty,Oral Care,Brand_HA,14.63,33.26,0.62,SUPP_010,12,23,4
SKU_04437,Brand_FC Vitamins & Supplements Item 4437,Health & Beauty,Vitamins & Supplements,Brand_FC,19.13,36.13,1.43,SUPP_019,11,17,3
SKU_04438,Brand_EC Sportswear Item 4438,Apparel,Sportswear,Brand_EC,43.26,101.11,0.16,SUPP_011,29,76,9
SKU_04439,Brand_BA Household Supplies Item 4439,Groceries & Essentials,Household Supplies,Brand_BA,6.43,7.88,1.76,SUPP_036,8,69,13
SKU_04440,Brand_GB Smart Home Item 4440,Electronics,Smart Home,Brand_GB,142.82,211.75,0.62,SUPP_010,25,128,15
SKU_04441,Brand_ID Men's Wear Item 4441,Apparel,Men's Wear,Brand_ID,84.61,158.63,0.48,SUPP_050,28,83,10
SKU_04442,Brand_AD Household Supplies Item 4442,Groceries & Essentials,Household Supplies,Brand_AD,19.81,29.49,4.21,SUPP_013,12,40,7
SKU_04443,Brand_DE Cosmetics Item 4443,Health & Beauty,Cosmetics,Brand_DE,30.88,93.9,0.11,SUPP_012,9,26,5
SKU_04444,Brand_AC Skincare Item 4444,Health & Beauty,Skincare,Brand_AC,7.58,22.22,1.27,SUPP_021,20,77,10
SKU_04445,Brand_HE Cosmetics Item 4445,Health & Beauty,Cosmetics,Brand_HE,54.26,103.93,0.24,SUPP_007,11,27,5
SKU_04446,Brand_BD Cookware Item 4446,Home & Kitchen,Cookware,Brand_BD,126.72,197.64,0.29,SUPP_045,9,22,4
SKU_04447,Brand_GA Footwear Item 4447,Apparel,Footwear,Brand_GA,96.09,170.89,2.14,SUPP_001,16,40,6
SKU_04448,Brand_BA Computers Item 4448,Electronics,Computers,Brand_BA,33.81,50.12,0.99,SUPP_018,10,20,4
SKU_04449,Brand_IB Oral Care Item 4449,Health & Beauty,Oral Care,Brand_IB,25.44,60.22,1.94,SUPP_038,15,47,7
SKU_04450,Brand_ID Men's Wear Item 4450,Apparel,Men's Wear,Brand_ID,56.88,110.09,3.72,SUPP_044,18,81,11
SKU_04451,Brand_EA Audio Item 4451,Electronics,Audio,Brand_EA,270.91,439.81,1.72,SUPP_028,19,92,12
SKU_04452,Brand_CE Cookware Item 4452,Home & Kitchen,Cookware,Brand_CE,27.35,48.96,0.26,SUPP_024,28,72,8
SKU_04453,Brand_BA Household Supplies Item 4453,Groceries & Essentials,Household Supplies,Brand_BA,9.03,13.09,1.18,SUPP_042,5,17,4
SKU_04454,Brand_AA Camping Item 4454,Sports & Outdoors,Camping,Brand_AA,164.27,249.27,4.38,SUPP_004,22,48,6
SKU_04455,Brand_BC Audio Item 4455,Electronics,Audio,Brand_BC,191.4,331.82,0.85,SUPP_012,7,32,7
SKU_04456,Brand_DD Small Appliances Item 4456,Home & Kitchen,Small Appliances,Brand_DD,128.85,217.65,1.79,SUPP_027,20,43,6
SKU_04457,Brand_HB Sportswear Item 4457,Apparel,Sportswear,Brand_HB,58.53,98.31,0.9,SUPP_011,13,70,11
SKU_04458,Brand_JA Personal Care Item 4458,Groceries & Essentials,Personal Care,Brand_JA,23.71,33.81,1.11,SUPP_035,11,52,9
SKU_04459,Brand_FC Accessories Item 4459,Apparel,Accessories,Brand_FC,20.43,42.24,1.77,SUPP_011,16,45,7
SKU_04460,Brand_JA Personal Care Item 4460,Groceries & Essentials,Personal Care,Brand_JA,24.81,32.02,1.87,SUPP_020,3,10,3
SKU_04461,Brand_IB Household Supplies Item 4461,Groceries & Essentials,Household Supplies,Brand_IB,23.97,35.46,1.01,SUPP_044,6,14,3
SKU_04462,Brand_EC Bedding Item 4462,Home & Kitchen,Bedding,Brand_EC,111.58,181.7,0.86,SUPP_001,16,476,68
SKU_04463,Brand_ED Women's Wear Item 4463,Apparel,Women's Wear,Brand_ED,44.14,93.26,1.72,SUPP_013,27,261,30
SKU_04464,Brand_CB Personal Care Item 4464,Groceries & Essentials,Personal Care,Brand_CB,19.84,23.43,0.84,SUPP_028,5,22,5
SKU_04465,Brand_JC Wearables Item 4465,Electronics,Wearables,Brand_JC,213.03,379.4,0.91,SUPP_038,9,30,6
SKU_04466,Brand_AA Smart Home Item 4466,Electronics,Smart Home,Brand_AA,131.68,219.82,0.63,SUPP_024,17,60,9
SKU_04467,Brand_JE Home Decor Item 4467,Home & Kitchen,Home Decor,Brand_JE,65.63,120.73,0.56,SUPP_003,26,33,4
SKU_04468,Brand_CA Women's Wear Item 4468,Apparel,Women's Wear,Brand_CA,11.39,24.77,0.87,SUPP_021,16,39,6
SKU_04469,Brand_DE Cosmetics Item 4469,Health & Beauty,Cosmetics,Brand_DE,29.3,84.97,1.93,SUPP_010,8,44,9
SKU_04470,Brand_AC Skincare Item 4470,Health & Beauty,Skincare,Brand_AC,19.35,42.53,0.44,SUPP_024,17,235,33
SKU_04471,Brand_EC Cosmetics Item 4471,Health & Beauty,Cosmetics,Brand_EC,42.64,111.12,0.39,SUPP_007,14,18,3
SKU_04472,Brand_FC Audio Item 4472,Electronics,Audio,Brand_FC,196.0,342.12,0.59,SUPP_014,15,67,10
SKU_04473,Brand_BC Women's Wear Item 4473,Apparel,Women's Wear,Brand_BC,98.4,173.47,7.06,SUPP_027,15,80,12
SKU_04474,Brand_IA Personal Care Item 4474,Groceries & Essentials,Personal Care,Brand_IA,4.45,6.6,0.32,SUPP_018,8,36,7
SKU_04475,Brand_HA Sportswear Item 4475,Apparel,Sportswear,Brand_HA,7.18,14.02,0.64,SUPP_050,19,26,4
SKU_04476,Brand_EB Oral Care Item 4476,Health & Beauty,Oral Care,Brand_EB,22.37,60.52,2.58,SUPP_001,14,23,4
SKU_04477,Brand_GD Audio Item 4477,Electronics,Audio,Brand_GD,137.37,214.83,0.58,SUPP_003,14,721,108
SKU_04478,Brand_JC Storage & Org Item 4478,Home & Kitchen,Storage & Org,Brand_JC,50.4,97.05,1.62,SUPP_039,28,137,16
SKU_04479,Brand_JE Audio Item 4479,Electronics,Audio,Brand_JE,75.35,115.19,0.18,SUPP_023,11,23,4
SKU_04480,Brand_BA Skincare Item 4480,Health & Beauty,Skincare,Brand_BA,13.2,37.76,2.0,SUPP_021,20,52,7
SKU_04481,Brand_JB Wearables Item 4481,Electronics,Wearables,Brand_JB,221.11,349.91,3.86,SUPP_026,10,74,13
SKU_04482,Brand_CE Accessories Item 4482,Apparel,Accessories,Brand_CE,6.07,14.57,0.11,SUPP_010,21,1098,139
SKU_04483,Brand_DD Audio Item 4483,Electronics,Audio,Brand_DD,59.0,103.45,2.16,SUPP_014,13,29,5
SKU_04484,Brand_JE Packaged Foods Item 4484,Groceries & Essentials,Packaged Foods,Brand_JE,23.77,32.92,0.49,SUPP_010,10,15,3
SKU_04485,Brand_JB Accessories Item 4485,Apparel,Accessories,Brand_JB,47.73,118.04,0.49,SUPP_014,23,70,9
SKU_04486,Brand_JB Personal Care Item 4486,Groceries & Essentials,Personal Care,Brand_JB,20.13,29.94,0.3,SUPP_009,11,15,3
SKU_04487,Brand_JA Men's Wear Item 4487,Apparel,Men's Wear,Brand_JA,42.08,111.14,1.62,SUPP_022,23,946,115
SKU_04488,Brand_EA Audio Item 4488,Electronics,Audio,Brand_EA,102.01,172.32,2.11,SUPP_011,15,24,4
SKU_04489,Brand_GB Haircare Item 4489,Health & Beauty,Haircare,Brand_GB,18.78,40.42,0.11,SUPP_023,21,32,4
SKU_04490,Brand_JE Men's Wear Item 4490,Apparel,Men's Wear,Brand_JE,41.08,102.32,0.31,SUPP_015,26,172,20
SKU_04491,Brand_BC Vitamins & Supplements Item 4491,Health & Beauty,Vitamins & Supplements,Brand_BC,7.76,14.93,1.69,SUPP_006,6,20,5
SKU_04492,Brand_GB Cookware Item 4492,Home & Kitchen,Cookware,Brand_GB,21.85,36.71,7.64,SUPP_008,15,679,99
SKU_04493,Brand_HD Snacks Item 4493,Groceries & Essentials,Snacks,Brand_HD,20.14,29.55,1.1,SUPP_040,12,34,6
SKU_04494,Brand_GE Oral Care Item 4494,Health & Beauty,Oral Care,Brand_GE,42.42,111.96,1.56,SUPP_013,16,38,6
SKU_04495,Brand_IB Footwear Item 4495,Apparel,Footwear,Brand_IB,7.38,15.05,2.21,SUPP_038,28,383,43
SKU_04496,Brand_DE Beverages Item 4496,Groceries & Essentials,Beverages,Brand_DE,17.48,23.75,0.85,SUPP_022,7,13,3
SKU_04497,Brand_FA Cosmetics Item 4497,Health & Beauty,Cosmetics,Brand_FA,4.16,7.8,0.36,SUPP_025,11,15,3
SKU_04498,Brand_BB Audio Item 4498,Electronics,Audio,Brand_BB,262.65,429.66,1.42,SUPP_004,20,37,5
SKU_04499,Brand_EE Wearables Item 4499,Electronics,Wearables,Brand_EE,214.91,343.46,1.43,SUPP_037,13,24,4
SKU_04500,Brand_AA Personal Care Item 4500,Groceries & Essentials,Personal Care,Brand_AA,14.86,20.63,0.63,SUPP_041,14,18,3
SKU_04501,Brand_ID Computers Item 4501,Electronics,Computers,Brand_ID,248.6,430.19,1.8,SUPP_050,14,27,4
SKU_04502,Brand_FA Sportswear Item 4502,Apparel,Sportswear,Brand_FA,57.46,136.19,0.22,SUPP_023,17,55,8
SKU_04503,Brand_ID Oral Care Item 4503,Health & Beauty,Oral Care,Brand_ID,20.99,50.86,1.52,SUPP_001,9,31,6
SKU_04504,Brand_EB Accessories Item 4504,Electronics,Accessories,Brand_EB,28.4,44.92,0.4,SUPP_044,14,43,7
SKU_04505,Brand_JE Home Decor Item 4505,Home & Kitchen,Home Decor,Brand_JE,120.24,185.91,0.12,SUPP_018,18,80,11
SKU_04506,Brand_GD Cookware Item 4506,Home & Kitchen,Cookware,Brand_GD,141.27,217.87,3.35,SUPP_030,13,26,4
SKU_04507,Brand_DB Personal Care Item 4507,Groceries & Essentials,Personal Care,Brand_DB,26.36,34.17,0.14,SUPP_036,9,15,3
SKU_04508,Brand_HA Bedding Item 4508,Home & Kitchen,Bedding,Brand_HA,160.15,248.43,0.18,SUPP_003,24,34,4
SKU_04509,Brand_HA Small Appliances Item 4509,Home & Kitchen,Small Appliances,Brand_HA,73.49,141.03,2.1,SUPP_003,22,31,4
SKU_04510,Brand_FC Smart Home Item 4510,Electronics,Smart Home,Brand_FC,164.32,248.0,3.45,SUPP_026,15,47,7
SKU_04511,Brand_EC Cycling Item 4511,Sports & Outdoors,Cycling,Brand_EC,167.02,298.35,1.65,SUPP_012,16,28,4
SKU_04512,Brand_GA Haircare Item 4512,Health & Beauty,Haircare,Brand_GA,24.82,50.07,4.0,SUPP_024,6,349,74
SKU_04513,Brand_DB Packaged Foods Item 4513,Groceries & Essentials,Packaged Foods,Brand_DB,4.28,6.53,0.93,SUPP_021,7,24,5
SKU_04514,Brand_HC Personal Care Item 4514,Groceries & Essentials,Personal Care,Brand_HC,25.24,34.1,2.37,SUPP_003,8,42,8
SKU_04515,Brand_JE Men's Wear Item 4515,Apparel,Men's Wear,Brand_JE,17.11,39.24,1.06,SUPP_041,10,17,3
SKU_04516,Brand_HC Computers Item 4516,Electronics,Computers,Brand_HC,127.28,226.48,1.71,SUPP_045,15,64,10
SKU_04517,Brand_BE Household Supplies Item 4517,Groceries & Essentials,Household Supplies,Brand_BE,19.53,26.12,0.78,SUPP_046,6,23,5
SKU_04518,Brand_HD Household Supplies Item 4518,Groceries & Essentials,Household Supplies,Brand_HD,25.72,35.07,1.36,SUPP_015,3,39,11
SKU_04519,Brand_HA Small Appliances Item 4519,Home & Kitchen,Small Appliances,Brand_HA,24.36,44.99,3.12,SUPP_004,13,35,6
SKU_04520,Brand_DB Skincare Item 4520,Health & Beauty,Skincare,Brand_DB,6.58,16.39,3.87,SUPP_026,8,36,7
SKU_04521,Brand_EE Household Supplies Item 4521,Groceries & Essentials,Household Supplies,Brand_EE,28.87,35.11,4.09,SUPP_003,9,19,4
SKU_04522,Brand_FD Household Supplies Item 4522,Groceries & Essentials,Household Supplies,Brand_FD,19.99,27.47,0.65,SUPP_014,7,30,6
SKU_04523,Brand_CE Personal Care Item 4523,Groceries & Essentials,Personal Care,Brand_CE,23.19,32.46,0.19,SUPP_026,6,52,11
SKU_04524,Brand_DD Household Supplies Item 4524,Groceries & Essentials,Household Supplies,Brand_DD,25.37,33.14,2.13,SUPP_003,10,16,3
SKU_04525,Brand_CB Smart Home Item 4525,Electronics,Smart Home,Brand_CB,165.2,298.59,1.19,SUPP_048,14,24,4
SKU_04526,Brand_EB Small Appliances Item 4526,Home & Kitchen,Small Appliances,Brand_EB,152.03,246.25,1.31,SUPP_026,11,219,37
SKU_04527,Brand_FA Smart Home Item 4527,Electronics,Smart Home,Brand_FA,78.7,124.65,1.71,SUPP_039,9,25,5
SKU_04528,Brand_AA Beverages Item 4528,Groceries & Essentials,Beverages,Brand_AA,9.08,13.74,2.26,SUPP_036,14,29,5
SKU_04529,Brand_AE Smart Home Item 4529,Electronics,Smart Home,Brand_AE,39.19,61.1,0.58,SUPP_030,9,20,4
SKU_04530,Brand_AC Bedding Item 4530,Home & Kitchen,Bedding,Brand_AC,65.83,141.2,1.1,SUPP_038,15,39,6
SKU_04531,Brand_IB Beverages Item 4531,Groceries & Essentials,Beverages,Brand_IB,17.39,23.69,1.05,SUPP_011,7,29,6
SKU_04532,Brand_AA Packaged Foods Item 4532,Groceries & Essentials,Packaged Foods,Brand_AA,6.34,9.22,1.58,SUPP_028,9,22,4
SKU_04533,Brand_JC Small Appliances Item 4533,Home & Kitchen,Small Appliances,Brand_JC,30.94,51.73,0.39,SUPP_017,15,88,13
SKU_04534,Brand_IE Household Supplies Item 4534,Groceries & Essentials,Household Supplies,Brand_IE,12.84,18.52,3.7,SUPP_023,11,29,5
SKU_04535,Brand_AA Accessories Item 4535,Apparel,Accessories,Brand_AA,76.09,174.72,0.2,SUPP_040,27,32,4
SKU_04536,Brand_CB Beverages Item 4536,Groceries & Essentials,Beverages,Brand_CB,15.91,23.29,0.53,SUPP_031,13,19,3
SKU_04537,Brand_HB Camping Item 4537,Sports & Outdoors,Camping,Brand_HB,121.28,232.36,2.41,SUPP_049,22,58,8
SKU_04538,Brand_BB Camping Item 4538,Sports & Outdoors,Camping,Brand_BB,86.26,169.45,0.62,SUPP_043,15,38,6
SKU_04539,Brand_AE Personal Care Item 4539,Groceries & Essentials,Personal Care,Brand_AE,26.82,39.0,2.44,SUPP_003,11,31,5
SKU_04540,Brand_EC Packaged Foods Item 4540,Groceries & Essentials,Packaged Foods,Brand_EC,5.23,6.78,0.36,SUPP_011,6,23,5
SKU_04541,Brand_AC Bedding Item 4541,Home & Kitchen,Bedding,Brand_AC,62.36,134.57,1.25,SUPP_050,19,88,12
SKU_04542,Brand_HB Bedding Item 4542,Home & Kitchen,Bedding,Brand_HB,51.28,83.31,0.56,SUPP_043,12,23,4
SKU_04543,Brand_DB Personal Care Item 4543,Groceries & Essentials,Personal Care,Brand_DB,4.51,6.79,3.19,SUPP_017,14,33,5
SKU_04544,Brand_JA Snacks Item 4544,Groceries & Essentials,Snacks,Brand_JA,31.0,41.43,0.1,SUPP_016,8,182,35
SKU_04545,Brand_DB Camping Item 4545,Sports & Outdoors,Camping,Brand_DB,212.32,305.91,1.45,SUPP_009,23,85,11
SKU_04546,Brand_EB Women's Wear Item 4546,Apparel,Women's Wear,Brand_EB,6.67,12.93,1.11,SUPP_024,12,22,4
SKU_04547,Brand_HA Smart Home Item 4547,Electronics,Smart Home,Brand_HA,101.9,137.45,1.55,SUPP_001,13,28,5
SKU_04548,Brand_IB Packaged Foods Item 4548,Groceries & Essentials,Packaged Foods,Brand_IB,24.94,33.02,3.62,SUPP_049,6,22,5
SKU_04549,Brand_BB Wearables Item 4549,Electronics,Wearables,Brand_BB,111.97,160.11,1.28,SUPP_024,7,99,20
SKU_04550,Brand_HD Fitness Gear Item 4550,Sports & Outdoors,Fitness Gear,Brand_HD,183.98,316.78,0.56,SUPP_023,19,110,15
SKU_04551,Brand_ED Storage & Org Item 4551,Home & Kitchen,Storage & Org,Brand_ED,35.62,55.01,0.39,SUPP_015,22,41,5
SKU_04552,Brand_IB Small Appliances Item 4552,Home & Kitchen,Small Appliances,Brand_IB,108.62,187.56,1.04,SUPP_010,11,43,7
SKU_04553,Brand_IB Men's Wear Item 4553,Apparel,Men's Wear,Brand_IB,77.8,163.39,1.94,SUPP_043,30,258,28
SKU_04554,Brand_CB Home Decor Item 4554,Home & Kitchen,Home Decor,Brand_CB,105.37,230.71,0.37,SUPP_038,27,69,8
SKU_04555,Brand_BB Small Appliances Item 4555,Home & Kitchen,Small Appliances,Brand_BB,25.66,41.06,2.56,SUPP_031,27,69,8
SKU_04556,Brand_ED Team Sports Item 4556,Sports & Outdoors,Team Sports,Brand_ED,224.11,346.28,0.37,SUPP_006,21,70,9
SKU_04557,Brand_BC Fitness Gear Item 4557,Sports & Outdoors,Fitness Gear,Brand_BC,181.21,272.35,0.82,SUPP_043,17,84,12
SKU_04558,Brand_JD Personal Care Item 4558,Groceries & Essentials,Personal Care,Brand_JD,19.25,27.15,2.61,SUPP_008,4,32,8
SKU_04559,Brand_EB Beverages Item 4559,Groceries & Essentials,Beverages,Brand_EB,18.8,25.77,4.26,SUPP_031,5,63,15
SKU_04560,Brand_GC Cosmetics Item 4560,Health & Beauty,Cosmetics,Brand_GC,31.52,63.2,0.63,SUPP_023,19,41,6
SKU_04561,Brand_AC Accessories Item 4561,Apparel,Accessories,Brand_AC,63.72,125.49,0.39,SUPP_009,13,32,5
SKU_04562,Brand_GE Personal Care Item 4562,Groceries & Essentials,Personal Care,Brand_GE,12.29,16.02,0.47,SUPP_024,7,46,9
SKU_04563,Brand_GE Women's Wear Item 4563,Apparel,Women's Wear,Brand_GE,48.61,135.37,0.54,SUPP_027,24,100,12
SKU_04564,Brand_FC Camping Item 4564,Sports & Outdoors,Camping,Brand_FC,111.11,174.2,0.56,SUPP_022,14,221,33
SKU_04565,Brand_AC Wearables Item 4565,Electronics,Wearables,Brand_AC,318.95,432.75,1.14,SUPP_032,12,19,3
SKU_04566,Brand_CA Snacks Item 4566,Groceries & Essentials,Snacks,Brand_CA,14.21,17.52,2.92,SUPP_016,10,73,13
SKU_04567,Brand_BC Vitamins & Supplements Item 4567,Health & Beauty,Vitamins & Supplements,Brand_BC,54.29,119.83,4.83,SUPP_029,17,25,4
SKU_04568,Brand_FA Packaged Foods Item 4568,Groceries & Essentials,Packaged Foods,Brand_FA,9.61,11.62,1.28,SUPP_043,11,36,6
SKU_04569,Brand_EA Packaged Foods Item 4569,Groceries & Essentials,Packaged Foods,Brand_EA,29.27,38.73,0.57,SUPP_040,14,513,77
SKU_04570,Brand_JD Home Decor Item 4570,Home & Kitchen,Home Decor,Brand_JD,54.63,90.55,0.1,SUPP_023,7,17,4
SKU_04571,Brand_BB Household Supplies Item 4571,Groceries & Essentials,Household Supplies,Brand_BB,11.05,16.56,0.27,SUPP_001,14,28,5
SKU_04572,Brand_ED Household Supplies Item 4572,Groceries & Essentials,Household Supplies,Brand_ED,23.82,28.2,1.14,SUPP_024,4,10,3
SKU_04573,Brand_IE Audio Item 4573,Electronics,Audio,Brand_IE,105.84,155.24,2.07,SUPP_039,23,119,15
SKU_04574,Brand_IE Accessories Item 4574,Apparel,Accessories,Brand_IE,92.42,177.34,1.49,SUPP_021,27,157,18
SKU_04575,Brand_GE Beverages Item 4575,Groceries & Essentials,Beverages,Brand_GE,29.46,43.88,1.72,SUPP_042,11,17,3
SKU_04576,Brand_AB Bedding Item 4576,Home & Kitchen,Bedding,Brand_AB,61.11,109.85,1.58,SUPP_005,20,53,7
SKU_04577,Brand_BC Household Supplies Item 4577,Groceries & Essentials,Household Supplies,Brand_BC,10.62,16.22,2.04,SUPP_007,7,43,9
SKU_04578,Brand_FA Snacks Item 4578,Groceries & Essentials,Snacks,Brand_FA,22.69,29.76,0.9,SUPP_045,10,28,5
SKU_04579,Brand_EE Men's Wear Item 4579,Apparel,Men's Wear,Brand_EE,64.99,137.86,0.47,SUPP_033,10,15,3
SKU_04580,Brand_ED Sportswear Item 4580,Apparel,Sportswear,Brand_ED,40.91,114.73,3.01,SUPP_031,13,109,17
SKU_04581,Brand_CB Packaged Foods Item 4581,Groceries & Essentials,Packaged Foods,Brand_CB,17.27,20.88,0.35,SUPP_017,7,48,10
SKU_04582,Brand_BC Packaged Foods Item 4582,Groceries & Essentials,Packaged Foods,Brand_BC,17.97,21.37,1.14,SUPP_025,9,85,16
SKU_04583,Brand_EC Accessories Item 4583,Electronics,Accessories,Brand_EC,123.1,178.52,2.71,SUPP_009,8,63,12
SKU_04584,Brand_GE Women's Wear Item 4584,Apparel,Women's Wear,Brand_GE,24.06,58.44,0.52,SUPP_041,21,67,9
SKU_04585,Brand_CE Audio Item 4585,Electronics,Audio,Brand_CE,32.47,48.04,0.65,SUPP_026,16,51,8
SKU_04586,Brand_GE Cycling Item 4586,Sports & Outdoors,Cycling,Brand_GE,187.04,343.62,3.06,SUPP_001,23,33,4
SKU_04587,Brand_EE Household Supplies Item 4587,Groceries & Essentials,Household Supplies,Brand_EE,14.5,22.28,2.07,SUPP_011,11,47,8
SKU_04588,Brand_AA Haircare Item 4588,Health & Beauty,Haircare,Brand_AA,19.59,62.25,0.82,SUPP_030,13,293,46
SKU_04589,Brand_AD Men's Wear Item 4589,Apparel,Men's Wear,Brand_AD,19.36,44.85,3.55,SUPP_007,15,208,31
SKU_04590,Brand_CA Oral Care Item 4590,Health & Beauty,Oral Care,Brand_CA,11.27,30.49,1.44,SUPP_001,12,37,6
SKU_04591,Brand_IA Beverages Item 4591,Groceries & Essentials,Beverages,Brand_IA,29.63,37.17,0.78,SUPP_029,3,13,4
SKU_04592,Brand_FD Sportswear Item 4592,Apparel,Sportswear,Brand_FD,42.27,106.61,1.4,SUPP_043,19,209,28
SKU_04593,Brand_EA Cycling Item 4593,Sports & Outdoors,Cycling,Brand_EA,70.46,121.15,1.71,SUPP_021,17,135,19
SKU_04594,Brand_HE Beverages Item 4594,Groceries & Essentials,Beverages,Brand_HE,7.97,12.06,0.67,SUPP_024,13,130,20
SKU_04595,Brand_JC Wearables Item 4595,Electronics,Wearables,Brand_JC,85.31,124.4,0.64,SUPP_021,10,89,16
SKU_04596,Brand_HB Packaged Foods Item 4596,Groceries & Essentials,Packaged Foods,Brand_HB,16.74,25.7,1.35,SUPP_038,14,28,5
SKU_04597,Brand_FA Home Decor Item 4597,Home & Kitchen,Home Decor,Brand_FA,36.13,77.83,3.74,SUPP_038,25,185,22
SKU_04598,Brand_CD Accessories Item 4598,Electronics,Accessories,Brand_CD,110.43,148.91,1.01,SUPP_005,24,223,27
SKU_04599,Brand_BB Packaged Foods Item 4599,Groceries & Essentials,Packaged Foods,Brand_BB,16.61,23.59,2.05,SUPP_030,4,23,6
SKU_04600,Brand_EC Sportswear Item 4600,Apparel,Sportswear,Brand_EC,48.44,119.95,0.28,SUPP_012,30,117,13
SKU_04601,Brand_CC Cosmetics Item 4601,Health & Beauty,Cosmetics,Brand_CC,33.27,95.13,0.54,SUPP_031,19,49,7
SKU_04602,Brand_IA Sportswear Item 4602,Apparel,Sportswear,Brand_IA,30.2,62.73,0.12,SUPP_019,11,19,3
SKU_04603,Brand_BC Packaged Foods Item 4603,Groceries & Essentials,Packaged Foods,Brand_BC,22.5,27.86,0.12,SUPP_013,13,23,4
SKU_04604,Brand_DD Outdoor Recreation Item 4604,Sports & Outdoors,Outdoor Recreation,Brand_DD,27.59,39.55,4.77,SUPP_013,26,35,4
SKU_04605,Brand_FD Sportswear Item 4605,Apparel,Sportswear,Brand_FD,29.87,64.07,8.23,SUPP_018,15,219,32
SKU_04606,Brand_GA Small Appliances Item 4606,Home & Kitchen,Small Appliances,Brand_GA,45.53,79.96,1.86,SUPP_040,12,83,14
SKU_04607,Brand_DA Accessories Item 4607,Apparel,Accessories,Brand_DA,55.99,127.25,0.57,SUPP_018,12,28,5
SKU_04608,Brand_DD Computers Item 4608,Electronics,Computers,Brand_DD,239.68,428.26,5.3,SUPP_029,24,107,13
SKU_04609,Brand_DB Wearables Item 4609,Electronics,Wearables,Brand_DB,29.42,49.08,0.61,SUPP_048,20,185,24
SKU_04610,Brand_DA Accessories Item 4610,Electronics,Accessories,Brand_DA,68.97,106.59,1.46,SUPP_040,24,30,4
SKU_04611,Brand_HC Women's Wear Item 4611,Apparel,Women's Wear,Brand_HC,60.9,143.78,0.57,SUPP_033,23,69,9
SKU_04612,Brand_JE Snacks Item 4612,Groceries & Essentials,Snacks,Brand_JE,8.44,10.89,1.87,SUPP_050,7,10,2
SKU_04613,Brand_IB Sportswear Item 4613,Apparel,Sportswear,Brand_IB,47.74,95.3,0.46,SUPP_041,11,17,3
SKU_04614,Brand_FB Snacks Item 4614,Groceries & Essentials,Snacks,Brand_FB,22.6,28.23,1.52,SUPP_037,13,261,41
SKU_04615,Brand_FB Vitamins & Supplements Item 4615,Health & Beauty,Vitamins & Supplements,Brand_FB,24.74,65.75,2.61,SUPP_035,7,27,6
SKU_04616,Brand_ED Computers Item 4616,Electronics,Computers,Brand_ED,129.29,202.94,1.03,SUPP_026,22,28,4
SKU_04617,Brand_BB Footwear Item 4617,Apparel,Footwear,Brand_BB,25.68,50.13,2.18,SUPP_007,24,361,43
SKU_04618,Brand_JA Sportswear Item 4618,Apparel,Sportswear,Brand_JA,25.31,53.24,0.21,SUPP_006,10,17,3
SKU_04619,Brand_DE Men's Wear Item 4619,Apparel,Men's Wear,Brand_DE,68.7,143.61,0.71,SUPP_016,13,17,3
SKU_04620,Brand_EC Cookware Item 4620,Home & Kitchen,Cookware,Brand_EC,59.37,125.51,1.98,SUPP_020,22,56,7
SKU_04621,Brand_EB Haircare Item 4621,Health & Beauty,Haircare,Brand_EB,57.36,110.65,0.28,SUPP_024,20,845,109
SKU_04622,Brand_CE Women's Wear Item 4622,Apparel,Women's Wear,Brand_CE,62.03,120.9,5.76,SUPP_005,22,101,13
SKU_04623,Brand_IC Cookware Item 4623,Home & Kitchen,Cookware,Brand_IC,44.54,71.84,1.31,SUPP_029,14,126,19
SKU_04624,Brand_BA Computers Item 4624,Electronics,Computers,Brand_BA,194.1,281.66,1.34,SUPP_025,22,113,14
SKU_04625,Brand_AD Women's Wear Item 4625,Apparel,Women's Wear,Brand_AD,16.9,43.43,1.33,SUPP_020,22,37,5
SKU_04626,Brand_IE Small Appliances Item 4626,Home & Kitchen,Small Appliances,Brand_IE,43.37,96.38,0.74,SUPP_042,21,71,9
SKU_04627,Brand_AC Cosmetics Item 4627,Health & Beauty,Cosmetics,Brand_AC,9.77,24.36,0.53,SUPP_023,7,27,6
SKU_04628,Brand_CC Cosmetics Item 4628,Health & Beauty,Cosmetics,Brand_CC,8.58,18.58,2.61,SUPP_013,19,29,4
SKU_04629,Brand_GC Smart Home Item 4629,Electronics,Smart Home,Brand_GC,97.92,158.35,1.43,SUPP_035,7,18,4
SKU_04630,Brand_GC Home Decor Item 4630,Home & Kitchen,Home Decor,Brand_GC,47.35,91.71,2.21,SUPP_013,19,35,5
SKU_04631,Brand_JA Men's Wear Item 4631,Apparel,Men's Wear,Brand_JA,19.01,34.69,4.04,SUPP_007,16,82,12
SKU_04632,Brand_DC Women's Wear Item 4632,Apparel,Women's Wear,Brand_DC,17.17,35.89,2.8,SUPP_041,13,26,4
SKU_04633,Brand_GC Home Decor Item 4633,Home & Kitchen,Home Decor,Brand_GC,16.46,36.41,1.7,SUPP_016,19,78,11
SKU_04634,Brand_EE Packaged Foods Item 4634,Groceries & Essentials,Packaged Foods,Brand_EE,35.41,44.3,0.14,SUPP_022,6,13,3
SKU_04635,Brand_AD Snacks Item 4635,Groceries & Essentials,Snacks,Brand_AD,2.55,3.48,0.3,SUPP_050,7,19,4
SKU_04636,Brand_EA Household Supplies Item 4636,Groceries & Essentials,Household Supplies,Brand_EA,6.07,7.22,0.46,SUPP_039,4,26,7
SKU_04637,Brand_HD Home Decor Item 4637,Home & Kitchen,Home Decor,Brand_HD,34.9,56.33,1.74,SUPP_014,28,133,15
SKU_04638,Brand_DB Accessories Item 4638,Apparel,Accessories,Brand_DB,63.8,111.28,0.4,SUPP_037,14,38,6
SKU_04639,Brand_CC Sportswear Item 4639,Apparel,Sportswear,Brand_CC,46.43,111.84,0.19,SUPP_020,24,101,12
SKU_04640,Brand_JB Men's Wear Item 4640,Apparel,Men's Wear,Brand_JB,85.57,150.73,0.31,SUPP_050,30,70,8
SKU_04641,Brand_JB Smart Home Item 4641,Electronics,Smart Home,Brand_JB,163.35,235.22,5.97,SUPP_036,9,19,4
SKU_04642,Brand_EB Accessories Item 4642,Electronics,Accessories,Brand_EB,77.03,118.9,1.81,SUPP_048,8,30,6
SKU_04643,Brand_BB Storage & Org Item 4643,Home & Kitchen,Storage & Org,Brand_BB,21.59,46.05,0.39,SUPP_024,10,72,13
SKU_04644,Brand_IB Packaged Foods Item 4644,Groceries & Essentials,Packaged Foods,Brand_IB,14.04,18.0,0.31,SUPP_003,9,13,3
SKU_04645,Brand_DE Wearables Item 4645,Electronics,Wearables,Brand_DE,43.77,78.55,0.12,SUPP_025,9,52,10
SKU_04646,Brand_DA Bedding Item 4646,Home & Kitchen,Bedding,Brand_DA,92.72,163.51,3.21,SUPP_049,8,45,9
SKU_04647,Brand_FC Vitamins & Supplements Item 4647,Health & Beauty,Vitamins & Supplements,Brand_FC,9.92,18.16,0.92,SUPP_031,11,63,11
SKU_04648,Brand_FE Snacks Item 4648,Groceries & Essentials,Snacks,Brand_FE,16.38,22.69,2.39,SUPP_001,10,25,5
SKU_04649,Brand_BB Vitamins & Supplements Item 4649,Health & Beauty,Vitamins & Supplements,Brand_BB,12.63,30.43,1.15,SUPP_003,18,51,7
SKU_04650,Brand_JA Wearables Item 4650,Electronics,Wearables,Brand_JA,255.15,351.44,0.36,SUPP_039,14,25,4
SKU_04651,Brand_HE Storage & Org Item 4651,Home & Kitchen,Storage & Org,Brand_HE,88.03,151.37,1.22,SUPP_030,7,38,8
SKU_04652,Brand_GE Men's Wear Item 4652,Apparel,Men's Wear,Brand_GE,20.71,52.4,1.72,SUPP_018,29,93,11
SKU_04653,Brand_GD Personal Care Item 4653,Groceries & Essentials,Personal Care,Brand_GD,20.34,29.15,1.06,SUPP_045,3,10,3
SKU_04654,Brand_FE Storage & Org Item 4654,Home & Kitchen,Storage & Org,Brand_FE,57.37,90.84,2.11,SUPP_048,22,48,6
SKU_04655,Brand_EB Cookware Item 4655,Home & Kitchen,Cookware,Brand_EB,58.75,130.02,0.65,SUPP_035,18,77,11
SKU_04656,Brand_EC Footwear Item 4656,Apparel,Footwear,Brand_EC,35.17,95.9,0.46,SUPP_010,10,16,3
SKU_04657,Brand_EA Snacks Item 4657,Groceries & Essentials,Snacks,Brand_EA,12.55,18.96,0.84,SUPP_008,14,38,6
SKU_04658,Brand_GA Haircare Item 4658,Health & Beauty,Haircare,Brand_GA,51.65,115.94,0.53,SUPP_021,8,53,10
SKU_04659,Brand_EB Cycling Item 4659,Sports & Outdoors,Cycling,Brand_EB,22.29,35.58,1.16,SUPP_015,14,19,3
SKU_04660,Brand_BB Household Supplies Item 4660,Groceries & Essentials,Household Supplies,Brand_BB,28.57,34.77,0.15,SUPP_008,6,22,5
SKU_04661,Brand_FE Storage & Org Item 4661,Home & Kitchen,Storage & Org,Brand_FE,74.83,150.1,0.54,SUPP_003,19,344,46
SKU_04662,Brand_IA Smart Home Item 4662,Electronics,Smart Home,Brand_IA,89.36,141.68,0.99,SUPP_031,10,17,3
SKU_04663,Brand_EB Accessories Item 4663,Apparel,Accessories,Brand_EB,40.06,113.57,6.54,SUPP_027,11,60,10
SKU_04664,Brand_DB Packaged Foods Item 4664,Groceries & Essentials,Packaged Foods,Brand_DB,34.45,42.1,1.04,SUPP_035,9,31,6
SKU_04665,Brand_DB Packaged Foods Item 4665,Groceries & Essentials,Packaged Foods,Brand_DB,10.14,13.49,4.64,SUPP_008,5,11,3
SKU_04666,Brand_HE Storage & Org Item 4666,Home & Kitchen,Storage & Org,Brand_HE,24.98,55.01,0.39,SUPP_043,24,255,31
SKU_04667,Brand_JC Skincare Item 4667,Health & Beauty,Skincare,Brand_JC,54.96,116.05,1.69,SUPP_012,6,40,9
SKU_04668,Brand_AC Sportswear Item 4668,Apparel,Sportswear,Brand_AC,45.46,108.36,4.59,SUPP_034,14,62,10
SKU_04669,Brand_BD Cookware Item 4669,Home & Kitchen,Cookware,Brand_BD,146.87,233.72,0.25,SUPP_001,28,58,7
SKU_04670,Brand_FD Small Appliances Item 4670,Home & Kitchen,Small Appliances,Brand_FD,57.72,93.4,2.45,SUPP_013,17,154,22
SKU_04671,Brand_GE Packaged Foods Item 4671,Groceries & Essentials,Packaged Foods,Brand_GE,12.13,16.44,2.04,SUPP_040,10,50,9
SKU_04672,Brand_BA Computers Item 4672,Electronics,Computers,Brand_BA,208.45,325.81,0.52,SUPP_038,15,121,18
SKU_04673,Brand_IE Home Decor Item 4673,Home & Kitchen,Home Decor,Brand_IE,44.05,90.67,0.18,SUPP_027,9,13,3
SKU_04674,Brand_IC Sportswear Item 4674,Apparel,Sportswear,Brand_IC,8.07,16.74,3.54,SUPP_017,26,105,12
SKU_04675,Brand_GC Snacks Item 4675,Groceries & Essentials,Snacks,Brand_GC,12.05,16.04,1.32,SUPP_029,10,20,4
SKU_04676,Brand_HA Packaged Foods Item 4676,Groceries & Essentials,Packaged Foods,Brand_HA,25.45,36.83,1.88,SUPP_022,5,20,5
SKU_04677,Brand_BC Cycling Item 4677,Sports & Outdoors,Cycling,Brand_BC,95.29,171.95,0.2,SUPP_025,26,31,4
SKU_04678,Brand_DC Home Decor Item 4678,Home & Kitchen,Home Decor,Brand_DC,14.76,24.7,1.27,SUPP_049,27,516,59
SKU_04679,Brand_BC Beverages Item 4679,Groceries & Essentials,Beverages,Brand_BC,3.58,5.26,1.03,SUPP_041,7,42,9
SKU_04680,Brand_DD Cookware Item 4680,Home & Kitchen,Cookware,Brand_DD,77.98,153.23,2.17,SUPP_031,28,75,9
SKU_04681,Brand_DD Cookware Item 4681,Home & Kitchen,Cookware,Brand_DD,36.58,68.59,2.12,SUPP_003,26,45,6
SKU_04682,Brand_DC Women's Wear Item 4682,Apparel,Women's Wear,Brand_DC,46.61,81.72,0.59,SUPP_008,25,208,25
SKU_04683,Brand_CA Fitness Gear Item 4683,Sports & Outdoors,Fitness Gear,Brand_CA,241.8,348.28,3.8,SUPP_048,21,39,5
SKU_04684,Brand_DB Women's Wear Item 4684,Apparel,Women's Wear,Brand_DB,72.85,161.41,0.47,SUPP_001,26,920,106
SKU_04685,Brand_CC Wearables Item 4685,Electronics,Wearables,Brand_CC,270.09,427.15,2.48,SUPP_014,25,52,6
SKU_04686,Brand_AE Fitness Gear Item 4686,Sports & Outdoors,Fitness Gear,Brand_AE,25.85,47.55,0.97,SUPP_033,21,107,14
SKU_04687,Brand_FD Sportswear Item 4687,Apparel,Sportswear,Brand_FD,40.73,115.48,0.32,SUPP_041,12,59,10
SKU_04688,Brand_DA Bedding Item 4688,Home & Kitchen,Bedding,Brand_DA,58.93,94.83,2.34,SUPP_006,28,135,15
SKU_04689,Brand_AD Snacks Item 4689,Groceries & Essentials,Snacks,Brand_AD,34.9,43.11,2.87,SUPP_016,6,13,3
SKU_04690,Brand_BC Camping Item 4690,Sports & Outdoors,Camping,Brand_BC,195.97,313.84,0.62,SUPP_012,27,121,14
SKU_04691,Brand_IE Small Appliances Item 4691,Home & Kitchen,Small Appliances,Brand_IE,47.83,84.76,2.57,SUPP_015,18,70,10
SKU_04692,Brand_ID Audio Item 4692,Electronics,Audio,Brand_ID,48.54,84.21,1.3,SUPP_003,15,25,4
SKU_04693,Brand_HE Smart Home Item 4693,Electronics,Smart Home,Brand_HE,145.4,253.42,0.93,SUPP_038,10,15,3
SKU_04694,Brand_CD Footwear Item 4694,Apparel,Footwear,Brand_CD,51.69,93.68,1.45,SUPP_048,26,109,13
SKU_04695,Brand_EB Beverages Item 4695,Groceries & Essentials,Beverages,Brand_EB,21.61,25.92,2.59,SUPP_044,10,113,20
SKU_04696,Brand_FA Household Supplies Item 4696,Groceries & Essentials,Household Supplies,Brand_FA,11.16,13.13,1.68,SUPP_048,10,21,4
SKU_04697,Brand_CA Wearables Item 4697,Electronics,Wearables,Brand_CA,28.98,46.9,4.1,SUPP_020,21,31,4
SKU_04698,Brand_BB Snacks Item 4698,Groceries & Essentials,Snacks,Brand_BB,9.91,12.13,2.4,SUPP_030,3,6,2
SKU_04699,Brand_DB Audio Item 4699,Electronics,Audio,Brand_DB,179.18,315.34,0.36,SUPP_030,23,39,5
SKU_04700,Brand_ED Computers Item 4700,Electronics,Computers,Brand_ED,271.58,414.75,1.03,SUPP_021,8,771,146
SKU_04701,Brand_HD Men's Wear Item 4701,Apparel,Men's Wear,Brand_HD,44.2,98.55,1.06,SUPP_034,12,47,8
SKU_04702,Brand_AA Wearables Item 4702,Electronics,Wearables,Brand_AA,23.86,35.4,0.26,SUPP_026,22,197,25
SKU_04703,Brand_GC Storage & Org Item 4703,Home & Kitchen,Storage & Org,Brand_GC,25.31,40.96,1.24,SUPP_016,12,16,3
SKU_04704,Brand_FC Computers Item 4704,Electronics,Computers,Brand_FC,117.98,183.6,3.45,SUPP_009,17,47,7
SKU_04705,Brand_IC Cookware Item 4705,Home & Kitchen,Cookware,Brand_IC,97.51,162.92,2.39,SUPP_043,27,57,7
SKU_04706,Brand_DE Snacks Item 4706,Groceries & Essentials,Snacks,Brand_DE,4.81,6.26,1.61,SUPP_041,3,9,3
SKU_04707,Brand_AC Beverages Item 4707,Groceries & Essentials,Beverages,Brand_AC,27.71,40.29,0.36,SUPP_037,3,9,3
SKU_04708,Brand_FA Audio Item 4708,Electronics,Audio,Brand_FA,232.12,385.76,1.26,SUPP_046,13,161,25
SKU_04709,Brand_HB Packaged Foods Item 4709,Groceries & Essentials,Packaged Foods,Brand_HB,12.16,15.29,0.85,SUPP_026,3,6,2
SKU_04710,Brand_EE Personal Care Item 4710,Groceries & Essentials,Personal Care,Brand_EE,20.35,26.6,5.39,SUPP_009,8,19,4
SKU_04711,Brand_FD Smart Home Item 4711,Electronics,Smart Home,Brand_FD,240.23,401.58,1.25,SUPP_047,16,83,12
SKU_04712,Brand_DE Beverages Item 4712,Groceries & Essentials,Beverages,Brand_DE,31.81,44.91,0.49,SUPP_001,3,6,2
SKU_04713,Brand_BB Audio Item 4713,Electronics,Audio,Brand_BB,137.61,188.23,1.29,SUPP_036,15,281,41
SKU_04714,Brand_IE Packaged Foods Item 4714,Groceries & Essentials,Packaged Foods,Brand_IE,27.77,36.56,0.38,SUPP_031,13,26,4
SKU_04715,Brand_HE Bedding Item 4715,Home & Kitchen,Bedding,Brand_HE,31.66,60.4,2.31,SUPP_027,7,20,4
SKU_04716,Brand_DC Packaged Foods Item 4716,Groceries & Essentials,Packaged Foods,Brand_DC,18.6,23.12,3.31,SUPP_017,8,42,8
SKU_04717,Brand_BD Snacks Item 4717,Groceries & Essentials,Snacks,Brand_BD,11.52,15.6,1.17,SUPP_002,5,12,3
SKU_04718,Brand_CC Camping Item 4718,Sports & Outdoors,Camping,Brand_CC,154.71,222.4,3.16,SUPP_013,23,89,11
SKU_04719,Brand_FD Men's Wear Item 4719,Apparel,Men's Wear,Brand_FD,28.88,81.08,0.38,SUPP_013,19,86,12
SKU_04720,Brand_DA Smart Home Item 4720,Electronics,Smart Home,Brand_DA,76.17,123.21,1.43,SUPP_027,13,74,12
SKU_04721,Brand_DB Smart Home Item 4721,Electronics,Smart Home,Brand_DB,285.5,412.79,1.3,SUPP_009,11,27,5
SKU_04722,Brand_FC Women's Wear Item 4722,Apparel,Women's Wear,Brand_FC,21.49,47.96,3.33,SUPP_043,13,304,47
SKU_04723,Brand_GB Women's Wear Item 4723,Apparel,Women's Wear,Brand_GB,33.08,73.67,2.06,SUPP_032,20,127,17
SKU_04724,Brand_IB Skincare Item 4724,Health & Beauty,Skincare,Brand_IB,10.85,25.22,3.11,SUPP_017,11,66,11
SKU_04725,Brand_GE Bedding Item 4725,Home & Kitchen,Bedding,Brand_GE,14.2,28.97,3.94,SUPP_005,20,124,16
SKU_04726,Brand_DA Skincare Item 4726,Health & Beauty,Skincare,Brand_DA,13.57,34.03,0.16,SUPP_001,5,108,25
SKU_04727,Brand_CD Smart Home Item 4727,Electronics,Smart Home,Brand_CD,248.93,365.64,1.19,SUPP_028,25,727,85
SKU_04728,Brand_FD Wearables Item 4728,Electronics,Wearables,Brand_FD,69.15,93.42,0.89,SUPP_010,14,117,18
SKU_04729,Brand_HC Smart Home Item 4729,Electronics,Smart Home,Brand_HC,168.99,297.44,0.28,SUPP_031,15,22,4
SKU_04730,Brand_EC Cosmetics Item 4730,Health & Beauty,Cosmetics,Brand_EC,43.73,92.43,0.7,SUPP_024,12,84,14
SKU_04731,Brand_CE Small Appliances Item 4731,Home & Kitchen,Small Appliances,Brand_CE,96.85,214.63,1.01,SUPP_041,10,15,3
SKU_04732,Brand_IB Women's Wear Item 4732,Apparel,Women's Wear,Brand_IB,48.66,111.8,1.67,SUPP_002,11,30,5
SKU_04733,Brand_JC Accessories Item 4733,Apparel,Accessories,Brand_JC,5.58,14.87,3.96,SUPP_015,25,72,9
SKU_04734,Brand_CD Snacks Item 4734,Groceries & Essentials,Snacks,Brand_CD,33.37,41.37,3.06,SUPP_009,11,132,22
SKU_04735,Brand_IE Personal Care Item 4735,Groceries & Essentials,Personal Care,Brand_IE,5.53,8.15,0.29,SUPP_049,10,31,6
SKU_04736,Brand_HB Storage & Org Item 4736,Home & Kitchen,Storage & Org,Brand_HB,120.01,221.5,0.85,SUPP_039,9,74,14
SKU_04737,Brand_FD Storage & Org Item 4737,Home & Kitchen,Storage & Org,Brand_FD,44.62,82.01,1.6,SUPP_002,26,33,4
SKU_04738,Brand_AE Oral Care Item 4738,Health & Beauty,Oral Care,Brand_AE,25.02,69.26,0.34,SUPP_032,9,37,7
SKU_04739,Brand_EC Footwear Item 4739,Apparel,Footwear,Brand_EC,25.56,60.39,0.95,SUPP_016,19,44,6
SKU_04740,Brand_IE Sportswear Item 4740,Apparel,Sportswear,Brand_IE,72.77,139.59,2.54,SUPP_014,29,162,18
SKU_04741,Brand_ED Cycling Item 4741,Sports & Outdoors,Cycling,Brand_ED,179.0,284.22,0.13,SUPP_044,11,60,10
SKU_04742,Brand_EB Wearables Item 4742,Electronics,Wearables,Brand_EB,269.17,363.71,0.34,SUPP_005,17,141,20
SKU_04743,Brand_FD Women's Wear Item 4743,Apparel,Women's Wear,Brand_FD,77.19,156.74,0.18,SUPP_033,15,245,36
SKU_04744,Brand_GA Wearables Item 4744,Electronics,Wearables,Brand_GA,238.6,348.14,0.51,SUPP_019,9,16,3
SKU_04745,Brand_EA Personal Care Item 4745,Groceries & Essentials,Personal Care,Brand_EA,2.59,3.44,0.48,SUPP_037,13,91,14
SKU_04746,Brand_FA Household Supplies Item 4746,Groceries & Essentials,Household Supplies,Brand_FA,26.62,37.37,5.71,SUPP_026,5,8,2
SKU_04747,Brand_FE Sportswear Item 4747,Apparel,Sportswear,Brand_FE,10.73,29.77,3.7,SUPP_028,23,147,18
SKU_04748,Brand_DE Personal Care Item 4748,Groceries & Essentials,Personal Care,Brand_DE,20.94,25.39,1.25,SUPP_048,10,23,4
SKU_04749,Brand_HA Personal Care Item 4749,Groceries & Essentials,Personal Care,Brand_HA,6.39,9.52,0.84,SUPP_017,12,18,3
SKU_04750,Brand_BC Household Supplies Item 4750,Groceries & Essentials,Household Supplies,Brand_BC,10.36,15.78,2.52,SUPP_005,5,73,17
SKU_04751,Brand_GB Vitamins & Supplements Item 4751,Health & Beauty,Vitamins & Supplements,Brand_GB,57.26,110.41,4.66,SUPP_026,20,52,7
SKU_04752,Brand_BB Personal Care Item 4752,Groceries & Essentials,Personal Care,Brand_BB,28.95,41.55,1.27,SUPP_044,9,41,8
SKU_04753,Brand_GE Accessories Item 4753,Electronics,Accessories,Brand_GE,150.28,228.39,2.83,SUPP_026,13,17,3
SKU_04754,Brand_FB Oral Care Item 4754,Health & Beauty,Oral Care,Brand_FB,42.33,81.29,0.41,SUPP_040,12,117,19
SKU_04755,Brand_BE Accessories Item 4755,Apparel,Accessories,Brand_BE,36.13,70.43,4.24,SUPP_050,15,315,46
SKU_04756,Brand_JA Men's Wear Item 4756,Apparel,Men's Wear,Brand_JA,35.21,71.78,1.77,SUPP_024,22,205,26
SKU_04757,Brand_CE Bedding Item 4757,Home & Kitchen,Bedding,Brand_CE,23.15,41.15,0.14,SUPP_047,9,39,7
SKU_04758,Brand_HA Skincare Item 4758,Health & Beauty,Skincare,Brand_HA,6.85,17.84,1.01,SUPP_030,9,21,4
SKU_04759,Brand_AE Snacks Item 4759,Groceries & Essentials,Snacks,Brand_AE,6.74,8.75,0.8,SUPP_014,10,31,6
SKU_04760,Brand_HC Smart Home Item 4760,Electronics,Smart Home,Brand_HC,36.87,62.76,1.25,SUPP_040,8,14,3
SKU_04761,Brand_JC Wearables Item 4761,Electronics,Wearables,Brand_JC,248.18,358.99,3.12,SUPP_018,22,46,6
SKU_04762,Brand_HB Camping Item 4762,Sports & Outdoors,Camping,Brand_HB,157.02,246.3,2.1,SUPP_006,18,58,8
SKU_04763,Brand_AD Accessories Item 4763,Apparel,Accessories,Brand_AD,58.01,138.56,0.42,SUPP_026,26,33,4
SKU_04764,Brand_AD Cookware Item 4764,Home & Kitchen,Cookware,Brand_AD,88.11,176.86,3.39,SUPP_015,24,81,10
SKU_04765,Brand_HB Sportswear Item 4765,Apparel,Sportswear,Brand_HB,60.36,155.36,1.46,SUPP_035,15,62,9
SKU_04766,Brand_ED Packaged Foods Item 4766,Groceries & Essentials,Packaged Foods,Brand_ED,30.48,36.64,1.51,SUPP_039,7,91,18
SKU_04767,Brand_BC Smart Home Item 4767,Electronics,Smart Home,Brand_BC,36.55,59.42,3.49,SUPP_044,16,27,4
SKU_04768,Brand_BE Audio Item 4768,Electronics,Audio,Brand_BE,26.31,35.44,0.15,SUPP_022,7,22,5
SKU_04769,Brand_DB Audio Item 4769,Electronics,Audio,Brand_DB,191.49,255.82,2.84,SUPP_046,8,18,4
SKU_04770,Brand_BC Fitness Gear Item 4770,Sports & Outdoors,Fitness Gear,Brand_BC,110.46,200.76,0.12,SUPP_050,19,130,17
SKU_04771,Brand_FE Wearables Item 4771,Electronics,Wearables,Brand_FE,307.44,419.94,1.53,SUPP_010,13,18,3
SKU_04772,Brand_IE Snacks Item 4772,Groceries & Essentials,Snacks,Brand_IE,28.56,37.21,1.37,SUPP_038,5,13,3
SKU_04773,Brand_GB Wearables Item 4773,Electronics,Wearables,Brand_GB,241.62,437.7,0.89,SUPP_019,15,28,4
SKU_04774,Brand_EC Cosmetics Item 4774,Health & Beauty,Cosmetics,Brand_EC,18.53,57.09,0.41,SUPP_036,18,22,3
SKU_04775,Brand_CB Outdoor Recreation Item 4775,Sports & Outdoors,Outdoor Recreation,Brand_CB,158.28,264.69,4.5,SUPP_040,30,41,5
SKU_04776,Brand_FB Packaged Foods Item 4776,Groceries & Essentials,Packaged Foods,Brand_FB,16.08,21.97,1.22,SUPP_007,6,57,12
SKU_04777,Brand_BB Home Decor Item 4777,Home & Kitchen,Home Decor,Brand_BB,13.7,21.88,0.14,SUPP_030,27,36,4
SKU_04778,Brand_GD Home Decor Item 4778,Home & Kitchen,Home Decor,Brand_GD,113.73,211.05,2.49,SUPP_008,18,250,34
SKU_04779,Brand_HA Bedding Item 4779,Home & Kitchen,Bedding,Brand_HA,136.83,234.92,2.81,SUPP_031,26,40,5
SKU_04780,Brand_FD Personal Care Item 4780,Groceries & Essentials,Personal Care,Brand_FD,29.13,36.83,4.12,SUPP_031,12,19,3
SKU_04781,Brand_JC Men's Wear Item 4781,Apparel,Men's Wear,Brand_JC,68.99,124.01,2.36,SUPP_009,27,102,12
SKU_04782,Brand_IB Cookware Item 4782,Home & Kitchen,Cookware,Brand_IB,97.34,188.97,1.08,SUPP_003,9,22,4
SKU_04783,Brand_BA Storage & Org Item 4783,Home & Kitchen,Storage & Org,Brand_BA,40.17,72.88,2.42,SUPP_032,20,27,4
SKU_04784,Brand_AA Household Supplies Item 4784,Groceries & Essentials,Household Supplies,Brand_AA,15.31,22.03,1.15,SUPP_009,10,22,4
SKU_04785,Brand_FB Personal Care Item 4785,Groceries & Essentials,Personal Care,Brand_FB,27.1,34.68,0.18,SUPP_050,8,36,7
SKU_04786,Brand_HD Oral Care Item 4786,Health & Beauty,Oral Care,Brand_HD,26.08,54.89,0.31,SUPP_037,13,21,4
SKU_04787,Brand_FE Cycling Item 4787,Sports & Outdoors,Cycling,Brand_FE,216.24,324.6,7.28,SUPP_013,28,92,11
SKU_04788,Brand_BE Computers Item 4788,Electronics,Computers,Brand_BE,96.2,164.52,0.48,SUPP_041,14,25,4
SKU_04789,Brand_HD Women's Wear Item 4789,Apparel,Women's Wear,Brand_HD,73.06,142.38,1.22,SUPP_014,10,79,14
SKU_04790,Brand_JD Skincare Item 4790,Health & Beauty,Skincare,Brand_JD,29.66,72.4,0.12,SUPP_046,9,18,4
SKU_04791,Brand_JD Oral Care Item 4791,Health & Beauty,Oral Care,Brand_JD,36.55,88.48,4.13,SUPP_009,19,32,5
SKU_04792,Brand_EE Sportswear Item 4792,Apparel,Sportswear,Brand_EE,22.75,64.37,0.21,SUPP_037,19,71,10
SKU_04793,Brand_DA Small Appliances Item 4793,Home & Kitchen,Small Appliances,Brand_DA,60.1,125.59,2.85,SUPP_046,18,159,22
SKU_04794,Brand_CA Storage & Org Item 4794,Home & Kitchen,Storage & Org,Brand_CA,48.34,85.56,2.83,SUPP_030,27,53,6
SKU_04795,Brand_DC Home Decor Item 4795,Home & Kitchen,Home Decor,Brand_DC,63.0,126.8,3.44,SUPP_041,17,105,15
SKU_04796,Brand_GD Personal Care Item 4796,Groceries & Essentials,Personal Care,Brand_GD,17.8,22.33,0.21,SUPP_033,4,15,4
SKU_04797,Brand_DA Storage & Org Item 4797,Home & Kitchen,Storage & Org,Brand_DA,48.62,87.51,1.76,SUPP_010,16,52,8
SKU_04798,Brand_GB Camping Item 4798,Sports & Outdoors,Camping,Brand_GB,185.7,311.41,0.87,SUPP_001,15,117,17
SKU_04799,Brand_JC Outdoor Recreation Item 4799,Sports & Outdoors,Outdoor Recreation,Brand_JC,141.63,218.86,1.34,SUPP_043,28,99,11
SKU_04800,Brand_FC Storage & Org Item 4800,Home & Kitchen,Storage & Org,Brand_FC,100.53,219.44,0.82,SUPP_047,19,32,5
SKU_04801,Brand_DB Packaged Foods Item 4801,Groceries & Essentials,Packaged Foods,Brand_DB,16.09,21.13,2.58,SUPP_001,12,109,18
SKU_04802,Brand_GD Men's Wear Item 4802,Apparel,Men's Wear,Brand_GD,30.58,58.11,0.25,SUPP_041,28,98,11
SKU_04803,Brand_EC Footwear Item 4803,Apparel,Footwear,Brand_EC,79.34,168.99,0.39,SUPP_004,18,25,4
SKU_04804,Brand_FA Accessories Item 4804,Apparel,Accessories,Brand_FA,63.94,132.64,2.21,SUPP_001,15,33,5
SKU_04805,Brand_HD Footwear Item 4805,Apparel,Footwear,Brand_HD,50.21,117.94,7.23,SUPP_035,26,106,13
SKU_04806,Brand_HC Camping Item 4806,Sports & Outdoors,Camping,Brand_HC,129.5,235.3,0.27,SUPP_018,29,86,10
SKU_04807,Brand_GE Wearables Item 4807,Electronics,Wearables,Brand_GE,25.69,43.34,0.95,SUPP_039,17,209,29
SKU_04808,Brand_DD Small Appliances Item 4808,Home & Kitchen,Small Appliances,Brand_DD,76.4,149.88,0.45,SUPP_031,19,25,4
SKU_04809,Brand_GB Men's Wear Item 4809,Apparel,Men's Wear,Brand_GB,19.71,49.23,4.69,SUPP_035,12,277,45
SKU_04810,Brand_BC Computers Item 4810,Electronics,Computers,Brand_BC,262.89,375.39,0.18,SUPP_018,9,21,4
SKU_04811,Brand_JA Cookware Item 4811,Home & Kitchen,Cookware,Brand_JA,125.2,213.13,1.21,SUPP_046,24,222,27
SKU_04812,Brand_FD Home Decor Item 4812,Home & Kitchen,Home Decor,Brand_FD,71.49,140.3,1.37,SUPP_019,25,64,8
SKU_04813,Brand_JD Women's Wear Item 4813,Apparel,Women's Wear,Brand_JD,67.26,161.78,0.38,SUPP_026,28,98,11
SKU_04814,Brand_GB Accessories Item 4814,Apparel,Accessories,Brand_GB,42.92,88.88,2.53,SUPP_018,21,29,4
SKU_04815,Brand_HC Women's Wear Item 4815,Apparel,Women's Wear,Brand_HC,9.07,18.44,0.27,SUPP_049,30,59,7
SKU_04816,Brand_BB Haircare Item 4816,Health & Beauty,Haircare,Brand_BB,13.24,35.16,0.88,SUPP_033,14,163,25
SKU_04817,Brand_HD Beverages Item 4817,Groceries & Essentials,Beverages,Brand_HD,17.4,22.26,0.97,SUPP_044,7,24,5
SKU_04818,Brand_AA Women's Wear Item 4818,Apparel,Women's Wear,Brand_AA,69.51,149.59,0.36,SUPP_004,14,103,16
SKU_04819,Brand_JC Personal Care Item 4819,Groceries & Essentials,Personal Care,Brand_JC,20.64,25.88,4.84,SUPP_041,13,236,37
SKU_04820,Brand_DA Storage & Org Item 4820,Home & Kitchen,Storage & Org,Brand_DA,99.06,178.98,0.32,SUPP_012,18,52,7
SKU_04821,Brand_GC Smart Home Item 4821,Electronics,Smart Home,Brand_GC,232.33,387.98,2.51,SUPP_041,23,103,13
SKU_04822,Brand_AE Haircare Item 4822,Health & Beauty,Haircare,Brand_AE,43.03,83.73,6.63,SUPP_032,13,68,11
SKU_04823,Brand_GB Footwear Item 4823,Apparel,Footwear,Brand_GB,27.05,62.01,0.46,SUPP_010,21,164,21
SKU_04824,Brand_DD Packaged Foods Item 4824,Groceries & Essentials,Packaged Foods,Brand_DD,14.0,19.82,0.45,SUPP_037,3,6,2
SKU_04825,Brand_BA Accessories Item 4825,Electronics,Accessories,Brand_BA,146.57,246.48,0.51,SUPP_048,25,41,5
SKU_04826,Brand_DE Packaged Foods Item 4826,Groceries & Essentials,Packaged Foods,Brand_DE,21.38,29.21,2.67,SUPP_036,12,28,5
SKU_04827,Brand_FD Cosmetics Item 4827,Health & Beauty,Cosmetics,Brand_FD,19.94,44.46,1.12,SUPP_045,9,251,46
SKU_04828,Brand_DD Vitamins & Supplements Item 4828,Health & Beauty,Vitamins & Supplements,Brand_DD,6.02,14.54,0.6,SUPP_029,7,34,7
SKU_04829,Brand_ED Skincare Item 4829,Health & Beauty,Skincare,Brand_ED,19.74,46.04,0.41,SUPP_033,11,18,3
SKU_04830,Brand_IE Bedding Item 4830,Home & Kitchen,Bedding,Brand_IE,118.28,246.19,0.87,SUPP_001,21,27,4
SKU_04831,Brand_CC Small Appliances Item 4831,Home & Kitchen,Small Appliances,Brand_CC,49.85,80.09,0.13,SUPP_001,27,66,8
SKU_04832,Brand_EB Home Decor Item 4832,Home & Kitchen,Home Decor,Brand_EB,5.29,11.48,1.4,SUPP_030,9,13,3
SKU_04833,Brand_AA Audio Item 4833,Electronics,Audio,Brand_AA,39.82,54.74,0.68,SUPP_015,13,230,36
SKU_04834,Brand_AC Vitamins & Supplements Item 4834,Health & Beauty,Vitamins & Supplements,Brand_AC,22.27,50.95,2.27,SUPP_045,12,72,12
SKU_04835,Brand_FB Fitness Gear Item 4835,Sports & Outdoors,Fitness Gear,Brand_FB,46.35,90.15,1.37,SUPP_045,18,57,8
SKU_04836,Brand_GE Accessories Item 4836,Electronics,Accessories,Brand_GE,19.97,36.19,0.45,SUPP_047,18,44,6
SKU_04837,Brand_HD Women's Wear Item 4837,Apparel,Women's Wear,Brand_HD,57.58,124.01,0.86,SUPP_013,26,32,4
SKU_04838,Brand_JD Personal Care Item 4838,Groceries & Essentials,Personal Care,Brand_JD,29.67,36.12,4.22,SUPP_031,10,16,3
SKU_04839,Brand_EC Outdoor Recreation Item 4839,Sports & Outdoors,Outdoor Recreation,Brand_EC,70.63,128.47,1.8,SUPP_038,26,49,6
SKU_04840,Brand_FC Audio Item 4840,Electronics,Audio,Brand_FC,79.02,111.76,0.34,SUPP_045,13,26,4
SKU_04841,Brand_AC Oral Care Item 4841,Health & Beauty,Oral Care,Brand_AC,35.63,72.97,2.92,SUPP_039,17,28,4
SKU_04842,Brand_AC Audio Item 4842,Electronics,Audio,Brand_AC,67.08,90.56,1.05,SUPP_024,11,66,11
SKU_04843,Brand_IE Cosmetics Item 4843,Health & Beauty,Cosmetics,Brand_IE,38.16,97.11,0.27,SUPP_017,14,44,7
SKU_04844,Brand_BD Wearables Item 4844,Electronics,Wearables,Brand_BD,128.7,229.16,1.17,SUPP_032,7,14,3
SKU_04845,Brand_CA Packaged Foods Item 4845,Groceries & Essentials,Packaged Foods,Brand_CA,16.93,24.18,0.34,SUPP_035,4,14,4
SKU_04846,Brand_DD Household Supplies Item 4846,Groceries & Essentials,Household Supplies,Brand_DD,21.28,29.49,2.06,SUPP_019,11,134,23
SKU_04847,Brand_DE Smart Home Item 4847,Electronics,Smart Home,Brand_DE,179.36,250.88,0.69,SUPP_008,16,25,4
SKU_04848,Brand_HA Haircare Item 4848,Health & Beauty,Haircare,Brand_HA,45.58,94.36,1.04,SUPP_008,12,36,6
SKU_04849,Brand_CB Accessories Item 4849,Apparel,Accessories,Brand_CB,65.47,165.36,0.41,SUPP_030,30,60,7
SKU_04850,Brand_AD Cosmetics Item 4850,Health & Beauty,Cosmetics,Brand_AD,40.76,102.99,0.95,SUPP_024,16,98,14
SKU_04851,Brand_IE Women's Wear Item 4851,Apparel,Women's Wear,Brand_IE,70.85,152.46,3.35,SUPP_009,13,33,5
SKU_04852,Brand_AB Computers Item 4852,Electronics,Computers,Brand_AB,114.99,200.21,1.82,SUPP_006,15,24,4
SKU_04853,Brand_JD Sportswear Item 4853,Apparel,Sportswear,Brand_JD,63.46,161.88,0.17,SUPP_034,18,28,4
SKU_04854,Brand_AB Computers Item 4854,Electronics,Computers,Brand_AB,137.04,195.19,2.88,SUPP_002,17,143,20
SKU_04855,Brand_EE Camping Item 4855,Sports & Outdoors,Camping,Brand_EE,79.21,149.2,0.81,SUPP_031,14,29,5
SKU_04856,Brand_HC Smart Home Item 4856,Electronics,Smart Home,Brand_HC,281.31,428.5,0.22,SUPP_043,25,48,6
SKU_04857,Brand_BE Skincare Item 4857,Health & Beauty,Skincare,Brand_BE,14.83,38.99,1.17,SUPP_022,6,22,5
SKU_04858,Brand_HB Wearables Item 4858,Electronics,Wearables,Brand_HB,85.55,118.68,3.35,SUPP_009,7,10,2
SKU_04859,Brand_HE Women's Wear Item 4859,Apparel,Women's Wear,Brand_HE,42.6,118.21,0.6,SUPP_022,18,69,10
SKU_04860,Brand_HE Bedding Item 4860,Home & Kitchen,Bedding,Brand_HE,8.25,14.97,1.83,SUPP_036,19,50,7
SKU_04861,Brand_AC Bedding Item 4861,Home & Kitchen,Bedding,Brand_AC,95.41,164.39,0.38,SUPP_042,14,18,3
SKU_04862,Brand_BE Cookware Item 4862,Home & Kitchen,Cookware,Brand_BE,69.68,151.89,0.57,SUPP_014,25,67,8
SKU_04863,Brand_BC Men's Wear Item 4863,Apparel,Men's Wear,Brand_BC,51.68,99.33,1.25,SUPP_011,20,44,6
SKU_04864,Brand_EE Oral Care Item 4864,Health & Beauty,Oral Care,Brand_EE,5.43,10.17,1.77,SUPP_032,17,51,7
SKU_04865,Brand_DB Footwear Item 4865,Apparel,Footwear,Brand_DB,19.14,44.49,0.26,SUPP_026,27,104,12
SKU_04866,Brand_GC Bedding Item 4866,Home & Kitchen,Bedding,Brand_GC,46.02,91.18,1.71,SUPP_042,20,41,6
SKU_04867,Brand_FE Accessories Item 4867,Electronics,Accessories,Brand_FE,249.09,446.07,2.52,SUPP_018,10,48,9
SKU_04868,Brand_ED Storage & Org Item 4868,Home & Kitchen,Storage & Org,Brand_ED,94.31,154.06,0.31,SUPP_046,26,76,9
SKU_04869,Brand_BC Women's Wear Item 4869,Apparel,Women's Wear,Brand_BC,95.79,167.77,2.36,SUPP_027,15,21,3
SKU_04870,Brand_DA Vitamins & Supplements Item 4870,Health & Beauty,Vitamins & Supplements,Brand_DA,30.01,60.34,0.98,SUPP_014,19,74,10
SKU_04871,Brand_EA Computers Item 4871,Electronics,Computers,Brand_EA,255.01,408.19,6.46,SUPP_027,25,118,14
SKU_04872,Brand_EE Computers Item 4872,Electronics,Computers,Brand_EE,193.3,280.92,0.36,SUPP_019,15,36,6
SKU_04873,Brand_BA Smart Home Item 4873,Electronics,Smart Home,Brand_BA,45.81,75.98,4.91,SUPP_048,9,26,5
SKU_04874,Brand_HE Women's Wear Item 4874,Apparel,Women's Wear,Brand_HE,29.94,63.47,1.24,SUPP_030,19,52,7
SKU_04875,Brand_JD Vitamins & Supplements Item 4875,Health & Beauty,Vitamins & Supplements,Brand_JD,35.56,77.31,2.97,SUPP_049,5,9,2
SKU_04876,Brand_JB Fitness Gear Item 4876,Sports & Outdoors,Fitness Gear,Brand_JB,21.79,40.46,0.61,SUPP_034,17,65,9
SKU_04877,Brand_DB Accessories Item 4877,Apparel,Accessories,Brand_DB,57.05,114.37,0.19,SUPP_030,14,26,4
SKU_04878,Brand_EE Vitamins & Supplements Item 4878,Health & Beauty,Vitamins & Supplements,Brand_EE,33.46,71.36,6.35,SUPP_036,11,16,3
SKU_04879,Brand_JB Audio Item 4879,Electronics,Audio,Brand_JB,159.74,234.92,0.24,SUPP_010,11,77,13
SKU_04880,Brand_ID Small Appliances Item 4880,Home & Kitchen,Small Appliances,Brand_ID,37.4,60.68,0.35,SUPP_015,20,218,28
SKU_04881,Brand_GE Household Supplies Item 4881,Groceries & Essentials,Household Supplies,Brand_GE,13.55,20.43,2.01,SUPP_019,6,65,14
SKU_04882,Brand_GB Vitamins & Supplements Item 4882,Health & Beauty,Vitamins & Supplements,Brand_GB,47.35,86.4,0.7,SUPP_036,18,69,10
SKU_04883,Brand_CA Packaged Foods Item 4883,Groceries & Essentials,Packaged Foods,Brand_CA,34.77,41.72,0.72,SUPP_047,7,13,3
SKU_04884,Brand_HA Sportswear Item 4884,Apparel,Sportswear,Brand_HA,12.57,34.34,0.23,SUPP_025,23,72,9
SKU_04885,Brand_BC Smart Home Item 4885,Electronics,Smart Home,Brand_BC,49.91,87.08,6.8,SUPP_013,17,136,19
SKU_04886,Brand_GE Women's Wear Item 4886,Apparel,Women's Wear,Brand_GE,39.7,102.98,1.05,SUPP_049,20,39,5
SKU_04887,Brand_FA Computers Item 4887,Electronics,Computers,Brand_FA,185.09,324.76,0.76,SUPP_006,8,27,5
SKU_04888,Brand_FB Men's Wear Item 4888,Apparel,Men's Wear,Brand_FB,32.41,86.6,2.35,SUPP_048,25,31,4
SKU_04889,Brand_AA Snacks Item 4889,Groceries & Essentials,Snacks,Brand_AA,26.93,37.77,1.06,SUPP_011,9,22,4
SKU_04890,Brand_CC Vitamins & Supplements Item 4890,Health & Beauty,Vitamins & Supplements,Brand_CC,38.15,117.22,9.61,SUPP_005,9,20,4
SKU_04891,Brand_JA Cycling Item 4891,Sports & Outdoors,Cycling,Brand_JA,19.59,38.47,1.38,SUPP_048,30,49,6
SKU_04892,Brand_HA Packaged Foods Item 4892,Groceries & Essentials,Packaged Foods,Brand_HA,15.29,20.38,0.26,SUPP_033,9,25,5
SKU_04893,Brand_GD Small Appliances Item 4893,Home & Kitchen,Small Appliances,Brand_GD,121.88,205.29,0.92,SUPP_010,16,27,4
SKU_04894,Brand_DC Audio Item 4894,Electronics,Audio,Brand_DC,128.44,177.52,0.92,SUPP_020,18,24,4
SKU_04895,Brand_BB Cookware Item 4895,Home & Kitchen,Cookware,Brand_BB,29.5,52.8,0.5,SUPP_025,16,40,6
SKU_04896,Brand_GB Sportswear Item 4896,Apparel,Sportswear,Brand_GB,9.63,23.09,1.05,SUPP_002,12,30,5
SKU_04897,Brand_GB Vitamins & Supplements Item 4897,Health & Beauty,Vitamins & Supplements,Brand_GB,17.46,32.83,0.4,SUPP_033,16,20,3
SKU_04898,Brand_HD Audio Item 4898,Electronics,Audio,Brand_HD,32.03,51.94,0.83,SUPP_039,22,225,28
SKU_04899,Brand_GD Household Supplies Item 4899,Groceries & Essentials,Household Supplies,Brand_GD,29.77,35.55,2.83,SUPP_039,7,19,4
SKU_04900,Brand_GC Footwear Item 4900,Apparel,Footwear,Brand_GC,51.39,85.84,1.07,SUPP_024,25,128,15
SKU_04901,Brand_FE Accessories Item 4901,Apparel,Accessories,Brand_FE,56.37,134.83,0.59,SUPP_040,22,50,7
SKU_04902,Brand_CC Wearables Item 4902,Electronics,Wearables,Brand_CC,52.62,81.49,1.05,SUPP_018,12,29,5
SKU_04903,Brand_AB Wearables Item 4903,Electronics,Wearables,Brand_AB,61.5,105.41,1.08,SUPP_043,14,86,13
SKU_04904,Brand_DC Snacks Item 4904,Groceries & Essentials,Snacks,Brand_DC,9.39,12.06,4.05,SUPP_015,11,20,4
SKU_04905,Brand_AB Cycling Item 4905,Sports & Outdoors,Cycling,Brand_AB,49.05,83.36,0.75,SUPP_016,21,54,7
SKU_04906,Brand_FA Cosmetics Item 4906,Health & Beauty,Cosmetics,Brand_FA,15.93,42.6,1.7,SUPP_032,8,35,7
SKU_04907,Brand_AE Cookware Item 4907,Home & Kitchen,Cookware,Brand_AE,109.25,201.79,1.22,SUPP_003,12,28,5
SKU_04908,Brand_BE Storage & Org Item 4908,Home & Kitchen,Storage & Org,Brand_BE,45.58,78.67,1.7,SUPP_037,7,14,3
SKU_04909,Brand_EA Men's Wear Item 4909,Apparel,Men's Wear,Brand_EA,65.32,113.45,1.85,SUPP_041,25,127,15
SKU_04910,Brand_FC Vitamins & Supplements Item 4910,Health & Beauty,Vitamins & Supplements,Brand_FC,3.79,7.12,0.99,SUPP_045,6,9,2
SKU_04911,Brand_FE Sportswear Item 4911,Apparel,Sportswear,Brand_FE,62.96,150.53,0.83,SUPP_031,20,193,25
SKU_04912,Brand_ID Computers Item 4912,Electronics,Computers,Brand_ID,21.94,35.5,1.08,SUPP_042,23,305,37
SKU_04913,Brand_EE Packaged Foods Item 4913,Groceries & Essentials,Packaged Foods,Brand_EE,10.24,14.24,0.67,SUPP_031,6,17,4
SKU_04914,Brand_FD Small Appliances Item 4914,Home & Kitchen,Small Appliances,Brand_FD,53.71,84.61,1.32,SUPP_022,20,84,11
SKU_04915,Brand_GD Audio Item 4915,Electronics,Audio,Brand_GD,14.12,21.87,0.29,SUPP_020,17,39,6
SKU_04916,Brand_EE Cosmetics Item 4916,Health & Beauty,Cosmetics,Brand_EE,8.33,26.63,4.16,SUPP_001,21,70,9
SKU_04917,Brand_FC Accessories Item 4917,Electronics,Accessories,Brand_FC,21.45,36.66,0.69,SUPP_047,25,66,8
SKU_04918,Brand_IE Small Appliances Item 4918,Home & Kitchen,Small Appliances,Brand_IE,79.55,127.41,0.19,SUPP_015,17,212,30
SKU_04919,Brand_HD Home Decor Item 4919,Home & Kitchen,Home Decor,Brand_HD,17.53,33.61,0.33,SUPP_004,18,297,40
SKU_04920,Brand_AD Accessories Item 4920,Electronics,Accessories,Brand_AD,151.26,238.53,1.55,SUPP_010,22,92,12
SKU_04921,Brand_BE Women's Wear Item 4921,Apparel,Women's Wear,Brand_BE,12.57,33.89,0.44,SUPP_002,28,35,4
SKU_04922,Brand_IC Outdoor Recreation Item 4922,Sports & Outdoors,Outdoor Recreation,Brand_IC,93.34,171.5,0.47,SUPP_015,14,227,34
SKU_04923,Brand_CB Men's Wear Item 4923,Apparel,Men's Wear,Brand_CB,24.82,68.72,1.1,SUPP_042,29,45,5
SKU_04924,Brand_IB Accessories Item 4924,Apparel,Accessories,Brand_IB,72.41,145.66,6.37,SUPP_035,12,44,7
SKU_04925,Brand_JB Footwear Item 4925,Apparel,Footwear,Brand_JB,34.22,78.7,4.47,SUPP_024,18,38,5
SKU_04926,Brand_CC Snacks Item 4926,Groceries & Essentials,Snacks,Brand_CC,27.64,36.32,1.07,SUPP_033,12,42,7
SKU_04927,Brand_FC Accessories Item 4927,Apparel,Accessories,Brand_FC,17.21,33.32,0.49,SUPP_024,18,54,8
SKU_04928,Brand_IC Accessories Item 4928,Apparel,Accessories,Brand_IC,50.72,98.17,2.56,SUPP_008,19,40,6
SKU_04929,Brand_CD Small Appliances Item 4929,Home & Kitchen,Small Appliances,Brand_CD,127.17,205.94,1.06,SUPP_045,23,78,10
SKU_04930,Brand_CE Cycling Item 4930,Sports & Outdoors,Cycling,Brand_CE,142.54,266.11,1.07,SUPP_005,29,159,18
SKU_04931,Brand_IA Home Decor Item 4931,Home & Kitchen,Home Decor,Brand_IA,25.19,50.11,1.62,SUPP_013,23,369,45
SKU_04932,Brand_CA Home Decor Item 4932,Home & Kitchen,Home Decor,Brand_CA,80.63,136.37,3.62,SUPP_038,13,96,15
SKU_04933,Brand_DB Small Appliances Item 4933,Home & Kitchen,Small Appliances,Brand_DB,90.22,168.5,3.88,SUPP_036,10,21,4
SKU_04934,Brand_DC Snacks Item 4934,Groceries & Essentials,Snacks,Brand_DC,8.54,11.95,1.01,SUPP_022,10,63,11
SKU_04935,Brand_AD Packaged Foods Item 4935,Groceries & Essentials,Packaged Foods,Brand_AD,23.56,30.7,1.07,SUPP_018,6,35,8
SKU_04936,Brand_BC Packaged Foods Item 4936,Groceries & Essentials,Packaged Foods,Brand_BC,17.43,26.08,0.32,SUPP_023,3,18,5
SKU_04937,Brand_JD Women's Wear Item 4937,Apparel,Women's Wear,Brand_JD,60.22,119.44,1.05,SUPP_024,21,34,5
SKU_04938,Brand_IB Sportswear Item 4938,Apparel,Sportswear,Brand_IB,61.8,166.7,0.49,SUPP_034,27,44,5
SKU_04939,Brand_FC Bedding Item 4939,Home & Kitchen,Bedding,Brand_FC,110.92,202.63,0.29,SUPP_037,13,54,9
SKU_04940,Brand_JD Home Decor Item 4940,Home & Kitchen,Home Decor,Brand_JD,80.14,177.15,0.24,SUPP_023,24,31,4
SKU_04941,Brand_CD Beverages Item 4941,Groceries & Essentials,Beverages,Brand_CD,16.9,25.8,1.6,SUPP_038,11,28,5
SKU_04942,Brand_HA Personal Care Item 4942,Groceries & Essentials,Personal Care,Brand_HA,13.92,18.14,0.13,SUPP_013,6,13,3
SKU_04943,Brand_EC Accessories Item 4943,Apparel,Accessories,Brand_EC,60.52,105.5,0.71,SUPP_038,17,57,8
SKU_04944,Brand_EE Bedding Item 4944,Home & Kitchen,Bedding,Brand_EE,108.44,211.86,1.71,SUPP_004,24,97,12
SKU_04945,Brand_JB Cookware Item 4945,Home & Kitchen,Cookware,Brand_JB,74.45,154.52,1.19,SUPP_009,19,52,7
SKU_04946,Brand_GE Haircare Item 4946,Health & Beauty,Haircare,Brand_GE,6.24,14.76,1.94,SUPP_014,17,56,8
SKU_04947,Brand_BA Cookware Item 4947,Home & Kitchen,Cookware,Brand_BA,68.53,113.41,3.95,SUPP_005,11,28,5
SKU_04948,Brand_JE Home Decor Item 4948,Home & Kitchen,Home Decor,Brand_JE,102.32,226.91,0.77,SUPP_041,24,46,6
SKU_04949,Brand_AC Beverages Item 4949,Groceries & Essentials,Beverages,Brand_AC,16.43,23.59,1.91,SUPP_007,3,54,15
SKU_04950,Brand_BE Cosmetics Item 4950,Health & Beauty,Cosmetics,Brand_BE,18.87,37.27,3.29,SUPP_011,17,31,5
SKU_04951,Brand_HA Team Sports Item 4951,Sports & Outdoors,Team Sports,Brand_HA,16.7,27.87,0.87,SUPP_003,21,316,40
SKU_04952,Brand_JA Personal Care Item 4952,Groceries & Essentials,Personal Care,Brand_JA,20.65,30.44,0.58,SUPP_005,11,15,3
SKU_04953,Brand_EB Household Supplies Item 4953,Groceries & Essentials,Household Supplies,Brand_EB,4.05,5.02,0.2,SUPP_018,7,32,7
SKU_04954,Brand_GE Accessories Item 4954,Electronics,Accessories,Brand_GE,96.58,129.16,1.0,SUPP_005,8,26,5
SKU_04955,Brand_BD Footwear Item 4955,Apparel,Footwear,Brand_BD,34.87,70.25,1.34,SUPP_020,20,35,5
SKU_04956,Brand_JE Smart Home Item 4956,Electronics,Smart Home,Brand_JE,27.99,42.25,1.42,SUPP_033,16,21,3
SKU_04957,Brand_GA Small Appliances Item 4957,Home & Kitchen,Small Appliances,Brand_GA,109.85,170.58,0.3,SUPP_030,12,18,3
SKU_04958,Brand_JE Footwear Item 4958,Apparel,Footwear,Brand_JE,103.28,175.24,2.96,SUPP_032,23,72,9
SKU_04959,Brand_FD Snacks Item 4959,Groceries & Essentials,Snacks,Brand_FD,3.91,4.68,0.29,SUPP_006,6,9,2
SKU_04960,Brand_FA Wearables Item 4960,Electronics,Wearables,Brand_FA,110.75,161.85,4.61,SUPP_028,7,10,2
SKU_04961,Brand_EA Personal Care Item 4961,Groceries & Essentials,Personal Care,Brand_EA,10.48,14.8,1.12,SUPP_049,12,28,5
SKU_04962,Brand_GA Audio Item 4962,Electronics,Audio,Brand_GA,177.47,306.18,1.08,SUPP_039,23,101,13
SKU_04963,Brand_JA Snacks Item 4963,Groceries & Essentials,Snacks,Brand_JA,20.52,28.57,1.53,SUPP_032,9,103,19
SKU_04964,Brand_FD Men's Wear Item 4964,Apparel,Men's Wear,Brand_FD,41.61,83.48,2.24,SUPP_034,23,64,8
SKU_04965,Brand_DB Small Appliances Item 4965,Home & Kitchen,Small Appliances,Brand_DB,30.03,51.49,0.84,SUPP_030,11,16,3
SKU_04966,Brand_CC Sportswear Item 4966,Apparel,Sportswear,Brand_CC,53.83,99.93,1.18,SUPP_021,14,199,30
SKU_04967,Brand_IC Vitamins & Supplements Item 4967,Health & Beauty,Vitamins & Supplements,Brand_IC,35.94,68.28,2.23,SUPP_010,6,23,5
SKU_04968,Brand_EB Small Appliances Item 4968,Home & Kitchen,Small Appliances,Brand_EB,132.3,212.74,0.19,SUPP_025,27,94,11
SKU_04969,Brand_GB Personal Care Item 4969,Groceries & Essentials,Personal Care,Brand_GB,28.37,39.76,0.69,SUPP_040,12,154,25
SKU_04970,Brand_BA Women's Wear Item 4970,Apparel,Women's Wear,Brand_BA,50.67,96.11,0.84,SUPP_015,15,31,5
SKU_04971,Brand_FE Sportswear Item 4971,Apparel,Sportswear,Brand_FE,78.87,154.97,0.67,SUPP_040,15,20,3
SKU_04972,Brand_AE Sportswear Item 4972,Apparel,Sportswear,Brand_AE,36.58,71.52,0.66,SUPP_047,21,65,9
SKU_04973,Brand_FA Cosmetics Item 4973,Health & Beauty,Cosmetics,Brand_FA,20.84,65.08,0.3,SUPP_032,16,34,5
SKU_04974,Brand_HD Footwear Item 4974,Apparel,Footwear,Brand_HD,65.75,147.82,0.89,SUPP_029,27,284,32
SKU_04975,Brand_JE Home Decor Item 4975,Home & Kitchen,Home Decor,Brand_JE,87.15,164.6,0.92,SUPP_005,9,24,5
SKU_04976,Brand_GD Audio Item 4976,Electronics,Audio,Brand_GD,166.15,254.78,0.18,SUPP_004,24,49,6
SKU_04977,Brand_EE Computers Item 4977,Electronics,Computers,Brand_EE,252.71,419.65,2.03,SUPP_010,17,29,4
SKU_04978,Brand_AE Computers Item 4978,Electronics,Computers,Brand_AE,172.67,277.89,0.62,SUPP_033,21,59,8
SKU_04979,Brand_AE Computers Item 4979,Electronics,Computers,Brand_AE,276.01,416.95,0.89,SUPP_026,9,15,3
SKU_04980,Brand_BD Cosmetics Item 4980,Health & Beauty,Cosmetics,Brand_BD,18.68,60.04,1.4,SUPP_016,11,24,4
SKU_04981,Brand_JB Haircare Item 4981,Health & Beauty,Haircare,Brand_JB,18.53,57.08,3.66,SUPP_042,19,98,13
SKU_04982,Brand_EE Computers Item 4982,Electronics,Computers,Brand_EE,181.71,250.46,1.77,SUPP_040,18,27,4
SKU_04983,Brand_IA Accessories Item 4983,Apparel,Accessories,Brand_IA,96.27,179.74,0.2,SUPP_050,27,142,16
SKU_04984,Brand_GC Wearables Item 4984,Electronics,Wearables,Brand_GC,202.07,272.58,0.98,SUPP_011,8,19,4
SKU_04985,Brand_HA Accessories Item 4985,Apparel,Accessories,Brand_HA,21.91,38.38,3.27,SUPP_023,18,92,13
SKU_04986,Brand_FB Snacks Item 4986,Groceries & Essentials,Snacks,Brand_FB,32.11,38.4,2.9,SUPP_021,3,17,5
SKU_04987,Brand_IE Cycling Item 4987,Sports & Outdoors,Cycling,Brand_IE,25.43,46.54,0.44,SUPP_025,23,120,15
SKU_04988,Brand_FA Oral Care Item 4988,Health & Beauty,Oral Care,Brand_FA,22.54,63.92,1.23,SUPP_003,15,45,7
SKU_04989,Brand_GD Team Sports Item 4989,Sports & Outdoors,Team Sports,Brand_GD,134.99,216.48,0.72,SUPP_011,26,40,5
SKU_04990,Brand_JC Cookware Item 4990,Home & Kitchen,Cookware,Brand_JC,28.65,48.76,0.6,SUPP_033,22,340,42
SKU_04991,Brand_CE Smart Home Item 4991,Electronics,Smart Home,Brand_CE,38.76,63.96,1.45,SUPP_032,13,25,4
SKU_04992,Brand_FE Cosmetics Item 4992,Health & Beauty,Cosmetics,Brand_FE,10.48,29.37,0.48,SUPP_010,14,30,5
SKU_04993,Brand_DA Audio Item 4993,Electronics,Audio,Brand_DA,228.03,347.5,0.32,SUPP_049,14,29,5
SKU_04994,Brand_GB Cosmetics Item 4994,Health & Beauty,Cosmetics,Brand_GB,3.32,7.87,0.19,SUPP_029,19,95,13
SKU_04995,Brand_HD Computers Item 4995,Electronics,Computers,Brand_HD,24.69,37.95,5.73,SUPP_032,14,30,5
SKU_04996,Brand_CD Accessories Item 4996,Apparel,Accessories,Brand_CD,60.04,113.94,0.87,SUPP_025,19,28,4
SKU_04997,Brand_FA Oral Care Item 4997,Health & Beauty,Oral Care,Brand_FA,51.24,115.97,0.1,SUPP_043,17,64,9
SKU_04998,Brand_BD Wearables Item 4998,Electronics,Wearables,Brand_BD,235.82,418.63,0.66,SUPP_005,10,29,5
SKU_04999,Brand_IC Small Appliances Item 4999,Home & Kitchen,Small Appliances,Brand_IC,51.35,80.51,0.33,SUPP_043,7,14,3
SKU_05000,Brand_ED Haircare Item 5000,Health & Beauty,Haircare,Brand_ED,33.87,111.38,0.86,SUPP_043,18,24,4
