customer_id,customer_name,customer_segment,loyalty_member,signup_date
CUST_000001,Michael Brown,VIP Loyalty,1,2021-08-21
CUST_000002,Michael Martinez,Consumer,1,2023-04-08
CUST_000003,Lisa Williams,Consumer,0,2022-06-02
CUST_000004,Christopher Smith,Consumer,0,2022-09-17
CUST_000005,Elizabeth Lopez,VIP Loyalty,1,2021-12-23
CUST_000006,Karen Rodriguez,Consumer,0,2023-09-07
CUST_000007,Sarah Brown,VIP Loyalty,1,2020-10-09
CUST_000008,Christopher Johnson,Corporate,0,2022-08-15
CUST_000009,John Wilson,Consumer,1,2022-02-06
CUST_000010,Nancy Martinez,Consumer,1,2020-10-12
CUST_000011,Mary Martinez,Small Business,0,2022-09-08
CUST_000012,Christopher Gonzalez,Consumer,0,2020-09-28
CUST_000013,Richard Rodriguez,Consumer,1,2019-07-09
CUST_000014,Lisa Smith,Consumer,1,2021-03-17
CUST_000015,Linda Williams,Corporate,0,2020-07-26
CUST_000016,William Lopez,Small Business,0,2020-01-16
CUST_000017,Daniel Miller,Corporate,0,2022-08-22
CUST_000018,John Smith,Consumer,0,2021-01-05
CUST_000019,Daniel Anderson,Consumer,1,2020-10-28
CUST_000020,Richard Williams,Consumer,0,2022-04-05
CUST_000021,Daniel Miller,Consumer,0,2022-07-27
CUST_000022,Charles Garcia,Small Business,0,2019-05-06
CUST_000023,Barbara Lopez,Consumer,0,2020-07-28
CUST_000024,Michael Wilson,Consumer,1,2019-04-13
CUST_000025,William Williams,Consumer,0,2019-05-01
CUST_000026,Charles Martinez,Consumer,0,2019-04-17
CUST_000027,Thomas Martinez,VIP Loyalty,1,2020-03-17
CUST_000028,Robert Smith,VIP Loyalty,1,2021-01-02
CUST_000029,Mary Lopez,Consumer,1,2019-01-19
CUST_000030,Mary Jones,Consumer,0,2022-07-11
CUST_000031,Lisa Hernandez,Consumer,0,2023-04-02
CUST_000032,Jennifer Garcia,Consumer,1,2019-09-28
CUST_000033,Jennifer Gonzalez,Small Business,1,2022-03-26
CUST_000034,John Anderson,Consumer,0,2022-09-01
CUST_000035,Linda Miller,VIP Loyalty,1,2019-11-28
CUST_000036,Sarah Miller,Consumer,0,2022-10-16
CUST_000037,Karen Lopez,Consumer,0,2022-05-05
CUST_000038,Daniel Rodriguez,Consumer,0,2021-04-24
CUST_000039,Nancy Davis,Small Business,0,2019-08-04
CUST_000040,Jennifer Davis,Corporate,1,2019-03-25
CUST_000041,Sarah Wilson,Consumer,0,2023-09-04
CUST_000042,James Brown,Consumer,1,2022-08-08
CUST_000043,Michael Williams,Corporate,0,2022-11-19
CUST_000044,Nancy Miller,Consumer,0,2023-03-22
CUST_000045,Linda Hernandez,Consumer,0,2019-12-15
CUST_000046,James Jones,Consumer,0,2022-03-17
CUST_000047,Thomas Lopez,VIP Loyalty,1,2023-05-06
CUST_000048,John Lopez,Consumer,0,2019-05-03
CUST_000049,James Brown,Consumer,0,2019-03-18
CUST_000050,Elizabeth Anderson,Small Business,0,2020-06-23
CUST_000051,Mary Anderson,Consumer,0,2019-08-01
CUST_000052,William Hernandez,Corporate,0,2020-07-26
CUST_000053,John Johnson,Small Business,0,2020-07-25
CUST_000054,Patricia Gonzalez,Consumer,1,2022-03-23
CUST_000055,Joseph Lopez,Consumer,0,2021-09-26
CUST_000056,Nancy Martinez,Small Business,1,2020-06-15
CUST_000057,Nancy Hernandez,Consumer,0,2023-12-12
CUST_000058,Barbara Jones,Consumer,0,2022-03-23
CUST_000059,Linda Brown,Consumer,0,2020-03-17
CUST_000060,Lisa Anderson,Consumer,0,2020-05-26
CUST_000061,Christopher Wilson,Small Business,0,2023-01-26
CUST_000062,James Anderson,Consumer,0,2019-08-13
CUST_000063,Christopher Smith,VIP Loyalty,1,2023-06-23
CUST_000064,John Lopez,Consumer,1,2019-12-05
CUST_000065,Joseph Smith,Consumer,0,2023-12-16
CUST_000066,Jessica Jones,Consumer,1,2023-07-26
CUST_000067,Elizabeth Garcia,Corporate,1,2020-10-19
CUST_000068,James Davis,Corporate,1,2020-01-28
CUST_000069,Karen Davis,Corporate,0,2019-01-19
CUST_000070,David Jones,Corporate,0,2020-11-12
CUST_000071,Richard Lopez,Consumer,1,2021-02-03
CUST_000072,Daniel Smith,Corporate,0,2020-10-02
CUST_000073,Charles Rodriguez,Consumer,0,2020-11-24
CUST_000074,Patricia Rodriguez,Small Business,1,2020-05-09
CUST_000075,Lisa Williams,VIP Loyalty,1,2022-02-17
CUST_000076,Michael Davis,Small Business,0,2022-01-23
CUST_000077,Richard Miller,Corporate,1,2019-01-20
CUST_000078,Jessica Rodriguez,Consumer,0,2019-04-12
CUST_000079,William Williams,Consumer,1,2022-03-26
CUST_000080,Joseph Jones,Consumer,0,2022-11-21
CUST_000081,Patricia Jones,Corporate,0,2023-05-10
CUST_000082,Michael Wilson,Consumer,0,2023-11-11
CUST_000083,Sarah Anderson,Consumer,0,2022-01-06
CUST_000084,Michael Wilson,Corporate,1,2020-11-26
CUST_000085,Mary Jones,Consumer,1,2023-01-22
CUST_000086,Karen Smith,VIP Loyalty,1,2019-04-04
CUST_000087,Jennifer Lopez,Consumer,0,2021-10-26
CUST_000088,Charles Miller,Consumer,1,2020-12-26
CUST_000089,Karen Lopez,Corporate,0,2019-03-13
CUST_000090,Thomas Rodriguez,Small Business,1,2020-12-13
CUST_000091,Richard Gonzalez,Consumer,1,2023-11-28
CUST_000092,Robert Brown,Consumer,0,2020-09-17
CUST_000093,Susan Anderson,Consumer,0,2021-07-25
CUST_000094,David Lopez,VIP Loyalty,1,2022-08-28
CUST_000095,Christopher Davis,Consumer,0,2020-12-18
CUST_000096,Robert Rodriguez,Consumer,0,2019-09-01
CUST_000097,Christopher Brown,Corporate,1,2023-03-06
CUST_000098,Sarah Williams,Corporate,0,2020-10-24
CUST_000099,Sarah Hernandez,Consumer,1,2019-06-01
CUST_000100,Sarah Anderson,Consumer,0,2019-06-27
CUST_000101,Thomas Gonzalez,Consumer,1,2019-05-16
CUST_000102,Daniel Garcia,Corporate,0,2023-06-03
CUST_000103,Christopher Miller,Corporate,0,2020-03-17
CUST_000104,Christopher Wilson,Consumer,1,2023-04-01
CUST_000105,Thomas Davis,Corporate,0,2020-10-02
CUST_000106,Nancy Garcia,Small Business,1,2019-06-12
CUST_000107,Robert Wilson,Small Business,0,2023-05-14
CUST_000108,Mary Hernandez,Consumer,1,2022-02-06
CUST_000109,Sarah Johnson,Corporate,0,2021-02-20
CUST_000110,Jennifer Smith,Corporate,0,2020-03-17
CUST_000111,Robert Gonzalez,Consumer,0,2020-01-28
CUST_000112,Karen Davis,Consumer,0,2020-11-11
CUST_000113,Jessica Hernandez,Consumer,1,2021-06-16
CUST_000114,Linda Brown,Consumer,1,2021-03-27
CUST_000115,Sarah Gonzalez,Consumer,1,2023-02-28
CUST_000116,Elizabeth Gonzalez,Consumer,0,2023-09-12
CUST_000117,Susan Johnson,Consumer,1,2021-09-26
CUST_000118,Joseph Rodriguez,Corporate,0,2021-01-26
CUST_000119,Patricia Smith,Consumer,0,2022-08-22
CUST_000120,Susan Martinez,Corporate,0,2020-10-14
CUST_000121,Lisa Williams,Corporate,0,2021-12-13
CUST_000122,Sarah Martinez,Consumer,0,2019-07-05
CUST_000123,Elizabeth Miller,Consumer,1,2020-12-25
CUST_000124,Thomas Gonzalez,Consumer,0,2021-09-13
CUST_000125,Sarah Anderson,Consumer,0,2019-12-19
CUST_000126,Elizabeth Rodriguez,Consumer,0,2020-11-24
CUST_000127,Richard Garcia,Corporate,1,2023-06-06
CUST_000128,Daniel Brown,Small Business,1,2019-07-03
CUST_000129,Charles Anderson,Consumer,0,2020-04-28
CUST_000130,David Brown,Consumer,0,2021-09-02
CUST_000131,Joseph Hernandez,Consumer,1,2022-05-06
CUST_000132,Nancy Brown,Consumer,0,2019-12-15
CUST_000133,James Martinez,Corporate,1,2021-04-13
CUST_000134,David Williams,Consumer,1,2020-05-23
CUST_000135,Elizabeth Lopez,Consumer,0,2022-01-05
CUST_000136,William Smith,Consumer,0,2021-01-05
CUST_000137,Barbara Johnson,Consumer,0,2019-02-12
CUST_000138,John Williams,VIP Loyalty,1,2022-08-11
CUST_000139,William Jones,Consumer,1,2023-05-05
CUST_000140,Charles Hernandez,Corporate,0,2019-10-25
CUST_000141,Sarah Davis,Consumer,0,2021-06-01
CUST_000142,Daniel Anderson,Consumer,1,2019-07-02
CUST_000143,Susan Jones,Small Business,0,2021-06-06
CUST_000144,John Miller,Corporate,0,2022-01-20
CUST_000145,Michael Hernandez,Corporate,1,2019-05-27
CUST_000146,Daniel Smith,Consumer,0,2020-05-27
CUST_000147,Elizabeth Smith,Consumer,0,2022-08-20
CUST_000148,Lisa Anderson,Corporate,1,2022-12-13
CUST_000149,Mary Hernandez,Corporate,0,2022-10-11
CUST_000150,Robert Brown,Consumer,0,2020-11-12
CUST_000151,Richard Davis,Consumer,0,2022-11-12
CUST_000152,Barbara Brown,Small Business,0,2023-08-10
CUST_000153,Thomas Lopez,Consumer,1,2021-08-09
CUST_000154,Nancy Hernandez,Consumer,1,2023-10-14
CUST_000155,Patricia Garcia,Small Business,1,2021-08-15
CUST_000156,Christopher Anderson,Consumer,1,2022-09-21
CUST_000157,William Williams,Consumer,0,2021-06-02
CUST_000158,Michael Johnson,Consumer,0,2021-11-12
CUST_000159,Charles Garcia,Consumer,0,2023-08-01
CUST_000160,Thomas Gonzalez,Consumer,0,2022-02-21
CUST_000161,Thomas Miller,VIP Loyalty,1,2019-01-20
CUST_000162,Nancy Garcia,Consumer,0,2019-07-01
CUST_000163,Richard Wilson,Corporate,1,2021-01-13
CUST_000164,Jessica Davis,Consumer,1,2021-02-02
CUST_000165,Nancy Lopez,Consumer,0,2021-04-01
CUST_000166,Linda Gonzalez,Consumer,0,2020-10-19
CUST_000167,Susan Johnson,Consumer,1,2022-02-07
CUST_000168,Linda Smith,Consumer,1,2021-08-22
CUST_000169,Joseph Jones,Consumer,0,2020-03-24
CUST_000170,Susan Davis,Small Business,0,2022-05-22
CUST_000171,Christopher Wilson,Consumer,0,2020-07-01
CUST_000172,Daniel Jones,Consumer,1,2022-12-18
CUST_000173,Mary Smith,Small Business,1,2020-02-03
CUST_000174,Daniel Miller,Consumer,0,2019-02-21
CUST_000175,Barbara Williams,VIP Loyalty,1,2022-08-17
CUST_000176,Elizabeth Wilson,Consumer,0,2019-02-19
CUST_000177,Thomas Wilson,Corporate,0,2019-07-09
CUST_000178,Nancy Garcia,Small Business,0,2020-02-23
CUST_000179,Robert Hernandez,Small Business,0,2020-04-09
CUST_000180,Jennifer Johnson,Consumer,0,2020-12-23
CUST_000181,Christopher Martinez,Consumer,1,2021-08-02
CUST_000182,Barbara Gonzalez,Corporate,1,2023-01-26
CUST_000183,Christopher Lopez,Corporate,0,2020-12-22
CUST_000184,David Smith,Consumer,0,2020-05-11
CUST_000185,Linda Hernandez,Consumer,0,2021-06-02
CUST_000186,Daniel Anderson,VIP Loyalty,1,2023-08-01
CUST_000187,Patricia Anderson,Consumer,0,2021-01-27
CUST_000188,Richard Hernandez,Consumer,0,2023-09-09
CUST_000189,Linda Smith,Consumer,0,2020-09-07
CUST_000190,John Williams,Consumer,1,2021-06-02
CUST_000191,Barbara Williams,Consumer,0,2019-01-10
CUST_000192,Daniel Smith,Consumer,0,2021-08-21
CUST_000193,Thomas Miller,Corporate,0,2019-02-25
CUST_000194,Barbara Anderson,Corporate,1,2020-10-16
CUST_000195,Michael Smith,Consumer,0,2020-07-14
CUST_000196,Joseph Jones,Corporate,1,2020-11-23
CUST_000197,Sarah Anderson,Small Business,0,2020-11-10
CUST_000198,Michael Smith,Corporate,0,2022-12-13
CUST_000199,Mary Williams,Corporate,1,2022-07-15
CUST_000200,Lisa Smith,Consumer,0,2023-02-01
CUST_000201,Jessica Gonzalez,Corporate,1,2021-10-02
CUST_000202,Daniel Gonzalez,Consumer,0,2021-11-07
CUST_000203,Susan Brown,Consumer,1,2023-12-25
CUST_000204,Jessica Davis,Consumer,0,2019-07-20
CUST_000205,Robert Smith,Consumer,1,2020-04-18
CUST_000206,Robert Rodriguez,Consumer,0,2019-01-25
CUST_000207,Lisa Brown,Consumer,0,2023-05-11
CUST_000208,Jennifer Miller,Small Business,0,2021-02-25
CUST_000209,Michael Brown,Consumer,0,2023-06-21
CUST_000210,Charles Gonzalez,Consumer,1,2019-10-09
CUST_000211,Thomas Martinez,Corporate,0,2023-06-15
CUST_000212,Daniel Smith,Consumer,0,2019-11-10
CUST_000213,John Johnson,Consumer,0,2021-03-06
CUST_000214,Richard Davis,Corporate,1,2022-05-02
CUST_000215,David Rodriguez,Consumer,1,2023-09-03
CUST_000216,Mary Lopez,Consumer,1,2019-05-11
CUST_000217,Mary Davis,Consumer,1,2021-05-16
CUST_000218,Sarah Garcia,VIP Loyalty,1,2023-12-05
CUST_000219,Richard Smith,Consumer,0,2023-03-26
CUST_000220,John Davis,Corporate,0,2023-01-06
CUST_000221,Lisa Williams,Small Business,1,2021-11-16
CUST_000222,William Gonzalez,Small Business,0,2020-04-27
CUST_000223,Jennifer Lopez,Consumer,0,2020-09-19
CUST_000224,Daniel Martinez,Consumer,1,2020-04-02
CUST_000225,Susan Gonzalez,Consumer,1,2023-11-17
CUST_000226,William Smith,Consumer,0,2023-03-16
CUST_000227,Jennifer Williams,Corporate,0,2020-12-28
CUST_000228,Joseph Wilson,Corporate,0,2022-04-18
CUST_000229,Patricia Hernandez,Consumer,0,2019-10-22
CUST_000230,James Garcia,Corporate,1,2020-12-04
CUST_000231,John Brown,Corporate,1,2021-01-06
CUST_000232,Joseph Anderson,Small Business,1,2020-02-14
CUST_000233,Mary Gonzalez,VIP Loyalty,1,2021-09-07
CUST_000234,Joseph Miller,Small Business,1,2020-04-22
CUST_000235,David Hernandez,Small Business,0,2022-05-15
CUST_000236,Jessica Jones,Corporate,0,2019-05-03
CUST_000237,James Martinez,Small Business,1,2023-03-17
CUST_000238,Lisa Lopez,Consumer,0,2021-08-28
CUST_000239,Susan Rodriguez,Small Business,0,2021-02-20
CUST_000240,Michael Williams,Corporate,1,2022-10-03
CUST_000241,Karen Wilson,Consumer,1,2019-12-20
CUST_000242,Patricia Rodriguez,Consumer,0,2023-05-02
CUST_000243,Lisa Davis,Consumer,0,2023-02-18
CUST_000244,Susan Anderson,Corporate,1,2023-09-01
CUST_000245,Jennifer Rodriguez,Consumer,0,2019-01-12
CUST_000246,Susan Anderson,Consumer,0,2022-01-10
CUST_000247,Linda Johnson,Consumer,0,2019-09-13
CUST_000248,James Gonzalez,Consumer,0,2020-06-07
CUST_000249,Susan Martinez,Small Business,1,2022-01-08
CUST_000250,David Gonzalez,Corporate,1,2019-07-09
CUST_000251,Sarah Lopez,Small Business,0,2022-11-07
CUST_000252,David Brown,Consumer,0,2020-03-09
CUST_000253,Elizabeth Wilson,Consumer,1,2022-09-13
CUST_000254,Charles Martinez,Consumer,0,2023-08-23
CUST_000255,Christopher Miller,Consumer,1,2020-03-22
CUST_000256,Robert Davis,VIP Loyalty,1,2021-12-10
CUST_000257,Charles Williams,Consumer,0,2019-07-12
CUST_000258,Thomas Wilson,VIP Loyalty,1,2020-08-20
CUST_000259,Robert Brown,Corporate,0,2022-08-18
CUST_000260,Thomas Williams,Consumer,0,2023-02-04
CUST_000261,Mary Anderson,Small Business,0,2020-03-19
CUST_000262,Nancy Gonzalez,Consumer,0,2023-01-03
CUST_000263,Linda Brown,Small Business,1,2022-02-23
CUST_000264,Robert Jones,Consumer,0,2022-08-07
CUST_000265,Karen Johnson,Consumer,0,2019-09-28
CUST_000266,Mary Williams,Corporate,1,2022-08-04
CUST_000267,Richard Miller,Consumer,1,2021-06-14
CUST_000268,Jessica Martinez,Consumer,0,2019-01-05
CUST_000269,Karen Davis,Corporate,0,2022-12-25
CUST_000270,David Jones,Consumer,0,2019-01-24
CUST_000271,Barbara Davis,Consumer,0,2022-11-20
CUST_000272,Sarah Wilson,Consumer,0,2022-10-01
CUST_000273,Daniel Williams,Consumer,0,2023-01-17
CUST_000274,Charles Wilson,Corporate,0,2020-08-27
CUST_000275,David Wilson,VIP Loyalty,1,2020-09-07
CUST_000276,Lisa Anderson,Consumer,1,2022-07-13
CUST_000277,Karen Johnson,Consumer,0,2020-05-01
CUST_000278,Daniel Davis,Consumer,1,2020-01-23
CUST_000279,Daniel Martinez,Consumer,1,2020-01-26
CUST_000280,Linda Anderson,Consumer,1,2019-04-01
CUST_000281,James Williams,VIP Loyalty,1,2023-05-09
CUST_000282,Mary Johnson,Corporate,1,2019-09-25
CUST_000283,Jessica Gonzalez,Corporate,0,2019-11-04
CUST_000284,Mary Gonzalez,Corporate,0,2021-06-02
CUST_000285,Sarah Gonzalez,Corporate,0,2021-01-24
CUST_000286,Nancy Miller,Consumer,1,2022-10-07
CUST_000287,Joseph Jones,Consumer,0,2019-01-17
CUST_000288,John Lopez,Consumer,0,2020-02-14
CUST_000289,William Williams,Consumer,0,2020-06-28
CUST_000290,Christopher Gonzalez,Consumer,0,2020-05-15
CUST_000291,Barbara Brown,Corporate,0,2020-12-27
CUST_000292,David Gonzalez,Small Business,0,2023-12-15
CUST_000293,Patricia Hernandez,Consumer,1,2023-06-19
CUST_000294,Mary Wilson,Consumer,1,2022-11-15
CUST_000295,John Davis,Consumer,0,2020-02-17
CUST_000296,Richard Brown,Small Business,0,2022-10-07
CUST_000297,Richard Anderson,Corporate,1,2020-10-24
CUST_000298,Patricia Brown,Consumer,0,2019-12-24
CUST_000299,Richard Martinez,Consumer,1,2023-06-28
CUST_000300,William Martinez,Consumer,0,2020-09-10
CUST_000301,Linda Davis,Consumer,1,2023-04-18
CUST_000302,Lisa Williams,Small Business,0,2019-02-19
CUST_000303,Patricia Martinez,Consumer,0,2019-03-12
CUST_000304,Mary Smith,Consumer,1,2023-03-28
CUST_000305,Michael Hernandez,Consumer,0,2023-09-25
CUST_000306,Mary Williams,Consumer,0,2020-06-07
CUST_000307,William Smith,Consumer,1,2021-04-26
CUST_000308,Jennifer Martinez,Small Business,0,2022-08-05
CUST_000309,James Brown,Consumer,1,2021-06-09
CUST_000310,Michael Brown,Consumer,0,2022-05-12
CUST_000311,Christopher Davis,Small Business,0,2022-10-03
CUST_000312,Nancy Garcia,Consumer,0,2019-03-02
CUST_000313,Daniel Wilson,Consumer,0,2020-04-05
CUST_000314,Richard Gonzalez,Corporate,1,2020-09-23
CUST_000315,Jessica Lopez,Consumer,0,2022-03-16
CUST_000316,Richard Miller,Consumer,1,2023-04-08
CUST_000317,Lisa Lopez,Consumer,0,2022-06-22
CUST_000318,Sarah Davis,Corporate,1,2022-06-20
CUST_000319,Mary Gonzalez,Consumer,1,2020-02-09
CUST_000320,Christopher Johnson,VIP Loyalty,1,2019-01-11
CUST_000321,John Brown,Consumer,0,2020-07-06
CUST_000322,John Garcia,Consumer,0,2023-04-10
CUST_000323,Barbara Anderson,Consumer,0,2023-03-24
CUST_000324,Elizabeth Wilson,Corporate,1,2022-09-15
CUST_000325,Christopher Williams,Consumer,0,2020-04-18
CUST_000326,Elizabeth Rodriguez,Consumer,0,2019-04-14
CUST_000327,James Wilson,Small Business,0,2022-03-03
CUST_000328,William Garcia,Consumer,0,2023-02-04
CUST_000329,Joseph Brown,Consumer,0,2022-04-18
CUST_000330,Jennifer Gonzalez,Consumer,0,2021-03-05
CUST_000331,Charles Johnson,Consumer,1,2021-02-24
CUST_000332,Joseph Rodriguez,Consumer,1,2023-09-28
CUST_000333,Susan Williams,Consumer,0,2019-04-04
CUST_000334,Michael Davis,Small Business,0,2022-04-04
CUST_000335,Jennifer Miller,Corporate,0,2023-03-07
CUST_000336,Nancy Wilson,Consumer,0,2023-07-02
CUST_000337,Christopher Garcia,Corporate,0,2020-08-07
CUST_000338,Robert Smith,Consumer,0,2023-05-21
CUST_000339,Sarah Jones,VIP Loyalty,1,2022-01-03
CUST_000340,Thomas Lopez,Corporate,0,2023-10-04
CUST_000341,Mary Brown,Consumer,0,2021-09-20
CUST_000342,Jennifer Martinez,Corporate,0,2019-01-24
CUST_000343,William Rodriguez,Corporate,0,2023-01-10
CUST_000344,Sarah Martinez,Consumer,0,2022-11-23
CUST_000345,Mary Davis,Small Business,0,2019-12-23
CUST_000346,Lisa Gonzalez,Consumer,0,2019-07-05
CUST_000347,Linda Gonzalez,Consumer,0,2019-03-24
CUST_000348,John Davis,Consumer,0,2020-04-11
CUST_000349,Karen Anderson,VIP Loyalty,1,2021-12-19
CUST_000350,David Martinez,Consumer,0,2020-06-15
CUST_000351,Jessica Lopez,Small Business,0,2019-09-02
CUST_000352,Joseph Johnson,Consumer,1,2022-09-09
CUST_000353,Daniel Wilson,Small Business,1,2022-12-27
CUST_000354,Linda Johnson,Corporate,0,2022-02-11
CUST_000355,Elizabeth Anderson,Consumer,0,2019-09-08
CUST_000356,Susan Lopez,Consumer,1,2022-04-21
CUST_000357,Barbara Williams,Small Business,0,2021-10-23
CUST_000358,Michael Smith,Consumer,0,2023-05-08
CUST_000359,Susan Davis,Consumer,1,2021-06-22
CUST_000360,David Rodriguez,VIP Loyalty,1,2023-02-02
CUST_000361,Christopher Anderson,Consumer,0,2021-07-24
CUST_000362,Barbara Gonzalez,Consumer,0,2019-08-03
CUST_000363,Nancy Williams,Consumer,1,2022-09-05
CUST_000364,Joseph Davis,Consumer,1,2019-12-05
CUST_000365,John Smith,Consumer,1,2020-02-11
CUST_000366,Elizabeth Jones,Corporate,0,2021-02-09
CUST_000367,Jessica Gonzalez,Consumer,0,2020-10-26
CUST_000368,Nancy Lopez,Corporate,1,2020-05-25
CUST_000369,Karen Hernandez,Corporate,0,2021-05-26
CUST_000370,Patricia Anderson,Consumer,0,2021-10-05
CUST_000371,Jennifer Jones,Consumer,1,2020-06-14
CUST_000372,Patricia Lopez,Corporate,1,2022-03-24
CUST_000373,Robert Martinez,Consumer,0,2020-02-19
CUST_000374,Charles Smith,Corporate,1,2023-12-26
CUST_000375,Jennifer Jones,Corporate,0,2023-04-23
CUST_000376,Thomas Miller,Consumer,0,2019-11-28
CUST_000377,Joseph Hernandez,Corporate,1,2019-01-06
CUST_000378,Patricia Brown,Corporate,1,2022-11-07
CUST_000379,William Martinez,Consumer,1,2023-10-18
CUST_000380,John Gonzalez,Corporate,0,2023-06-17
CUST_000381,Richard Williams,VIP Loyalty,1,2020-03-14
CUST_000382,Charles Jones,Small Business,1,2019-05-10
CUST_000383,Robert Brown,Consumer,1,2020-03-01
CUST_000384,Lisa Rodriguez,Consumer,1,2022-12-28
CUST_000385,Karen Davis,Consumer,1,2022-10-22
CUST_000386,Michael Williams,Consumer,0,2020-06-10
CUST_000387,Richard Garcia,Consumer,0,2021-04-18
CUST_000388,David Rodriguez,Consumer,1,2021-07-06
CUST_000389,Joseph Johnson,Corporate,0,2023-10-26
CUST_000390,Barbara Davis,Consumer,0,2020-05-18
CUST_000391,Robert Williams,Corporate,1,2019-03-19
CUST_000392,Christopher Lopez,Consumer,1,2020-05-04
CUST_000393,Elizabeth Rodriguez,Small Business,0,2019-08-02
CUST_000394,David Rodriguez,Corporate,0,2020-06-14
CUST_000395,Jennifer Johnson,Consumer,1,2020-06-16
CUST_000396,Mary Martinez,Consumer,0,2023-07-22
CUST_000397,Barbara Davis,Corporate,1,2021-10-03
CUST_000398,Charles Anderson,Consumer,1,2023-04-26
CUST_000399,Patricia Wilson,Corporate,1,2023-06-20
CUST_000400,Susan Hernandez,VIP Loyalty,1,2020-12-26
CUST_000401,Thomas Anderson,Consumer,1,2021-08-12
CUST_000402,James Martinez,Consumer,1,2022-07-25
CUST_000403,Sarah Hernandez,Corporate,0,2022-10-08
CUST_000404,Lisa Lopez,Corporate,0,2023-08-23
CUST_000405,William Anderson,Consumer,0,2020-10-28
CUST_000406,Karen Garcia,Corporate,1,2021-03-27
CUST_000407,Sarah Hernandez,VIP Loyalty,1,2019-12-01
CUST_000408,Daniel Davis,Small Business,0,2021-05-04
CUST_000409,Jennifer Wilson,Consumer,0,2022-11-14
CUST_000410,Daniel Smith,Consumer,0,2023-02-04
CUST_000411,Jennifer Martinez,Consumer,1,2021-05-25
CUST_000412,John Smith,Consumer,0,2020-05-03
CUST_000413,William Brown,Small Business,1,2022-12-25
CUST_000414,David Johnson,Small Business,0,2023-08-02
CUST_000415,Nancy Williams,Small Business,0,2023-12-24
CUST_000416,James Jones,Consumer,0,2021-02-26
CUST_000417,David Rodriguez,Consumer,0,2019-05-12
CUST_000418,David Wilson,VIP Loyalty,1,2021-01-20
CUST_000419,Jessica Johnson,Consumer,0,2022-07-06
CUST_000420,William Brown,Consumer,0,2021-04-26
CUST_000421,Joseph Garcia,Consumer,1,2019-05-21
CUST_000422,Susan Brown,VIP Loyalty,1,2022-01-07
CUST_000423,William Williams,Consumer,0,2021-01-06
CUST_000424,Daniel Hernandez,Consumer,0,2022-05-08
CUST_000425,John Williams,VIP Loyalty,1,2021-04-17
CUST_000426,Linda Davis,Consumer,0,2019-03-14
CUST_000427,Charles Williams,Corporate,0,2022-07-14
CUST_000428,William Hernandez,Corporate,0,2021-04-14
CUST_000429,Lisa Garcia,Consumer,1,2019-09-01
CUST_000430,Lisa Brown,Consumer,0,2021-09-27
CUST_000431,Susan Wilson,Consumer,1,2022-08-02
CUST_000432,William Gonzalez,Consumer,0,2023-01-16
CUST_000433,Barbara Williams,Consumer,0,2023-05-05
CUST_000434,Jessica Brown,Consumer,0,2023-09-09
CUST_000435,Patricia Williams,Small Business,0,2019-08-13
CUST_000436,Daniel Anderson,Consumer,0,2019-03-26
CUST_000437,Karen Gonzalez,Consumer,0,2022-09-19
CUST_000438,Patricia Miller,Consumer,1,2022-03-22
CUST_000439,Barbara Johnson,Consumer,0,2019-01-08
CUST_000440,Daniel Garcia,Consumer,1,2019-12-06
CUST_000441,Linda Williams,Consumer,0,2023-01-03
CUST_000442,Linda Wilson,Corporate,1,2019-06-17
CUST_000443,Susan Smith,Consumer,1,2022-01-26
CUST_000444,Michael Jones,Consumer,1,2020-11-22
CUST_000445,William Rodriguez,Small Business,1,2019-08-21
CUST_000446,Charles Hernandez,Consumer,0,2023-11-14
CUST_000447,Charles Hernandez,Consumer,1,2019-08-12
CUST_000448,Charles Lopez,Small Business,0,2023-12-16
CUST_000449,James Gonzalez,Corporate,0,2023-08-25
CUST_000450,Susan Miller,Corporate,0,2019-04-18
CUST_000451,Sarah Johnson,Corporate,0,2022-02-05
CUST_000452,Charles Anderson,Consumer,0,2019-12-26
CUST_000453,Charles Anderson,Corporate,0,2023-09-10
CUST_000454,Mary Williams,Consumer,1,2020-03-22
CUST_000455,William Rodriguez,Consumer,1,2021-05-02
CUST_000456,Jennifer Williams,Consumer,1,2019-09-12
CUST_000457,John Hernandez,Consumer,0,2020-05-21
CUST_000458,Thomas Anderson,Consumer,0,2019-06-28
CUST_000459,Christopher Garcia,Small Business,0,2023-07-09
CUST_000460,Christopher Garcia,Corporate,0,2020-03-03
CUST_000461,Barbara Anderson,Corporate,1,2021-10-27
CUST_000462,Nancy Brown,Consumer,0,2020-08-28
CUST_000463,Robert Miller,Consumer,0,2019-04-19
CUST_000464,Elizabeth Lopez,Consumer,1,2021-11-17
CUST_000465,Thomas Garcia,Small Business,0,2022-08-12
CUST_000466,Jennifer Smith,Consumer,1,2020-05-24
CUST_000467,Lisa Hernandez,Consumer,1,2020-11-14
CUST_000468,Nancy Hernandez,Consumer,1,2020-06-27
CUST_000469,Joseph Jones,Consumer,0,2023-05-10
CUST_000470,Robert Williams,Small Business,0,2022-09-17
CUST_000471,Richard Hernandez,VIP Loyalty,1,2022-01-13
CUST_000472,Jessica Garcia,Consumer,1,2019-02-13
CUST_000473,Nancy Jones,Small Business,0,2020-02-13
CUST_000474,Charles Martinez,Consumer,1,2022-05-12
CUST_000475,David Miller,Consumer,1,2023-03-13
CUST_000476,Joseph Johnson,Consumer,0,2019-03-28
CUST_000477,Sarah Davis,Consumer,0,2021-05-07
CUST_000478,Christopher Davis,Consumer,0,2022-06-19
CUST_000479,Christopher Johnson,Corporate,0,2022-06-21
CUST_000480,Nancy Hernandez,Consumer,1,2022-09-14
CUST_000481,Barbara Garcia,Consumer,0,2022-12-20
CUST_000482,Jennifer Anderson,Consumer,0,2021-01-24
CUST_000483,Daniel Anderson,Corporate,0,2021-02-17
CUST_000484,Charles Jones,VIP Loyalty,1,2020-12-19
CUST_000485,Joseph Anderson,Consumer,0,2021-09-08
CUST_000486,Karen Gonzalez,Consumer,0,2021-06-03
CUST_000487,Robert Gonzalez,VIP Loyalty,1,2023-07-16
CUST_000488,Sarah Garcia,Corporate,0,2020-10-21
CUST_000489,Jessica Lopez,Small Business,1,2019-03-19
CUST_000490,Sarah Davis,VIP Loyalty,1,2021-01-04
CUST_000491,Robert Smith,Consumer,1,2023-12-09
CUST_000492,James Brown,Corporate,1,2019-02-14
CUST_000493,Susan Brown,Consumer,1,2021-08-03
CUST_000494,Susan Lopez,Consumer,0,2023-03-27
CUST_000495,Jennifer Johnson,Consumer,0,2020-12-16
CUST_000496,Jennifer Lopez,Consumer,0,2022-02-07
CUST_000497,John Davis,Consumer,1,2021-06-07
CUST_000498,Christopher Miller,Consumer,0,2023-05-19
CUST_000499,Christopher Williams,Corporate,1,2019-07-23
CUST_000500,Elizabeth Martinez,Small Business,0,2022-02-14
CUST_000501,Sarah Lopez,Consumer,1,2022-11-23
CUST_000502,Linda Johnson,Consumer,1,2020-02-24
CUST_000503,Mary Anderson,Consumer,0,2019-01-26
CUST_000504,Sarah Garcia,Corporate,1,2020-08-09
CUST_000505,Jennifer Jones,VIP Loyalty,1,2023-12-11
CUST_000506,James Hernandez,Consumer,0,2022-04-04
CUST_000507,Sarah Anderson,VIP Loyalty,1,2021-01-06
CUST_000508,Jessica Davis,VIP Loyalty,1,2023-01-26
CUST_000509,Daniel Martinez,Consumer,0,2019-08-23
CUST_000510,Elizabeth Anderson,Consumer,0,2023-05-01
CUST_000511,Lisa Lopez,Consumer,0,2019-09-21
CUST_000512,Karen Williams,Corporate,0,2019-05-22
CUST_000513,Jessica Miller,Consumer,0,2020-03-12
CUST_000514,William Lopez,Small Business,1,2023-04-02
CUST_000515,Jessica Rodriguez,Corporate,0,2019-04-13
CUST_000516,Daniel Gonzalez,Consumer,0,2022-02-03
CUST_000517,Jennifer Lopez,Consumer,0,2019-04-21
CUST_000518,David Williams,Corporate,0,2020-05-12
CUST_000519,Joseph Jones,Corporate,1,2020-06-17
CUST_000520,Patricia Wilson,Consumer,0,2019-12-22
CUST_000521,Karen Davis,Corporate,0,2020-12-26
CUST_000522,Jennifer Smith,Consumer,0,2019-08-28
CUST_000523,Barbara Hernandez,Consumer,1,2019-02-05
CUST_000524,Jennifer Miller,Consumer,1,2019-07-26
CUST_000525,Michael Brown,Corporate,0,2021-05-04
CUST_000526,Richard Miller,Small Business,0,2021-08-01
CUST_000527,Daniel Rodriguez,Consumer,1,2021-04-08
CUST_000528,John Gonzalez,Consumer,1,2022-12-23
CUST_000529,Barbara Martinez,Consumer,0,2023-08-20
CUST_000530,Sarah Hernandez,VIP Loyalty,1,2022-06-09
CUST_000531,Thomas Hernandez,Corporate,0,2019-10-25
CUST_000532,Elizabeth Hernandez,Consumer,1,2023-08-08
CUST_000533,Patricia Anderson,Consumer,0,2019-01-15
CUST_000534,Karen Garcia,Consumer,0,2019-02-26
CUST_000535,Thomas Johnson,Consumer,0,2021-08-22
CUST_000536,James Johnson,Consumer,0,2023-10-21
CUST_000537,Susan Jones,Corporate,0,2020-10-14
CUST_000538,Richard Anderson,Consumer,1,2023-08-12
CUST_000539,Richard Hernandez,Corporate,1,2021-02-11
CUST_000540,Barbara Garcia,Consumer,0,2022-08-27
CUST_000541,Barbara Hernandez,Consumer,0,2020-10-06
CUST_000542,Patricia Lopez,Corporate,0,2020-01-11
CUST_000543,David Jones,VIP Loyalty,1,2020-07-08
CUST_000544,Richard Martinez,Consumer,0,2019-11-07
CUST_000545,Thomas Hernandez,VIP Loyalty,1,2020-06-22
CUST_000546,Barbara Rodriguez,Small Business,0,2022-12-10
CUST_000547,David Jones,Consumer,1,2020-07-08
CUST_000548,Jessica Hernandez,Consumer,1,2023-03-12
CUST_000549,Richard Gonzalez,Consumer,1,2021-02-19
CUST_000550,James Rodriguez,Corporate,0,2022-04-21
CUST_000551,John Williams,VIP Loyalty,1,2021-10-14
CUST_000552,Thomas Johnson,VIP Loyalty,1,2023-04-21
CUST_000553,Sarah Brown,Small Business,0,2020-04-20
CUST_000554,Daniel Martinez,Small Business,0,2023-10-01
CUST_000555,Thomas Garcia,Small Business,1,2023-04-05
CUST_000556,David Davis,Consumer,0,2020-03-19
CUST_000557,Richard Lopez,Consumer,0,2020-08-05
CUST_000558,Christopher Wilson,Corporate,0,2020-04-13
CUST_000559,Linda Rodriguez,Consumer,0,2022-09-27
CUST_000560,Patricia Martinez,VIP Loyalty,1,2023-01-03
CUST_000561,Joseph Davis,Small Business,1,2022-02-24
CUST_000562,Lisa Martinez,Small Business,0,2019-07-21
CUST_000563,Lisa Brown,Consumer,1,2023-09-25
CUST_000564,Nancy Garcia,Consumer,0,2023-04-03
CUST_000565,Charles Garcia,Corporate,0,2021-04-15
CUST_000566,William Jones,Corporate,0,2023-09-16
CUST_000567,Charles Wilson,Consumer,1,2022-07-16
CUST_000568,Lisa Garcia,Consumer,0,2019-11-23
CUST_000569,Elizabeth Martinez,Consumer,1,2019-01-11
CUST_000570,Elizabeth Garcia,Consumer,0,2022-09-27
CUST_000571,Christopher Jones,Consumer,0,2019-03-04
CUST_000572,Thomas Rodriguez,Consumer,1,2021-06-01
CUST_000573,Joseph Miller,Consumer,0,2019-01-02
CUST_000574,William Gonzalez,Consumer,1,2022-04-21
CUST_000575,John Smith,Corporate,0,2023-07-01
CUST_000576,Thomas Williams,Consumer,0,2022-02-17
CUST_000577,Charles Hernandez,Small Business,1,2020-01-14
CUST_000578,Mary Gonzalez,Consumer,0,2023-03-06
CUST_000579,James Smith,Consumer,0,2023-11-16
CUST_000580,Jennifer Davis,Consumer,0,2021-03-12
CUST_000581,Jessica Hernandez,Small Business,0,2022-12-23
CUST_000582,Mary Davis,Small Business,0,2021-02-16
CUST_000583,Daniel Williams,Corporate,1,2022-01-17
CUST_000584,Barbara Wilson,Consumer,1,2022-01-06
CUST_000585,James Jones,Corporate,0,2021-01-18
CUST_000586,Jessica Rodriguez,Corporate,1,2020-07-04
CUST_000587,James Gonzalez,Corporate,0,2021-06-24
CUST_000588,Karen Gonzalez,Consumer,0,2019-09-08
CUST_000589,Elizabeth Smith,Consumer,0,2022-09-05
CUST_000590,Sarah Martinez,Consumer,1,2019-12-07
CUST_000591,John Martinez,Consumer,0,2020-12-24
CUST_000592,Elizabeth Garcia,VIP Loyalty,1,2021-07-07
CUST_000593,Joseph Garcia,Consumer,0,2022-12-19
CUST_000594,Karen Williams,Corporate,1,2020-06-03
CUST_000595,Jennifer Anderson,Consumer,0,2019-11-04
CUST_000596,Mary Gonzalez,Consumer,1,2019-10-21
CUST_000597,Joseph Hernandez,Corporate,0,2021-08-22
CUST_000598,Patricia Johnson,Consumer,1,2019-01-13
CUST_000599,Patricia Miller,Consumer,0,2019-10-04
CUST_000600,William Gonzalez,Corporate,0,2019-10-18
CUST_000601,Nancy Johnson,Consumer,0,2019-12-15
CUST_000602,Joseph Brown,Consumer,0,2020-03-24
CUST_000603,Thomas Hernandez,Corporate,1,2022-08-07
CUST_000604,Thomas Jones,Small Business,0,2019-09-14
CUST_000605,Robert Hernandez,Consumer,1,2023-02-03
CUST_000606,James Hernandez,Consumer,0,2020-02-06
CUST_000607,Charles Brown,VIP Loyalty,1,2023-08-14
CUST_000608,John Martinez,Consumer,1,2021-08-19
CUST_000609,Susan Martinez,Consumer,1,2021-09-07
CUST_000610,Thomas Lopez,Consumer,0,2019-02-24
CUST_000611,Christopher Johnson,Corporate,1,2022-06-26
CUST_000612,Linda Brown,Consumer,1,2022-02-02
CUST_000613,Nancy Hernandez,Consumer,1,2023-11-22
CUST_000614,Lisa Brown,Consumer,1,2021-06-18
CUST_000615,James Garcia,Consumer,1,2023-01-10
CUST_000616,Christopher Johnson,Small Business,0,2022-03-03
CUST_000617,Patricia Jones,Consumer,0,2021-08-10
CUST_000618,Daniel Rodriguez,Consumer,0,2022-08-25
CUST_000619,Richard Miller,Consumer,0,2023-04-14
CUST_000620,Elizabeth Smith,Consumer,0,2019-01-21
CUST_000621,William Garcia,Consumer,0,2019-06-05
CUST_000622,Elizabeth Miller,Small Business,0,2021-09-22
CUST_000623,William Gonzalez,Consumer,0,2022-07-13
CUST_000624,Thomas Miller,Consumer,0,2022-02-22
CUST_000625,Nancy Smith,Consumer,0,2020-03-14
CUST_000626,Elizabeth Anderson,Consumer,1,2019-10-28
CUST_000627,David Wilson,Consumer,1,2021-06-15
CUST_000628,Lisa Davis,VIP Loyalty,1,2019-01-01
CUST_000629,Charles Williams,Corporate,0,2019-02-02
CUST_000630,Charles Gonzalez,Small Business,0,2023-01-21
CUST_000631,Michael Davis,Corporate,1,2023-10-17
CUST_000632,John Miller,Corporate,0,2019-01-17
CUST_000633,David Rodriguez,Corporate,0,2023-05-11
CUST_000634,Jessica Rodriguez,Corporate,0,2019-09-22
CUST_000635,Jessica Rodriguez,Consumer,1,2019-07-14
CUST_000636,Charles Williams,Small Business,0,2021-11-21
CUST_000637,Susan Wilson,Corporate,1,2020-08-22
CUST_000638,Jennifer Lopez,Consumer,0,2022-04-25
CUST_000639,Thomas Gonzalez,Consumer,0,2022-11-10
CUST_000640,John Williams,Consumer,0,2021-07-04
CUST_000641,Karen Hernandez,Corporate,0,2021-11-02
CUST_000642,Thomas Rodriguez,Consumer,0,2023-08-15
CUST_000643,Jessica Rodriguez,Consumer,0,2020-05-16
CUST_000644,Richard Wilson,Small Business,0,2019-03-05
CUST_000645,Charles Lopez,Corporate,1,2019-12-06
CUST_000646,Thomas Miller,Corporate,0,2020-04-10
CUST_000647,Robert Jones,Corporate,1,2020-11-22
CUST_000648,Jessica Davis,Consumer,1,2023-11-02
CUST_000649,Barbara Martinez,Consumer,1,2019-10-02
CUST_000650,Sarah Lopez,Consumer,0,2019-06-25
CUST_000651,Joseph Williams,VIP Loyalty,1,2023-01-13
CUST_000652,Christopher Martinez,Consumer,0,2020-07-21
CUST_000653,Joseph Anderson,Corporate,0,2022-10-05
CUST_000654,Karen Lopez,Consumer,1,2023-06-06
CUST_000655,Christopher Williams,Small Business,0,2020-06-25
CUST_000656,Lisa Wilson,Small Business,1,2023-07-08
CUST_000657,Richard Garcia,Consumer,0,2019-06-06
CUST_000658,Jessica Hernandez,VIP Loyalty,1,2021-11-10
CUST_000659,John Gonzalez,Consumer,0,2023-01-03
CUST_000660,Karen Hernandez,Consumer,0,2021-12-16
CUST_000661,Christopher Williams,Consumer,1,2020-01-04
CUST_000662,Daniel Anderson,Consumer,1,2021-05-21
CUST_000663,Elizabeth Williams,Consumer,0,2021-11-02
CUST_000664,Elizabeth Gonzalez,Consumer,1,2021-07-24
CUST_000665,David Wilson,Consumer,0,2021-05-19
CUST_000666,Christopher Lopez,Consumer,0,2020-04-06
CUST_000667,Susan Hernandez,VIP Loyalty,1,2023-02-27
CUST_000668,Daniel Garcia,Consumer,0,2023-12-05
CUST_000669,Daniel Rodriguez,Corporate,0,2020-06-19
CUST_000670,James Miller,Consumer,1,2022-06-22
CUST_000671,Sarah Anderson,Consumer,0,2020-04-18
CUST_000672,Jessica Smith,Corporate,0,2022-08-22
CUST_000673,Karen Wilson,Small Business,0,2020-02-05
CUST_000674,Thomas Garcia,Corporate,1,2021-08-12
CUST_000675,Linda Hernandez,Consumer,1,2020-01-20
CUST_000676,Karen Miller,Small Business,0,2023-11-15
CUST_000677,Lisa Hernandez,Corporate,1,2019-03-19
CUST_000678,Karen Jones,Small Business,0,2019-08-15
CUST_000679,Christopher Wilson,Consumer,1,2023-07-12
CUST_000680,Thomas Smith,Small Business,0,2021-11-02
CUST_000681,Sarah Miller,Consumer,1,2022-02-06
CUST_000682,Lisa Martinez,Consumer,0,2022-03-05
CUST_000683,Linda Davis,Consumer,1,2021-08-24
CUST_000684,Elizabeth Miller,Consumer,0,2023-04-05
CUST_000685,Nancy Brown,Consumer,1,2020-07-11
CUST_000686,Susan Wilson,Consumer,0,2021-12-16
CUST_000687,Daniel Smith,Consumer,0,2020-09-23
CUST_000688,Elizabeth Jones,Consumer,0,2023-09-16
CUST_000689,Sarah Williams,VIP Loyalty,1,2019-10-15
CUST_000690,Joseph Anderson,Consumer,0,2019-08-20
CUST_000691,Christopher Johnson,Consumer,0,2022-12-06
CUST_000692,Charles Lopez,Consumer,0,2020-07-07
CUST_000693,Patricia Hernandez,Corporate,1,2023-01-17
CUST_000694,Robert Garcia,Consumer,0,2020-06-04
CUST_000695,Michael Davis,Consumer,0,2022-05-03
CUST_000696,John Gonzalez,Consumer,0,2023-06-08
CUST_000697,Daniel Davis,Consumer,0,2021-10-03
CUST_000698,Barbara Smith,Corporate,0,2023-04-25
CUST_000699,William Anderson,Consumer,0,2022-10-18
CUST_000700,Thomas Brown,Consumer,1,2022-01-01
CUST_000701,Joseph Gonzalez,Consumer,0,2020-11-13
CUST_000702,Daniel Wilson,Corporate,0,2021-07-05
CUST_000703,Thomas Lopez,Corporate,1,2020-06-18
CUST_000704,Thomas Wilson,VIP Loyalty,1,2020-02-13
CUST_000705,David Jones,Corporate,1,2019-08-19
CUST_000706,Karen Anderson,Small Business,0,2023-07-20
CUST_000707,James Rodriguez,Consumer,0,2019-12-03
CUST_000708,David Johnson,Consumer,1,2022-01-13
CUST_000709,Susan Rodriguez,Corporate,1,2022-01-11
CUST_000710,Linda Martinez,Consumer,0,2021-01-01
CUST_000711,Christopher Jones,Small Business,0,2020-06-05
CUST_000712,Richard Williams,Consumer,0,2021-03-11
CUST_000713,Lisa Smith,Consumer,1,2021-07-28
CUST_000714,Thomas Garcia,Corporate,1,2020-06-23
CUST_000715,Robert Williams,Consumer,0,2019-11-04
CUST_000716,Richard Brown,Corporate,0,2022-07-28
CUST_000717,Susan Williams,Consumer,1,2021-12-01
CUST_000718,Elizabeth Johnson,VIP Loyalty,1,2019-12-08
CUST_000719,Lisa Johnson,VIP Loyalty,1,2022-11-09
CUST_000720,Joseph Davis,Consumer,1,2023-09-02
CUST_000721,John Martinez,Consumer,1,2019-10-20
CUST_000722,Linda Martinez,Consumer,1,2021-10-27
CUST_000723,Jessica Smith,Consumer,1,2023-12-26
CUST_000724,Joseph Johnson,Small Business,0,2022-07-04
CUST_000725,Daniel Miller,Consumer,0,2020-03-26
CUST_000726,Christopher Rodriguez,Small Business,0,2023-01-20
CUST_000727,Jennifer Gonzalez,Consumer,1,2022-09-21
CUST_000728,Lisa Rodriguez,Consumer,0,2021-12-15
CUST_000729,Daniel Brown,Consumer,1,2021-06-08
CUST_000730,Daniel Williams,Consumer,0,2022-01-08
CUST_000731,Daniel Hernandez,Small Business,1,2023-05-23
CUST_000732,Robert Davis,Consumer,0,2023-09-27
CUST_000733,Jessica Johnson,Corporate,1,2021-12-12
CUST_000734,Barbara Miller,Consumer,0,2023-06-28
CUST_000735,William Miller,VIP Loyalty,1,2023-08-15
CUST_000736,Mary Miller,Consumer,1,2019-07-22
CUST_000737,Linda Jones,Corporate,1,2020-06-10
CUST_000738,Christopher Anderson,Small Business,0,2023-08-15
CUST_000739,Thomas Smith,Consumer,1,2019-06-03
CUST_000740,Susan Wilson,Consumer,0,2023-11-13
CUST_000741,Thomas Anderson,Consumer,0,2023-06-26
CUST_000742,Thomas Miller,Consumer,1,2023-10-20
CUST_000743,Jennifer Garcia,Corporate,0,2022-01-25
CUST_000744,Susan Wilson,Consumer,0,2021-11-15
CUST_000745,Barbara Williams,Consumer,0,2022-03-26
CUST_000746,Jessica Lopez,Small Business,0,2019-07-11
CUST_000747,Sarah Smith,Consumer,0,2020-05-16
CUST_000748,Joseph Anderson,Consumer,0,2022-04-13
CUST_000749,Richard Johnson,Consumer,1,2021-09-07
CUST_000750,Richard Johnson,Small Business,0,2021-07-10
CUST_000751,Jessica Williams,Consumer,1,2020-05-21
CUST_000752,Michael Lopez,Consumer,0,2023-06-24
CUST_000753,Susan Lopez,Consumer,0,2020-02-15
CUST_000754,Linda Martinez,Consumer,1,2022-06-16
CUST_000755,Lisa Hernandez,Consumer,0,2021-01-04
CUST_000756,Patricia Smith,Corporate,1,2021-06-01
CUST_000757,Karen Garcia,Corporate,1,2021-10-03
CUST_000758,William Lopez,Consumer,0,2020-01-27
CUST_000759,William Rodriguez,Consumer,0,2023-04-23
CUST_000760,Mary Gonzalez,Consumer,0,2020-10-25
CUST_000761,Susan Martinez,Consumer,0,2019-03-20
CUST_000762,Jessica Johnson,Consumer,1,2023-05-22
CUST_000763,Richard Miller,Consumer,1,2020-12-25
CUST_000764,Elizabeth Johnson,Consumer,1,2019-03-18
CUST_000765,John Jones,Corporate,0,2019-12-11
CUST_000766,Joseph Anderson,Consumer,0,2023-04-07
CUST_000767,Nancy Johnson,Consumer,0,2022-12-13
CUST_000768,David Smith,Consumer,1,2022-05-08
CUST_000769,Robert Martinez,Consumer,0,2023-12-05
CUST_000770,Daniel Wilson,Corporate,1,2022-05-03
CUST_000771,Joseph Brown,Corporate,0,2023-10-21
CUST_000772,Robert Hernandez,Small Business,0,2019-06-04
CUST_000773,Mary Garcia,Consumer,1,2022-03-23
CUST_000774,Mary Gonzalez,Consumer,0,2022-06-20
CUST_000775,Karen Anderson,Consumer,1,2021-06-06
CUST_000776,Karen Anderson,Corporate,1,2022-02-18
CUST_000777,Robert Brown,Corporate,0,2020-04-12
CUST_000778,Mary Gonzalez,VIP Loyalty,1,2020-07-04
CUST_000779,Charles Martinez,Corporate,0,2019-05-19
CUST_000780,Christopher Johnson,Consumer,0,2020-12-24
CUST_000781,Thomas Wilson,Consumer,0,2019-11-23
CUST_000782,Christopher Brown,Corporate,0,2022-01-01
CUST_000783,David Lopez,Consumer,0,2023-10-07
CUST_000784,Mary Martinez,Small Business,1,2020-11-08
CUST_000785,Sarah Hernandez,VIP Loyalty,1,2021-12-03
CUST_000786,Elizabeth Hernandez,Consumer,0,2020-12-22
CUST_000787,Karen Garcia,Consumer,1,2020-12-10
CUST_000788,Linda Smith,Corporate,0,2020-05-22
CUST_000789,Jessica Gonzalez,Corporate,0,2021-11-09
CUST_000790,Jessica Johnson,Consumer,0,2022-08-09
CUST_000791,Barbara Martinez,Consumer,1,2020-04-07
CUST_000792,Mary Smith,Corporate,0,2021-02-25
CUST_000793,Susan Johnson,Consumer,0,2022-04-07
CUST_000794,Lisa Jones,Consumer,1,2020-08-14
CUST_000795,Mary Martinez,Consumer,1,2022-04-22
CUST_000796,Susan Anderson,Corporate,0,2019-01-13
CUST_000797,Patricia Brown,VIP Loyalty,1,2021-07-13
CUST_000798,Jessica Hernandez,VIP Loyalty,1,2023-08-19
CUST_000799,Susan Miller,Consumer,0,2019-07-14
CUST_000800,Michael Wilson,Consumer,1,2019-06-15
CUST_000801,Barbara Johnson,Consumer,0,2021-11-01
CUST_000802,Christopher Anderson,Consumer,0,2023-11-20
CUST_000803,John Jones,Consumer,1,2019-06-02
CUST_000804,Richard Jones,Consumer,1,2019-04-12
CUST_000805,Daniel Hernandez,Small Business,0,2021-06-26
CUST_000806,Jessica Williams,Small Business,0,2020-05-15
CUST_000807,James Smith,Consumer,0,2023-03-01
CUST_000808,John Lopez,Consumer,0,2022-04-13
CUST_000809,Karen Rodriguez,Small Business,0,2021-06-27
CUST_000810,Richard Hernandez,Consumer,1,2022-04-15
CUST_000811,Christopher Gonzalez,Small Business,1,2022-08-10
CUST_000812,Jessica Williams,Consumer,0,2022-09-20
CUST_000813,Lisa Williams,Small Business,0,2021-10-10
CUST_000814,David Garcia,Consumer,1,2022-06-17
CUST_000815,Elizabeth Lopez,Small Business,0,2021-04-22
CUST_000816,Joseph Davis,Consumer,0,2022-09-12
CUST_000817,Jennifer Wilson,Consumer,0,2023-05-24
CUST_000818,Jessica Rodriguez,VIP Loyalty,1,2023-06-22
CUST_000819,Karen Garcia,Corporate,0,2020-11-28
CUST_000820,Nancy Rodriguez,Consumer,1,2022-11-15
CUST_000821,Nancy Gonzalez,Consumer,0,2021-12-17
CUST_000822,John Wilson,Consumer,0,2019-03-06
CUST_000823,Elizabeth Hernandez,Corporate,0,2022-10-06
CUST_000824,Daniel Rodriguez,VIP Loyalty,1,2019-02-17
CUST_000825,William Martinez,Consumer,0,2023-02-06
CUST_000826,Karen Smith,Consumer,0,2020-04-17
CUST_000827,Patricia Hernandez,Corporate,1,2020-09-03
CUST_000828,Linda Gonzalez,Consumer,1,2022-11-11
CUST_000829,Susan Rodriguez,Consumer,1,2021-11-27
CUST_000830,Patricia Jones,Consumer,0,2020-07-09
CUST_000831,Patricia Wilson,Consumer,0,2022-12-04
CUST_000832,Sarah Martinez,Consumer,0,2019-10-26
CUST_000833,Daniel Martinez,Consumer,0,2021-05-18
CUST_000834,Robert Wilson,Corporate,0,2023-12-22
CUST_000835,Michael Rodriguez,Small Business,1,2023-01-11
CUST_000836,Christopher Anderson,Corporate,1,2022-06-18
CUST_000837,John Miller,Small Business,0,2023-10-01
CUST_000838,Barbara Hernandez,Consumer,0,2021-02-04
CUST_000839,Thomas Johnson,Corporate,0,2022-06-10
CUST_000840,Daniel Rodriguez,Consumer,1,2022-12-19
CUST_000841,Daniel Smith,Consumer,1,2023-07-05
CUST_000842,Elizabeth Jones,Consumer,1,2020-07-27
CUST_000843,Joseph Williams,Consumer,1,2021-06-12
CUST_000844,Joseph Garcia,Consumer,0,2020-04-15
CUST_000845,Patricia Williams,Consumer,1,2023-03-16
CUST_000846,William Lopez,Consumer,1,2020-09-22
CUST_000847,Lisa Smith,Corporate,1,2021-08-24
CUST_000848,Thomas Rodriguez,VIP Loyalty,1,2019-01-28
CUST_000849,Susan Wilson,Consumer,0,2021-06-15
CUST_000850,Robert Hernandez,Consumer,0,2021-12-18
CUST_000851,Charles Davis,Consumer,0,2022-12-01
CUST_000852,Patricia Wilson,VIP Loyalty,1,2021-10-08
CUST_000853,Jennifer Davis,Consumer,0,2023-05-25
CUST_000854,Karen Garcia,Corporate,1,2020-07-13
CUST_000855,Sarah Anderson,VIP Loyalty,1,2023-02-15
CUST_000856,Daniel Hernandez,Small Business,1,2020-06-13
CUST_000857,Barbara Davis,Consumer,0,2021-02-12
CUST_000858,Daniel Lopez,Consumer,0,2021-12-27
CUST_000859,Karen Gonzalez,Consumer,0,2021-02-03
CUST_000860,Linda Garcia,Consumer,0,2022-03-28
CUST_000861,Richard Wilson,Consumer,0,2023-10-08
CUST_000862,Christopher Rodriguez,Consumer,0,2021-07-11
CUST_000863,David Miller,Consumer,0,2020-07-15
CUST_000864,James Jones,Consumer,0,2023-12-18
CUST_000865,Lisa Williams,Small Business,1,2020-04-27
CUST_000866,Jennifer Hernandez,Corporate,0,2023-10-08
CUST_000867,Jessica Gonzalez,Consumer,1,2023-06-21
CUST_000868,Thomas Lopez,Consumer,1,2020-09-06
CUST_000869,David Rodriguez,Consumer,1,2021-02-08
CUST_000870,John Miller,Consumer,1,2021-02-17
CUST_000871,Karen Gonzalez,Consumer,1,2019-04-25
CUST_000872,Richard Smith,Small Business,0,2019-02-19
CUST_000873,Daniel Williams,Corporate,1,2019-01-10
CUST_000874,Charles Smith,Consumer,1,2020-02-25
CUST_000875,Richard Garcia,Consumer,1,2019-11-07
CUST_000876,Elizabeth Martinez,Consumer,1,2022-08-20
CUST_000877,William Anderson,Consumer,0,2019-09-26
CUST_000878,Patricia Smith,Consumer,1,2022-05-23
CUST_000879,Robert Brown,Small Business,0,2023-04-10
CUST_000880,Richard Martinez,Consumer,1,2021-09-21
CUST_000881,David Williams,Small Business,1,2022-08-13
CUST_000882,Barbara Jones,Consumer,0,2022-07-02
CUST_000883,Nancy Davis,VIP Loyalty,1,2023-07-14
CUST_000884,Charles Jones,Corporate,0,2020-04-12
CUST_000885,Daniel Smith,Consumer,0,2020-07-28
CUST_000886,Elizabeth Miller,Consumer,1,2020-11-22
CUST_000887,Karen Jones,Consumer,0,2021-08-09
CUST_000888,Patricia Anderson,Corporate,0,2019-03-06
CUST_000889,Patricia Miller,Consumer,0,2021-08-18
CUST_000890,Jessica Brown,Consumer,0,2023-07-27
CUST_000891,Elizabeth Johnson,Consumer,0,2020-07-06
CUST_000892,Daniel Smith,Corporate,1,2021-02-28
CUST_000893,John Hernandez,Small Business,1,2020-05-22
CUST_000894,Lisa Miller,Corporate,0,2022-06-27
CUST_000895,Michael Rodriguez,VIP Loyalty,1,2023-08-24
CUST_000896,Nancy Brown,Corporate,0,2023-08-07
CUST_000897,James Hernandez,Consumer,1,2019-11-11
CUST_000898,Elizabeth Jones,Corporate,0,2023-09-27
CUST_000899,Thomas Williams,Corporate,0,2021-04-15
CUST_000900,John Brown,Consumer,0,2023-01-28
CUST_000901,Lisa Brown,Consumer,0,2020-06-27
CUST_000902,Joseph Johnson,Corporate,1,2021-09-02
CUST_000903,Lisa Davis,Consumer,1,2022-01-13
CUST_000904,James Johnson,Consumer,0,2019-02-18
CUST_000905,Nancy Miller,Small Business,0,2023-09-06
CUST_000906,Susan Davis,Consumer,0,2023-09-24
CUST_000907,Karen Jones,Consumer,0,2023-02-26
CUST_000908,Thomas Hernandez,Consumer,1,2020-04-21
CUST_000909,Michael Johnson,Corporate,1,2019-05-05
CUST_000910,Karen Williams,Consumer,1,2023-10-25
CUST_000911,Mary Rodriguez,Consumer,0,2020-07-06
CUST_000912,Susan Smith,Corporate,0,2019-01-24
CUST_000913,Patricia Brown,Consumer,1,2021-01-28
CUST_000914,Elizabeth Rodriguez,Corporate,0,2020-07-18
CUST_000915,Elizabeth Davis,Consumer,0,2020-06-13
CUST_000916,Thomas Jones,Corporate,0,2019-02-23
CUST_000917,Nancy Williams,Consumer,0,2022-03-07
CUST_000918,Lisa Johnson,VIP Loyalty,1,2020-01-04
CUST_000919,Susan Smith,Small Business,1,2023-10-14
CUST_000920,William Hernandez,Consumer,0,2021-06-20
CUST_000921,Lisa Hernandez,Consumer,1,2019-01-24
CUST_000922,Joseph Miller,Consumer,0,2022-03-22
CUST_000923,David Brown,Small Business,0,2020-02-01
CUST_000924,Jessica Johnson,Consumer,1,2019-08-22
CUST_000925,John Davis,Consumer,1,2020-03-18
CUST_000926,James Brown,Small Business,1,2019-03-01
CUST_000927,Christopher Jones,Consumer,0,2020-12-01
CUST_000928,Patricia Martinez,Consumer,1,2021-07-07
CUST_000929,Barbara Jones,Consumer,1,2023-04-14
CUST_000930,Susan Miller,Consumer,0,2020-01-05
CUST_000931,Barbara Garcia,Corporate,0,2019-06-15
CUST_000932,Christopher Martinez,Consumer,0,2023-01-23
CUST_000933,Daniel Martinez,Consumer,1,2021-10-01
CUST_000934,Joseph Brown,Consumer,0,2019-05-02
CUST_000935,Daniel Martinez,Consumer,0,2023-10-03
CUST_000936,Joseph Williams,Consumer,1,2019-09-23
CUST_000937,Michael Williams,Small Business,0,2021-07-09
CUST_000938,James Gonzalez,Consumer,0,2020-07-26
CUST_000939,Mary Wilson,Small Business,0,2019-01-10
CUST_000940,Charles Anderson,Corporate,0,2022-08-16
CUST_000941,William Anderson,Corporate,0,2021-02-26
CUST_000942,Mary Anderson,Consumer,0,2019-07-28
CUST_000943,Nancy Anderson,Consumer,0,2019-05-16
CUST_000944,David Jones,Consumer,1,2019-01-24
CUST_000945,Robert Rodriguez,Consumer,0,2019-04-17
CUST_000946,Thomas Jones,Consumer,0,2020-11-21
CUST_000947,Christopher Johnson,Small Business,0,2023-01-18
CUST_000948,Elizabeth Brown,Small Business,1,2019-01-04
CUST_000949,Sarah Hernandez,Corporate,0,2021-12-09
CUST_000950,Richard Anderson,Consumer,1,2021-10-20
CUST_000951,Susan Lopez,Corporate,0,2021-02-01
CUST_000952,Elizabeth Williams,Consumer,0,2019-08-03
CUST_000953,David Smith,Small Business,0,2022-04-21
CUST_000954,Nancy Miller,Consumer,0,2023-06-01
CUST_000955,Thomas Rodriguez,Consumer,0,2020-08-07
CUST_000956,Jennifer Brown,Consumer,0,2021-10-26
CUST_000957,Susan Miller,Consumer,1,2022-03-20
CUST_000958,Patricia Gonzalez,Consumer,0,2022-01-12
CUST_000959,Barbara Smith,Corporate,1,2020-12-26
CUST_000960,Christopher Lopez,Consumer,1,2020-09-23
CUST_000961,Joseph Gonzalez,Corporate,0,2022-02-20
CUST_000962,Karen Hernandez,VIP Loyalty,1,2022-08-02
CUST_000963,Patricia Wilson,Consumer,1,2023-06-13
CUST_000964,Patricia Garcia,Consumer,0,2023-03-08
CUST_000965,Michael Williams,Consumer,0,2021-05-16
CUST_000966,Michael Hernandez,Corporate,1,2021-10-05
CUST_000967,Daniel Jones,Consumer,0,2023-06-17
CUST_000968,Christopher Davis,Consumer,0,2020-08-03
CUST_000969,Daniel Wilson,Consumer,0,2022-07-14
CUST_000970,Mary Rodriguez,Small Business,1,2021-03-01
CUST_000971,Barbara Miller,Corporate,1,2020-05-22
CUST_000972,Patricia Johnson,Corporate,0,2019-10-02
CUST_000973,Jennifer Davis,Consumer,0,2019-12-09
CUST_000974,Mary Davis,Consumer,1,2022-10-21
CUST_000975,Karen Davis,Corporate,0,2023-06-18
CUST_000976,Christopher Garcia,Consumer,1,2022-08-23
CUST_000977,Michael Rodriguez,Consumer,0,2023-12-22
CUST_000978,Barbara Martinez,VIP Loyalty,1,2020-06-17
CUST_000979,Charles Johnson,Consumer,1,2023-08-06
CUST_000980,Christopher Rodriguez,Consumer,0,2021-02-24
CUST_000981,Karen Lopez,Consumer,1,2019-04-10
CUST_000982,Elizabeth Martinez,Consumer,0,2019-04-08
CUST_000983,Daniel Gonzalez,Corporate,0,2019-05-02
CUST_000984,Sarah Anderson,Consumer,1,2021-03-18
CUST_000985,Nancy Johnson,Consumer,1,2023-12-21
CUST_000986,Elizabeth Miller,Corporate,0,2020-10-04
CUST_000987,James Anderson,Consumer,0,2020-03-18
CUST_000988,Robert Wilson,Consumer,0,2019-12-24
CUST_000989,Mary Jones,Consumer,1,2023-10-22
CUST_000990,Richard Williams,Consumer,0,2021-10-26
CUST_000991,Barbara Johnson,Consumer,0,2023-05-22
CUST_000992,Barbara Johnson,Consumer,0,2020-08-12
CUST_000993,Jessica Miller,Consumer,0,2023-05-11
CUST_000994,Elizabeth Brown,Corporate,1,2020-10-24
CUST_000995,Michael Davis,Consumer,1,2022-05-06
CUST_000996,James Brown,Consumer,0,2023-07-21
CUST_000997,Jessica Gonzalez,Consumer,0,2023-07-27
CUST_000998,Jessica Wilson,Corporate,0,2023-10-25
CUST_000999,Barbara Lopez,Consumer,1,2019-12-09
CUST_001000,Barbara Jones,Small Business,0,2021-05-02
CUST_001001,Susan Johnson,Corporate,0,2020-11-10
CUST_001002,Jennifer Brown,Corporate,1,2019-08-05
CUST_001003,Charles Martinez,Consumer,1,2023-03-22
CUST_001004,Charles Martinez,Consumer,0,2020-08-04
CUST_001005,Daniel Lopez,Consumer,0,2019-05-18
CUST_001006,David Williams,Consumer,0,2020-09-14
CUST_001007,Patricia Gonzalez,Corporate,0,2022-10-16
CUST_001008,Barbara Brown,Consumer,0,2020-01-16
CUST_001009,Lisa Williams,Consumer,0,2020-01-06
CUST_001010,Daniel Garcia,Consumer,1,2022-07-23
CUST_001011,Mary Smith,Corporate,0,2021-11-02
CUST_001012,Daniel Davis,Consumer,0,2019-11-04
CUST_001013,Jessica Wilson,Consumer,0,2019-06-18
CUST_001014,Sarah Miller,Consumer,1,2023-08-04
CUST_001015,Barbara Anderson,Consumer,1,2022-07-28
CUST_001016,Jessica Jones,Consumer,0,2023-03-13
CUST_001017,Sarah Wilson,Consumer,1,2022-03-13
CUST_001018,Barbara Miller,Consumer,1,2021-02-02
CUST_001019,Robert Miller,VIP Loyalty,1,2020-09-13
CUST_001020,Michael Jones,Consumer,1,2021-12-19
CUST_001021,Christopher Davis,Consumer,0,2023-05-17
CUST_001022,William Smith,Corporate,1,2022-08-06
CUST_001023,David Anderson,Consumer,0,2023-08-01
CUST_001024,David Smith,VIP Loyalty,1,2022-10-06
CUST_001025,James Miller,Consumer,0,2022-04-06
CUST_001026,Nancy Rodriguez,VIP Loyalty,1,2023-02-15
CUST_001027,Jennifer Rodriguez,Consumer,0,2019-03-10
CUST_001028,Christopher Williams,Consumer,1,2023-06-13
CUST_001029,Daniel Brown,Consumer,1,2023-08-23
CUST_001030,Jessica Miller,Consumer,1,2019-07-09
CUST_001031,Thomas Gonzalez,Small Business,0,2020-10-27
CUST_001032,Karen Rodriguez,Consumer,1,2022-03-17
CUST_001033,Robert Miller,Small Business,0,2019-07-04
CUST_001034,Linda Gonzalez,Consumer,1,2022-04-24
CUST_001035,William Brown,Consumer,0,2020-10-25
CUST_001036,Charles Lopez,Consumer,0,2021-03-23
CUST_001037,Thomas Smith,Consumer,0,2022-08-28
CUST_001038,John Garcia,Corporate,1,2022-01-21
CUST_001039,Thomas Gonzalez,Consumer,1,2021-07-28
CUST_001040,Nancy Johnson,Small Business,1,2022-02-27
CUST_001041,Michael Smith,Consumer,0,2020-07-04
CUST_001042,Sarah Lopez,Consumer,0,2021-09-14
CUST_001043,Linda Anderson,Consumer,0,2022-04-07
CUST_001044,Karen Rodriguez,Small Business,1,2022-06-23
CUST_001045,Patricia Anderson,Consumer,0,2019-12-10
CUST_001046,Robert Lopez,Consumer,1,2022-07-18
CUST_001047,Mary Martinez,Consumer,0,2019-04-07
CUST_001048,William Anderson,Small Business,0,2020-06-18
CUST_001049,Jennifer Gonzalez,Corporate,1,2022-06-18
CUST_001050,Robert Johnson,Consumer,0,2020-03-03
CUST_001051,Barbara Gonzalez,Consumer,0,2020-04-10
CUST_001052,Michael Davis,Consumer,1,2023-10-09
CUST_001053,Richard Williams,Consumer,0,2021-03-03
CUST_001054,Patricia Rodriguez,Consumer,0,2021-08-12
CUST_001055,Linda Gonzalez,Small Business,0,2021-06-17
CUST_001056,Patricia Davis,Consumer,0,2020-09-13
CUST_001057,Karen Johnson,Consumer,0,2020-06-15
CUST_001058,David Miller,Small Business,0,2022-08-05
CUST_001059,Karen Miller,VIP Loyalty,1,2019-09-21
CUST_001060,Richard Lopez,Consumer,0,2019-08-22
CUST_001061,Jessica Gonzalez,Consumer,1,2020-11-07
CUST_001062,Christopher Davis,Consumer,0,2021-08-11
CUST_001063,Richard Miller,Consumer,0,2022-09-02
CUST_001064,Sarah Rodriguez,Consumer,1,2023-11-06
CUST_001065,Daniel Hernandez,Corporate,1,2022-09-15
CUST_001066,Thomas Gonzalez,Consumer,0,2019-06-18
CUST_001067,Joseph Jones,Consumer,0,2023-05-19
CUST_001068,Elizabeth Anderson,Consumer,0,2020-07-01
CUST_001069,Jessica Garcia,Consumer,0,2020-09-16
CUST_001070,Robert Miller,Consumer,1,2022-08-27
CUST_001071,Richard Hernandez,Consumer,0,2023-11-06
CUST_001072,Robert Miller,Small Business,0,2020-03-09
CUST_001073,Nancy Gonzalez,Consumer,0,2021-08-20
CUST_001074,David Smith,VIP Loyalty,1,2021-11-01
CUST_001075,Christopher Miller,VIP Loyalty,1,2020-11-04
CUST_001076,David Anderson,Corporate,0,2021-03-28
CUST_001077,Michael Smith,Small Business,0,2021-03-02
CUST_001078,Sarah Wilson,Corporate,0,2023-09-02
CUST_001079,Mary Lopez,Corporate,0,2020-12-04
CUST_001080,Nancy Jones,Consumer,0,2019-03-10
CUST_001081,Robert Wilson,Small Business,0,2020-06-12
CUST_001082,Linda Jones,Consumer,0,2019-05-03
CUST_001083,Karen Anderson,Small Business,0,2021-05-02
CUST_001084,Nancy Hernandez,Small Business,1,2021-06-14
CUST_001085,David Davis,Consumer,0,2023-08-19
CUST_001086,Nancy Anderson,Consumer,0,2020-02-25
CUST_001087,Jessica Rodriguez,Consumer,0,2023-06-16
CUST_001088,Patricia Brown,Consumer,0,2019-08-16
CUST_001089,Jennifer Lopez,Consumer,1,2023-01-25
CUST_001090,William Rodriguez,Consumer,1,2020-03-17
CUST_001091,David Lopez,Consumer,0,2023-10-07
CUST_001092,Elizabeth Brown,Consumer,0,2020-09-09
CUST_001093,Christopher Hernandez,VIP Loyalty,1,2020-10-20
CUST_001094,Nancy Gonzalez,Small Business,0,2023-02-26
CUST_001095,Sarah Miller,Small Business,0,2022-07-24
CUST_001096,Jessica Brown,Corporate,1,2019-05-20
CUST_001097,Richard Wilson,Consumer,0,2021-08-22
CUST_001098,Barbara Gonzalez,Small Business,1,2020-03-24
CUST_001099,Patricia Davis,Consumer,0,2019-02-11
CUST_001100,James Anderson,Consumer,0,2023-03-13
CUST_001101,Elizabeth Hernandez,Consumer,1,2020-02-23
CUST_001102,Michael Hernandez,Consumer,1,2019-10-01
CUST_001103,Robert Anderson,Consumer,0,2022-04-18
CUST_001104,Christopher Brown,Consumer,0,2022-08-03
CUST_001105,Jessica Wilson,Consumer,1,2019-10-19
CUST_001106,James Jones,Consumer,1,2021-04-05
CUST_001107,Christopher Brown,Consumer,0,2023-02-18
CUST_001108,Jessica Rodriguez,Consumer,1,2022-12-07
CUST_001109,Joseph Miller,Consumer,1,2019-12-19
CUST_001110,William Anderson,VIP Loyalty,1,2023-02-20
CUST_001111,Jessica Wilson,Consumer,0,2020-07-26
CUST_001112,Joseph Williams,Corporate,1,2021-11-05
CUST_001113,Sarah Brown,Corporate,0,2022-03-05
CUST_001114,Thomas Martinez,VIP Loyalty,1,2020-11-17
CUST_001115,Robert Gonzalez,Consumer,0,2022-04-18
CUST_001116,William Wilson,Small Business,0,2019-06-24
CUST_001117,Elizabeth Gonzalez,Corporate,1,2020-09-17
CUST_001118,Barbara Miller,Consumer,0,2021-02-10
CUST_001119,Jennifer Gonzalez,Consumer,0,2022-10-16
CUST_001120,Jennifer Gonzalez,Consumer,0,2022-04-05
CUST_001121,Linda Lopez,Corporate,0,2023-09-10
CUST_001122,James Wilson,Consumer,1,2023-03-26
CUST_001123,William Martinez,Consumer,0,2022-09-19
CUST_001124,Richard Miller,VIP Loyalty,1,2019-02-22
CUST_001125,William Lopez,Consumer,0,2020-02-13
CUST_001126,Susan Jones,Consumer,0,2021-09-02
CUST_001127,Robert Wilson,Consumer,0,2021-03-26
CUST_001128,Lisa Jones,Consumer,0,2019-10-12
CUST_001129,Thomas Brown,Corporate,0,2020-02-21
CUST_001130,Patricia Davis,Consumer,0,2023-11-18
CUST_001131,David Anderson,Consumer,0,2020-09-15
CUST_001132,William Williams,Small Business,0,2023-11-15
CUST_001133,Linda Williams,Consumer,1,2020-11-19
CUST_001134,Sarah Martinez,Corporate,0,2019-03-05
CUST_001135,Charles Smith,Consumer,0,2020-12-08
CUST_001136,Robert Martinez,Corporate,0,2020-05-22
CUST_001137,Joseph Gonzalez,Consumer,0,2019-11-18
CUST_001138,Sarah Jones,Corporate,0,2019-10-16
CUST_001139,James Smith,Consumer,0,2020-06-10
CUST_001140,Lisa Johnson,Consumer,0,2020-01-23
CUST_001141,Jennifer Wilson,Consumer,0,2022-03-14
CUST_001142,Nancy Williams,Consumer,0,2020-09-13
CUST_001143,Christopher Rodriguez,Consumer,1,2019-04-02
CUST_001144,Richard Johnson,Corporate,0,2021-10-24
CUST_001145,Jennifer Miller,Consumer,0,2021-02-07
CUST_001146,William Brown,VIP Loyalty,1,2021-11-25
CUST_001147,Patricia Jones,VIP Loyalty,1,2022-02-12
CUST_001148,Richard Rodriguez,Consumer,1,2021-06-04
CUST_001149,David Miller,Small Business,0,2022-10-09
CUST_001150,David Martinez,Consumer,0,2021-02-24
CUST_001151,Daniel Johnson,Corporate,0,2020-03-26
CUST_001152,Susan Rodriguez,Consumer,1,2020-02-09
CUST_001153,Jennifer Miller,Consumer,1,2021-10-27
CUST_001154,Jennifer Miller,Corporate,0,2023-01-27
CUST_001155,Linda Martinez,VIP Loyalty,1,2022-07-12
CUST_001156,Mary Davis,Consumer,0,2023-09-21
CUST_001157,David Jones,Consumer,1,2019-07-14
CUST_001158,Robert Williams,VIP Loyalty,1,2021-07-25
CUST_001159,Mary Davis,Consumer,0,2023-05-26
CUST_001160,Robert Brown,Consumer,0,2023-06-20
CUST_001161,Sarah Rodriguez,Consumer,0,2019-09-03
CUST_001162,James Smith,Consumer,0,2022-09-25
CUST_001163,Charles Williams,Consumer,1,2023-09-15
CUST_001164,Nancy Williams,Corporate,0,2023-08-08
CUST_001165,Nancy Smith,Consumer,0,2022-02-20
CUST_001166,Barbara Gonzalez,Small Business,0,2022-09-08
CUST_001167,Sarah Miller,Consumer,0,2021-02-15
CUST_001168,Patricia Smith,Corporate,1,2019-10-24
CUST_001169,Sarah Smith,Consumer,0,2023-12-23
CUST_001170,Jessica Williams,Consumer,0,2023-01-01
CUST_001171,Christopher Smith,Consumer,0,2020-04-19
CUST_001172,Christopher Miller,Consumer,0,2019-07-08
CUST_001173,Sarah Rodriguez,Consumer,0,2019-03-27
CUST_001174,Jennifer Williams,Corporate,0,2019-04-10
CUST_001175,Elizabeth Davis,VIP Loyalty,1,2021-10-17
CUST_001176,Jessica Miller,Consumer,0,2022-03-17
CUST_001177,Christopher Johnson,Consumer,1,2019-06-24
CUST_001178,Karen Rodriguez,Consumer,0,2023-06-03
CUST_001179,Karen Garcia,Consumer,0,2023-06-13
CUST_001180,Mary Anderson,Consumer,0,2020-06-07
CUST_001181,Susan Anderson,Corporate,1,2023-10-17
CUST_001182,Susan Davis,Consumer,1,2023-06-27
CUST_001183,Karen Johnson,Consumer,0,2019-12-03
CUST_001184,Linda Brown,Corporate,0,2023-12-03
CUST_001185,David Anderson,Small Business,0,2022-07-19
CUST_001186,Barbara Anderson,Consumer,0,2023-02-11
CUST_001187,Barbara Johnson,Corporate,0,2020-06-23
CUST_001188,Charles Hernandez,Consumer,0,2023-11-05
CUST_001189,Sarah Miller,Consumer,1,2020-03-09
CUST_001190,John Hernandez,Consumer,0,2023-07-14
CUST_001191,Lisa Lopez,Corporate,1,2020-11-15
CUST_001192,Charles Garcia,Consumer,0,2020-07-13
CUST_001193,Robert Brown,Consumer,0,2019-03-03
CUST_001194,Robert Jones,Consumer,1,2021-01-17
CUST_001195,David Anderson,Consumer,0,2021-12-04
CUST_001196,Barbara Gonzalez,Consumer,0,2023-01-07
CUST_001197,Susan Lopez,Consumer,1,2021-08-06
CUST_001198,Sarah Davis,Corporate,0,2020-08-15
CUST_001199,Joseph Hernandez,Corporate,1,2020-12-12
CUST_001200,David Lopez,Corporate,1,2023-02-11
CUST_001201,Nancy Martinez,Consumer,0,2022-11-18
CUST_001202,Susan Johnson,Corporate,0,2023-05-08
CUST_001203,Patricia Hernandez,VIP Loyalty,1,2019-01-02
CUST_001204,Linda Miller,Consumer,1,2023-02-07
CUST_001205,Linda Lopez,Small Business,0,2023-02-06
CUST_001206,Patricia Martinez,Corporate,0,2022-05-03
CUST_001207,Barbara Anderson,Consumer,0,2021-12-11
CUST_001208,Linda Williams,Consumer,0,2020-10-19
CUST_001209,William Williams,Corporate,1,2020-09-20
CUST_001210,Susan Lopez,Consumer,0,2021-08-10
CUST_001211,Patricia Williams,Consumer,0,2021-01-16
CUST_001212,Elizabeth Williams,Small Business,1,2019-02-11
CUST_001213,Jessica Johnson,Consumer,0,2021-08-12
CUST_001214,Mary Rodriguez,Corporate,0,2020-02-12
CUST_001215,Daniel Davis,Consumer,0,2022-08-13
CUST_001216,Charles Hernandez,Consumer,0,2023-01-08
CUST_001217,Elizabeth Johnson,Consumer,0,2020-07-15
CUST_001218,Christopher Garcia,Small Business,0,2022-07-14
CUST_001219,Lisa Johnson,Consumer,0,2021-03-17
CUST_001220,Susan Garcia,Consumer,0,2022-08-02
CUST_001221,Joseph Lopez,Small Business,0,2022-06-16
CUST_001222,William Smith,VIP Loyalty,1,2023-05-26
CUST_001223,Christopher Jones,Consumer,0,2019-01-20
CUST_001224,Joseph Wilson,Consumer,0,2019-03-11
CUST_001225,Barbara Martinez,Consumer,1,2021-06-04
CUST_001226,Michael Jones,Consumer,0,2019-08-22
CUST_001227,Patricia Gonzalez,Consumer,1,2023-04-06
CUST_001228,David Miller,Consumer,1,2023-11-24
CUST_001229,James Martinez,Corporate,1,2022-07-27
CUST_001230,Daniel Miller,VIP Loyalty,1,2020-08-09
CUST_001231,William Johnson,VIP Loyalty,1,2022-09-24
CUST_001232,Barbara Smith,Consumer,0,2020-12-28
CUST_001233,Joseph Anderson,Consumer,1,2020-12-05
CUST_001234,William Miller,VIP Loyalty,1,2021-09-13
CUST_001235,Daniel Jones,Consumer,0,2020-11-22
CUST_001236,Robert Gonzalez,Consumer,1,2021-07-07
CUST_001237,Jennifer Williams,VIP Loyalty,1,2023-07-18
CUST_001238,Nancy Wilson,Corporate,0,2019-01-10
CUST_001239,Barbara Wilson,Consumer,1,2022-10-17
CUST_001240,Sarah Brown,VIP Loyalty,1,2021-08-24
CUST_001241,Linda Garcia,Consumer,1,2022-10-12
CUST_001242,Barbara Miller,Consumer,1,2020-12-25
CUST_001243,Michael Johnson,Corporate,1,2022-11-20
CUST_001244,John Johnson,Consumer,0,2023-02-16
CUST_001245,Linda Rodriguez,Consumer,0,2021-10-24
CUST_001246,Barbara Jones,Corporate,0,2023-07-09
CUST_001247,Jessica Garcia,Consumer,1,2021-04-19
CUST_001248,Susan Miller,Consumer,0,2019-11-22
CUST_001249,Barbara Johnson,Consumer,1,2019-03-27
CUST_001250,Jennifer Brown,Consumer,1,2022-01-27
CUST_001251,Elizabeth Williams,Small Business,1,2022-11-27
CUST_001252,Thomas Brown,Corporate,1,2021-06-06
CUST_001253,William Wilson,Corporate,0,2019-08-08
CUST_001254,Nancy Lopez,Consumer,0,2020-05-19
CUST_001255,Charles Anderson,Consumer,0,2020-04-16
CUST_001256,David Miller,Consumer,1,2023-10-07
CUST_001257,Susan Miller,Consumer,0,2023-04-24
CUST_001258,Daniel Rodriguez,Consumer,0,2023-07-01
CUST_001259,Michael Martinez,Small Business,1,2021-04-04
CUST_001260,Richard Miller,Consumer,0,2019-12-02
CUST_001261,Michael Hernandez,Consumer,1,2023-02-07
CUST_001262,Joseph Rodriguez,Consumer,1,2021-02-16
CUST_001263,Michael Gonzalez,Small Business,0,2022-03-07
CUST_001264,Jennifer Davis,Small Business,0,2021-08-06
CUST_001265,Michael Rodriguez,Consumer,0,2023-11-07
CUST_001266,Mary Williams,Corporate,0,2019-05-28
CUST_001267,Michael Rodriguez,Consumer,0,2021-06-18
CUST_001268,Elizabeth Lopez,Corporate,1,2023-04-01
CUST_001269,Karen Williams,Corporate,0,2021-01-23
CUST_001270,Susan Gonzalez,Consumer,0,2019-06-25
CUST_001271,Mary Miller,Corporate,1,2022-05-13
CUST_001272,Nancy Jones,Consumer,0,2022-01-14
CUST_001273,Lisa Brown,Corporate,0,2022-12-08
CUST_001274,Lisa Williams,Small Business,0,2022-10-18
CUST_001275,Nancy Wilson,Consumer,0,2023-10-13
CUST_001276,Susan Davis,Corporate,0,2019-03-16
CUST_001277,Susan Lopez,Consumer,0,2019-08-17
CUST_001278,Christopher Rodriguez,VIP Loyalty,1,2021-09-25
CUST_001279,Mary Martinez,Consumer,0,2022-08-12
CUST_001280,David Miller,Small Business,0,2023-05-06
CUST_001281,James Garcia,Consumer,0,2019-10-08
CUST_001282,Charles Davis,Consumer,0,2021-10-01
CUST_001283,Susan Brown,Consumer,1,2022-10-18
CUST_001284,Michael Miller,Consumer,1,2019-02-09
CUST_001285,Lisa Davis,Consumer,0,2023-09-10
CUST_001286,Mary Garcia,Consumer,0,2021-08-11
CUST_001287,Joseph Gonzalez,Small Business,0,2019-02-18
CUST_001288,Michael Anderson,Small Business,1,2020-08-20
CUST_001289,Mary Hernandez,Consumer,1,2020-05-11
CUST_001290,James Johnson,Consumer,0,2023-04-23
CUST_001291,Christopher Davis,Consumer,0,2022-02-01
CUST_001292,James Davis,Small Business,1,2022-07-13
CUST_001293,Jessica Davis,Consumer,0,2020-06-14
CUST_001294,James Smith,Corporate,1,2023-05-17
CUST_001295,Nancy Miller,Consumer,0,2021-04-10
CUST_001296,Elizabeth Wilson,Consumer,1,2020-10-19
CUST_001297,James Davis,Corporate,0,2019-08-07
CUST_001298,Michael Brown,Consumer,0,2019-01-09
CUST_001299,Karen Jones,Consumer,1,2023-04-09
CUST_001300,William Garcia,Consumer,1,2019-06-19
CUST_001301,Jessica Wilson,Consumer,0,2019-03-05
CUST_001302,Michael Williams,Corporate,1,2020-06-08
CUST_001303,James Johnson,Small Business,0,2020-11-25
CUST_001304,Elizabeth Davis,Consumer,0,2023-09-13
CUST_001305,Sarah Gonzalez,Consumer,0,2019-10-19
CUST_001306,William Lopez,Corporate,0,2020-01-10
CUST_001307,Christopher Rodriguez,Consumer,0,2019-05-09
CUST_001308,Nancy Rodriguez,Consumer,1,2022-09-27
CUST_001309,William Garcia,Consumer,0,2022-01-01
CUST_001310,Charles Lopez,Consumer,1,2019-10-14
CUST_001311,Patricia Brown,Corporate,1,2022-05-28
CUST_001312,Patricia Wilson,Consumer,0,2021-08-06
CUST_001313,Elizabeth Jones,Consumer,0,2020-07-18
CUST_001314,James Miller,Consumer,0,2022-04-10
CUST_001315,Daniel Rodriguez,VIP Loyalty,1,2019-02-07
CUST_001316,Elizabeth Garcia,Consumer,1,2023-01-28
CUST_001317,Daniel Gonzalez,Consumer,0,2023-11-28
CUST_001318,Elizabeth Williams,Consumer,0,2019-09-10
CUST_001319,Linda Jones,Consumer,1,2019-11-20
CUST_001320,Jessica Rodriguez,Consumer,1,2022-06-26
CUST_001321,John Rodriguez,Small Business,0,2020-11-10
CUST_001322,Nancy Garcia,Consumer,1,2020-12-01
CUST_001323,Christopher Davis,VIP Loyalty,1,2023-05-12
CUST_001324,Linda Martinez,Small Business,1,2021-11-21
CUST_001325,David Brown,Consumer,0,2020-10-02
CUST_001326,William Wilson,Consumer,0,2022-06-14
CUST_001327,Patricia Martinez,Consumer,0,2021-03-17
CUST_001328,Jennifer Anderson,Consumer,0,2019-08-11
CUST_001329,Michael Martinez,Consumer,0,2020-10-09
CUST_001330,Patricia Miller,Corporate,1,2020-09-28
CUST_001331,Richard Williams,Consumer,0,2020-08-27
CUST_001332,William Johnson,Consumer,0,2020-12-05
CUST_001333,William Smith,Consumer,1,2021-10-15
CUST_001334,David Wilson,Consumer,0,2021-02-11
CUST_001335,William Williams,Consumer,0,2020-01-22
CUST_001336,Linda Martinez,Small Business,0,2019-03-08
CUST_001337,Linda Anderson,Corporate,0,2019-04-17
CUST_001338,Susan Williams,Consumer,0,2022-05-11
CUST_001339,Karen Williams,Corporate,0,2022-08-04
CUST_001340,Barbara Davis,Consumer,0,2021-05-20
CUST_001341,Karen Lopez,Corporate,1,2019-04-12
CUST_001342,William Gonzalez,Corporate,0,2020-07-28
CUST_001343,Charles Davis,VIP Loyalty,1,2023-10-28
CUST_001344,Christopher Johnson,Consumer,1,2020-09-01
CUST_001345,Susan Gonzalez,Consumer,1,2019-01-24
CUST_001346,Richard Wilson,Small Business,1,2020-01-11
CUST_001347,Linda Brown,Consumer,0,2021-05-17
CUST_001348,David Smith,Consumer,0,2021-12-15
CUST_001349,Sarah Anderson,Consumer,0,2019-07-15
CUST_001350,Karen Martinez,Corporate,1,2019-06-12
CUST_001351,David Gonzalez,Corporate,0,2019-03-02
CUST_001352,Nancy Brown,Corporate,0,2019-02-25
CUST_001353,Daniel Jones,Consumer,0,2023-04-15
CUST_001354,James Garcia,Corporate,1,2022-02-15
CUST_001355,William Johnson,Small Business,1,2019-11-25
CUST_001356,David Smith,Consumer,0,2023-03-15
CUST_001357,Robert Miller,Consumer,1,2021-09-26
CUST_001358,William Miller,Corporate,0,2021-05-16
CUST_001359,William Gonzalez,Consumer,0,2022-01-06
CUST_001360,Patricia Smith,Consumer,0,2023-08-23
CUST_001361,Richard Anderson,Consumer,0,2019-08-04
CUST_001362,Charles Rodriguez,Consumer,0,2019-12-11
CUST_001363,Barbara Wilson,Consumer,0,2023-04-25
CUST_001364,Barbara Jones,Consumer,0,2020-09-03
CUST_001365,Karen Smith,Corporate,1,2021-08-05
CUST_001366,Robert Rodriguez,VIP Loyalty,1,2019-06-18
CUST_001367,Jessica Smith,Consumer,0,2020-10-25
CUST_001368,Jessica Anderson,Consumer,0,2023-08-15
CUST_001369,Daniel Anderson,Consumer,0,2021-10-03
CUST_001370,Daniel Smith,Consumer,1,2023-10-01
CUST_001371,Patricia Anderson,Corporate,0,2019-07-23
CUST_001372,Karen Anderson,Consumer,1,2021-08-13
CUST_001373,Lisa Hernandez,Corporate,1,2019-11-28
CUST_001374,William Brown,Corporate,0,2022-10-05
CUST_001375,Sarah Anderson,Consumer,0,2022-05-14
CUST_001376,Barbara Miller,Corporate,1,2020-09-10
CUST_001377,Elizabeth Gonzalez,Consumer,0,2021-02-11
CUST_001378,Joseph Jones,Consumer,0,2022-09-07
CUST_001379,Elizabeth Gonzalez,Consumer,0,2023-08-12
CUST_001380,Nancy Davis,Consumer,1,2019-06-17
CUST_001381,Sarah Hernandez,Corporate,0,2020-11-25
CUST_001382,Richard Rodriguez,VIP Loyalty,1,2019-10-03
CUST_001383,John Smith,Consumer,0,2020-09-03
CUST_001384,Joseph Davis,Small Business,0,2023-01-20
CUST_001385,Charles Smith,Consumer,1,2020-03-11
CUST_001386,Joseph Garcia,Consumer,0,2020-06-26
CUST_001387,Sarah Lopez,Consumer,0,2021-05-24
CUST_001388,Jennifer Wilson,Consumer,1,2023-11-12
CUST_001389,Charles Williams,Small Business,0,2020-12-14
CUST_001390,Lisa Johnson,Consumer,0,2019-04-12
CUST_001391,Richard Gonzalez,Consumer,0,2019-03-15
CUST_001392,Mary Rodriguez,Consumer,1,2021-11-25
CUST_001393,Sarah Garcia,Corporate,0,2021-07-04
CUST_001394,William Jones,Corporate,0,2020-03-24
CUST_001395,Joseph Martinez,Small Business,1,2019-09-19
CUST_001396,Robert Miller,Consumer,0,2022-10-07
CUST_001397,Lisa Johnson,Consumer,1,2019-04-27
CUST_001398,David Jones,Corporate,0,2021-09-15
CUST_001399,Susan Gonzalez,Consumer,1,2022-08-09
CUST_001400,Elizabeth Brown,Consumer,1,2021-01-07
CUST_001401,Elizabeth Rodriguez,Small Business,0,2019-03-22
CUST_001402,Daniel Wilson,Corporate,0,2022-02-24
CUST_001403,Robert Garcia,Consumer,0,2020-01-24
CUST_001404,Patricia Gonzalez,Consumer,0,2021-10-27
CUST_001405,Thomas Brown,VIP Loyalty,1,2020-05-13
CUST_001406,William Hernandez,Consumer,0,2023-06-24
CUST_001407,Nancy Jones,Consumer,0,2020-05-26
CUST_001408,Patricia Johnson,Consumer,1,2020-02-17
CUST_001409,Christopher Lopez,Corporate,0,2019-06-25
CUST_001410,Richard Hernandez,Small Business,0,2019-09-17
CUST_001411,Jessica Davis,VIP Loyalty,1,2019-12-05
CUST_001412,Lisa Garcia,Consumer,0,2020-10-03
CUST_001413,Thomas Williams,Consumer,0,2020-09-24
CUST_001414,Thomas Lopez,Consumer,0,2019-12-28
CUST_001415,Karen Johnson,Small Business,1,2022-01-18
CUST_001416,Robert Wilson,Consumer,0,2021-07-20
CUST_001417,Jennifer Davis,VIP Loyalty,1,2020-01-24
CUST_001418,Lisa Rodriguez,Consumer,0,2019-12-15
CUST_001419,Charles Hernandez,Corporate,0,2021-12-14
CUST_001420,William Hernandez,VIP Loyalty,1,2023-05-10
CUST_001421,Jessica Miller,VIP Loyalty,1,2022-07-25
CUST_001422,David Brown,Consumer,0,2019-11-03
CUST_001423,William Garcia,Consumer,0,2021-11-05
CUST_001424,Susan Smith,Consumer,1,2023-10-25
CUST_001425,Patricia Williams,VIP Loyalty,1,2023-10-22
CUST_001426,Daniel Martinez,Consumer,1,2022-04-11
CUST_001427,Robert Johnson,Consumer,0,2023-09-13
CUST_001428,David Gonzalez,Consumer,0,2020-12-08
CUST_001429,David Wilson,Corporate,1,2021-04-13
CUST_001430,Charles Miller,Consumer,0,2020-07-02
CUST_001431,Sarah Johnson,Consumer,1,2021-01-07
CUST_001432,Jessica Wilson,Consumer,0,2023-11-16
CUST_001433,Charles Smith,Small Business,0,2019-09-18
CUST_001434,Thomas Anderson,Consumer,0,2023-11-04
CUST_001435,Patricia Williams,VIP Loyalty,1,2019-01-07
CUST_001436,Patricia Miller,Consumer,0,2021-05-20
CUST_001437,Sarah Hernandez,Consumer,1,2022-10-08
CUST_001438,Joseph Jones,Consumer,0,2022-03-21
CUST_001439,Patricia Anderson,Consumer,1,2020-08-23
CUST_001440,Sarah Smith,Consumer,1,2021-12-01
CUST_001441,John Williams,Consumer,1,2019-04-26
CUST_001442,Patricia Smith,Consumer,0,2021-07-21
CUST_001443,William Miller,Consumer,0,2023-10-09
CUST_001444,John Garcia,Corporate,0,2022-03-01
CUST_001445,Karen Gonzalez,Consumer,0,2019-09-27
CUST_001446,Susan Lopez,Consumer,0,2019-12-23
CUST_001447,Charles Garcia,Corporate,1,2023-06-16
CUST_001448,Jessica Wilson,Corporate,0,2020-09-13
CUST_001449,John Hernandez,Consumer,1,2022-03-23
CUST_001450,Richard Gonzalez,Corporate,0,2023-08-03
CUST_001451,Michael Davis,Small Business,0,2022-02-24
CUST_001452,Christopher Miller,Consumer,0,2023-08-15
CUST_001453,Karen Brown,Small Business,1,2023-06-02
CUST_001454,James Brown,Consumer,0,2019-01-08
CUST_001455,Karen Jones,Consumer,0,2020-07-18
CUST_001456,Karen Martinez,Consumer,0,2021-12-19
CUST_001457,William Martinez,Consumer,0,2023-03-02
CUST_001458,James Johnson,Consumer,0,2023-03-25
CUST_001459,Joseph Garcia,Consumer,0,2023-07-20
CUST_001460,Linda Martinez,Small Business,1,2019-02-19
CUST_001461,Susan Brown,VIP Loyalty,1,2020-06-17
CUST_001462,Jennifer Brown,Small Business,0,2021-02-26
CUST_001463,Lisa Brown,Small Business,0,2023-09-01
CUST_001464,Richard Brown,Consumer,0,2021-05-07
CUST_001465,James Anderson,Consumer,0,2019-06-28
CUST_001466,Nancy Johnson,Consumer,0,2019-10-16
CUST_001467,Patricia Hernandez,VIP Loyalty,1,2021-11-20
CUST_001468,James Williams,Consumer,1,2019-11-17
CUST_001469,Barbara Rodriguez,Consumer,1,2023-11-01
CUST_001470,James Lopez,Consumer,0,2021-02-17
CUST_001471,Sarah Smith,VIP Loyalty,1,2023-08-03
CUST_001472,Robert Miller,Corporate,1,2023-01-15
CUST_001473,Sarah Gonzalez,Corporate,1,2019-07-14
CUST_001474,David Jones,Consumer,0,2021-04-16
CUST_001475,Barbara Smith,VIP Loyalty,1,2021-09-13
CUST_001476,Linda Davis,Consumer,1,2021-01-25
CUST_001477,Nancy Johnson,Consumer,1,2020-02-07
CUST_001478,Patricia Gonzalez,Corporate,1,2021-05-14
CUST_001479,John Miller,VIP Loyalty,1,2020-07-27
CUST_001480,Nancy Martinez,Consumer,1,2020-07-05
CUST_001481,Nancy Smith,Consumer,1,2019-04-02
CUST_001482,Lisa Johnson,Consumer,1,2023-08-27
CUST_001483,James Smith,Consumer,1,2023-09-27
CUST_001484,Michael Miller,Corporate,0,2019-09-06
CUST_001485,Charles Jones,Corporate,0,2023-08-11
CUST_001486,Sarah Davis,Consumer,0,2019-05-13
CUST_001487,James Miller,VIP Loyalty,1,2021-07-04
CUST_001488,John Anderson,Consumer,1,2020-11-11
CUST_001489,Thomas Lopez,Consumer,0,2020-12-25
CUST_001490,Charles Williams,Consumer,0,2019-11-19
CUST_001491,Richard Martinez,Small Business,1,2023-01-05
CUST_001492,Robert Wilson,Corporate,0,2022-07-20
CUST_001493,Charles Anderson,Consumer,0,2019-05-13
CUST_001494,Susan Miller,Consumer,0,2023-07-27
CUST_001495,Jennifer Martinez,Consumer,0,2021-02-28
CUST_001496,Charles Smith,Consumer,0,2023-02-08
CUST_001497,Jennifer Miller,Consumer,0,2021-12-08
CUST_001498,Nancy Brown,VIP Loyalty,1,2019-10-02
CUST_001499,Jessica Anderson,Corporate,0,2021-03-28
CUST_001500,Linda Wilson,Consumer,0,2020-08-19
CUST_001501,Sarah Rodriguez,Consumer,1,2023-02-10
CUST_001502,James Brown,Consumer,0,2019-12-06
CUST_001503,James Martinez,Corporate,1,2023-02-06
CUST_001504,Sarah Brown,Consumer,1,2023-07-11
CUST_001505,Michael Smith,Consumer,0,2021-09-13
CUST_001506,Joseph Miller,Consumer,0,2019-05-26
CUST_001507,John Miller,Corporate,0,2021-10-02
CUST_001508,Jennifer Davis,Consumer,0,2021-06-13
CUST_001509,Christopher Smith,Consumer,1,2019-04-10
CUST_001510,John Hernandez,Corporate,1,2019-12-23
CUST_001511,James Anderson,Consumer,0,2023-12-05
CUST_001512,Robert Anderson,Corporate,0,2022-11-03
CUST_001513,Michael Smith,Corporate,0,2019-08-05
CUST_001514,Mary Smith,Corporate,1,2020-01-02
CUST_001515,Michael Miller,Corporate,0,2022-03-11
CUST_001516,Barbara Rodriguez,Consumer,0,2022-02-04
CUST_001517,Nancy Garcia,Consumer,0,2021-05-22
CUST_001518,Thomas Wilson,Small Business,0,2020-03-11
CUST_001519,Mary Davis,Small Business,0,2021-06-16
CUST_001520,Sarah Miller,Small Business,1,2020-09-07
CUST_001521,Joseph Lopez,Consumer,0,2020-10-16
CUST_001522,Daniel Gonzalez,Corporate,0,2020-10-24
CUST_001523,Barbara Rodriguez,Consumer,0,2020-02-18
CUST_001524,Patricia Anderson,Consumer,0,2021-07-09
CUST_001525,Linda Williams,Corporate,0,2023-02-16
CUST_001526,Karen Garcia,Corporate,1,2020-11-26
CUST_001527,Thomas Davis,Small Business,1,2021-11-18
CUST_001528,Joseph Jones,Consumer,1,2019-11-23
CUST_001529,John Brown,Corporate,0,2023-06-09
CUST_001530,Barbara Anderson,Consumer,0,2019-03-19
CUST_001531,Daniel Miller,Small Business,1,2021-08-16
CUST_001532,Daniel Miller,Consumer,0,2021-03-15
CUST_001533,James Miller,Consumer,1,2023-10-23
CUST_001534,Richard Hernandez,Corporate,1,2022-06-20
CUST_001535,Daniel Williams,Consumer,0,2020-11-21
CUST_001536,Joseph Davis,Consumer,0,2023-07-13
CUST_001537,Lisa Anderson,Consumer,1,2023-06-15
CUST_001538,Jessica Davis,Consumer,0,2019-09-17
CUST_001539,Thomas Smith,Small Business,0,2022-10-23
CUST_001540,Charles Gonzalez,Consumer,1,2020-08-06
CUST_001541,John Garcia,Consumer,0,2022-07-11
CUST_001542,Michael Brown,Consumer,1,2022-12-05
CUST_001543,Daniel Gonzalez,Corporate,0,2021-10-05
CUST_001544,Charles Jones,Consumer,0,2021-07-17
CUST_001545,William Jones,Consumer,1,2023-03-27
CUST_001546,Linda Brown,Consumer,1,2023-03-22
CUST_001547,Linda Gonzalez,Consumer,0,2023-12-11
CUST_001548,Mary Johnson,Consumer,1,2021-04-23
CUST_001549,Sarah Brown,Corporate,1,2021-01-26
CUST_001550,Lisa Rodriguez,Consumer,1,2022-02-24
CUST_001551,Mary Rodriguez,Corporate,0,2022-03-12
CUST_001552,Nancy Miller,Consumer,0,2020-12-21
CUST_001553,Elizabeth Martinez,Consumer,1,2020-09-20
CUST_001554,Charles Wilson,Consumer,1,2023-08-07
CUST_001555,Jennifer Hernandez,Consumer,0,2020-09-25
CUST_001556,Christopher Wilson,Corporate,1,2020-11-12
CUST_001557,Michael Smith,Consumer,0,2020-03-28
CUST_001558,James Wilson,Small Business,1,2019-08-12
CUST_001559,Nancy Rodriguez,Consumer,0,2022-12-01
CUST_001560,Charles Garcia,Consumer,0,2022-07-23
CUST_001561,Patricia Brown,Consumer,0,2023-05-24
CUST_001562,William Johnson,Consumer,1,2019-04-26
CUST_001563,Daniel Johnson,Consumer,0,2020-07-09
CUST_001564,Nancy Martinez,Corporate,0,2020-09-23
CUST_001565,Thomas Lopez,Consumer,1,2022-03-01
CUST_001566,Daniel Anderson,Small Business,1,2023-04-06
CUST_001567,David Davis,Small Business,1,2023-12-01
CUST_001568,Karen Hernandez,Small Business,0,2019-08-11
CUST_001569,Patricia Lopez,Corporate,1,2020-04-02
CUST_001570,Christopher Johnson,Consumer,1,2021-10-17
CUST_001571,Susan Garcia,Consumer,0,2019-12-19
CUST_001572,Jessica Garcia,Consumer,1,2023-05-11
CUST_001573,Michael Rodriguez,Consumer,1,2023-11-26
CUST_001574,Patricia Williams,Consumer,0,2023-05-20
CUST_001575,Nancy Jones,Consumer,0,2023-06-27
CUST_001576,Elizabeth Martinez,Consumer,0,2020-06-17
CUST_001577,Robert Martinez,Consumer,1,2021-09-27
CUST_001578,Charles Johnson,Small Business,1,2021-04-03
CUST_001579,Elizabeth Johnson,Consumer,0,2021-05-19
CUST_001580,Mary Rodriguez,Consumer,0,2021-03-27
CUST_001581,James Brown,Corporate,1,2021-07-23
CUST_001582,Jennifer Smith,Consumer,0,2023-08-25
CUST_001583,Joseph Miller,Consumer,1,2023-05-10
CUST_001584,Lisa Lopez,Consumer,1,2023-10-28
CUST_001585,Elizabeth Anderson,Small Business,0,2023-02-26
CUST_001586,Thomas Garcia,Consumer,0,2023-08-16
CUST_001587,David Garcia,Consumer,0,2023-10-05
CUST_001588,Susan Smith,Consumer,1,2020-07-10
CUST_001589,Karen Miller,Corporate,1,2022-12-17
CUST_001590,Jessica Brown,Consumer,0,2022-05-10
CUST_001591,Nancy Johnson,Consumer,0,2019-10-03
CUST_001592,Elizabeth Hernandez,Consumer,0,2022-08-21
CUST_001593,Michael Rodriguez,Consumer,1,2023-11-05
CUST_001594,Patricia Garcia,Consumer,0,2020-08-24
CUST_001595,Mary Gonzalez,Consumer,0,2021-05-05
CUST_001596,Robert Williams,Small Business,0,2022-12-28
CUST_001597,Sarah Martinez,Corporate,0,2020-08-17
CUST_001598,Linda Miller,Corporate,0,2021-10-12
CUST_001599,Jessica Anderson,Small Business,1,2022-04-05
CUST_001600,Jessica Rodriguez,Corporate,1,2021-07-10
CUST_001601,William Brown,Corporate,0,2019-09-13
CUST_001602,James Johnson,Consumer,0,2021-07-06
CUST_001603,Sarah Williams,Small Business,0,2020-10-13
CUST_001604,Barbara Anderson,Consumer,0,2022-12-24
CUST_001605,Robert Jones,Corporate,0,2021-08-22
CUST_001606,Mary Johnson,Small Business,0,2019-06-15
CUST_001607,Robert Lopez,Consumer,0,2021-03-16
CUST_001608,Charles Williams,Corporate,0,2020-10-18
CUST_001609,John Martinez,VIP Loyalty,1,2021-07-25
CUST_001610,Barbara Anderson,Consumer,1,2019-05-21
CUST_001611,Charles Jones,Consumer,0,2022-08-07
CUST_001612,Joseph Wilson,Consumer,0,2023-10-18
CUST_001613,Patricia Davis,Consumer,1,2023-09-26
CUST_001614,David Lopez,Consumer,1,2020-05-01
CUST_001615,Jessica Anderson,Corporate,0,2020-12-21
CUST_001616,Susan Hernandez,Small Business,0,2019-12-06
CUST_001617,Charles Hernandez,Small Business,0,2021-09-25
CUST_001618,Lisa Rodriguez,Consumer,1,2023-05-04
CUST_001619,Mary Lopez,Consumer,0,2021-01-20
CUST_001620,Joseph Johnson,Consumer,0,2020-11-27
CUST_001621,Lisa Williams,Consumer,1,2023-08-19
CUST_001622,Daniel Lopez,Small Business,0,2022-12-13
CUST_001623,Barbara Williams,VIP Loyalty,1,2023-06-24
CUST_001624,Charles Williams,Corporate,0,2021-04-06
CUST_001625,Linda Hernandez,Consumer,0,2023-05-22
CUST_001626,Elizabeth Miller,Consumer,0,2023-04-06
CUST_001627,Michael Jones,Consumer,0,2021-01-04
CUST_001628,Charles Lopez,Consumer,0,2022-10-20
CUST_001629,Linda Hernandez,Corporate,1,2023-04-14
CUST_001630,Joseph Garcia,Consumer,1,2021-11-05
CUST_001631,Richard Smith,Consumer,0,2023-08-25
CUST_001632,Linda Davis,Consumer,1,2022-11-20
CUST_001633,Joseph Anderson,Consumer,1,2019-12-25
CUST_001634,Elizabeth Gonzalez,Consumer,1,2019-02-07
CUST_001635,Joseph Davis,Corporate,0,2023-09-24
CUST_001636,Lisa Anderson,Corporate,0,2019-08-23
CUST_001637,Richard Anderson,Corporate,0,2021-05-21
CUST_001638,Michael Anderson,Consumer,1,2019-12-18
CUST_001639,Jessica Lopez,Consumer,0,2021-10-22
CUST_001640,James Martinez,Corporate,0,2023-12-09
CUST_001641,Lisa Anderson,Consumer,1,2023-07-08
CUST_001642,Robert Rodriguez,Consumer,1,2022-08-17
CUST_001643,Linda Jones,VIP Loyalty,1,2021-01-20
CUST_001644,Mary Brown,Consumer,1,2019-09-03
CUST_001645,Barbara Williams,Consumer,1,2020-06-27
CUST_001646,Jennifer Gonzalez,Consumer,0,2023-01-21
CUST_001647,Charles Johnson,Consumer,0,2023-12-16
CUST_001648,Christopher Johnson,Consumer,0,2023-03-12
CUST_001649,Daniel Jones,Corporate,1,2020-08-09
CUST_001650,Patricia Jones,Corporate,0,2023-03-17
CUST_001651,David Rodriguez,Consumer,1,2022-04-21
CUST_001652,Karen Johnson,Small Business,0,2023-06-24
CUST_001653,David Davis,Consumer,0,2022-07-12
CUST_001654,Barbara Anderson,VIP Loyalty,1,2021-01-21
CUST_001655,Joseph Wilson,VIP Loyalty,1,2020-04-27
CUST_001656,Daniel Gonzalez,Corporate,0,2019-05-25
CUST_001657,Lisa Brown,Consumer,0,2020-04-05
CUST_001658,Robert Hernandez,Consumer,0,2019-06-04
CUST_001659,Mary Wilson,Small Business,1,2021-05-18
CUST_001660,Barbara Jones,Consumer,1,2020-03-03
CUST_001661,William Brown,Consumer,0,2020-09-09
CUST_001662,Robert Anderson,Corporate,0,2021-06-04
CUST_001663,Lisa Anderson,Corporate,1,2021-05-01
CUST_001664,William Smith,Consumer,0,2020-05-26
CUST_001665,Daniel Wilson,Consumer,0,2021-09-24
CUST_001666,Elizabeth Brown,Consumer,1,2023-01-02
CUST_001667,Charles Wilson,Consumer,0,2020-11-15
CUST_001668,Susan Jones,Consumer,0,2022-09-03
CUST_001669,Charles Johnson,Consumer,0,2023-09-28
CUST_001670,Michael Davis,Corporate,0,2023-01-06
CUST_001671,Richard Wilson,Small Business,0,2021-10-27
CUST_001672,Joseph Hernandez,Corporate,0,2023-05-04
CUST_001673,Richard Rodriguez,Consumer,0,2023-07-01
CUST_001674,Barbara Jones,Consumer,0,2022-12-14
CUST_001675,Mary Johnson,Consumer,0,2022-07-26
CUST_001676,Jessica Martinez,Small Business,0,2021-11-21
CUST_001677,Karen Williams,Consumer,0,2023-07-23
CUST_001678,Sarah Wilson,Consumer,1,2022-07-02
CUST_001679,John Miller,Consumer,0,2021-12-17
CUST_001680,Charles Jones,Small Business,0,2021-11-16
CUST_001681,Joseph Smith,Consumer,0,2022-06-22
CUST_001682,Daniel Jones,Corporate,0,2020-08-01
CUST_001683,Barbara Johnson,Consumer,0,2019-10-03
CUST_001684,Michael Lopez,Small Business,0,2019-12-09
CUST_001685,Elizabeth Garcia,Consumer,1,2022-05-13
CUST_001686,Joseph Garcia,Consumer,0,2020-12-28
CUST_001687,Mary Martinez,Small Business,0,2021-08-07
CUST_001688,James Lopez,Corporate,0,2019-04-17
CUST_001689,Lisa Jones,Corporate,0,2022-12-12
CUST_001690,Charles Rodriguez,Corporate,1,2020-12-11
CUST_001691,Richard Hernandez,Corporate,1,2022-08-09
CUST_001692,Michael Wilson,Consumer,1,2023-05-15
CUST_001693,John Miller,Consumer,1,2023-03-12
CUST_001694,Karen Brown,Consumer,1,2021-02-12
CUST_001695,Robert Garcia,Corporate,0,2020-03-04
CUST_001696,Jennifer Davis,Corporate,0,2023-12-25
CUST_001697,Karen Martinez,Consumer,1,2023-05-14
CUST_001698,William Smith,Small Business,0,2021-06-22
CUST_001699,Barbara Miller,Corporate,1,2023-09-14
CUST_001700,Linda Wilson,Consumer,1,2022-04-26
CUST_001701,Christopher Gonzalez,Consumer,0,2023-10-03
CUST_001702,Christopher Williams,Corporate,0,2019-06-26
CUST_001703,Karen Brown,Consumer,1,2020-01-26
CUST_001704,Charles Lopez,Consumer,0,2020-06-14
CUST_001705,Linda Davis,Consumer,1,2019-08-02
CUST_001706,Jessica Gonzalez,Corporate,1,2022-01-01
CUST_001707,Barbara Brown,Consumer,0,2021-07-24
CUST_001708,Nancy Garcia,Consumer,1,2020-11-13
CUST_001709,Jennifer Davis,Consumer,1,2022-08-27
CUST_001710,Jennifer Wilson,Corporate,0,2023-05-08
CUST_001711,Christopher Smith,Consumer,1,2022-09-02
CUST_001712,Patricia Johnson,Consumer,0,2019-05-10
CUST_001713,Robert Smith,Consumer,1,2019-08-12
CUST_001714,Susan Wilson,VIP Loyalty,1,2023-03-28
CUST_001715,Susan Rodriguez,Consumer,1,2020-08-14
CUST_001716,Nancy Lopez,Consumer,0,2021-12-23
CUST_001717,Sarah Williams,Corporate,1,2020-05-07
CUST_001718,David Martinez,Consumer,1,2020-01-13
CUST_001719,Elizabeth Rodriguez,Consumer,1,2022-10-24
CUST_001720,Jennifer Garcia,Corporate,1,2022-02-27
CUST_001721,Lisa Lopez,Consumer,1,2019-08-14
CUST_001722,James Miller,Consumer,1,2020-11-04
CUST_001723,Karen Johnson,Corporate,0,2023-08-12
CUST_001724,William Garcia,VIP Loyalty,1,2020-07-08
CUST_001725,Lisa Wilson,Small Business,1,2019-09-12
CUST_001726,Thomas Gonzalez,Consumer,0,2021-05-25
CUST_001727,Jessica Rodriguez,Consumer,0,2019-07-28
CUST_001728,David Lopez,Consumer,0,2020-04-08
CUST_001729,Linda Gonzalez,Corporate,0,2022-04-28
CUST_001730,John Wilson,VIP Loyalty,1,2023-07-19
CUST_001731,Nancy Jones,VIP Loyalty,1,2022-10-20
CUST_001732,James Wilson,Small Business,1,2023-04-02
CUST_001733,Elizabeth Garcia,Small Business,0,2022-11-09
CUST_001734,David Martinez,VIP Loyalty,1,2019-01-21
CUST_001735,William Miller,Consumer,0,2019-04-15
CUST_001736,James Garcia,Consumer,0,2019-12-04
CUST_001737,Nancy Gonzalez,Corporate,1,2021-09-25
CUST_001738,Lisa Martinez,Consumer,1,2022-03-12
CUST_001739,Sarah Jones,Consumer,1,2021-04-23
CUST_001740,Jessica Anderson,Consumer,1,2019-08-13
CUST_001741,Karen Martinez,Consumer,1,2022-01-25
CUST_001742,Joseph Johnson,Consumer,0,2019-04-09
CUST_001743,Robert Miller,Corporate,0,2019-09-19
CUST_001744,James Smith,Consumer,1,2021-06-01
CUST_001745,Susan Williams,Corporate,1,2021-12-23
CUST_001746,Patricia Brown,Consumer,0,2020-04-24
CUST_001747,Jennifer Wilson,VIP Loyalty,1,2023-07-18
CUST_001748,Karen Martinez,Consumer,0,2023-04-10
CUST_001749,Richard Johnson,Consumer,0,2023-12-10
CUST_001750,James Wilson,Consumer,0,2020-12-09
CUST_001751,John Garcia,Consumer,0,2022-10-02
CUST_001752,Linda Martinez,Consumer,1,2019-05-18
CUST_001753,Jennifer Miller,Consumer,1,2023-08-28
CUST_001754,Jessica Davis,Consumer,1,2023-12-15
CUST_001755,William Anderson,Small Business,0,2023-11-22
CUST_001756,Charles Davis,Corporate,0,2019-09-13
CUST_001757,Daniel Garcia,Consumer,1,2019-10-13
CUST_001758,Robert Rodriguez,Consumer,0,2021-05-24
CUST_001759,Sarah Jones,Consumer,0,2023-09-20
CUST_001760,Daniel Garcia,Consumer,0,2022-03-07
CUST_001761,Elizabeth Miller,Consumer,1,2019-01-06
CUST_001762,Robert Rodriguez,Corporate,0,2023-12-07
CUST_001763,Joseph Williams,Consumer,0,2022-03-27
CUST_001764,Linda Miller,Small Business,0,2019-07-13
CUST_001765,James Garcia,VIP Loyalty,1,2020-11-26
CUST_001766,Lisa Miller,VIP Loyalty,1,2019-04-05
CUST_001767,Daniel Wilson,Consumer,0,2019-11-26
CUST_001768,Daniel Johnson,Corporate,0,2022-10-26
CUST_001769,Elizabeth Jones,Consumer,1,2021-08-09
CUST_001770,Robert Gonzalez,Small Business,0,2020-12-02
CUST_001771,Elizabeth Brown,Consumer,1,2021-10-15
CUST_001772,Robert Rodriguez,Corporate,0,2019-06-18
CUST_001773,Susan Williams,Consumer,1,2021-10-17
CUST_001774,David Davis,Consumer,1,2023-08-28
CUST_001775,David Smith,Consumer,1,2020-03-16
CUST_001776,Linda Gonzalez,Consumer,0,2019-06-26
CUST_001777,Thomas Davis,Corporate,0,2021-05-09
CUST_001778,Richard Smith,Small Business,0,2022-04-10
CUST_001779,Jennifer Hernandez,Small Business,0,2021-01-10
CUST_001780,Joseph Miller,Consumer,0,2021-01-21
CUST_001781,Susan Johnson,Corporate,0,2021-12-22
CUST_001782,Robert Martinez,VIP Loyalty,1,2023-03-19
CUST_001783,David Garcia,Consumer,0,2023-12-10
CUST_001784,John Brown,Consumer,1,2021-03-11
CUST_001785,Barbara Hernandez,Small Business,0,2019-09-10
CUST_001786,John Williams,Corporate,1,2021-10-24
CUST_001787,David Davis,Consumer,1,2022-11-21
CUST_001788,Barbara Johnson,Corporate,0,2022-05-14
CUST_001789,Sarah Anderson,Consumer,0,2023-09-27
CUST_001790,Linda Lopez,Corporate,1,2022-03-26
CUST_001791,Karen Garcia,Consumer,0,2022-07-15
CUST_001792,John Martinez,Corporate,0,2021-11-16
CUST_001793,Robert Jones,Consumer,1,2020-08-05
CUST_001794,Michael Anderson,Consumer,1,2019-04-04
CUST_001795,Jessica Davis,Consumer,0,2023-04-06
CUST_001796,Robert Wilson,Consumer,0,2022-04-12
CUST_001797,Lisa Martinez,Corporate,0,2023-02-01
CUST_001798,Christopher Anderson,Corporate,0,2021-12-04
CUST_001799,James Brown,Corporate,1,2021-08-24
CUST_001800,Robert Wilson,Consumer,1,2022-06-17
CUST_001801,Michael Hernandez,Consumer,1,2021-01-25
CUST_001802,Elizabeth Brown,Corporate,0,2019-08-27
CUST_001803,Richard Hernandez,Consumer,0,2020-05-18
CUST_001804,John Hernandez,Consumer,0,2021-07-18
CUST_001805,Susan Garcia,Small Business,0,2019-11-27
CUST_001806,Robert Jones,Corporate,1,2020-06-14
CUST_001807,David Brown,Corporate,0,2019-08-03
CUST_001808,Jessica Hernandez,Corporate,0,2019-05-22
CUST_001809,Jessica Williams,Consumer,1,2019-10-28
CUST_001810,Christopher Martinez,Consumer,0,2020-01-10
CUST_001811,Michael Williams,Consumer,0,2022-12-19
CUST_001812,Sarah Anderson,Small Business,1,2020-12-16
CUST_001813,Michael Davis,Small Business,1,2022-08-15
CUST_001814,Barbara Hernandez,Corporate,0,2023-04-17
CUST_001815,Charles Hernandez,VIP Loyalty,1,2019-07-26
CUST_001816,Michael Brown,Small Business,0,2023-10-18
CUST_001817,Michael Jones,VIP Loyalty,1,2023-07-25
CUST_001818,Lisa Garcia,Consumer,0,2019-04-24
CUST_001819,Daniel Williams,Corporate,1,2022-01-10
CUST_001820,Thomas Garcia,Consumer,1,2022-05-23
CUST_001821,Jennifer Lopez,Consumer,0,2019-01-10
CUST_001822,Michael Gonzalez,Small Business,0,2020-06-06
CUST_001823,Richard Miller,VIP Loyalty,1,2020-01-13
CUST_001824,Christopher Lopez,Consumer,0,2020-04-02
CUST_001825,Robert Johnson,VIP Loyalty,1,2021-09-25
CUST_001826,David Garcia,Consumer,1,2023-04-16
CUST_001827,Nancy Garcia,Corporate,1,2020-07-20
CUST_001828,Richard Anderson,Corporate,0,2020-05-14
CUST_001829,Karen Rodriguez,Consumer,0,2021-08-28
CUST_001830,Elizabeth Rodriguez,Small Business,1,2019-02-10
CUST_001831,Christopher Brown,Corporate,0,2022-01-09
CUST_001832,Charles Gonzalez,Small Business,0,2023-08-16
CUST_001833,James Miller,Consumer,0,2023-07-19
CUST_001834,James Rodriguez,Consumer,0,2021-08-28
CUST_001835,Elizabeth Rodriguez,Small Business,0,2019-07-20
CUST_001836,Jessica Jones,Consumer,0,2023-06-28
CUST_001837,Robert Smith,Consumer,0,2023-08-05
CUST_001838,Sarah Garcia,Consumer,0,2023-06-15
CUST_001839,Michael Wilson,Corporate,1,2023-12-11
CUST_001840,Richard Anderson,Consumer,0,2023-11-20
CUST_001841,Elizabeth Gonzalez,Corporate,0,2022-10-13
CUST_001842,Barbara Anderson,VIP Loyalty,1,2021-06-21
CUST_001843,Richard Lopez,VIP Loyalty,1,2020-05-25
CUST_001844,Mary Miller,VIP Loyalty,1,2022-03-11
CUST_001845,Jessica Smith,Consumer,0,2019-07-16
CUST_001846,John Gonzalez,Consumer,1,2022-12-18
CUST_001847,Robert Miller,Consumer,0,2022-08-19
CUST_001848,Joseph Smith,VIP Loyalty,1,2020-02-02
CUST_001849,Robert Gonzalez,Corporate,1,2020-05-18
CUST_001850,Christopher Martinez,Small Business,1,2022-05-27
CUST_001851,Barbara Martinez,Corporate,0,2019-11-15
CUST_001852,Sarah Smith,Consumer,1,2022-06-22
CUST_001853,Elizabeth Johnson,Consumer,1,2021-10-21
CUST_001854,Jessica Garcia,Consumer,1,2023-02-26
CUST_001855,Nancy Lopez,Consumer,0,2023-10-02
CUST_001856,Linda Garcia,Corporate,0,2023-07-14
CUST_001857,Christopher Wilson,Consumer,1,2022-09-04
CUST_001858,Michael Davis,Consumer,1,2023-09-05
CUST_001859,Joseph Johnson,Consumer,1,2020-08-17
CUST_001860,Richard Davis,Consumer,0,2021-01-02
CUST_001861,Thomas Jones,Corporate,0,2019-08-07
CUST_001862,Christopher Wilson,Consumer,0,2023-05-03
CUST_001863,John Williams,Consumer,0,2021-04-13
CUST_001864,Linda Williams,Small Business,0,2020-11-13
CUST_001865,Daniel Martinez,Consumer,0,2023-10-19
CUST_001866,Linda Johnson,Corporate,1,2020-02-12
CUST_001867,Daniel Garcia,Consumer,0,2021-01-07
CUST_001868,Christopher Jones,Consumer,1,2020-05-24
CUST_001869,Joseph Martinez,Small Business,0,2021-02-06
CUST_001870,Christopher Rodriguez,Consumer,1,2019-08-22
CUST_001871,Thomas Wilson,Consumer,0,2019-12-22
CUST_001872,Charles Williams,Consumer,0,2021-10-22
CUST_001873,Christopher Brown,Consumer,0,2021-07-20
CUST_001874,Sarah Anderson,Consumer,1,2019-04-28
CUST_001875,Richard Williams,Consumer,1,2021-01-26
CUST_001876,Lisa Smith,Consumer,0,2020-05-26
CUST_001877,John Williams,Consumer,0,2021-01-08
CUST_001878,Joseph Smith,Consumer,0,2021-11-14
CUST_001879,Nancy Wilson,VIP Loyalty,1,2020-08-14
CUST_001880,Sarah Garcia,Small Business,1,2020-02-05
CUST_001881,Jennifer Jones,Corporate,1,2019-11-12
CUST_001882,Susan Gonzalez,Consumer,0,2023-08-14
CUST_001883,Robert Martinez,Consumer,0,2020-06-16
CUST_001884,Patricia Lopez,Consumer,0,2023-06-19
CUST_001885,Sarah Miller,Consumer,0,2021-08-06
CUST_001886,Patricia Lopez,Small Business,0,2020-06-14
CUST_001887,Richard Rodriguez,VIP Loyalty,1,2023-02-04
CUST_001888,Mary Williams,Corporate,0,2022-03-10
CUST_001889,James Smith,Consumer,0,2019-11-23
CUST_001890,William Lopez,Corporate,0,2021-11-08
CUST_001891,Daniel Garcia,Corporate,1,2020-01-11
CUST_001892,Mary Rodriguez,Consumer,0,2020-08-14
CUST_001893,Michael Lopez,Consumer,0,2019-05-12
CUST_001894,William Martinez,Consumer,1,2020-04-09
CUST_001895,Patricia Jones,Consumer,0,2019-09-09
CUST_001896,Karen Gonzalez,Consumer,1,2019-04-06
CUST_001897,James Lopez,Corporate,0,2022-01-14
CUST_001898,William Wilson,VIP Loyalty,1,2020-09-04
CUST_001899,Elizabeth Williams,Corporate,0,2022-02-11
CUST_001900,Patricia Davis,Small Business,1,2021-10-05
CUST_001901,Daniel Miller,Consumer,0,2022-10-04
CUST_001902,Joseph Gonzalez,Corporate,0,2021-04-19
CUST_001903,Sarah Martinez,Consumer,0,2020-08-15
CUST_001904,Michael Lopez,Consumer,0,2023-04-14
CUST_001905,Richard Smith,Corporate,0,2021-10-14
CUST_001906,Karen Martinez,Corporate,1,2019-05-17
CUST_001907,William Miller,Consumer,0,2019-06-26
CUST_001908,Christopher Lopez,Consumer,0,2023-02-08
CUST_001909,Richard Miller,Consumer,0,2019-09-06
CUST_001910,Karen Martinez,Corporate,1,2023-08-07
CUST_001911,Richard Gonzalez,Consumer,1,2020-09-19
CUST_001912,Jennifer Garcia,Consumer,1,2019-12-26
CUST_001913,David Smith,Corporate,0,2020-06-22
CUST_001914,Robert Davis,Corporate,0,2022-07-16
CUST_001915,Daniel Gonzalez,Consumer,0,2021-12-18
CUST_001916,Jessica Brown,Consumer,0,2019-10-28
CUST_001917,William Gonzalez,Corporate,0,2021-12-21
CUST_001918,Jennifer Williams,Small Business,1,2022-08-23
CUST_001919,Thomas Garcia,Corporate,0,2020-02-14
CUST_001920,Nancy Lopez,Consumer,1,2020-05-17
CUST_001921,Linda Smith,Corporate,0,2021-12-02
CUST_001922,Joseph Smith,Small Business,0,2022-01-01
CUST_001923,Michael Johnson,Consumer,1,2020-09-13
CUST_001924,Jessica Miller,Small Business,0,2022-08-24
CUST_001925,Karen Gonzalez,Consumer,1,2023-04-22
CUST_001926,Mary Lopez,Consumer,0,2020-03-15
CUST_001927,Karen Martinez,Consumer,1,2020-10-23
CUST_001928,Robert Rodriguez,Consumer,0,2019-11-06
CUST_001929,Elizabeth Johnson,Consumer,0,2023-02-07
CUST_001930,Mary Gonzalez,Consumer,1,2020-11-27
CUST_001931,Mary Anderson,Consumer,0,2022-02-03
CUST_001932,Mary Jones,Consumer,0,2021-04-24
CUST_001933,Karen Miller,Consumer,0,2021-06-16
CUST_001934,John Anderson,Consumer,1,2019-03-17
CUST_001935,Elizabeth Anderson,Small Business,1,2019-08-25
CUST_001936,Sarah Rodriguez,Consumer,1,2022-02-05
CUST_001937,Jessica Wilson,Corporate,0,2019-06-17
CUST_001938,Charles Lopez,Consumer,0,2022-01-08
CUST_001939,Susan Hernandez,Consumer,0,2023-05-14
CUST_001940,Elizabeth Martinez,Corporate,0,2022-08-23
CUST_001941,Mary Hernandez,Consumer,0,2022-11-22
CUST_001942,Thomas Hernandez,Small Business,0,2019-10-28
CUST_001943,Charles Hernandez,Consumer,0,2023-08-06
CUST_001944,Thomas Lopez,Consumer,1,2021-11-14
CUST_001945,Linda Gonzalez,Consumer,0,2022-09-16
CUST_001946,Richard Brown,Corporate,0,2022-08-04
CUST_001947,Mary Martinez,Consumer,0,2020-03-17
CUST_001948,Robert Rodriguez,Corporate,1,2020-08-27
CUST_001949,Joseph Gonzalez,Corporate,0,2023-04-02
CUST_001950,John Anderson,Small Business,0,2020-06-06
CUST_001951,Susan Brown,VIP Loyalty,1,2022-02-27
CUST_001952,Michael Williams,Consumer,0,2019-12-15
CUST_001953,Lisa Anderson,Corporate,0,2019-02-20
CUST_001954,Charles Wilson,Consumer,1,2022-12-12
CUST_001955,William Hernandez,Small Business,0,2020-01-17
CUST_001956,Thomas Brown,Consumer,0,2020-08-13
CUST_001957,Daniel Rodriguez,Consumer,0,2022-07-09
CUST_001958,John Williams,Corporate,0,2023-03-23
CUST_001959,Joseph Hernandez,Corporate,1,2019-02-06
CUST_001960,Christopher Davis,Consumer,0,2021-08-02
CUST_001961,Susan Davis,Corporate,0,2020-08-09
CUST_001962,Daniel Brown,Consumer,0,2019-08-20
CUST_001963,Susan Davis,Consumer,1,2023-06-08
CUST_001964,Daniel Jones,Consumer,0,2022-02-27
CUST_001965,Lisa Rodriguez,Small Business,0,2023-06-16
CUST_001966,Karen Davis,Corporate,0,2022-06-16
CUST_001967,John Smith,Consumer,0,2023-07-18
CUST_001968,Barbara Williams,Consumer,0,2019-04-15
CUST_001969,James Johnson,Consumer,0,2020-03-09
CUST_001970,William Gonzalez,Consumer,1,2023-02-07
CUST_001971,David Davis,Consumer,0,2020-12-17
CUST_001972,Michael Garcia,Corporate,0,2021-04-25
CUST_001973,William Gonzalez,Corporate,1,2022-02-08
CUST_001974,Karen Jones,VIP Loyalty,1,2023-05-21
CUST_001975,Charles Miller,Consumer,0,2021-08-20
CUST_001976,Charles Martinez,Consumer,0,2021-07-15
CUST_001977,Lisa Gonzalez,Corporate,0,2020-07-06
CUST_001978,Robert Brown,Consumer,1,2020-03-05
CUST_001979,Lisa Gonzalez,Consumer,1,2023-02-09
CUST_001980,Thomas Hernandez,Corporate,0,2022-04-21
CUST_001981,Robert Davis,Small Business,0,2022-12-19
CUST_001982,Sarah Davis,Small Business,1,2022-10-12
CUST_001983,David Brown,Corporate,0,2019-04-10
CUST_001984,Robert Hernandez,VIP Loyalty,1,2020-02-21
CUST_001985,James Davis,Consumer,0,2022-09-02
CUST_001986,Daniel Davis,Small Business,1,2021-01-04
CUST_001987,Richard Miller,Consumer,0,2021-06-20
CUST_001988,John Lopez,Consumer,0,2020-12-28
CUST_001989,Elizabeth Williams,VIP Loyalty,1,2023-09-27
CUST_001990,Karen Smith,Small Business,0,2022-10-26
CUST_001991,Joseph Miller,VIP Loyalty,1,2022-09-13
CUST_001992,James Rodriguez,Corporate,1,2022-06-23
CUST_001993,David Anderson,Consumer,1,2022-06-02
CUST_001994,Christopher Williams,Corporate,0,2022-06-06
CUST_001995,Michael Anderson,Small Business,0,2021-06-26
CUST_001996,Mary Gonzalez,Corporate,0,2022-10-12
CUST_001997,Barbara Johnson,Consumer,0,2019-05-24
CUST_001998,Linda Hernandez,Consumer,0,2023-01-23
CUST_001999,Richard Garcia,Small Business,1,2019-06-26
CUST_002000,Michael Martinez,Consumer,1,2022-05-18
CUST_002001,Richard Davis,Consumer,1,2022-09-18
CUST_002002,Susan Garcia,Corporate,1,2020-09-25
CUST_002003,Patricia Smith,Consumer,0,2020-08-14
CUST_002004,Mary Brown,Consumer,1,2019-12-25
CUST_002005,John Jones,Corporate,0,2022-07-24
CUST_002006,Charles Miller,Corporate,0,2020-09-28
CUST_002007,Susan Brown,Corporate,0,2022-01-06
CUST_002008,William Anderson,Consumer,0,2021-02-04
CUST_002009,Charles Lopez,Consumer,0,2020-06-09
CUST_002010,David Jones,Consumer,0,2023-05-21
CUST_002011,Barbara Miller,Small Business,0,2020-05-08
CUST_002012,Barbara Brown,Small Business,1,2019-08-08
CUST_002013,Lisa Davis,Consumer,1,2022-09-24
CUST_002014,Charles Hernandez,Corporate,0,2020-07-28
CUST_002015,Nancy Hernandez,Corporate,1,2022-01-20
CUST_002016,Patricia Davis,Consumer,0,2022-10-23
CUST_002017,Joseph Brown,Consumer,1,2021-04-10
CUST_002018,Christopher Rodriguez,Consumer,1,2021-11-07
CUST_002019,Sarah Brown,Small Business,1,2023-09-14
CUST_002020,David Gonzalez,Small Business,0,2021-07-26
CUST_002021,David Brown,Consumer,0,2021-06-02
CUST_002022,Lisa Davis,Consumer,1,2019-08-14
CUST_002023,William Anderson,VIP Loyalty,1,2020-12-23
CUST_002024,Charles Gonzalez,Small Business,1,2020-02-14
CUST_002025,Richard Garcia,Consumer,1,2019-05-14
CUST_002026,Robert Rodriguez,Consumer,0,2021-07-24
CUST_002027,Joseph Davis,Consumer,0,2020-02-15
CUST_002028,Susan Davis,Corporate,1,2021-10-17
CUST_002029,Nancy Lopez,Consumer,0,2019-03-01
CUST_002030,Charles Miller,Corporate,1,2019-11-24
CUST_002031,Linda Martinez,Small Business,0,2020-10-19
CUST_002032,Karen Smith,Consumer,1,2021-10-02
CUST_002033,Richard Garcia,Consumer,1,2019-04-19
CUST_002034,Nancy Rodriguez,Consumer,1,2019-08-21
CUST_002035,William Wilson,Consumer,0,2019-10-17
CUST_002036,Richard Rodriguez,Corporate,1,2023-08-09
CUST_002037,Barbara Garcia,Corporate,0,2021-06-04
CUST_002038,David Jones,Consumer,0,2021-12-27
CUST_002039,Christopher Wilson,Consumer,0,2020-04-16
CUST_002040,Jennifer Lopez,Consumer,1,2020-09-23
CUST_002041,Robert Lopez,Consumer,0,2022-01-20
CUST_002042,William Smith,Consumer,0,2023-07-09
CUST_002043,Nancy Williams,Consumer,0,2022-03-23
CUST_002044,Michael Brown,Consumer,1,2020-01-28
CUST_002045,Sarah Brown,Consumer,1,2023-09-09
CUST_002046,Karen Rodriguez,Consumer,0,2020-10-14
CUST_002047,Jennifer Johnson,Consumer,0,2021-08-28
CUST_002048,Susan Lopez,Consumer,0,2019-12-07
CUST_002049,Linda Rodriguez,Consumer,0,2023-10-12
CUST_002050,Thomas Jones,Small Business,0,2022-03-05
CUST_002051,John Martinez,Consumer,0,2021-06-28
CUST_002052,Karen Brown,Consumer,0,2023-10-18
CUST_002053,William Wilson,Consumer,1,2020-11-14
CUST_002054,Nancy Anderson,Consumer,0,2021-11-09
CUST_002055,Robert Jones,Consumer,0,2022-04-20
CUST_002056,Sarah Rodriguez,Consumer,1,2020-08-24
CUST_002057,Jessica Brown,VIP Loyalty,1,2020-01-22
CUST_002058,Nancy Garcia,Consumer,0,2023-05-02
CUST_002059,Karen Lopez,Corporate,0,2019-04-15
CUST_002060,David Smith,Consumer,0,2019-10-28
CUST_002061,Nancy Johnson,Corporate,0,2019-02-27
CUST_002062,Robert Hernandez,VIP Loyalty,1,2021-10-15
CUST_002063,Michael Lopez,Consumer,0,2022-10-24
CUST_002064,Susan Martinez,Corporate,0,2020-11-09
CUST_002065,Michael Martinez,Consumer,0,2019-11-24
CUST_002066,Thomas Brown,Consumer,0,2022-03-20
CUST_002067,Barbara Miller,VIP Loyalty,1,2019-09-27
CUST_002068,Richard Miller,Consumer,0,2020-08-17
CUST_002069,Richard Johnson,Consumer,0,2022-10-02
CUST_002070,Mary Hernandez,Consumer,0,2023-08-12
CUST_002071,Daniel Lopez,Consumer,1,2022-02-03
CUST_002072,James Smith,VIP Loyalty,1,2023-03-07
CUST_002073,Susan Johnson,Corporate,1,2020-07-27
CUST_002074,William Garcia,Consumer,0,2019-04-04
CUST_002075,Joseph Anderson,Consumer,0,2019-10-20
CUST_002076,Elizabeth Martinez,Corporate,0,2022-11-08
CUST_002077,James Anderson,VIP Loyalty,1,2019-05-02
CUST_002078,Daniel Hernandez,Corporate,0,2023-08-11
CUST_002079,Karen Williams,Consumer,0,2021-04-01
CUST_002080,Elizabeth Davis,Consumer,0,2022-12-07
CUST_002081,Jessica Rodriguez,Consumer,1,2020-10-10
CUST_002082,Karen Gonzalez,Consumer,0,2020-05-14
CUST_002083,Charles Jones,Consumer,1,2023-05-09
CUST_002084,Linda Gonzalez,Consumer,1,2019-01-05
CUST_002085,Jennifer Martinez,Consumer,0,2023-05-12
CUST_002086,John Wilson,Consumer,0,2023-04-13
CUST_002087,Barbara Martinez,Consumer,1,2023-03-09
CUST_002088,David Hernandez,Corporate,1,2019-04-27
CUST_002089,Christopher Martinez,Consumer,0,2023-05-08
CUST_002090,David Smith,Consumer,1,2022-05-17
CUST_002091,Nancy Martinez,Consumer,0,2021-10-15
CUST_002092,Michael Miller,Consumer,1,2022-06-03
CUST_002093,Mary Brown,Corporate,0,2021-03-22
CUST_002094,Robert Garcia,VIP Loyalty,1,2021-05-08
CUST_002095,Karen Martinez,Consumer,1,2022-04-26
CUST_002096,William Martinez,Consumer,1,2021-09-06
CUST_002097,Christopher Williams,Consumer,1,2021-05-21
CUST_002098,Sarah Wilson,Corporate,1,2023-04-08
CUST_002099,Mary Davis,Consumer,0,2021-05-22
CUST_002100,Karen Miller,Corporate,0,2020-09-14
CUST_002101,Robert Hernandez,Corporate,1,2021-05-17
CUST_002102,Nancy Brown,Small Business,0,2020-08-17
CUST_002103,Barbara Rodriguez,Corporate,0,2019-02-19
CUST_002104,Sarah Gonzalez,Corporate,0,2020-10-18
CUST_002105,Jessica Anderson,Consumer,1,2020-05-21
CUST_002106,John Williams,Small Business,0,2022-03-18
CUST_002107,John Brown,Consumer,1,2021-12-19
CUST_002108,Charles Davis,Consumer,0,2020-02-19
CUST_002109,Nancy Davis,Corporate,1,2019-10-18
CUST_002110,Charles Miller,Consumer,0,2019-10-23
CUST_002111,Karen Brown,Consumer,1,2019-12-23
CUST_002112,Linda Jones,Small Business,1,2021-12-08
CUST_002113,Sarah Williams,Consumer,1,2022-02-12
CUST_002114,Susan Anderson,Corporate,0,2020-12-16
CUST_002115,Richard Brown,Consumer,0,2020-01-06
CUST_002116,John Williams,Consumer,1,2021-08-08
CUST_002117,Michael Johnson,Small Business,1,2020-04-13
CUST_002118,Elizabeth Jones,Corporate,1,2020-11-17
CUST_002119,Mary Williams,Small Business,0,2020-11-11
CUST_002120,Karen Lopez,Consumer,0,2019-11-05
CUST_002121,Elizabeth Martinez,Consumer,0,2020-03-05
CUST_002122,Karen Johnson,Consumer,0,2020-02-06
CUST_002123,Daniel Lopez,Consumer,0,2021-03-17
CUST_002124,Lisa Brown,Corporate,0,2021-04-04
CUST_002125,Susan Martinez,Consumer,0,2023-12-26
CUST_002126,Linda Davis,Consumer,1,2019-09-05
CUST_002127,Jennifer Jones,Consumer,0,2022-09-09
CUST_002128,Michael Davis,VIP Loyalty,1,2023-03-07
CUST_002129,Jennifer Hernandez,Consumer,1,2020-03-11
CUST_002130,Joseph Martinez,Corporate,0,2021-02-25
CUST_002131,David Brown,Consumer,0,2019-07-10
CUST_002132,Christopher Miller,Consumer,1,2020-07-18
CUST_002133,Daniel Anderson,Corporate,1,2021-05-21
CUST_002134,Mary Brown,Consumer,0,2021-12-01
CUST_002135,Michael Williams,Consumer,0,2023-12-14
CUST_002136,Nancy Wilson,Consumer,0,2021-06-27
CUST_002137,Elizabeth Brown,Consumer,1,2019-02-07
CUST_002138,William Rodriguez,Consumer,0,2019-02-13
CUST_002139,James Jones,Small Business,0,2020-04-01
CUST_002140,Daniel Davis,Consumer,0,2019-12-06
CUST_002141,Nancy Anderson,Consumer,1,2019-05-21
CUST_002142,Daniel Garcia,Consumer,0,2023-04-12
CUST_002143,Charles Johnson,Consumer,1,2022-02-04
CUST_002144,Charles Rodriguez,Corporate,1,2022-03-13
CUST_002145,Joseph Wilson,Consumer,0,2022-05-08
CUST_002146,John Johnson,Consumer,0,2019-07-09
CUST_002147,Barbara Gonzalez,Consumer,1,2021-08-20
CUST_002148,Susan Davis,Consumer,1,2022-04-24
CUST_002149,Jennifer Miller,Consumer,0,2023-03-11
CUST_002150,John Lopez,Consumer,0,2021-10-01
CUST_002151,Patricia Williams,Consumer,0,2023-08-12
CUST_002152,Jessica Gonzalez,Consumer,0,2022-03-21
CUST_002153,Charles Jones,Small Business,0,2019-01-12
CUST_002154,Susan Garcia,Consumer,0,2021-03-10
CUST_002155,Jennifer Garcia,Consumer,0,2020-10-24
CUST_002156,Elizabeth Miller,Corporate,0,2019-05-23
CUST_002157,Thomas Johnson,Consumer,1,2019-05-16
CUST_002158,Karen Hernandez,Consumer,0,2023-11-15
CUST_002159,Sarah Gonzalez,VIP Loyalty,1,2022-07-15
CUST_002160,Susan Lopez,Consumer,0,2019-05-19
CUST_002161,Jessica Anderson,Consumer,0,2022-10-14
CUST_002162,Elizabeth Martinez,Consumer,0,2023-09-15
CUST_002163,Susan Williams,Consumer,0,2020-08-24
CUST_002164,Linda Williams,Consumer,0,2019-10-26
CUST_002165,Barbara Anderson,Consumer,0,2019-12-06
CUST_002166,Joseph Brown,Corporate,0,2020-04-28
CUST_002167,Richard Jones,Corporate,0,2023-06-27
CUST_002168,Lisa Rodriguez,Consumer,0,2023-12-20
CUST_002169,Sarah Johnson,Consumer,0,2023-11-17
CUST_002170,Thomas Jones,Consumer,0,2021-01-18
CUST_002171,Daniel Garcia,Corporate,1,2020-08-19
CUST_002172,Jennifer Gonzalez,Corporate,0,2021-01-01
CUST_002173,Michael Gonzalez,Corporate,1,2023-11-22
CUST_002174,Sarah Williams,Consumer,0,2019-12-19
CUST_002175,Richard Gonzalez,Consumer,0,2021-06-06
CUST_002176,Thomas Hernandez,Corporate,0,2023-01-25
CUST_002177,Linda Jones,Consumer,0,2021-12-27
CUST_002178,Daniel Wilson,Corporate,0,2021-05-22
CUST_002179,Jessica Wilson,Consumer,0,2022-07-16
CUST_002180,Daniel Miller,Small Business,0,2021-12-03
CUST_002181,Michael Wilson,Consumer,1,2022-06-08
CUST_002182,Michael Brown,Consumer,0,2021-06-21
CUST_002183,Christopher Johnson,Consumer,0,2023-09-09
CUST_002184,Thomas Miller,Corporate,1,2022-04-02
CUST_002185,Linda Johnson,Corporate,1,2019-10-17
CUST_002186,Linda Lopez,Corporate,1,2023-08-10
CUST_002187,Linda Rodriguez,Corporate,0,2023-11-17
CUST_002188,Linda Johnson,Small Business,1,2023-09-09
CUST_002189,Mary Johnson,Corporate,1,2019-06-03
CUST_002190,James Wilson,Corporate,0,2019-01-28
CUST_002191,Sarah Martinez,Consumer,1,2021-11-16
CUST_002192,Elizabeth Davis,Consumer,0,2021-04-19
CUST_002193,James Hernandez,VIP Loyalty,1,2019-05-22
CUST_002194,Robert Smith,Consumer,0,2021-11-08
CUST_002195,Daniel Anderson,Corporate,0,2020-07-10
CUST_002196,Sarah Brown,Corporate,0,2021-06-01
CUST_002197,Susan Smith,Consumer,0,2020-06-10
CUST_002198,Elizabeth Jones,Consumer,0,2019-03-12
CUST_002199,Karen Johnson,Consumer,0,2019-10-18
CUST_002200,Nancy Williams,Corporate,1,2023-04-25
CUST_002201,Patricia Wilson,VIP Loyalty,1,2020-03-21
CUST_002202,Barbara Martinez,Corporate,0,2022-07-15
CUST_002203,John Miller,Consumer,0,2019-07-24
CUST_002204,Linda Johnson,Small Business,1,2023-10-05
CUST_002205,Michael Wilson,Small Business,0,2020-10-04
CUST_002206,Jennifer Davis,Small Business,0,2023-08-27
CUST_002207,Michael Rodriguez,Consumer,0,2023-03-15
CUST_002208,Christopher Martinez,Consumer,0,2020-07-08
CUST_002209,James Gonzalez,Corporate,1,2023-12-28
CUST_002210,Karen Rodriguez,VIP Loyalty,1,2020-01-25
CUST_002211,James Garcia,Small Business,0,2022-06-05
CUST_002212,Nancy Williams,Consumer,0,2019-08-24
CUST_002213,John Gonzalez,Consumer,0,2023-02-10
CUST_002214,Daniel Miller,Consumer,0,2022-04-28
CUST_002215,Susan Lopez,Small Business,0,2022-07-28
CUST_002216,William Lopez,Corporate,1,2023-07-10
CUST_002217,Jessica Garcia,Small Business,1,2021-12-09
CUST_002218,Joseph Lopez,Corporate,1,2023-01-07
CUST_002219,Jennifer Gonzalez,Small Business,0,2022-05-11
CUST_002220,Lisa Anderson,Small Business,0,2021-10-13
CUST_002221,Karen Gonzalez,Corporate,0,2019-02-21
CUST_002222,Jessica Hernandez,Consumer,0,2023-03-01
CUST_002223,Sarah Wilson,Consumer,0,2019-11-20
CUST_002224,Joseph Brown,Small Business,0,2020-06-01
CUST_002225,William Hernandez,Consumer,1,2020-02-06
CUST_002226,Daniel Williams,Consumer,1,2021-07-07
CUST_002227,Patricia Gonzalez,Corporate,0,2022-07-13
CUST_002228,Jessica Anderson,Consumer,0,2020-08-11
CUST_002229,Lisa Davis,Consumer,0,2022-10-20
CUST_002230,Jennifer Davis,Corporate,0,2021-06-10
CUST_002231,Patricia Lopez,Consumer,0,2020-09-04
CUST_002232,Michael Martinez,Consumer,0,2022-02-25
CUST_002233,Jessica Jones,VIP Loyalty,1,2020-01-07
CUST_002234,Lisa Miller,Corporate,0,2019-05-18
CUST_002235,Christopher Brown,Consumer,0,2019-09-19
CUST_002236,Nancy Garcia,Small Business,1,2021-01-12
CUST_002237,Daniel Anderson,Small Business,0,2019-08-19
CUST_002238,Michael Lopez,Corporate,1,2019-02-20
CUST_002239,Nancy Wilson,Consumer,0,2020-07-07
CUST_002240,Robert Williams,Consumer,1,2023-04-27
CUST_002241,Lisa Davis,Consumer,0,2019-05-20
CUST_002242,Patricia Hernandez,Consumer,1,2023-08-09
CUST_002243,David Hernandez,Small Business,0,2021-09-05
CUST_002244,Charles Garcia,Consumer,1,2021-06-28
CUST_002245,Elizabeth Jones,Corporate,0,2020-07-08
CUST_002246,James Anderson,Consumer,0,2020-07-14
CUST_002247,Richard Martinez,Corporate,0,2022-12-16
CUST_002248,Jessica Johnson,Consumer,1,2021-06-01
CUST_002249,Barbara Rodriguez,Corporate,0,2019-01-08
CUST_002250,Nancy Davis,Consumer,0,2020-07-07
CUST_002251,Elizabeth Brown,Corporate,1,2019-10-19
CUST_002252,Susan Gonzalez,Consumer,1,2022-05-18
CUST_002253,Thomas Martinez,Consumer,0,2022-12-21
CUST_002254,William Wilson,Corporate,0,2021-04-20
CUST_002255,Thomas Williams,Consumer,1,2023-09-27
CUST_002256,James Rodriguez,Small Business,1,2021-01-03
CUST_002257,Mary Davis,Consumer,1,2020-09-20
CUST_002258,Christopher Gonzalez,Small Business,1,2022-09-09
CUST_002259,Michael Wilson,Corporate,1,2023-12-24
CUST_002260,Karen Rodriguez,Consumer,1,2021-04-23
CUST_002261,David Hernandez,Consumer,1,2019-07-22
CUST_002262,Elizabeth Anderson,Corporate,1,2023-12-04
CUST_002263,Sarah Davis,Consumer,0,2022-03-17
CUST_002264,Susan Johnson,Consumer,1,2019-09-23
CUST_002265,Mary Johnson,Consumer,0,2022-10-26
CUST_002266,John Brown,Consumer,0,2023-05-27
CUST_002267,Elizabeth Smith,Consumer,0,2022-05-21
CUST_002268,Christopher Johnson,Consumer,0,2020-04-25
CUST_002269,Lisa Gonzalez,Consumer,1,2021-01-01
CUST_002270,Jennifer Williams,VIP Loyalty,1,2019-05-22
CUST_002271,Joseph Johnson,Consumer,0,2019-04-12
CUST_002272,Richard Brown,Corporate,0,2019-01-16
CUST_002273,Sarah Garcia,Small Business,0,2019-04-13
CUST_002274,Daniel Garcia,Small Business,0,2019-03-17
CUST_002275,Sarah Lopez,Small Business,0,2021-05-16
CUST_002276,Joseph Martinez,Consumer,1,2020-05-20
CUST_002277,Jessica Jones,Small Business,0,2023-09-17
CUST_002278,Karen Lopez,Corporate,1,2022-01-20
CUST_002279,Jessica Wilson,Corporate,0,2019-04-14
CUST_002280,Charles Miller,Consumer,0,2021-10-02
CUST_002281,Patricia Smith,Consumer,0,2023-04-06
CUST_002282,Charles Hernandez,Consumer,1,2022-06-27
CUST_002283,Daniel Miller,Corporate,0,2022-08-23
CUST_002284,Mary Gonzalez,Consumer,1,2022-04-16
CUST_002285,Karen Garcia,Consumer,0,2023-05-15
CUST_002286,Linda Miller,Consumer,0,2020-02-10
CUST_002287,Sarah Wilson,Small Business,0,2023-01-14
CUST_002288,Sarah Gonzalez,Consumer,1,2019-06-15
CUST_002289,Joseph Rodriguez,VIP Loyalty,1,2021-04-15
CUST_002290,John Garcia,Consumer,0,2023-10-20
CUST_002291,Joseph Johnson,Consumer,0,2022-11-06
CUST_002292,Lisa Rodriguez,Small Business,1,2023-01-24
CUST_002293,Lisa Hernandez,Consumer,1,2020-05-26
CUST_002294,Karen Williams,Consumer,0,2022-09-23
CUST_002295,Barbara Hernandez,Small Business,0,2019-02-17
CUST_002296,Karen Martinez,Corporate,1,2022-07-14
CUST_002297,William Miller,VIP Loyalty,1,2022-04-01
CUST_002298,Nancy Martinez,Consumer,0,2021-09-23
CUST_002299,William Smith,Consumer,0,2022-04-11
CUST_002300,Michael Martinez,Corporate,0,2023-12-10
CUST_002301,Michael Williams,Corporate,0,2023-08-14
CUST_002302,Barbara Gonzalez,Corporate,1,2020-02-12
CUST_002303,Robert Anderson,Consumer,0,2023-06-23
CUST_002304,Christopher Rodriguez,Consumer,1,2023-10-17
CUST_002305,Susan Davis,Small Business,0,2020-03-25
CUST_002306,Thomas Davis,Corporate,0,2021-05-04
CUST_002307,Elizabeth Gonzalez,Consumer,0,2022-11-01
CUST_002308,Christopher Wilson,VIP Loyalty,1,2019-08-27
CUST_002309,Richard Wilson,Consumer,0,2020-11-16
CUST_002310,Susan Williams,Small Business,0,2023-10-20
CUST_002311,Mary Lopez,VIP Loyalty,1,2023-11-23
CUST_002312,James Brown,Small Business,0,2022-12-16
CUST_002313,Lisa Smith,Consumer,1,2020-02-25
CUST_002314,Patricia Williams,Consumer,0,2019-05-20
CUST_002315,Christopher Rodriguez,Corporate,1,2022-11-08
CUST_002316,Nancy Jones,Consumer,0,2021-05-09
CUST_002317,Michael Lopez,VIP Loyalty,1,2023-11-15
CUST_002318,Mary Gonzalez,Consumer,1,2020-06-25
CUST_002319,Nancy Brown,Consumer,1,2020-03-08
CUST_002320,William Anderson,Small Business,0,2021-11-01
CUST_002321,Nancy Wilson,Small Business,0,2019-01-11
CUST_002322,William Miller,Small Business,1,2020-05-12
CUST_002323,David Garcia,Consumer,0,2021-06-03
CUST_002324,Sarah Anderson,VIP Loyalty,1,2019-12-15
CUST_002325,Robert Hernandez,Consumer,1,2022-03-23
CUST_002326,Mary Miller,Corporate,0,2021-11-14
CUST_002327,John Wilson,Consumer,0,2021-09-10
CUST_002328,Christopher Anderson,Consumer,1,2020-04-09
CUST_002329,Susan Miller,Consumer,0,2022-10-27
CUST_002330,Jennifer Garcia,VIP Loyalty,1,2023-03-02
CUST_002331,John Rodriguez,Consumer,1,2021-12-03
CUST_002332,Sarah Davis,Small Business,1,2020-06-19
CUST_002333,Michael Williams,Consumer,0,2022-08-18
CUST_002334,Linda Rodriguez,Corporate,1,2019-07-17
CUST_002335,Daniel Wilson,Consumer,1,2023-12-19
CUST_002336,James Jones,Consumer,1,2023-09-06
CUST_002337,Jennifer Williams,Consumer,0,2020-05-19
CUST_002338,Robert Rodriguez,Consumer,0,2020-05-18
CUST_002339,Sarah Smith,Consumer,0,2022-02-04
CUST_002340,James Williams,Consumer,1,2022-06-15
CUST_002341,Patricia Miller,Corporate,0,2020-10-24
CUST_002342,Linda Hernandez,Consumer,0,2022-06-11
CUST_002343,Jennifer Jones,Consumer,0,2020-03-20
CUST_002344,David Jones,Consumer,1,2020-06-04
CUST_002345,Elizabeth Johnson,Consumer,1,2021-11-28
CUST_002346,Elizabeth Gonzalez,Consumer,0,2023-10-10
CUST_002347,Barbara Johnson,Corporate,1,2021-05-25
CUST_002348,Thomas Davis,Consumer,1,2019-08-21
CUST_002349,Michael Miller,Consumer,0,2019-12-15
CUST_002350,Mary Miller,Corporate,0,2020-06-18
CUST_002351,James Miller,Consumer,1,2023-04-13
CUST_002352,Jessica Garcia,Corporate,0,2020-06-07
CUST_002353,Lisa Anderson,Consumer,0,2020-11-13
CUST_002354,Barbara Williams,Consumer,0,2019-08-04
CUST_002355,Christopher Wilson,Consumer,0,2023-01-03
CUST_002356,Charles Smith,Corporate,0,2022-09-23
CUST_002357,Robert Miller,Consumer,1,2019-12-04
CUST_002358,Linda Jones,Consumer,1,2020-11-08
CUST_002359,Linda Smith,Consumer,0,2023-08-17
CUST_002360,Daniel Miller,Small Business,0,2021-04-17
CUST_002361,Michael Wilson,Corporate,0,2019-10-14
CUST_002362,Sarah Martinez,Corporate,1,2019-06-15
CUST_002363,Jennifer Johnson,Consumer,1,2019-08-28
CUST_002364,Thomas Davis,Consumer,1,2022-09-19
CUST_002365,Patricia Jones,Consumer,0,2022-04-14
CUST_002366,Susan Garcia,Consumer,0,2022-10-07
CUST_002367,Patricia Wilson,Corporate,1,2023-08-06
CUST_002368,James Anderson,Corporate,1,2019-03-01
CUST_002369,James Miller,Consumer,1,2019-06-22
CUST_002370,Susan Brown,Consumer,0,2022-01-21
CUST_002371,Joseph Martinez,Consumer,0,2023-12-01
CUST_002372,James Martinez,Consumer,0,2020-10-09
CUST_002373,Christopher Anderson,Corporate,1,2019-07-24
CUST_002374,William Hernandez,VIP Loyalty,1,2021-02-15
CUST_002375,John Brown,Corporate,0,2022-04-10
CUST_002376,Jennifer Rodriguez,Consumer,0,2019-11-10
CUST_002377,Christopher Martinez,Consumer,0,2019-11-18
CUST_002378,Charles Williams,VIP Loyalty,1,2023-08-27
CUST_002379,Jessica Wilson,Consumer,0,2022-02-27
CUST_002380,Karen Rodriguez,Consumer,0,2020-08-22
CUST_002381,Elizabeth Miller,Consumer,1,2023-05-03
CUST_002382,Daniel Gonzalez,Consumer,0,2020-09-08
CUST_002383,Christopher Johnson,Consumer,0,2022-03-23
CUST_002384,Sarah Wilson,Consumer,0,2022-02-22
CUST_002385,Barbara Smith,Consumer,1,2020-07-19
CUST_002386,Richard Rodriguez,Consumer,0,2019-01-27
CUST_002387,Sarah Davis,Corporate,1,2023-09-12
CUST_002388,William Johnson,Corporate,0,2019-10-02
CUST_002389,Michael Anderson,Consumer,0,2020-09-08
CUST_002390,David Rodriguez,Consumer,1,2019-08-28
CUST_002391,Joseph Johnson,Small Business,0,2023-08-27
CUST_002392,Christopher Jones,Consumer,0,2019-09-26
CUST_002393,Karen Williams,Corporate,0,2020-10-25
CUST_002394,Joseph Garcia,Consumer,0,2022-01-01
CUST_002395,Patricia Brown,Corporate,0,2021-11-17
CUST_002396,Elizabeth Lopez,Consumer,0,2022-08-17
CUST_002397,Robert Anderson,Consumer,0,2019-03-23
CUST_002398,James Hernandez,Consumer,0,2022-03-19
CUST_002399,Elizabeth Jones,Corporate,1,2022-12-19
CUST_002400,Joseph Lopez,Consumer,0,2020-01-19
CUST_002401,Jessica Hernandez,Small Business,0,2020-09-13
CUST_002402,Robert Rodriguez,Corporate,1,2019-10-05
CUST_002403,James Miller,Consumer,0,2020-05-20
CUST_002404,Christopher Martinez,Consumer,1,2022-08-08
CUST_002405,Sarah Wilson,Consumer,0,2020-04-23
CUST_002406,Richard Smith,Corporate,1,2022-01-15
CUST_002407,Barbara Jones,Corporate,1,2020-04-15
CUST_002408,Jennifer Garcia,Consumer,0,2021-04-04
CUST_002409,James Anderson,Corporate,0,2023-11-05
CUST_002410,Lisa Anderson,Corporate,1,2020-06-01
CUST_002411,Charles Miller,Consumer,0,2019-11-18
CUST_002412,William Williams,Consumer,0,2021-06-08
CUST_002413,Joseph Anderson,Small Business,0,2020-04-20
CUST_002414,Jessica Williams,Consumer,0,2021-10-25
CUST_002415,Robert Johnson,Small Business,1,2020-02-22
CUST_002416,Lisa Miller,Small Business,1,2019-05-14
CUST_002417,Joseph Lopez,Corporate,1,2022-05-02
CUST_002418,Nancy Miller,Consumer,0,2023-03-10
CUST_002419,Lisa Williams,VIP Loyalty,1,2019-11-21
CUST_002420,Michael Hernandez,Consumer,0,2020-05-23
CUST_002421,Daniel Brown,Small Business,1,2021-11-05
CUST_002422,Patricia Anderson,Small Business,0,2023-07-09
CUST_002423,Patricia Jones,Corporate,1,2023-04-21
CUST_002424,Richard Jones,Consumer,0,2022-04-13
CUST_002425,Daniel Hernandez,Consumer,0,2020-05-13
CUST_002426,Robert Rodriguez,Consumer,1,2022-09-21
CUST_002427,Charles Anderson,Corporate,0,2020-11-05
CUST_002428,William Gonzalez,Small Business,0,2020-06-23
CUST_002429,Christopher Smith,Small Business,0,2022-10-22
CUST_002430,Robert Smith,Consumer,1,2019-11-17
CUST_002431,Linda Davis,Consumer,0,2019-11-13
CUST_002432,Richard Hernandez,Consumer,1,2021-05-16
CUST_002433,William Anderson,Corporate,0,2021-03-05
CUST_002434,Linda Wilson,Corporate,0,2021-08-19
CUST_002435,Elizabeth Anderson,Consumer,0,2020-02-25
CUST_002436,Michael Garcia,Consumer,0,2022-01-24
CUST_002437,Charles Williams,Consumer,0,2020-09-08
CUST_002438,Charles Smith,Consumer,0,2022-11-11
CUST_002439,John Davis,Consumer,0,2022-10-17
CUST_002440,Linda Garcia,Small Business,0,2019-12-12
CUST_002441,Nancy Martinez,Consumer,0,2022-10-04
CUST_002442,Nancy Anderson,Consumer,0,2019-05-06
CUST_002443,Charles Davis,Consumer,0,2022-04-11
CUST_002444,Barbara Jones,Consumer,0,2023-08-07
CUST_002445,Christopher Rodriguez,Consumer,0,2022-08-14
CUST_002446,Thomas Gonzalez,Consumer,1,2020-08-26
CUST_002447,Barbara Rodriguez,Consumer,1,2022-02-03
CUST_002448,Barbara Williams,VIP Loyalty,1,2020-04-02
CUST_002449,Charles Williams,Corporate,0,2021-06-20
CUST_002450,Jennifer Gonzalez,Small Business,1,2019-05-02
CUST_002451,Jennifer Rodriguez,Consumer,1,2022-03-06
CUST_002452,Lisa Wilson,Small Business,1,2023-03-16
CUST_002453,Joseph Miller,Small Business,1,2019-04-22
CUST_002454,Nancy Hernandez,Corporate,0,2021-06-28
CUST_002455,Elizabeth Garcia,Consumer,0,2022-09-15
CUST_002456,Richard Brown,Consumer,1,2021-09-16
CUST_002457,David Martinez,Corporate,0,2020-03-11
CUST_002458,Sarah Williams,Corporate,0,2020-10-22
CUST_002459,Thomas Hernandez,Consumer,0,2020-12-25
CUST_002460,William Jones,Small Business,0,2019-03-21
CUST_002461,John Martinez,Small Business,0,2020-08-11
CUST_002462,Lisa Williams,Consumer,0,2019-03-02
CUST_002463,Charles Johnson,Corporate,0,2023-11-27
CUST_002464,Lisa Miller,Consumer,0,2020-01-17
CUST_002465,Susan Martinez,Consumer,1,2022-01-15
CUST_002466,Joseph Smith,Consumer,1,2023-04-17
CUST_002467,Christopher Brown,Corporate,0,2020-08-01
CUST_002468,Patricia Williams,Consumer,0,2022-04-24
CUST_002469,Charles Lopez,Consumer,1,2020-11-07
CUST_002470,Thomas Hernandez,Corporate,0,2021-02-18
CUST_002471,Nancy Martinez,VIP Loyalty,1,2023-08-26
CUST_002472,Nancy Anderson,Corporate,1,2023-05-01
CUST_002473,Joseph Smith,Consumer,0,2021-02-28
CUST_002474,Mary Garcia,VIP Loyalty,1,2023-06-05
CUST_002475,Michael Smith,Consumer,0,2023-11-27
CUST_002476,Michael Brown,Consumer,0,2019-05-26
CUST_002477,Lisa Garcia,Small Business,1,2021-06-27
CUST_002478,Jennifer Jones,Consumer,0,2022-01-05
CUST_002479,John Brown,Consumer,0,2022-01-06
CUST_002480,Elizabeth Garcia,Corporate,1,2022-12-09
CUST_002481,Joseph Lopez,Consumer,1,2022-06-04
CUST_002482,Daniel Lopez,Consumer,0,2022-04-03
CUST_002483,John Wilson,Consumer,1,2022-10-17
CUST_002484,Joseph Williams,Consumer,1,2019-05-01
CUST_002485,Michael Jones,Consumer,0,2019-11-15
CUST_002486,Michael Lopez,Consumer,1,2021-11-17
CUST_002487,Daniel Johnson,Consumer,0,2023-10-19
CUST_002488,Linda Davis,Corporate,1,2021-05-03
CUST_002489,Daniel Hernandez,Corporate,0,2019-01-26
CUST_002490,Barbara Hernandez,Consumer,0,2022-01-15
CUST_002491,Mary Johnson,Consumer,0,2019-12-09
CUST_002492,Mary Smith,Consumer,1,2020-08-19
CUST_002493,Thomas Hernandez,Consumer,0,2022-06-16
CUST_002494,Sarah Brown,Consumer,0,2022-10-21
CUST_002495,Robert Anderson,Consumer,1,2019-12-07
CUST_002496,Robert Rodriguez,Consumer,0,2022-09-16
CUST_002497,Barbara Rodriguez,VIP Loyalty,1,2020-09-26
CUST_002498,John Hernandez,Consumer,0,2023-06-05
CUST_002499,Susan Jones,VIP Loyalty,1,2022-04-14
CUST_002500,Charles Davis,Consumer,0,2019-09-14
CUST_002501,Daniel Anderson,Consumer,1,2022-06-24
CUST_002502,Robert Garcia,Consumer,0,2022-09-15
CUST_002503,Barbara Rodriguez,Corporate,1,2022-09-19
CUST_002504,Christopher Johnson,Consumer,0,2021-04-06
CUST_002505,Jennifer Jones,Consumer,0,2020-08-17
CUST_002506,Elizabeth Miller,Consumer,0,2023-08-16
CUST_002507,Robert Johnson,Corporate,1,2021-07-15
CUST_002508,Thomas Smith,Consumer,0,2022-05-13
CUST_002509,Jennifer Garcia,Consumer,1,2021-01-02
CUST_002510,Charles Brown,Consumer,0,2019-06-23
CUST_002511,Karen Johnson,Consumer,0,2022-03-10
CUST_002512,Susan Hernandez,Small Business,1,2019-04-01
CUST_002513,Mary Williams,Corporate,0,2023-10-09
CUST_002514,Michael Johnson,Corporate,0,2020-10-22
CUST_002515,Jessica Williams,VIP Loyalty,1,2020-08-09
CUST_002516,Joseph Jones,Small Business,0,2022-05-09
CUST_002517,Susan Williams,VIP Loyalty,1,2022-05-10
CUST_002518,Sarah Hernandez,Consumer,0,2021-06-27
CUST_002519,Barbara Johnson,Consumer,1,2019-07-10
CUST_002520,Christopher Smith,Consumer,1,2019-07-17
CUST_002521,John Jones,Consumer,0,2019-04-23
CUST_002522,David Brown,VIP Loyalty,1,2023-12-01
CUST_002523,Joseph Rodriguez,Consumer,0,2023-10-08
CUST_002524,John Garcia,Consumer,0,2022-12-07
CUST_002525,Patricia Jones,Consumer,0,2023-04-24
CUST_002526,William Martinez,Consumer,0,2021-12-08
CUST_002527,Christopher Smith,Consumer,0,2020-12-18
CUST_002528,Patricia Gonzalez,Corporate,0,2020-03-08
CUST_002529,Karen Miller,Consumer,1,2022-11-14
CUST_002530,John Johnson,VIP Loyalty,1,2019-07-28
CUST_002531,Susan Wilson,VIP Loyalty,1,2021-12-03
CUST_002532,Richard Gonzalez,VIP Loyalty,1,2019-08-16
CUST_002533,Lisa Gonzalez,Consumer,1,2020-04-22
CUST_002534,Christopher Anderson,Consumer,0,2019-06-03
CUST_002535,Charles Miller,VIP Loyalty,1,2019-01-14
CUST_002536,John Wilson,Consumer,0,2023-04-09
CUST_002537,Susan Brown,Corporate,0,2020-03-02
CUST_002538,Joseph Rodriguez,Consumer,0,2022-02-15
CUST_002539,Sarah Davis,Corporate,1,2020-08-02
CUST_002540,Mary Jones,Corporate,0,2023-03-11
CUST_002541,Richard Davis,VIP Loyalty,1,2019-06-07
CUST_002542,Jessica Wilson,Corporate,0,2020-10-25
CUST_002543,Daniel Smith,VIP Loyalty,1,2021-04-12
CUST_002544,Robert Smith,Consumer,1,2020-11-10
CUST_002545,Jennifer Davis,Consumer,0,2019-06-24
CUST_002546,Linda Miller,Consumer,0,2023-10-26
CUST_002547,Mary Lopez,Consumer,0,2021-03-24
CUST_002548,Lisa Garcia,Corporate,0,2023-05-12
CUST_002549,Susan Garcia,Consumer,0,2020-05-22
CUST_002550,Nancy Smith,VIP Loyalty,1,2021-11-09
CUST_002551,Jennifer Anderson,Consumer,0,2019-04-15
CUST_002552,Mary Smith,Consumer,1,2023-01-20
CUST_002553,Jennifer Anderson,Small Business,0,2021-04-22
CUST_002554,David Miller,Small Business,1,2021-09-09
CUST_002555,William Lopez,Consumer,0,2021-04-09
CUST_002556,Charles Garcia,Small Business,0,2022-05-08
CUST_002557,Elizabeth Martinez,Small Business,1,2021-01-04
CUST_002558,Lisa Williams,Consumer,1,2022-06-21
CUST_002559,Mary Martinez,Small Business,1,2020-02-08
CUST_002560,Lisa Smith,Consumer,0,2022-01-09
CUST_002561,Charles Wilson,Consumer,0,2023-11-07
CUST_002562,Nancy Gonzalez,Consumer,0,2021-07-20
CUST_002563,Linda Davis,VIP Loyalty,1,2021-02-06
CUST_002564,Nancy Lopez,Small Business,1,2020-08-20
CUST_002565,William Davis,Consumer,1,2020-09-04
CUST_002566,Jennifer Williams,Corporate,1,2020-12-14
CUST_002567,Sarah Davis,VIP Loyalty,1,2020-03-23
CUST_002568,David Martinez,Corporate,1,2023-06-27
CUST_002569,Christopher Gonzalez,Consumer,0,2022-08-16
CUST_002570,Richard Davis,Consumer,0,2020-02-19
CUST_002571,Linda Williams,Consumer,1,2020-09-08
CUST_002572,Thomas Miller,Corporate,1,2023-10-25
CUST_002573,Lisa Garcia,Consumer,0,2022-04-02
CUST_002574,David Wilson,Consumer,1,2023-05-04
CUST_002575,James Wilson,Consumer,0,2019-07-25
CUST_002576,Richard Johnson,Consumer,0,2019-11-25
CUST_002577,Patricia Martinez,Consumer,0,2019-03-18
CUST_002578,Linda Garcia,Consumer,0,2021-08-10
CUST_002579,Thomas Smith,Consumer,0,2023-09-10
CUST_002580,Jennifer Jones,Consumer,0,2019-09-08
CUST_002581,Barbara Martinez,Small Business,0,2020-01-16
CUST_002582,Patricia Johnson,Corporate,0,2021-11-21
CUST_002583,Karen Smith,Consumer,0,2022-05-07
CUST_002584,Sarah Davis,Consumer,1,2020-05-13
CUST_002585,Sarah Johnson,Consumer,0,2023-06-26
CUST_002586,Linda Gonzalez,Consumer,0,2020-09-18
CUST_002587,Thomas Davis,Consumer,0,2020-06-27
CUST_002588,Robert Smith,Consumer,1,2020-10-06
CUST_002589,Barbara Smith,Consumer,0,2020-11-21
CUST_002590,Mary Johnson,Consumer,0,2019-12-13
CUST_002591,Barbara Williams,Consumer,0,2019-10-12
CUST_002592,Joseph Anderson,Corporate,0,2019-10-12
CUST_002593,Mary Anderson,Corporate,0,2021-01-28
CUST_002594,Christopher Martinez,Consumer,1,2019-05-06
CUST_002595,Robert Johnson,Corporate,0,2023-10-09
CUST_002596,Charles Jones,VIP Loyalty,1,2022-05-02
CUST_002597,Patricia Hernandez,Small Business,0,2023-12-02
CUST_002598,Joseph Wilson,Consumer,1,2019-08-21
CUST_002599,Christopher Garcia,Consumer,0,2020-06-09
CUST_002600,Richard Williams,Corporate,1,2019-06-08
CUST_002601,Lisa Miller,Consumer,0,2020-10-21
CUST_002602,Barbara Miller,Consumer,0,2023-02-07
CUST_002603,Jennifer Miller,Consumer,0,2019-08-08
CUST_002604,Charles Williams,Consumer,0,2023-08-17
CUST_002605,Sarah Johnson,Consumer,1,2020-12-14
CUST_002606,David Gonzalez,VIP Loyalty,1,2019-07-10
CUST_002607,Lisa Smith,Consumer,1,2022-02-06
CUST_002608,Mary Williams,Corporate,1,2021-02-06
CUST_002609,Susan Williams,Corporate,0,2021-06-19
CUST_002610,William Miller,Consumer,0,2019-05-07
CUST_002611,William Brown,Consumer,0,2020-08-21
CUST_002612,Joseph Williams,Consumer,0,2021-04-02
CUST_002613,Susan Gonzalez,Corporate,0,2022-06-07
CUST_002614,Barbara Garcia,Consumer,0,2023-04-21
CUST_002615,Daniel Wilson,Consumer,1,2021-09-26
CUST_002616,Patricia Anderson,VIP Loyalty,1,2020-06-16
CUST_002617,Elizabeth Gonzalez,Consumer,0,2020-04-19
CUST_002618,Charles Lopez,VIP Loyalty,1,2019-04-25
CUST_002619,Elizabeth Jones,Consumer,1,2020-11-15
CUST_002620,Christopher Garcia,Consumer,1,2020-02-19
CUST_002621,James Rodriguez,Consumer,0,2023-07-01
CUST_002622,Charles Wilson,Consumer,1,2019-12-18
CUST_002623,James Anderson,Small Business,1,2023-12-13
CUST_002624,Charles Lopez,Consumer,0,2019-05-14
CUST_002625,Nancy Jones,Consumer,0,2019-02-07
CUST_002626,Lisa Brown,VIP Loyalty,1,2022-10-16
CUST_002627,Charles Miller,VIP Loyalty,1,2021-07-28
CUST_002628,Barbara Hernandez,Consumer,0,2022-08-15
CUST_002629,Susan Johnson,Corporate,0,2020-01-20
CUST_002630,Mary Rodriguez,Consumer,1,2022-03-12
CUST_002631,Daniel Smith,Consumer,0,2021-03-04
CUST_002632,Elizabeth Williams,Corporate,0,2019-06-17
CUST_002633,Charles Anderson,Corporate,0,2023-03-02
CUST_002634,John Rodriguez,Small Business,1,2021-11-18
CUST_002635,Christopher Lopez,Consumer,0,2022-08-17
CUST_002636,Christopher Lopez,Consumer,1,2019-11-10
CUST_002637,Patricia Garcia,Small Business,0,2020-08-24
CUST_002638,Linda Lopez,VIP Loyalty,1,2019-03-22
CUST_002639,Christopher Anderson,Corporate,0,2022-10-11
CUST_002640,Robert Hernandez,Consumer,0,2021-04-02
CUST_002641,Mary Lopez,Corporate,0,2022-05-10
CUST_002642,Thomas Gonzalez,Consumer,0,2023-12-26
CUST_002643,Jessica Miller,Consumer,0,2019-06-13
CUST_002644,Patricia Wilson,Consumer,0,2022-02-26
CUST_002645,Daniel Rodriguez,Small Business,0,2019-03-14
CUST_002646,Thomas Johnson,VIP Loyalty,1,2020-10-28
CUST_002647,Richard Wilson,Consumer,1,2021-01-02
CUST_002648,Charles Miller,Consumer,0,2020-08-24
CUST_002649,Jessica Anderson,Consumer,0,2019-12-17
CUST_002650,Joseph Wilson,Consumer,0,2019-05-05
CUST_002651,Joseph Anderson,VIP Loyalty,1,2023-12-01
CUST_002652,David Hernandez,Consumer,0,2020-07-22
CUST_002653,William Anderson,Corporate,0,2022-09-01
CUST_002654,Jennifer Davis,Consumer,0,2021-02-26
CUST_002655,Thomas Jones,Consumer,1,2022-05-14
CUST_002656,Robert Wilson,Consumer,1,2019-03-03
CUST_002657,Thomas Wilson,Consumer,0,2021-08-02
CUST_002658,David Johnson,Corporate,0,2023-01-07
CUST_002659,Michael Martinez,Consumer,0,2023-08-28
CUST_002660,David Johnson,Consumer,0,2019-11-18
CUST_002661,Elizabeth Anderson,VIP Loyalty,1,2022-01-19
CUST_002662,Jessica Martinez,Consumer,1,2023-09-02
CUST_002663,Thomas Rodriguez,Corporate,0,2023-08-08
CUST_002664,Robert Lopez,Consumer,0,2022-02-10
CUST_002665,John Lopez,Consumer,1,2023-01-08
CUST_002666,Karen Williams,Consumer,0,2020-08-22
CUST_002667,Sarah Johnson,Corporate,0,2019-07-25
CUST_002668,Robert Hernandez,Corporate,0,2020-12-25
CUST_002669,Karen Rodriguez,Corporate,0,2022-02-28
CUST_002670,Karen Garcia,Small Business,0,2021-05-25
CUST_002671,Jessica Garcia,Consumer,0,2019-10-14
CUST_002672,Christopher Hernandez,Consumer,1,2021-02-16
CUST_002673,Charles Wilson,Small Business,1,2020-12-04
CUST_002674,Elizabeth Williams,Corporate,1,2022-09-04
CUST_002675,Jessica Lopez,Consumer,1,2020-12-27
CUST_002676,Susan Williams,Consumer,0,2019-07-28
CUST_002677,William Smith,Corporate,0,2021-09-19
CUST_002678,Lisa Rodriguez,Consumer,0,2019-02-07
CUST_002679,Charles Miller,Consumer,0,2023-03-25
CUST_002680,Joseph Miller,Corporate,1,2019-05-23
CUST_002681,William Smith,Consumer,1,2020-04-27
CUST_002682,Charles Hernandez,Corporate,0,2020-08-27
CUST_002683,Daniel Davis,Corporate,0,2020-11-12
CUST_002684,Richard Garcia,Consumer,0,2021-05-20
CUST_002685,James Hernandez,Consumer,0,2021-12-19
CUST_002686,Barbara Garcia,Corporate,1,2023-10-22
CUST_002687,Jessica Lopez,Consumer,1,2022-10-17
CUST_002688,Jessica Brown,Consumer,0,2021-10-18
CUST_002689,Joseph Rodriguez,Consumer,0,2023-08-28
CUST_002690,Linda Williams,VIP Loyalty,1,2021-08-02
CUST_002691,Charles Smith,Small Business,1,2022-01-03
CUST_002692,William Jones,Corporate,1,2023-05-21
CUST_002693,Jessica Anderson,Consumer,1,2019-02-10
CUST_002694,Jennifer Jones,Consumer,1,2022-06-14
CUST_002695,Daniel Rodriguez,Consumer,0,2020-03-08
CUST_002696,David Rodriguez,Consumer,0,2023-11-05
CUST_002697,Mary Hernandez,Consumer,0,2020-07-08
CUST_002698,Sarah Miller,Consumer,0,2021-11-28
CUST_002699,James Jones,Corporate,1,2019-03-21
CUST_002700,William Jones,Consumer,0,2021-01-20
CUST_002701,Linda Brown,Corporate,0,2022-03-06
CUST_002702,Robert Jones,Consumer,0,2020-04-18
CUST_002703,William Williams,Consumer,0,2019-11-14
CUST_002704,Elizabeth Williams,Small Business,1,2020-07-25
CUST_002705,Michael Williams,Small Business,1,2019-03-21
CUST_002706,Jennifer Williams,Consumer,1,2021-04-05
CUST_002707,Sarah Martinez,Consumer,1,2020-11-03
CUST_002708,Sarah Miller,Consumer,1,2023-09-12
CUST_002709,John Johnson,Small Business,0,2019-06-09
CUST_002710,Elizabeth Anderson,Consumer,0,2020-02-14
CUST_002711,Jennifer Jones,Consumer,0,2022-10-10
CUST_002712,Daniel Wilson,Consumer,1,2019-10-03
CUST_002713,Robert Rodriguez,Consumer,1,2019-01-06
CUST_002714,William Lopez,Small Business,1,2020-05-01
CUST_002715,Elizabeth Gonzalez,Consumer,0,2019-03-15
CUST_002716,Patricia Gonzalez,Consumer,0,2023-08-25
CUST_002717,Robert Davis,Corporate,0,2023-05-25
CUST_002718,Thomas Davis,VIP Loyalty,1,2020-02-28
CUST_002719,Charles Brown,Consumer,0,2020-08-11
CUST_002720,William Miller,Corporate,1,2023-12-02
CUST_002721,Joseph Jones,Consumer,0,2022-04-09
CUST_002722,John Brown,Consumer,0,2019-08-24
CUST_002723,Joseph Williams,Consumer,1,2022-06-13
CUST_002724,Patricia Gonzalez,Consumer,0,2022-08-17
CUST_002725,Sarah Miller,VIP Loyalty,1,2022-03-11
CUST_002726,Barbara Gonzalez,VIP Loyalty,1,2019-09-28
CUST_002727,Mary Wilson,Consumer,0,2022-10-03
CUST_002728,Patricia Garcia,Consumer,1,2020-11-19
CUST_002729,Susan Jones,Small Business,0,2022-08-22
CUST_002730,Jennifer Smith,Consumer,0,2020-11-06
CUST_002731,Mary Smith,Corporate,0,2023-04-23
CUST_002732,Patricia Davis,Consumer,0,2023-04-22
CUST_002733,Thomas Garcia,Consumer,0,2020-10-13
CUST_002734,Nancy Wilson,Consumer,0,2022-03-06
CUST_002735,Patricia Johnson,Consumer,1,2019-11-06
CUST_002736,Jessica Williams,Consumer,0,2019-08-19
CUST_002737,Charles Davis,Consumer,0,2020-09-19
CUST_002738,Joseph Williams,Corporate,0,2019-04-24
CUST_002739,Christopher Johnson,Corporate,0,2020-03-01
CUST_002740,David Rodriguez,Small Business,1,2023-08-23
CUST_002741,Barbara Brown,Small Business,0,2019-12-26
CUST_002742,Joseph Gonzalez,Consumer,0,2019-07-20
CUST_002743,Patricia Hernandez,VIP Loyalty,1,2019-10-07
CUST_002744,Michael Brown,Consumer,0,2023-04-17
CUST_002745,Michael Smith,Consumer,0,2021-11-03
CUST_002746,Barbara Smith,Corporate,1,2023-08-15
CUST_002747,Thomas Lopez,Corporate,0,2020-12-18
CUST_002748,Patricia Hernandez,Small Business,0,2019-07-18
CUST_002749,David Lopez,Consumer,0,2021-06-14
CUST_002750,John Williams,Corporate,0,2019-12-27
CUST_002751,Thomas Miller,Consumer,0,2019-03-03
CUST_002752,Mary Martinez,Corporate,0,2021-05-09
CUST_002753,Robert Johnson,Consumer,0,2020-04-10
CUST_002754,Linda Garcia,Consumer,0,2022-06-28
CUST_002755,William Williams,Consumer,0,2023-03-07
CUST_002756,Elizabeth Rodriguez,Consumer,0,2020-09-24
CUST_002757,Barbara Williams,Consumer,1,2022-10-02
CUST_002758,Lisa Gonzalez,Consumer,1,2021-10-04
CUST_002759,Thomas Williams,Consumer,0,2021-03-17
CUST_002760,Nancy Gonzalez,Consumer,0,2019-04-23
CUST_002761,Susan Hernandez,Consumer,0,2020-09-17
CUST_002762,Patricia Brown,Corporate,0,2023-08-02
CUST_002763,Mary Davis,Consumer,0,2023-07-09
CUST_002764,Barbara Anderson,Corporate,1,2020-01-14
CUST_002765,Charles Martinez,Consumer,0,2020-10-21
CUST_002766,Charles Garcia,Consumer,0,2020-08-11
CUST_002767,Linda Garcia,Consumer,1,2022-09-05
CUST_002768,William Johnson,Consumer,0,2021-04-19
CUST_002769,Patricia Brown,Small Business,1,2023-04-14
CUST_002770,Christopher Johnson,Consumer,0,2019-08-24
CUST_002771,Nancy Miller,Consumer,1,2023-12-23
CUST_002772,James Anderson,Small Business,0,2019-04-06
CUST_002773,Linda Martinez,Small Business,1,2021-03-24
CUST_002774,James Brown,Consumer,1,2020-04-15
CUST_002775,Patricia Anderson,Corporate,0,2021-03-08
CUST_002776,Lisa Smith,Consumer,0,2022-05-27
CUST_002777,Charles Anderson,Small Business,0,2022-10-22
CUST_002778,Joseph Rodriguez,Consumer,0,2022-05-23
CUST_002779,Robert Hernandez,Corporate,0,2020-02-19
CUST_002780,David Hernandez,Consumer,1,2019-03-23
CUST_002781,Linda Miller,Consumer,1,2019-07-11
CUST_002782,William Smith,Consumer,0,2021-04-16
CUST_002783,Michael Lopez,Corporate,0,2021-12-24
CUST_002784,Linda Gonzalez,VIP Loyalty,1,2022-12-17
CUST_002785,James Wilson,Consumer,0,2020-11-21
CUST_002786,David Johnson,Consumer,1,2022-09-20
CUST_002787,Daniel Jones,Corporate,0,2019-10-05
CUST_002788,Nancy Williams,Consumer,0,2023-10-14
CUST_002789,Christopher Miller,Corporate,0,2021-06-12
CUST_002790,Lisa Gonzalez,Consumer,1,2022-07-19
CUST_002791,Susan Wilson,Consumer,1,2021-11-18
CUST_002792,David Rodriguez,Small Business,0,2022-10-22
CUST_002793,Robert Williams,Small Business,0,2021-01-21
CUST_002794,James Garcia,Consumer,0,2022-05-20
CUST_002795,Mary Jones,Consumer,0,2023-06-08
CUST_002796,Mary Rodriguez,Consumer,1,2021-05-05
CUST_002797,Daniel Gonzalez,Small Business,0,2019-03-03
CUST_002798,Lisa Martinez,Consumer,0,2021-02-13
CUST_002799,Sarah Johnson,VIP Loyalty,1,2022-05-17
CUST_002800,Mary Johnson,Consumer,0,2023-11-09
CUST_002801,Robert Rodriguez,Small Business,1,2023-12-16
CUST_002802,Jennifer Davis,Consumer,0,2023-05-25
CUST_002803,Charles Wilson,Corporate,0,2020-08-21
CUST_002804,James Williams,Consumer,0,2019-07-07
CUST_002805,Linda Williams,VIP Loyalty,1,2019-01-11
CUST_002806,Jennifer Rodriguez,Consumer,0,2022-02-28
CUST_002807,James Hernandez,Consumer,0,2022-05-22
CUST_002808,Nancy Jones,Consumer,0,2019-05-13
CUST_002809,Nancy Brown,Consumer,0,2021-11-21
CUST_002810,Karen Jones,VIP Loyalty,1,2019-11-13
CUST_002811,James Johnson,Consumer,0,2019-05-15
CUST_002812,Michael Wilson,Consumer,0,2020-03-05
CUST_002813,Patricia Wilson,Corporate,1,2021-04-01
CUST_002814,Mary Gonzalez,Corporate,0,2020-02-12
CUST_002815,Nancy Wilson,Consumer,0,2019-08-21
CUST_002816,Lisa Martinez,Corporate,0,2020-02-12
CUST_002817,John Miller,Consumer,0,2019-12-16
CUST_002818,Patricia Gonzalez,Small Business,1,2019-11-18
CUST_002819,Sarah Gonzalez,Consumer,1,2020-05-22
CUST_002820,Patricia Smith,Consumer,0,2019-06-18
CUST_002821,Patricia Hernandez,VIP Loyalty,1,2020-07-28
CUST_002822,David Williams,Corporate,1,2021-05-01
CUST_002823,Lisa Wilson,Consumer,1,2019-09-17
CUST_002824,Jessica Miller,Corporate,0,2020-11-02
CUST_002825,Barbara Lopez,Consumer,0,2021-10-12
CUST_002826,Richard Davis,Small Business,1,2021-12-13
CUST_002827,Barbara Williams,Consumer,0,2019-09-27
CUST_002828,Linda Jones,Consumer,0,2022-07-24
CUST_002829,Richard Jones,Corporate,1,2020-11-28
CUST_002830,Susan Smith,Consumer,0,2020-03-16
CUST_002831,Nancy Martinez,VIP Loyalty,1,2023-05-07
CUST_002832,Richard Wilson,Consumer,1,2019-06-23
CUST_002833,Barbara Davis,Corporate,1,2021-04-12
CUST_002834,Joseph Davis,Consumer,1,2021-12-20
CUST_002835,Richard Miller,Consumer,0,2021-01-16
CUST_002836,Patricia Garcia,Small Business,1,2020-12-28
CUST_002837,Patricia Gonzalez,Corporate,1,2023-10-15
CUST_002838,Mary Brown,Consumer,0,2020-11-26
CUST_002839,Elizabeth Smith,Consumer,0,2021-06-28
CUST_002840,Patricia Hernandez,Corporate,0,2021-07-12
CUST_002841,John Anderson,Consumer,1,2023-04-07
CUST_002842,Michael Johnson,VIP Loyalty,1,2020-12-10
CUST_002843,Susan Rodriguez,Consumer,0,2019-09-20
CUST_002844,Thomas Hernandez,Consumer,1,2021-11-08
CUST_002845,Elizabeth Johnson,VIP Loyalty,1,2023-01-11
CUST_002846,Mary Davis,Consumer,0,2020-02-16
CUST_002847,Robert Davis,Small Business,0,2020-07-02
CUST_002848,John Wilson,Consumer,1,2023-09-02
CUST_002849,Michael Miller,Consumer,1,2020-06-14
CUST_002850,Sarah Smith,Consumer,0,2020-10-04
CUST_002851,Barbara Hernandez,Consumer,0,2021-08-08
CUST_002852,Charles Rodriguez,Consumer,0,2022-11-15
CUST_002853,Patricia Garcia,Consumer,0,2020-09-05
CUST_002854,Daniel Gonzalez,Consumer,0,2021-04-22
CUST_002855,Robert Williams,Consumer,0,2023-02-14
CUST_002856,Karen Miller,Consumer,0,2022-09-14
CUST_002857,Mary Anderson,Corporate,0,2023-02-03
CUST_002858,Charles Jones,Small Business,0,2021-02-01
CUST_002859,Barbara Garcia,Small Business,0,2021-05-25
CUST_002860,William Gonzalez,Corporate,0,2021-07-04
CUST_002861,Christopher Hernandez,VIP Loyalty,1,2020-07-25
CUST_002862,Robert Garcia,Corporate,0,2022-02-24
CUST_002863,Richard Smith,Consumer,0,2023-06-16
CUST_002864,Lisa Brown,Consumer,1,2020-12-08
CUST_002865,Richard Miller,Small Business,1,2020-03-28
CUST_002866,Patricia Lopez,Small Business,0,2023-06-17
CUST_002867,Patricia Wilson,Consumer,0,2020-06-24
CUST_002868,William Jones,VIP Loyalty,1,2020-02-21
CUST_002869,Daniel Miller,Consumer,0,2021-10-03
CUST_002870,Mary Williams,Consumer,0,2022-07-16
CUST_002871,Robert Johnson,Corporate,0,2023-03-27
CUST_002872,Joseph Hernandez,Corporate,0,2023-09-08
CUST_002873,Nancy Williams,Small Business,0,2019-12-17
CUST_002874,John Davis,Consumer,1,2023-10-18
CUST_002875,John Lopez,VIP Loyalty,1,2019-07-19
CUST_002876,Daniel Lopez,Consumer,0,2020-09-28
CUST_002877,Michael Smith,Consumer,0,2022-10-12
CUST_002878,Lisa Smith,Small Business,1,2022-04-09
CUST_002879,Joseph Davis,Consumer,1,2022-03-20
CUST_002880,William Wilson,Consumer,1,2019-03-16
CUST_002881,Barbara Martinez,Consumer,0,2022-12-28
CUST_002882,Nancy Brown,Consumer,0,2020-02-16
CUST_002883,James Brown,Consumer,0,2022-10-15
CUST_002884,Michael Miller,VIP Loyalty,1,2020-04-15
CUST_002885,James Jones,Corporate,1,2019-12-24
CUST_002886,Nancy Anderson,Consumer,1,2022-05-14
CUST_002887,Elizabeth Garcia,Consumer,1,2021-06-25
CUST_002888,Susan Wilson,Consumer,1,2020-06-04
CUST_002889,Christopher Jones,Consumer,0,2021-07-15
CUST_002890,James Anderson,Corporate,0,2019-01-05
CUST_002891,Robert Martinez,Consumer,0,2019-04-23
CUST_002892,Christopher Anderson,Consumer,0,2023-03-06
CUST_002893,Barbara Wilson,Consumer,0,2021-12-08
CUST_002894,William Jones,Corporate,0,2023-01-11
CUST_002895,Christopher Brown,VIP Loyalty,1,2019-08-26
CUST_002896,Mary Martinez,Consumer,1,2019-07-22
CUST_002897,Christopher Garcia,VIP Loyalty,1,2021-04-01
CUST_002898,Joseph Lopez,Consumer,1,2019-09-01
CUST_002899,John Davis,Consumer,1,2019-06-21
CUST_002900,Jennifer Williams,Consumer,0,2020-08-28
CUST_002901,Nancy Gonzalez,Consumer,0,2021-07-14
CUST_002902,John Hernandez,Consumer,0,2023-01-01
CUST_002903,Charles Williams,VIP Loyalty,1,2022-04-24
CUST_002904,James Davis,Consumer,0,2019-09-14
CUST_002905,Joseph Davis,Small Business,1,2020-02-06
CUST_002906,Karen Davis,Consumer,1,2022-10-11
CUST_002907,Robert Rodriguez,Consumer,0,2021-04-10
CUST_002908,Michael Smith,Small Business,0,2019-09-11
CUST_002909,Charles Johnson,Consumer,0,2020-03-22
CUST_002910,John Jones,Consumer,0,2022-11-23
CUST_002911,Jennifer Miller,Corporate,0,2021-03-04
CUST_002912,Linda Johnson,Consumer,0,2020-01-26
CUST_002913,James Garcia,Consumer,1,2023-12-18
CUST_002914,Lisa Martinez,Corporate,0,2019-01-01
CUST_002915,James Miller,VIP Loyalty,1,2023-12-16
CUST_002916,Susan Miller,Consumer,1,2020-08-18
CUST_002917,Jessica Rodriguez,Consumer,0,2022-04-18
CUST_002918,Patricia Brown,Consumer,0,2020-08-23
CUST_002919,John Garcia,Consumer,0,2023-08-15
CUST_002920,Barbara Jones,Corporate,1,2021-07-13
CUST_002921,John Martinez,Small Business,1,2023-02-28
CUST_002922,Daniel Brown,Consumer,0,2020-01-03
CUST_002923,Barbara Wilson,Consumer,0,2023-05-10
CUST_002924,Elizabeth Jones,Consumer,1,2020-06-11
CUST_002925,Patricia Martinez,Corporate,1,2019-04-02
CUST_002926,Elizabeth Williams,Consumer,0,2019-08-14
CUST_002927,Susan Johnson,Consumer,0,2023-06-21
CUST_002928,Joseph Hernandez,Consumer,0,2020-12-15
CUST_002929,Thomas Wilson,Consumer,0,2019-05-12
CUST_002930,Jennifer Anderson,VIP Loyalty,1,2023-06-09
CUST_002931,Joseph Martinez,VIP Loyalty,1,2020-03-12
CUST_002932,William Anderson,Consumer,0,2023-05-22
CUST_002933,Richard Anderson,Consumer,0,2020-02-03
CUST_002934,Richard Williams,Consumer,1,2020-09-06
CUST_002935,Charles Rodriguez,VIP Loyalty,1,2022-08-07
CUST_002936,Michael Martinez,Corporate,1,2023-07-04
CUST_002937,Lisa Rodriguez,Consumer,0,2022-10-09
CUST_002938,Thomas Johnson,Consumer,1,2020-07-01
CUST_002939,John Anderson,Consumer,0,2021-06-15
CUST_002940,John Wilson,Consumer,0,2022-02-07
CUST_002941,David Anderson,Consumer,1,2019-09-23
CUST_002942,Christopher Williams,Consumer,1,2023-11-20
CUST_002943,David Smith,Consumer,0,2020-04-10
CUST_002944,Karen Gonzalez,Corporate,0,2019-07-26
CUST_002945,Lisa Lopez,Consumer,1,2023-03-23
CUST_002946,John Hernandez,Corporate,0,2021-08-20
CUST_002947,Linda Martinez,VIP Loyalty,1,2023-09-06
CUST_002948,Joseph Jones,Small Business,0,2021-01-15
CUST_002949,Joseph Wilson,Consumer,1,2019-10-16
CUST_002950,Thomas Hernandez,Consumer,1,2023-07-13
CUST_002951,James Gonzalez,Corporate,0,2021-11-18
CUST_002952,William Martinez,Corporate,0,2022-04-05
CUST_002953,Elizabeth Anderson,Consumer,1,2021-12-19
CUST_002954,Jennifer Martinez,Consumer,0,2021-06-02
CUST_002955,Lisa Garcia,Corporate,1,2022-07-09
CUST_002956,Elizabeth Jones,VIP Loyalty,1,2023-11-11
CUST_002957,David Smith,Consumer,0,2019-05-23
CUST_002958,William Davis,Consumer,0,2022-01-19
CUST_002959,Elizabeth Anderson,Consumer,0,2022-05-15
CUST_002960,Joseph Hernandez,VIP Loyalty,1,2022-09-09
CUST_002961,James Jones,Corporate,1,2023-02-26
CUST_002962,Jessica Johnson,Consumer,0,2021-11-10
CUST_002963,Thomas Brown,Small Business,1,2019-08-11
CUST_002964,Michael Smith,Corporate,1,2021-02-17
CUST_002965,Jennifer Lopez,Corporate,1,2019-02-02
CUST_002966,Thomas Jones,Consumer,0,2020-06-09
CUST_002967,John Rodriguez,Consumer,0,2020-06-03
CUST_002968,Daniel Brown,Consumer,0,2020-03-19
CUST_002969,Mary Anderson,Consumer,0,2023-10-12
CUST_002970,Lisa Wilson,Corporate,0,2020-09-14
CUST_002971,Joseph Lopez,Consumer,0,2019-08-03
CUST_002972,Susan Smith,Small Business,0,2021-09-08
CUST_002973,John Johnson,Corporate,1,2023-09-01
CUST_002974,Elizabeth Williams,Corporate,0,2022-11-09
CUST_002975,James Lopez,VIP Loyalty,1,2019-11-06
CUST_002976,Thomas Hernandez,Corporate,1,2023-05-01
CUST_002977,Thomas Davis,Consumer,1,2020-04-13
CUST_002978,Elizabeth Rodriguez,Consumer,0,2021-01-02
CUST_002979,David Wilson,Consumer,0,2019-10-07
CUST_002980,Joseph Martinez,Consumer,0,2019-10-21
CUST_002981,Joseph Wilson,Consumer,1,2021-07-15
CUST_002982,Patricia Garcia,Consumer,0,2020-06-19
CUST_002983,Thomas Johnson,Consumer,1,2022-02-27
CUST_002984,Barbara Lopez,Consumer,0,2019-01-03
CUST_002985,Jennifer Miller,Consumer,0,2019-11-28
CUST_002986,Charles Davis,Small Business,0,2022-06-20
CUST_002987,Richard Anderson,Consumer,0,2023-03-10
CUST_002988,Karen Johnson,Consumer,0,2019-10-22
CUST_002989,James Garcia,Small Business,1,2019-10-04
CUST_002990,Karen Lopez,Corporate,0,2022-07-25
CUST_002991,Joseph Gonzalez,Corporate,0,2020-01-17
CUST_002992,Jessica Miller,Corporate,0,2020-06-12
CUST_002993,Elizabeth Garcia,Consumer,0,2022-12-27
CUST_002994,Richard Rodriguez,Consumer,1,2020-09-23
CUST_002995,Nancy Johnson,Consumer,1,2022-08-18
CUST_002996,Linda Williams,Consumer,0,2019-04-12
CUST_002997,Daniel Gonzalez,Small Business,0,2023-05-13
CUST_002998,Thomas Anderson,Corporate,0,2020-01-08
CUST_002999,Sarah Lopez,Consumer,0,2019-06-24
CUST_003000,Lisa Rodriguez,Consumer,0,2022-11-17
CUST_003001,Jennifer Lopez,Consumer,0,2022-02-11
CUST_003002,William Rodriguez,VIP Loyalty,1,2021-05-18
CUST_003003,Susan Williams,Corporate,1,2020-03-28
CUST_003004,Nancy Garcia,Consumer,0,2019-04-05
CUST_003005,David Johnson,Consumer,1,2023-07-06
CUST_003006,Lisa Garcia,Consumer,0,2022-12-23
CUST_003007,John Smith,Corporate,0,2020-08-26
CUST_003008,Jennifer Miller,Consumer,1,2019-10-01
CUST_003009,Barbara Hernandez,Small Business,0,2022-05-28
CUST_003010,Jennifer Johnson,Corporate,1,2022-10-04
CUST_003011,John Rodriguez,VIP Loyalty,1,2023-06-23
CUST_003012,Joseph Davis,Small Business,1,2020-08-01
CUST_003013,Barbara Davis,Consumer,1,2022-11-18
CUST_003014,Elizabeth Rodriguez,Consumer,1,2019-06-23
CUST_003015,Patricia Smith,Consumer,0,2019-10-23
CUST_003016,Barbara Hernandez,Consumer,0,2023-09-02
CUST_003017,Charles Hernandez,Consumer,0,2021-02-26
CUST_003018,Charles Martinez,Consumer,1,2020-08-08
CUST_003019,Lisa Johnson,Corporate,0,2022-05-23
CUST_003020,Lisa Rodriguez,Consumer,0,2020-01-12
CUST_003021,John Hernandez,Corporate,0,2021-09-26
CUST_003022,Patricia Martinez,Small Business,0,2023-04-13
CUST_003023,David Martinez,Small Business,0,2023-12-04
CUST_003024,Nancy Jones,Consumer,1,2022-12-04
CUST_003025,Barbara Garcia,Consumer,0,2022-04-09
CUST_003026,Sarah Anderson,Consumer,0,2019-02-06
CUST_003027,Charles Jones,Consumer,1,2023-01-08
CUST_003028,Michael Anderson,Consumer,1,2019-05-23
CUST_003029,Patricia Lopez,Consumer,0,2023-01-03
CUST_003030,Nancy Davis,Corporate,0,2022-04-16
CUST_003031,Mary Smith,Corporate,1,2021-04-27
CUST_003032,William Garcia,Corporate,0,2023-08-07
CUST_003033,David Davis,Consumer,0,2023-08-16
CUST_003034,Jessica Williams,Consumer,1,2023-11-03
CUST_003035,Lisa Davis,Consumer,0,2019-01-03
CUST_003036,Mary Lopez,Corporate,1,2021-08-18
CUST_003037,Nancy Miller,Consumer,0,2021-02-24
CUST_003038,James Martinez,Consumer,1,2021-08-01
CUST_003039,Jennifer Williams,Consumer,0,2023-04-09
CUST_003040,Joseph Jones,Corporate,0,2022-01-02
CUST_003041,Karen Martinez,Corporate,0,2021-09-25
CUST_003042,Susan Anderson,Small Business,1,2022-01-03
CUST_003043,Joseph Wilson,Consumer,0,2020-08-23
CUST_003044,Elizabeth Rodriguez,Corporate,0,2023-02-02
CUST_003045,Richard Anderson,Consumer,0,2022-08-15
CUST_003046,Susan Anderson,Corporate,0,2022-03-26
CUST_003047,Joseph Davis,Consumer,0,2021-09-08
CUST_003048,John Williams,Small Business,0,2019-12-04
CUST_003049,David Williams,Small Business,0,2019-10-24
CUST_003050,Thomas Brown,Consumer,1,2021-12-14
CUST_003051,Robert Jones,Consumer,1,2020-10-01
CUST_003052,Lisa Miller,Corporate,0,2023-02-16
CUST_003053,Jessica Johnson,Consumer,0,2022-09-07
CUST_003054,Lisa Martinez,Consumer,0,2020-09-20
CUST_003055,John Davis,Consumer,0,2021-01-05
CUST_003056,Karen Gonzalez,Corporate,0,2021-02-23
CUST_003057,Barbara Lopez,Small Business,0,2021-08-12
CUST_003058,Christopher Johnson,Consumer,0,2022-01-01
CUST_003059,Nancy Anderson,Corporate,0,2021-10-19
CUST_003060,Jessica Wilson,Consumer,0,2022-06-23
CUST_003061,Robert Lopez,Consumer,1,2022-05-07
CUST_003062,Jennifer Gonzalez,Consumer,0,2022-01-21
CUST_003063,Linda Miller,Small Business,0,2021-01-23
CUST_003064,Richard Anderson,Small Business,0,2023-12-24
CUST_003065,Daniel Rodriguez,Consumer,0,2020-01-17
CUST_003066,Richard Wilson,Consumer,0,2019-08-04
CUST_003067,Mary Williams,Consumer,1,2023-12-19
CUST_003068,William Martinez,Consumer,0,2019-04-04
CUST_003069,Jennifer Lopez,Corporate,0,2020-06-27
CUST_003070,Susan Garcia,Consumer,0,2021-06-26
CUST_003071,Barbara Davis,Consumer,0,2019-04-17
CUST_003072,Charles Smith,Consumer,1,2022-01-13
CUST_003073,Mary Hernandez,Consumer,1,2023-07-19
CUST_003074,Susan Davis,Small Business,0,2023-05-24
CUST_003075,Mary Johnson,Consumer,0,2019-11-28
CUST_003076,Elizabeth Martinez,Consumer,0,2022-10-17
CUST_003077,Jessica Johnson,Consumer,1,2020-04-23
CUST_003078,Karen Jones,Corporate,1,2022-03-06
CUST_003079,Richard Miller,Consumer,0,2019-06-24
CUST_003080,Robert Gonzalez,Consumer,0,2023-05-13
CUST_003081,Elizabeth Williams,Consumer,0,2021-12-04
CUST_003082,Elizabeth Martinez,Consumer,0,2019-02-09
CUST_003083,Christopher Brown,Consumer,0,2022-03-16
CUST_003084,Christopher Gonzalez,Consumer,1,2020-06-06
CUST_003085,Sarah Garcia,Corporate,0,2023-07-13
CUST_003086,Joseph Lopez,Consumer,1,2019-03-18
CUST_003087,Nancy Davis,Consumer,0,2022-09-26
CUST_003088,Richard Anderson,Consumer,1,2023-05-12
CUST_003089,Robert Lopez,Consumer,0,2021-11-22
CUST_003090,Mary Brown,Consumer,1,2022-07-10
CUST_003091,Robert Davis,Consumer,0,2019-06-17
CUST_003092,Robert Miller,Small Business,0,2023-06-07
CUST_003093,Nancy Jones,Corporate,0,2021-09-15
CUST_003094,Christopher Johnson,Small Business,0,2020-07-03
CUST_003095,James Williams,Small Business,0,2022-01-03
CUST_003096,Daniel Brown,Consumer,1,2023-02-15
CUST_003097,David Garcia,Consumer,0,2021-09-26
CUST_003098,Daniel Gonzalez,Consumer,0,2019-09-17
CUST_003099,Susan Gonzalez,Consumer,0,2020-10-08
CUST_003100,Lisa Garcia,Small Business,0,2021-03-16
CUST_003101,Robert Davis,Consumer,1,2022-12-16
CUST_003102,Thomas Johnson,Consumer,0,2020-12-07
CUST_003103,Mary Williams,Small Business,1,2023-09-07
CUST_003104,Linda Anderson,VIP Loyalty,1,2021-11-20
CUST_003105,Daniel Brown,VIP Loyalty,1,2020-06-25
CUST_003106,Jessica Johnson,Corporate,0,2021-05-28
CUST_003107,Elizabeth Johnson,Consumer,0,2019-08-10
CUST_003108,Elizabeth Johnson,Consumer,0,2021-02-06
CUST_003109,Daniel Lopez,Consumer,1,2021-12-18
CUST_003110,Jessica Johnson,Small Business,0,2021-08-06
CUST_003111,David Jones,Consumer,0,2020-11-14
CUST_003112,Robert Smith,VIP Loyalty,1,2023-05-18
CUST_003113,Jennifer Jones,Corporate,0,2021-10-28
CUST_003114,Charles Rodriguez,Consumer,0,2022-03-16
CUST_003115,Michael Lopez,Consumer,1,2019-01-21
CUST_003116,Linda Wilson,Corporate,1,2021-04-10
CUST_003117,Daniel Williams,Consumer,0,2019-04-20
CUST_003118,Richard Jones,Consumer,1,2022-09-17
CUST_003119,Jennifer Williams,Consumer,0,2022-08-20
CUST_003120,William Garcia,Corporate,1,2020-07-19
CUST_003121,Thomas Davis,VIP Loyalty,1,2020-11-11
CUST_003122,Elizabeth Anderson,Corporate,0,2021-02-17
CUST_003123,Christopher Williams,VIP Loyalty,1,2020-09-25
CUST_003124,David Garcia,VIP Loyalty,1,2020-03-22
CUST_003125,Sarah Jones,Consumer,0,2021-11-19
CUST_003126,Robert Garcia,Consumer,0,2019-04-20
CUST_003127,Daniel Lopez,Consumer,0,2019-11-02
CUST_003128,Richard Hernandez,Consumer,0,2023-05-21
CUST_003129,Linda Smith,Consumer,0,2022-06-15
CUST_003130,Daniel Brown,VIP Loyalty,1,2019-09-12
CUST_003131,Nancy Williams,Small Business,0,2022-09-20
CUST_003132,Robert Jones,Consumer,0,2019-10-11
CUST_003133,William Wilson,VIP Loyalty,1,2019-04-02
CUST_003134,Charles Smith,Corporate,1,2019-11-11
CUST_003135,Michael Johnson,Consumer,0,2019-10-08
CUST_003136,Elizabeth Williams,Consumer,0,2019-05-28
CUST_003137,Jennifer Davis,Small Business,1,2020-07-04
CUST_003138,Jessica Brown,Consumer,0,2023-05-24
CUST_003139,Jennifer Smith,Consumer,0,2023-01-14
CUST_003140,Mary Martinez,Small Business,1,2020-12-02
CUST_003141,Nancy Miller,Corporate,1,2022-06-09
CUST_003142,Karen Lopez,Consumer,0,2020-12-05
CUST_003143,Charles Martinez,Small Business,1,2019-05-05
CUST_003144,Linda Garcia,Consumer,0,2019-03-13
CUST_003145,Nancy Jones,Consumer,1,2019-04-22
CUST_003146,Michael Rodriguez,Consumer,1,2019-03-19
CUST_003147,William Miller,Corporate,0,2019-07-26
CUST_003148,Nancy Williams,VIP Loyalty,1,2023-03-08
CUST_003149,Robert Martinez,Small Business,1,2019-03-13
CUST_003150,Jennifer Garcia,Consumer,1,2021-11-24
CUST_003151,Susan Gonzalez,Corporate,0,2021-05-23
CUST_003152,Robert Garcia,Consumer,0,2019-10-02
CUST_003153,David Brown,Corporate,1,2020-10-15
CUST_003154,Robert Lopez,Consumer,0,2022-10-01
CUST_003155,David Hernandez,Corporate,1,2020-04-07
CUST_003156,Daniel Rodriguez,Corporate,0,2020-07-23
CUST_003157,Robert Rodriguez,Corporate,0,2021-01-16
CUST_003158,Christopher Davis,Consumer,0,2020-03-28
CUST_003159,Patricia Martinez,Small Business,0,2019-08-02
CUST_003160,Daniel Garcia,Consumer,1,2023-06-09
CUST_003161,Mary Hernandez,Corporate,0,2022-05-09
CUST_003162,Nancy Brown,Consumer,1,2023-08-24
CUST_003163,Nancy Hernandez,Corporate,0,2022-02-17
CUST_003164,Michael Johnson,Corporate,1,2020-01-02
CUST_003165,Thomas Garcia,Consumer,0,2022-08-12
CUST_003166,Karen Martinez,Consumer,1,2022-01-12
CUST_003167,Thomas Anderson,Corporate,0,2023-01-11
CUST_003168,Mary Garcia,Consumer,1,2022-08-19
CUST_003169,James Wilson,Consumer,0,2019-11-21
CUST_003170,William Jones,Consumer,0,2020-09-12
CUST_003171,Susan Jones,Consumer,0,2020-04-12
CUST_003172,David Brown,Consumer,0,2020-06-21
CUST_003173,Jennifer Smith,Consumer,1,2022-05-04
CUST_003174,Daniel Martinez,Consumer,0,2023-04-28
CUST_003175,Linda Hernandez,Small Business,0,2023-02-22
CUST_003176,Lisa Smith,Small Business,1,2023-10-26
CUST_003177,Sarah Hernandez,Consumer,0,2019-07-27
CUST_003178,Patricia Rodriguez,Corporate,0,2019-01-20
CUST_003179,Sarah Garcia,Consumer,0,2021-01-27
CUST_003180,David Smith,Consumer,1,2020-09-13
CUST_003181,Richard Davis,Consumer,0,2022-06-05
CUST_003182,Karen Miller,Consumer,1,2019-05-24
CUST_003183,Richard Anderson,Small Business,0,2022-03-11
CUST_003184,Jennifer Smith,Consumer,1,2022-05-15
CUST_003185,David Martinez,VIP Loyalty,1,2022-08-10
CUST_003186,Karen Wilson,Corporate,1,2021-08-05
CUST_003187,Barbara Wilson,Small Business,0,2022-03-16
CUST_003188,Susan Lopez,Consumer,1,2020-08-06
CUST_003189,Charles Brown,Small Business,0,2021-11-15
CUST_003190,Jennifer Martinez,Consumer,0,2022-04-10
CUST_003191,Jessica Hernandez,VIP Loyalty,1,2022-11-12
CUST_003192,Karen Hernandez,Consumer,0,2020-09-24
CUST_003193,Thomas Martinez,Consumer,1,2019-08-14
CUST_003194,Michael Johnson,Consumer,0,2023-05-13
CUST_003195,Patricia Brown,Consumer,0,2019-12-18
CUST_003196,Michael Lopez,Small Business,0,2020-03-07
CUST_003197,Jennifer Anderson,Consumer,0,2019-10-13
CUST_003198,Daniel Davis,Corporate,0,2022-12-27
CUST_003199,Richard Garcia,Consumer,0,2021-11-26
CUST_003200,Patricia Jones,Corporate,0,2020-01-19
CUST_003201,Elizabeth Wilson,Corporate,0,2021-07-12
CUST_003202,Nancy Gonzalez,Consumer,0,2022-04-10
CUST_003203,Daniel Jones,Consumer,0,2019-11-25
CUST_003204,Elizabeth Jones,Small Business,0,2020-08-24
CUST_003205,William Hernandez,Small Business,0,2021-11-28
CUST_003206,Elizabeth Hernandez,Consumer,1,2020-08-11
CUST_003207,Linda Garcia,VIP Loyalty,1,2020-06-01
CUST_003208,Susan Martinez,Corporate,1,2020-11-14
CUST_003209,Robert Rodriguez,Consumer,0,2020-05-06
CUST_003210,Thomas Smith,Consumer,0,2021-09-23
CUST_003211,Jennifer Anderson,Consumer,0,2023-04-21
CUST_003212,William Lopez,Corporate,1,2021-03-25
CUST_003213,Christopher Martinez,Consumer,1,2021-03-16
CUST_003214,Elizabeth Hernandez,Corporate,1,2022-11-10
CUST_003215,Michael Davis,Consumer,0,2019-12-04
CUST_003216,John Garcia,Consumer,1,2022-09-26
CUST_003217,David Brown,Consumer,0,2021-03-12
CUST_003218,Charles Davis,Consumer,1,2019-06-04
CUST_003219,Patricia Williams,Consumer,1,2020-03-20
CUST_003220,Patricia Garcia,Small Business,1,2021-09-23
CUST_003221,Christopher Garcia,Consumer,0,2019-06-12
CUST_003222,Karen Lopez,Consumer,1,2019-07-15
CUST_003223,Richard Davis,VIP Loyalty,1,2020-08-10
CUST_003224,Michael Martinez,Corporate,0,2022-03-11
CUST_003225,John Martinez,Small Business,0,2021-08-02
CUST_003226,Mary Johnson,Corporate,0,2022-11-17
CUST_003227,Sarah Wilson,Corporate,0,2020-02-16
CUST_003228,Mary Davis,Consumer,0,2021-04-07
CUST_003229,Sarah Brown,Consumer,1,2021-11-20
CUST_003230,David Anderson,Consumer,0,2020-12-10
CUST_003231,Jessica Williams,Corporate,0,2019-08-02
CUST_003232,Nancy Smith,Consumer,1,2022-09-03
CUST_003233,Robert Smith,Corporate,1,2022-10-02
CUST_003234,Jessica Davis,Consumer,0,2021-12-02
CUST_003235,Patricia Wilson,VIP Loyalty,1,2020-03-07
CUST_003236,Patricia Garcia,Consumer,0,2021-06-04
CUST_003237,Sarah Miller,Corporate,0,2023-05-22
CUST_003238,Jennifer Wilson,Consumer,0,2019-12-20
CUST_003239,Barbara Gonzalez,Consumer,0,2019-05-20
CUST_003240,Richard Gonzalez,Consumer,0,2020-02-02
CUST_003241,Daniel Hernandez,Consumer,1,2019-11-18
CUST_003242,Jessica Martinez,Consumer,0,2023-06-06
CUST_003243,David Williams,Consumer,0,2023-07-08
CUST_003244,Robert Johnson,Small Business,0,2019-06-08
CUST_003245,Lisa Wilson,Consumer,0,2019-02-28
CUST_003246,Richard Johnson,Corporate,0,2021-02-27
CUST_003247,Patricia Hernandez,Corporate,0,2020-07-15
CUST_003248,Charles Martinez,Consumer,0,2019-11-03
CUST_003249,Daniel Smith,Consumer,0,2022-06-09
CUST_003250,Nancy Williams,Small Business,0,2022-04-16
CUST_003251,Lisa Martinez,Consumer,0,2020-07-23
CUST_003252,Sarah Rodriguez,Consumer,0,2019-01-04
CUST_003253,Patricia Wilson,Small Business,0,2022-01-03
CUST_003254,Charles Davis,Consumer,0,2023-10-06
CUST_003255,Robert Lopez,Consumer,1,2019-06-16
CUST_003256,Barbara Williams,Small Business,1,2023-12-28
CUST_003257,Lisa Wilson,VIP Loyalty,1,2022-05-16
CUST_003258,Linda Lopez,Consumer,1,2022-10-15
CUST_003259,Patricia Wilson,Corporate,0,2019-09-03
CUST_003260,Daniel Lopez,Corporate,1,2020-03-26
CUST_003261,Christopher Lopez,Small Business,1,2023-08-08
CUST_003262,Thomas Wilson,VIP Loyalty,1,2019-01-26
CUST_003263,Lisa Smith,Small Business,0,2019-03-01
CUST_003264,Thomas Hernandez,Consumer,1,2019-06-05
CUST_003265,Mary Johnson,Consumer,0,2021-10-27
CUST_003266,Daniel Miller,Consumer,1,2022-11-02
CUST_003267,John Williams,Corporate,1,2020-01-15
CUST_003268,Barbara Miller,Small Business,0,2021-01-03
CUST_003269,Jessica Jones,Consumer,0,2020-10-07
CUST_003270,Elizabeth Jones,Corporate,0,2019-04-20
CUST_003271,David Davis,Consumer,0,2023-12-13
CUST_003272,Linda Hernandez,Consumer,0,2019-01-22
CUST_003273,Richard Gonzalez,Small Business,1,2023-12-04
CUST_003274,Lisa Hernandez,Consumer,0,2020-11-14
CUST_003275,Sarah Miller,Corporate,1,2021-11-10
CUST_003276,Daniel Miller,Consumer,0,2020-12-08
CUST_003277,John Hernandez,Consumer,0,2020-03-17
CUST_003278,William Brown,Corporate,0,2022-09-14
CUST_003279,David Johnson,Small Business,0,2022-02-23
CUST_003280,Barbara Martinez,Consumer,1,2019-05-23
CUST_003281,Joseph Martinez,Consumer,0,2022-01-02
CUST_003282,Barbara Williams,Consumer,0,2021-05-04
CUST_003283,Joseph Miller,Consumer,1,2020-12-28
CUST_003284,Lisa Lopez,Consumer,0,2021-03-21
CUST_003285,John Garcia,Corporate,0,2021-12-27
CUST_003286,William Gonzalez,Consumer,1,2021-10-20
CUST_003287,Jessica Lopez,VIP Loyalty,1,2019-05-28
CUST_003288,Sarah Martinez,Consumer,1,2019-07-01
CUST_003289,John Brown,Consumer,1,2022-12-16
CUST_003290,Lisa Martinez,Corporate,0,2021-02-06
CUST_003291,James Wilson,Consumer,1,2022-10-21
CUST_003292,Mary Rodriguez,Consumer,0,2021-09-01
CUST_003293,Michael Brown,Consumer,0,2022-04-24
CUST_003294,Daniel Brown,Consumer,0,2023-02-20
CUST_003295,Jennifer Garcia,Consumer,0,2023-04-05
CUST_003296,Robert Anderson,Consumer,0,2022-09-28
CUST_003297,David Gonzalez,Consumer,0,2020-11-08
CUST_003298,Jennifer Hernandez,Small Business,0,2023-07-22
CUST_003299,Joseph Jones,Consumer,0,2023-01-01
CUST_003300,Nancy Wilson,Consumer,1,2019-08-14
CUST_003301,William Brown,Consumer,1,2019-09-10
CUST_003302,Linda Miller,Consumer,1,2019-09-12
CUST_003303,Jessica Martinez,Small Business,0,2021-09-14
CUST_003304,Nancy Brown,Consumer,1,2019-09-03
CUST_003305,Karen Lopez,Consumer,0,2022-05-28
CUST_003306,James Wilson,Corporate,1,2023-04-25
CUST_003307,Patricia Wilson,Consumer,0,2019-03-05
CUST_003308,Jessica Williams,VIP Loyalty,1,2019-02-18
CUST_003309,Daniel Davis,Corporate,1,2020-02-28
CUST_003310,Thomas Rodriguez,Small Business,0,2021-04-07
CUST_003311,John Williams,Consumer,1,2020-04-10
CUST_003312,Charles Davis,Consumer,0,2019-03-20
CUST_003313,Elizabeth Wilson,Consumer,0,2021-03-24
CUST_003314,Linda Gonzalez,Consumer,0,2022-08-06
CUST_003315,Mary Williams,Consumer,1,2022-04-16
CUST_003316,Robert Davis,Consumer,0,2023-01-20
CUST_003317,Nancy Garcia,Corporate,0,2023-06-27
CUST_003318,Jennifer Williams,Consumer,0,2022-11-21
CUST_003319,John Smith,Consumer,1,2021-04-15
CUST_003320,Charles Johnson,Corporate,0,2023-06-27
CUST_003321,Joseph Lopez,Corporate,1,2020-05-20
CUST_003322,Elizabeth Williams,VIP Loyalty,1,2019-08-10
CUST_003323,Mary Garcia,VIP Loyalty,1,2021-05-07
CUST_003324,Michael Hernandez,Consumer,0,2023-02-19
CUST_003325,Charles Gonzalez,Corporate,0,2020-03-26
CUST_003326,Jennifer Brown,Consumer,1,2022-03-11
CUST_003327,Linda Rodriguez,VIP Loyalty,1,2019-03-19
CUST_003328,Lisa Jones,Consumer,1,2023-10-16
CUST_003329,Jennifer Wilson,Consumer,1,2020-02-13
CUST_003330,Sarah Smith,Consumer,0,2019-05-21
CUST_003331,James Brown,Consumer,1,2019-12-07
CUST_003332,Daniel Williams,Consumer,1,2022-10-03
CUST_003333,Barbara Miller,Consumer,0,2020-08-14
CUST_003334,Robert Williams,Consumer,0,2020-05-11
CUST_003335,Linda Gonzalez,Corporate,0,2021-03-13
CUST_003336,Daniel Garcia,Consumer,0,2020-10-17
CUST_003337,Richard Wilson,Consumer,1,2020-03-02
CUST_003338,Charles Miller,Corporate,0,2020-07-26
CUST_003339,Nancy Garcia,Consumer,1,2020-11-21
CUST_003340,John Rodriguez,VIP Loyalty,1,2021-02-01
CUST_003341,Joseph Brown,Consumer,0,2020-07-15
CUST_003342,John Miller,Consumer,1,2021-08-16
CUST_003343,Jessica Davis,Small Business,0,2020-02-07
CUST_003344,Susan Hernandez,Consumer,0,2019-10-09
CUST_003345,William Garcia,Consumer,0,2022-04-22
CUST_003346,Susan Hernandez,Consumer,0,2020-10-18
CUST_003347,Sarah Johnson,Small Business,0,2023-04-23
CUST_003348,Elizabeth Smith,Consumer,0,2023-01-28
CUST_003349,Joseph Martinez,Consumer,0,2021-03-22
CUST_003350,Elizabeth Hernandez,Small Business,0,2023-07-22
CUST_003351,Barbara Lopez,Consumer,0,2019-02-12
CUST_003352,Michael Williams,Corporate,1,2023-11-27
CUST_003353,David Jones,Consumer,0,2019-08-01
CUST_003354,Linda Hernandez,Consumer,0,2022-07-16
CUST_003355,Robert Davis,Consumer,0,2023-01-19
CUST_003356,Elizabeth Rodriguez,Consumer,0,2021-06-05
CUST_003357,Thomas Johnson,Consumer,0,2022-04-09
CUST_003358,John Smith,Consumer,0,2022-10-05
CUST_003359,Karen Williams,Consumer,0,2020-05-16
CUST_003360,David Smith,Consumer,0,2019-05-10
CUST_003361,Thomas Hernandez,Consumer,1,2023-01-04
CUST_003362,Mary Jones,Consumer,1,2019-11-26
CUST_003363,Patricia Miller,Small Business,0,2019-05-22
CUST_003364,Jessica Gonzalez,VIP Loyalty,1,2022-12-23
CUST_003365,Nancy Davis,Consumer,0,2023-01-03
CUST_003366,Karen Lopez,Consumer,0,2021-12-09
CUST_003367,Susan Johnson,Small Business,0,2023-06-17
CUST_003368,Mary Smith,Corporate,1,2022-09-23
CUST_003369,Sarah Hernandez,Corporate,0,2020-09-03
CUST_003370,Barbara Martinez,Corporate,0,2021-10-03
CUST_003371,Daniel Rodriguez,Consumer,0,2023-07-24
CUST_003372,Susan Lopez,VIP Loyalty,1,2020-02-12
CUST_003373,Charles Davis,Consumer,1,2020-09-12
CUST_003374,Robert Johnson,Corporate,0,2019-10-14
CUST_003375,David Lopez,Consumer,0,2021-03-24
CUST_003376,Lisa Davis,Corporate,0,2022-09-23
CUST_003377,Lisa Johnson,Corporate,0,2019-08-23
CUST_003378,Karen Smith,Consumer,0,2020-01-21
CUST_003379,Christopher Gonzalez,Consumer,0,2021-09-16
CUST_003380,William Brown,Consumer,0,2021-05-06
CUST_003381,Joseph Williams,VIP Loyalty,1,2023-08-10
CUST_003382,Susan Gonzalez,Consumer,1,2022-03-02
CUST_003383,Christopher Wilson,Corporate,1,2021-01-15
CUST_003384,Karen Garcia,Consumer,0,2021-02-04
CUST_003385,Jessica Garcia,Small Business,1,2022-02-16
CUST_003386,Linda Miller,Consumer,1,2019-02-23
CUST_003387,David Williams,VIP Loyalty,1,2019-02-26
CUST_003388,Susan Rodriguez,Corporate,0,2022-12-08
CUST_003389,Jessica Rodriguez,Consumer,0,2023-05-05
CUST_003390,Karen Wilson,Corporate,0,2021-03-17
CUST_003391,Sarah Wilson,Consumer,0,2022-02-07
CUST_003392,Joseph Lopez,Consumer,0,2020-11-21
CUST_003393,Sarah Rodriguez,Corporate,0,2019-01-17
CUST_003394,Jessica Brown,Small Business,1,2019-03-25
CUST_003395,Joseph Rodriguez,Consumer,0,2021-06-26
CUST_003396,Karen Smith,Consumer,1,2021-05-05
CUST_003397,Michael Johnson,Consumer,0,2023-10-21
CUST_003398,Karen Hernandez,Consumer,1,2021-04-17
CUST_003399,Jessica Rodriguez,Small Business,0,2021-04-20
CUST_003400,Jessica Davis,Corporate,0,2019-02-04
CUST_003401,Charles Davis,VIP Loyalty,1,2019-01-20
CUST_003402,Charles Williams,Consumer,0,2020-10-18
CUST_003403,Lisa Smith,Corporate,0,2021-02-09
CUST_003404,Jessica Jones,Corporate,0,2022-07-16
CUST_003405,Michael Hernandez,VIP Loyalty,1,2023-01-09
CUST_003406,Barbara Gonzalez,Consumer,0,2019-04-28
CUST_003407,Patricia Jones,Small Business,0,2021-09-08
CUST_003408,Thomas Gonzalez,Consumer,1,2022-09-25
CUST_003409,James Miller,VIP Loyalty,1,2021-03-27
CUST_003410,Linda Williams,Corporate,0,2019-03-13
CUST_003411,Nancy Garcia,Consumer,0,2020-10-06
CUST_003412,Elizabeth Jones,VIP Loyalty,1,2021-09-12
CUST_003413,Barbara Wilson,Corporate,0,2023-06-09
CUST_003414,Robert Jones,Consumer,0,2022-02-26
CUST_003415,Elizabeth Lopez,Small Business,1,2023-11-16
CUST_003416,Susan Gonzalez,Consumer,1,2019-03-28
CUST_003417,Jessica Wilson,VIP Loyalty,1,2023-07-16
CUST_003418,Jennifer Johnson,Consumer,0,2019-06-06
CUST_003419,Patricia Lopez,Consumer,1,2021-08-22
CUST_003420,Daniel Rodriguez,VIP Loyalty,1,2019-05-20
CUST_003421,Thomas Rodriguez,Consumer,0,2019-10-13
CUST_003422,Thomas Anderson,Corporate,0,2022-05-27
CUST_003423,John Johnson,Corporate,1,2020-01-11
CUST_003424,Richard Jones,Consumer,0,2022-04-20
CUST_003425,Michael Smith,Corporate,0,2020-09-10
CUST_003426,Susan Anderson,Small Business,0,2021-01-21
CUST_003427,Lisa Anderson,Consumer,0,2022-10-06
CUST_003428,Michael Jones,Consumer,0,2023-01-13
CUST_003429,Nancy Johnson,Consumer,0,2019-03-26
CUST_003430,Susan Brown,Consumer,1,2019-11-08
CUST_003431,Mary Lopez,Consumer,0,2020-07-05
CUST_003432,Michael Jones,Consumer,1,2023-11-13
CUST_003433,Barbara Smith,Consumer,1,2020-09-14
CUST_003434,Daniel Lopez,Corporate,0,2022-04-20
CUST_003435,Jennifer Smith,Consumer,0,2021-01-09
CUST_003436,Nancy Miller,Corporate,0,2022-12-12
CUST_003437,Robert Jones,Consumer,1,2023-01-27
CUST_003438,William Anderson,Corporate,1,2022-02-13
CUST_003439,Richard Williams,Consumer,0,2022-08-19
CUST_003440,Linda Garcia,VIP Loyalty,1,2021-05-05
CUST_003441,William Gonzalez,Consumer,1,2023-01-23
CUST_003442,Lisa Anderson,Consumer,0,2023-09-27
CUST_003443,James Smith,Consumer,1,2023-04-22
CUST_003444,Barbara Davis,Small Business,1,2019-07-06
CUST_003445,Christopher Brown,Corporate,0,2019-03-04
CUST_003446,Richard Jones,Small Business,1,2020-11-10
CUST_003447,Mary Garcia,Consumer,0,2019-08-26
CUST_003448,Jessica Wilson,Corporate,1,2022-01-24
CUST_003449,Susan Jones,Consumer,1,2023-01-01
CUST_003450,Susan Brown,Small Business,1,2021-12-16
CUST_003451,Patricia Johnson,Consumer,0,2021-06-04
CUST_003452,Thomas Miller,Consumer,0,2021-12-08
CUST_003453,Richard Martinez,Small Business,0,2019-06-25
CUST_003454,Joseph Gonzalez,Consumer,0,2020-06-02
CUST_003455,John Gonzalez,Consumer,1,2022-09-24
CUST_003456,Thomas Davis,Corporate,1,2020-06-07
CUST_003457,Elizabeth Gonzalez,Consumer,0,2019-06-20
CUST_003458,Sarah Anderson,Corporate,0,2021-12-19
CUST_003459,Charles Brown,Small Business,0,2023-03-10
CUST_003460,Robert Lopez,Consumer,0,2019-10-06
CUST_003461,Barbara Garcia,Consumer,1,2023-09-20
CUST_003462,Robert Williams,Consumer,1,2019-11-26
CUST_003463,Jessica Lopez,Consumer,0,2020-07-09
CUST_003464,Lisa Hernandez,Consumer,0,2020-01-15
CUST_003465,Mary Anderson,Consumer,0,2022-10-19
CUST_003466,Nancy Lopez,Consumer,0,2021-06-02
CUST_003467,Christopher Hernandez,Consumer,0,2020-05-01
CUST_003468,Robert Jones,VIP Loyalty,1,2023-04-23
CUST_003469,Christopher Garcia,Consumer,0,2020-12-11
CUST_003470,Karen Hernandez,Consumer,1,2021-01-25
CUST_003471,Thomas Williams,Consumer,0,2020-07-15
CUST_003472,James Gonzalez,Consumer,0,2023-10-02
CUST_003473,Charles Wilson,Small Business,0,2019-08-15
CUST_003474,Karen Davis,Corporate,1,2019-10-05
CUST_003475,David Garcia,Corporate,0,2019-07-17
CUST_003476,Richard Hernandez,Consumer,0,2023-01-04
CUST_003477,Mary Brown,Consumer,0,2019-05-23
CUST_003478,Karen Lopez,Consumer,1,2020-07-04
CUST_003479,Barbara Smith,Consumer,0,2019-09-26
CUST_003480,Christopher Martinez,Consumer,0,2019-07-03
CUST_003481,Robert Miller,Consumer,0,2021-09-08
CUST_003482,Sarah Davis,Consumer,1,2023-09-20
CUST_003483,Jennifer Rodriguez,Consumer,0,2022-01-19
CUST_003484,David Anderson,Consumer,0,2021-10-02
CUST_003485,Karen Jones,Corporate,0,2023-02-12
CUST_003486,Lisa Davis,Consumer,0,2019-12-23
CUST_003487,James Davis,VIP Loyalty,1,2023-06-09
CUST_003488,Elizabeth Anderson,Consumer,0,2021-05-16
CUST_003489,Karen Wilson,Small Business,0,2019-04-22
CUST_003490,David Lopez,Consumer,1,2021-03-26
CUST_003491,Robert Hernandez,Corporate,0,2023-10-22
CUST_003492,Jennifer Hernandez,Corporate,0,2022-08-09
CUST_003493,Mary Rodriguez,Consumer,1,2022-08-14
CUST_003494,Lisa Smith,Corporate,0,2021-05-26
CUST_003495,Linda Hernandez,Small Business,1,2022-04-22
CUST_003496,Daniel Gonzalez,Consumer,0,2022-08-06
CUST_003497,John Gonzalez,Consumer,0,2023-11-04
CUST_003498,Thomas Martinez,Small Business,0,2022-05-16
CUST_003499,Susan Jones,Corporate,0,2019-01-22
CUST_003500,Joseph Brown,Small Business,0,2021-08-02
CUST_003501,Patricia Smith,Small Business,0,2023-01-17
CUST_003502,Sarah Jones,Consumer,0,2022-04-03
CUST_003503,Linda Williams,Consumer,0,2023-05-16
CUST_003504,Christopher Davis,Consumer,0,2022-09-16
CUST_003505,James Jones,Consumer,1,2021-09-27
CUST_003506,Linda Williams,Corporate,0,2023-12-18
CUST_003507,Karen Jones,Consumer,1,2021-07-26
CUST_003508,Thomas Gonzalez,Small Business,1,2020-02-28
CUST_003509,Jennifer Miller,Small Business,0,2019-08-24
CUST_003510,Nancy Jones,Corporate,0,2022-04-25
CUST_003511,Michael Johnson,Corporate,0,2020-08-01
CUST_003512,Joseph Williams,Consumer,0,2023-08-07
CUST_003513,William Johnson,Consumer,0,2021-02-14
CUST_003514,Linda Garcia,Corporate,1,2019-09-24
CUST_003515,Lisa Lopez,Corporate,0,2023-05-23
CUST_003516,Lisa Garcia,Consumer,0,2019-01-03
CUST_003517,Richard Lopez,Consumer,0,2023-07-05
CUST_003518,Susan Johnson,Corporate,0,2023-04-13
CUST_003519,Patricia Williams,Consumer,0,2019-04-06
CUST_003520,Lisa Wilson,Small Business,0,2022-09-16
CUST_003521,Michael Wilson,Consumer,0,2022-06-27
CUST_003522,Joseph Smith,VIP Loyalty,1,2021-05-01
CUST_003523,John Lopez,Consumer,0,2022-10-01
CUST_003524,James Anderson,Consumer,0,2019-07-13
CUST_003525,Charles Lopez,VIP Loyalty,1,2020-04-28
CUST_003526,Patricia Williams,VIP Loyalty,1,2023-11-25
CUST_003527,William Williams,Small Business,0,2021-04-17
CUST_003528,Christopher Lopez,Consumer,1,2020-02-08
CUST_003529,William Williams,Consumer,0,2022-05-06
CUST_003530,David Smith,Consumer,0,2022-05-21
CUST_003531,Lisa Hernandez,Consumer,0,2019-07-28
CUST_003532,Robert Gonzalez,Consumer,0,2022-07-01
CUST_003533,Patricia Williams,Corporate,1,2019-12-13
CUST_003534,Mary Lopez,VIP Loyalty,1,2023-09-07
CUST_003535,Richard Garcia,VIP Loyalty,1,2020-07-18
CUST_003536,Charles Davis,Consumer,1,2021-09-28
CUST_003537,Patricia Miller,Corporate,0,2020-06-26
CUST_003538,Barbara Rodriguez,Corporate,0,2023-01-24
CUST_003539,Robert Garcia,Consumer,0,2022-02-15
CUST_003540,Elizabeth Davis,Consumer,1,2023-06-22
CUST_003541,John Hernandez,Consumer,0,2021-03-11
CUST_003542,Susan Johnson,Corporate,0,2019-06-21
CUST_003543,Susan Hernandez,Consumer,1,2022-03-15
CUST_003544,Richard Garcia,Consumer,1,2023-05-25
CUST_003545,Lisa Anderson,Consumer,0,2020-07-17
CUST_003546,Michael Hernandez,Corporate,0,2020-06-20
CUST_003547,Charles Hernandez,Small Business,0,2019-02-10
CUST_003548,Elizabeth Martinez,Consumer,0,2020-07-18
CUST_003549,Thomas Hernandez,Consumer,1,2022-12-24
CUST_003550,James Brown,Corporate,0,2021-10-06
CUST_003551,John Jones,Consumer,1,2023-01-24
CUST_003552,Joseph Garcia,Consumer,1,2022-09-25
CUST_003553,Christopher Lopez,Consumer,0,2019-11-17
CUST_003554,David Miller,Consumer,0,2023-08-24
CUST_003555,Jessica Anderson,Consumer,0,2019-09-11
CUST_003556,Barbara Garcia,Consumer,1,2020-03-13
CUST_003557,Michael Gonzalez,Consumer,0,2022-03-13
CUST_003558,Richard Wilson,Consumer,0,2023-04-17
CUST_003559,William Gonzalez,Consumer,1,2021-09-26
CUST_003560,Susan Rodriguez,Consumer,0,2020-10-15
CUST_003561,Karen Lopez,Consumer,0,2020-10-01
CUST_003562,Joseph Hernandez,Corporate,1,2019-06-22
CUST_003563,John Martinez,Consumer,1,2022-03-05
CUST_003564,Daniel Hernandez,Consumer,0,2023-12-16
CUST_003565,Jessica Lopez,Consumer,1,2022-04-10
CUST_003566,Mary Wilson,Consumer,0,2019-12-27
CUST_003567,Charles Davis,Consumer,0,2021-04-27
CUST_003568,Jessica Anderson,Consumer,0,2022-09-04
CUST_003569,Thomas Smith,Consumer,1,2022-06-06
CUST_003570,Thomas Martinez,Consumer,0,2022-03-21
CUST_003571,Karen Lopez,Corporate,1,2022-02-11
CUST_003572,Daniel Brown,Corporate,0,2019-01-28
CUST_003573,Sarah Hernandez,Consumer,0,2019-02-12
CUST_003574,Jessica Rodriguez,Consumer,0,2023-05-28
CUST_003575,Richard Johnson,Consumer,0,2023-07-08
CUST_003576,Jennifer Jones,Consumer,1,2021-05-11
CUST_003577,Sarah Martinez,Corporate,0,2022-12-08
CUST_003578,Charles Jones,Consumer,0,2019-04-09
CUST_003579,Mary Rodriguez,Corporate,0,2023-06-09
CUST_003580,Jessica Brown,Small Business,0,2021-11-20
CUST_003581,Thomas Brown,Consumer,0,2021-10-21
CUST_003582,John Wilson,Consumer,1,2023-08-24
CUST_003583,Susan Lopez,Small Business,1,2023-04-23
CUST_003584,Nancy Martinez,Small Business,0,2022-02-28
CUST_003585,Linda Anderson,Consumer,0,2023-07-04
CUST_003586,William Miller,Corporate,0,2023-09-13
CUST_003587,Patricia Gonzalez,Consumer,0,2020-11-04
CUST_003588,Karen Hernandez,VIP Loyalty,1,2023-06-08
CUST_003589,Richard Rodriguez,Corporate,0,2022-11-20
CUST_003590,James Rodriguez,Small Business,0,2023-10-01
CUST_003591,Lisa Williams,Corporate,1,2019-03-21
CUST_003592,Karen Miller,Small Business,0,2021-08-24
CUST_003593,Susan Johnson,Corporate,0,2020-08-12
CUST_003594,Thomas Johnson,Consumer,0,2023-10-07
CUST_003595,John Rodriguez,Corporate,1,2021-01-01
CUST_003596,Charles Brown,Consumer,0,2021-08-12
CUST_003597,Richard Williams,Consumer,0,2019-11-07
CUST_003598,Richard Brown,Corporate,0,2021-01-24
CUST_003599,Susan Lopez,Consumer,1,2022-05-25
CUST_003600,William Williams,Consumer,1,2019-02-05
CUST_003601,David Johnson,Consumer,0,2022-06-27
CUST_003602,Sarah Davis,Corporate,0,2022-11-16
CUST_003603,Robert Lopez,VIP Loyalty,1,2023-07-15
CUST_003604,John Anderson,VIP Loyalty,1,2019-12-18
CUST_003605,John Lopez,Consumer,1,2020-04-17
CUST_003606,Joseph Jones,Consumer,1,2019-12-11
CUST_003607,Charles Hernandez,Consumer,0,2020-05-21
CUST_003608,Jessica Brown,Small Business,0,2020-04-16
CUST_003609,Michael Rodriguez,VIP Loyalty,1,2021-01-09
CUST_003610,Linda Miller,VIP Loyalty,1,2020-07-27
CUST_003611,Jennifer Anderson,Consumer,1,2021-03-04
CUST_003612,Susan Anderson,Small Business,0,2019-08-11
CUST_003613,Elizabeth Johnson,Small Business,0,2023-08-03
CUST_003614,Sarah Miller,Small Business,0,2023-03-03
CUST_003615,Joseph Jones,Corporate,0,2023-03-16
CUST_003616,Michael Williams,VIP Loyalty,1,2022-02-18
CUST_003617,David Smith,Consumer,0,2019-03-18
CUST_003618,Charles Wilson,Consumer,0,2022-11-17
CUST_003619,Jennifer Williams,VIP Loyalty,1,2021-07-13
CUST_003620,Richard Jones,Consumer,0,2023-03-27
CUST_003621,Christopher Brown,Consumer,1,2021-03-20
CUST_003622,Joseph Gonzalez,Small Business,0,2023-04-12
CUST_003623,Michael Hernandez,Corporate,0,2022-05-01
CUST_003624,John Anderson,Corporate,1,2023-09-22
CUST_003625,John Smith,Consumer,1,2023-08-05
CUST_003626,Thomas Williams,Consumer,1,2020-05-07
CUST_003627,Linda Wilson,Corporate,0,2021-11-02
CUST_003628,Thomas Garcia,Consumer,1,2019-09-07
CUST_003629,Patricia Hernandez,Corporate,0,2022-12-27
CUST_003630,Nancy Garcia,Small Business,0,2020-04-20
CUST_003631,Karen Smith,VIP Loyalty,1,2023-09-19
CUST_003632,John Wilson,Consumer,1,2019-10-24
CUST_003633,Barbara Smith,VIP Loyalty,1,2022-04-15
CUST_003634,William Garcia,Consumer,0,2023-03-09
CUST_003635,Nancy Davis,Corporate,1,2020-06-03
CUST_003636,Thomas Garcia,Corporate,0,2023-01-17
CUST_003637,James Miller,Corporate,0,2022-11-14
CUST_003638,Richard Hernandez,Consumer,0,2022-02-07
CUST_003639,Christopher Williams,Consumer,1,2021-10-14
CUST_003640,Jessica Hernandez,Consumer,0,2021-02-16
CUST_003641,Patricia Johnson,Small Business,1,2022-05-10
CUST_003642,Karen Davis,Consumer,1,2023-02-12
CUST_003643,Elizabeth Davis,Corporate,1,2020-08-23
CUST_003644,Elizabeth Brown,VIP Loyalty,1,2021-05-26
CUST_003645,Mary Lopez,VIP Loyalty,1,2022-11-22
CUST_003646,William Brown,Consumer,1,2022-09-26
CUST_003647,Barbara Smith,Consumer,0,2021-04-14
CUST_003648,Daniel Gonzalez,Consumer,0,2019-10-17
CUST_003649,William Brown,Consumer,0,2023-09-21
CUST_003650,Barbara Garcia,Small Business,1,2020-08-11
CUST_003651,Lisa Wilson,Small Business,0,2019-01-18
CUST_003652,Charles Gonzalez,Corporate,0,2022-08-24
CUST_003653,David Miller,Consumer,0,2019-11-05
CUST_003654,Charles Williams,Consumer,0,2023-04-21
CUST_003655,Barbara Wilson,Consumer,1,2020-04-24
CUST_003656,David Smith,Consumer,0,2020-01-06
CUST_003657,Charles Brown,Consumer,1,2020-02-18
CUST_003658,Jennifer Johnson,Consumer,0,2023-02-07
CUST_003659,Elizabeth Davis,Corporate,0,2019-06-26
CUST_003660,Nancy Martinez,Consumer,0,2020-07-17
CUST_003661,James Wilson,Corporate,0,2021-12-07
CUST_003662,Daniel Wilson,Consumer,0,2023-01-25
CUST_003663,John Rodriguez,Small Business,0,2020-06-13
CUST_003664,Michael Martinez,Corporate,1,2021-06-05
CUST_003665,Charles Martinez,Consumer,1,2021-03-23
CUST_003666,Barbara Miller,Corporate,1,2023-07-11
CUST_003667,Elizabeth Smith,Consumer,1,2019-05-23
CUST_003668,Lisa Gonzalez,Consumer,0,2021-01-07
CUST_003669,Joseph Garcia,Corporate,0,2021-02-03
CUST_003670,Susan Garcia,Consumer,0,2022-06-28
CUST_003671,Charles Rodriguez,Consumer,0,2020-10-06
CUST_003672,Linda Anderson,Small Business,0,2020-04-01
CUST_003673,Joseph Miller,Small Business,0,2023-11-24
CUST_003674,David Davis,Corporate,1,2023-11-20
CUST_003675,Christopher Lopez,Consumer,0,2022-07-27
CUST_003676,John Rodriguez,Consumer,1,2021-04-06
CUST_003677,Sarah Lopez,Small Business,0,2020-11-05
CUST_003678,Patricia Rodriguez,Corporate,1,2023-07-23
CUST_003679,Thomas Davis,Consumer,0,2020-05-23
CUST_003680,Jennifer Gonzalez,Small Business,0,2021-08-17
CUST_003681,Elizabeth Johnson,Consumer,1,2021-10-28
CUST_003682,Linda Brown,Corporate,1,2021-05-28
CUST_003683,Thomas Martinez,Corporate,1,2020-08-18
CUST_003684,Lisa Gonzalez,Consumer,1,2023-04-01
CUST_003685,Susan Lopez,Consumer,0,2021-04-20
CUST_003686,Christopher Williams,Consumer,0,2021-11-04
CUST_003687,Jennifer Anderson,Consumer,0,2022-05-10
CUST_003688,Robert Lopez,Consumer,0,2023-05-19
CUST_003689,Charles Brown,Consumer,0,2023-01-14
CUST_003690,Barbara Gonzalez,VIP Loyalty,1,2023-06-23
CUST_003691,Robert Anderson,Consumer,0,2020-04-01
CUST_003692,Michael Gonzalez,Consumer,1,2021-12-12
CUST_003693,Nancy Anderson,Corporate,0,2022-04-11
CUST_003694,Thomas Johnson,Consumer,0,2020-08-15
CUST_003695,Jessica Smith,Consumer,0,2020-12-17
CUST_003696,Richard Lopez,Small Business,0,2021-10-14
CUST_003697,Sarah Wilson,VIP Loyalty,1,2023-04-06
CUST_003698,Sarah Wilson,Corporate,0,2023-11-03
CUST_003699,Thomas Johnson,Consumer,1,2023-04-12
CUST_003700,Patricia Davis,Corporate,1,2022-04-18
CUST_003701,Nancy Lopez,Consumer,1,2021-06-20
CUST_003702,Susan Johnson,Consumer,1,2022-12-27
CUST_003703,Michael Gonzalez,Consumer,0,2020-05-18
CUST_003704,Christopher Martinez,Consumer,0,2022-03-14
CUST_003705,Susan Johnson,Corporate,0,2023-09-01
CUST_003706,Patricia Martinez,Consumer,0,2021-08-03
CUST_003707,Linda Gonzalez,Consumer,0,2019-03-12
CUST_003708,Robert Martinez,Small Business,0,2020-01-12
CUST_003709,James Miller,Consumer,1,2019-04-10
CUST_003710,Joseph Gonzalez,Consumer,0,2020-01-23
CUST_003711,David Johnson,Consumer,1,2023-11-13
CUST_003712,Sarah Davis,Corporate,0,2019-01-11
CUST_003713,Michael Davis,Corporate,1,2021-08-09
CUST_003714,Thomas Johnson,Consumer,0,2022-06-27
CUST_003715,Jessica Jones,Consumer,1,2021-11-26
CUST_003716,Thomas Garcia,Consumer,0,2021-02-21
CUST_003717,Joseph Jones,Consumer,0,2023-07-19
CUST_003718,Susan Martinez,Small Business,0,2023-07-10
CUST_003719,David Williams,VIP Loyalty,1,2020-04-03
CUST_003720,Joseph Brown,Consumer,0,2022-11-05
CUST_003721,Barbara Miller,Consumer,0,2021-06-08
CUST_003722,Jennifer Martinez,Consumer,1,2019-08-16
CUST_003723,Nancy Rodriguez,Consumer,1,2020-10-06
CUST_003724,Jessica Rodriguez,Consumer,1,2021-01-04
CUST_003725,Barbara Johnson,Consumer,0,2019-10-28
CUST_003726,Mary Brown,Consumer,0,2022-12-05
CUST_003727,Susan Hernandez,Corporate,1,2020-11-07
CUST_003728,William Wilson,VIP Loyalty,1,2022-12-21
CUST_003729,Christopher Gonzalez,Corporate,0,2019-12-10
CUST_003730,Jennifer Martinez,Consumer,0,2019-09-03
CUST_003731,William Brown,Consumer,0,2022-09-20
CUST_003732,Thomas Garcia,Consumer,1,2023-03-11
CUST_003733,Nancy Anderson,Consumer,0,2023-05-17
CUST_003734,Jessica Johnson,Consumer,0,2021-07-17
CUST_003735,Linda Lopez,Consumer,0,2022-07-27
CUST_003736,Nancy Anderson,Corporate,0,2020-11-07
CUST_003737,Christopher Gonzalez,Consumer,0,2020-09-01
CUST_003738,Susan Jones,Consumer,0,2020-07-07
CUST_003739,William Garcia,Consumer,1,2020-11-09
CUST_003740,Susan Davis,Small Business,0,2021-09-27
CUST_003741,Susan Martinez,Consumer,1,2022-10-11
CUST_003742,Lisa Garcia,VIP Loyalty,1,2022-03-07
CUST_003743,Mary Miller,VIP Loyalty,1,2020-05-09
CUST_003744,Richard Anderson,Consumer,1,2019-08-16
CUST_003745,Karen Wilson,Consumer,0,2023-01-08
CUST_003746,James Smith,Corporate,1,2023-08-02
CUST_003747,Lisa Lopez,Consumer,1,2023-11-04
CUST_003748,Joseph Gonzalez,Consumer,0,2020-12-15
CUST_003749,Susan Rodriguez,Small Business,1,2020-07-23
CUST_003750,Michael Jones,Small Business,1,2022-11-01
CUST_003751,Barbara Gonzalez,Small Business,1,2021-12-27
CUST_003752,Patricia Smith,Corporate,0,2022-02-18
CUST_003753,William Jones,Corporate,1,2022-02-01
CUST_003754,Barbara Garcia,Consumer,0,2020-01-19
CUST_003755,Patricia Miller,Corporate,1,2020-08-24
CUST_003756,Thomas Lopez,Consumer,1,2019-02-12
CUST_003757,Susan Miller,Consumer,0,2023-04-01
CUST_003758,Thomas Williams,Consumer,1,2021-11-10
CUST_003759,Mary Garcia,Consumer,1,2021-11-04
CUST_003760,Mary Johnson,Consumer,0,2022-05-17
CUST_003761,Barbara Lopez,Consumer,0,2023-04-14
CUST_003762,Jessica Martinez,Corporate,0,2020-04-10
CUST_003763,John Davis,VIP Loyalty,1,2019-11-28
CUST_003764,Elizabeth Rodriguez,Consumer,1,2020-07-16
CUST_003765,Linda Garcia,Corporate,0,2022-08-15
CUST_003766,Michael Brown,Consumer,1,2021-02-09
CUST_003767,Jennifer Miller,Corporate,1,2020-05-12
CUST_003768,Daniel Smith,VIP Loyalty,1,2023-12-19
CUST_003769,Michael Martinez,Consumer,0,2021-07-23
CUST_003770,Patricia Martinez,Consumer,0,2023-03-26
CUST_003771,Richard Rodriguez,Corporate,0,2021-12-04
CUST_003772,William Jones,Consumer,1,2019-10-27
CUST_003773,David Anderson,Corporate,0,2022-04-03
CUST_003774,Mary Jones,VIP Loyalty,1,2023-12-28
CUST_003775,Linda Hernandez,Small Business,0,2020-01-08
CUST_003776,Christopher Johnson,Consumer,0,2020-03-07
CUST_003777,Patricia Hernandez,Consumer,0,2020-08-01
CUST_003778,Sarah Wilson,Consumer,0,2020-09-02
CUST_003779,Linda Garcia,Consumer,0,2020-07-25
CUST_003780,Jessica Garcia,Small Business,1,2023-04-26
CUST_003781,John Rodriguez,Corporate,0,2022-04-08
CUST_003782,Barbara Jones,Consumer,0,2023-08-27
CUST_003783,Barbara Brown,Consumer,0,2021-11-09
CUST_003784,Michael Williams,Consumer,1,2022-08-03
CUST_003785,Charles Hernandez,Consumer,0,2020-07-23
CUST_003786,Elizabeth Johnson,Small Business,0,2020-03-07
CUST_003787,Patricia Gonzalez,Corporate,1,2022-03-06
CUST_003788,Nancy Williams,Corporate,1,2019-02-07
CUST_003789,Jessica Jones,Consumer,1,2022-02-27
CUST_003790,Daniel Martinez,VIP Loyalty,1,2023-05-18
CUST_003791,Patricia Smith,Consumer,0,2022-11-26
CUST_003792,Elizabeth Johnson,Consumer,1,2023-03-06
CUST_003793,Susan Rodriguez,Small Business,1,2022-06-15
CUST_003794,Joseph Wilson,Corporate,1,2021-05-24
CUST_003795,William Gonzalez,Small Business,0,2023-02-07
CUST_003796,Jessica Hernandez,Consumer,1,2023-08-24
CUST_003797,Jessica Jones,Consumer,0,2023-04-04
CUST_003798,Joseph Hernandez,Consumer,1,2023-02-06
CUST_003799,Nancy Davis,Consumer,0,2020-12-05
CUST_003800,Elizabeth Lopez,Corporate,0,2021-03-28
CUST_003801,Joseph Hernandez,Consumer,0,2023-12-07
CUST_003802,Jennifer Rodriguez,VIP Loyalty,1,2021-11-12
CUST_003803,Christopher Rodriguez,Consumer,1,2020-01-27
CUST_003804,Lisa Davis,Consumer,0,2023-02-23
CUST_003805,Daniel Williams,Consumer,0,2022-02-20
CUST_003806,Linda Johnson,Consumer,1,2021-10-07
CUST_003807,Barbara Garcia,Corporate,0,2021-10-08
CUST_003808,Jessica Lopez,Consumer,0,2020-05-20
CUST_003809,Jennifer Rodriguez,Consumer,1,2020-03-06
CUST_003810,Sarah Brown,Corporate,0,2019-05-22
CUST_003811,Jennifer Garcia,Consumer,1,2022-01-01
CUST_003812,Michael Smith,Consumer,0,2022-11-03
CUST_003813,Linda Hernandez,VIP Loyalty,1,2022-01-22
CUST_003814,Robert Rodriguez,VIP Loyalty,1,2019-12-27
CUST_003815,Richard Davis,Consumer,0,2021-06-26
CUST_003816,Michael Lopez,Consumer,0,2019-07-23
CUST_003817,Karen Wilson,Consumer,1,2021-12-18
CUST_003818,Patricia Anderson,VIP Loyalty,1,2022-04-23
CUST_003819,Daniel Miller,Small Business,1,2020-05-28
CUST_003820,Jennifer Williams,Small Business,1,2020-09-11
CUST_003821,Susan Davis,Corporate,0,2019-09-09
CUST_003822,Nancy Miller,Consumer,0,2019-12-01
CUST_003823,Christopher Rodriguez,Consumer,0,2022-05-08
CUST_003824,Linda Lopez,Consumer,1,2019-03-01
CUST_003825,Richard Brown,Consumer,1,2023-09-14
CUST_003826,Thomas Lopez,Consumer,0,2023-05-26
CUST_003827,Mary Jones,Corporate,1,2020-02-23
CUST_003828,Nancy Miller,Consumer,0,2020-07-14
CUST_003829,Lisa Anderson,Consumer,0,2021-10-03
CUST_003830,Thomas Rodriguez,Corporate,1,2021-01-22
CUST_003831,Karen Wilson,Consumer,1,2021-07-12
CUST_003832,James Martinez,Consumer,0,2020-03-23
CUST_003833,John Gonzalez,Corporate,1,2021-05-14
CUST_003834,Christopher Lopez,Consumer,0,2021-09-21
CUST_003835,Patricia Johnson,Corporate,1,2019-05-04
CUST_003836,Daniel Jones,Consumer,0,2023-05-26
CUST_003837,Lisa Williams,Consumer,0,2020-06-06
CUST_003838,Lisa Jones,Consumer,0,2022-09-01
CUST_003839,Christopher Lopez,Consumer,0,2020-05-04
CUST_003840,Richard Miller,Small Business,1,2022-11-05
CUST_003841,Susan Williams,Consumer,1,2021-07-24
CUST_003842,Daniel Williams,Consumer,0,2023-12-04
CUST_003843,Jessica Anderson,Consumer,1,2021-06-13
CUST_003844,Sarah Martinez,Consumer,1,2021-03-17
CUST_003845,William Hernandez,Consumer,0,2022-10-10
CUST_003846,Karen Hernandez,VIP Loyalty,1,2023-05-19
CUST_003847,Elizabeth Davis,Consumer,0,2022-11-16
CUST_003848,Elizabeth Anderson,Consumer,0,2021-01-15
CUST_003849,Jessica Davis,Consumer,0,2020-05-11
CUST_003850,William Anderson,Corporate,0,2019-06-18
CUST_003851,Charles Anderson,Small Business,1,2020-11-18
CUST_003852,Daniel Williams,Consumer,1,2022-02-05
CUST_003853,Susan Rodriguez,Small Business,1,2023-05-21
CUST_003854,John Garcia,Consumer,1,2019-04-23
CUST_003855,Lisa Martinez,Consumer,1,2022-03-24
CUST_003856,Nancy Williams,VIP Loyalty,1,2023-03-09
CUST_003857,Charles Smith,Consumer,0,2021-02-04
CUST_003858,Patricia Brown,Corporate,0,2021-07-02
CUST_003859,Charles Gonzalez,Consumer,0,2019-05-27
CUST_003860,Robert Anderson,Small Business,1,2021-10-06
CUST_003861,Barbara Garcia,Corporate,1,2020-02-27
CUST_003862,Karen Garcia,VIP Loyalty,1,2022-03-16
CUST_003863,Patricia Rodriguez,Consumer,1,2023-12-02
CUST_003864,Jessica Miller,VIP Loyalty,1,2019-09-05
CUST_003865,Thomas Hernandez,VIP Loyalty,1,2022-09-13
CUST_003866,Lisa Hernandez,Consumer,0,2020-06-06
CUST_003867,Karen Jones,VIP Loyalty,1,2021-10-07
CUST_003868,Robert Davis,Corporate,0,2021-12-18
CUST_003869,John Miller,Corporate,1,2019-03-04
CUST_003870,Jessica Martinez,Consumer,1,2022-01-26
CUST_003871,William Lopez,Corporate,1,2020-09-14
CUST_003872,Patricia Brown,Corporate,1,2022-08-17
CUST_003873,Richard Brown,Consumer,0,2019-05-17
CUST_003874,Nancy Rodriguez,Consumer,1,2022-06-20
CUST_003875,Nancy Johnson,Consumer,1,2021-06-25
CUST_003876,Daniel Smith,Corporate,0,2023-01-10
CUST_003877,Mary Williams,Consumer,1,2023-08-09
CUST_003878,Daniel Davis,Consumer,1,2019-03-25
CUST_003879,Daniel Johnson,Consumer,0,2021-06-28
CUST_003880,William Davis,Consumer,1,2020-09-09
CUST_003881,Charles Rodriguez,Small Business,0,2021-06-14
CUST_003882,Karen Davis,Consumer,0,2019-02-09
CUST_003883,Nancy Davis,Consumer,0,2022-07-21
CUST_003884,Michael Brown,Corporate,0,2019-04-26
CUST_003885,John Rodriguez,VIP Loyalty,1,2023-03-16
CUST_003886,Sarah Anderson,Corporate,0,2023-08-16
CUST_003887,Christopher Smith,Consumer,0,2021-02-22
CUST_003888,Charles Davis,Corporate,0,2022-11-25
CUST_003889,Nancy Wilson,Consumer,1,2020-07-10
CUST_003890,Joseph Miller,Corporate,0,2022-04-28
CUST_003891,Jennifer Wilson,Consumer,0,2019-03-25
CUST_003892,James Gonzalez,Consumer,0,2020-04-26
CUST_003893,William Garcia,Corporate,0,2019-04-25
CUST_003894,Sarah Miller,VIP Loyalty,1,2023-08-11
CUST_003895,Lisa Wilson,Consumer,0,2021-07-24
CUST_003896,Linda Hernandez,Consumer,0,2020-04-24
CUST_003897,Nancy Jones,Corporate,1,2023-11-17
CUST_003898,Daniel Davis,Corporate,1,2019-10-05
CUST_003899,Elizabeth Garcia,Consumer,1,2022-05-05
CUST_003900,Daniel Miller,Consumer,0,2019-01-22
CUST_003901,Sarah Lopez,Small Business,1,2020-10-23
CUST_003902,Joseph Martinez,Consumer,0,2019-08-03
CUST_003903,Christopher Williams,Corporate,1,2021-12-11
CUST_003904,Nancy Jones,Corporate,0,2021-01-21
CUST_003905,Mary Gonzalez,Small Business,0,2020-07-22
CUST_003906,Joseph Gonzalez,Consumer,1,2020-11-07
CUST_003907,Joseph Williams,Consumer,1,2021-02-22
CUST_003908,Robert Miller,Small Business,0,2020-03-09
CUST_003909,Elizabeth Davis,Consumer,0,2023-07-07
CUST_003910,Thomas Lopez,Corporate,0,2021-02-24
CUST_003911,Sarah Martinez,Corporate,0,2021-03-16
CUST_003912,Charles Garcia,Small Business,0,2021-09-17
CUST_003913,Joseph Williams,Small Business,0,2021-11-21
CUST_003914,Karen Johnson,Consumer,1,2022-07-27
CUST_003915,Sarah Miller,Consumer,0,2023-12-08
CUST_003916,Robert Williams,Corporate,0,2022-12-24
CUST_003917,Barbara Smith,Consumer,0,2022-12-21
CUST_003918,Thomas Miller,Small Business,0,2020-10-11
CUST_003919,Karen Garcia,Corporate,0,2022-09-24
CUST_003920,Elizabeth Garcia,Corporate,0,2023-07-08
CUST_003921,Christopher Williams,Consumer,1,2019-09-28
CUST_003922,Nancy Anderson,Corporate,0,2019-05-06
CUST_003923,Charles Lopez,Consumer,0,2020-10-06
CUST_003924,William Hernandez,VIP Loyalty,1,2020-11-14
CUST_003925,Charles Martinez,Consumer,1,2023-10-10
CUST_003926,Patricia Anderson,Consumer,1,2021-05-26
CUST_003927,Thomas Johnson,Consumer,1,2022-11-25
CUST_003928,William Jones,Consumer,0,2022-05-23
CUST_003929,David Davis,Consumer,1,2019-05-22
CUST_003930,Lisa Anderson,Small Business,1,2023-09-20
CUST_003931,Linda Lopez,Corporate,0,2020-12-07
CUST_003932,Thomas Lopez,Corporate,1,2022-12-03
CUST_003933,Charles Anderson,Consumer,0,2019-11-06
CUST_003934,Daniel Rodriguez,Consumer,0,2022-03-13
CUST_003935,Richard Hernandez,Consumer,0,2019-05-27
CUST_003936,Daniel Williams,Corporate,0,2021-02-01
CUST_003937,Christopher Gonzalez,Small Business,0,2019-09-18
CUST_003938,Lisa Martinez,VIP Loyalty,1,2019-07-08
CUST_003939,Daniel Johnson,Consumer,1,2020-03-19
CUST_003940,Elizabeth Brown,Consumer,0,2023-08-22
CUST_003941,Elizabeth Rodriguez,Consumer,0,2023-04-22
CUST_003942,Linda Hernandez,VIP Loyalty,1,2019-11-20
CUST_003943,Karen Hernandez,Corporate,0,2022-06-03
CUST_003944,Daniel Garcia,Corporate,1,2020-05-26
CUST_003945,Sarah Miller,Consumer,0,2022-06-17
CUST_003946,Sarah Anderson,Consumer,0,2021-04-16
CUST_003947,Karen Martinez,Corporate,1,2022-11-17
CUST_003948,David Jones,Consumer,0,2022-08-14
CUST_003949,Karen Davis,Consumer,0,2022-04-19
CUST_003950,Robert Lopez,Corporate,1,2019-08-08
CUST_003951,Linda Wilson,Consumer,0,2019-10-03
CUST_003952,Daniel Garcia,Corporate,1,2022-04-06
CUST_003953,Lisa Williams,Consumer,0,2023-02-12
CUST_003954,Susan Anderson,VIP Loyalty,1,2022-10-12
CUST_003955,Linda Hernandez,Consumer,0,2023-06-16
CUST_003956,Sarah Lopez,Small Business,1,2023-10-08
CUST_003957,Jennifer Williams,Corporate,0,2020-04-12
CUST_003958,Richard Johnson,Corporate,0,2021-08-08
CUST_003959,Jessica Martinez,Corporate,1,2019-01-14
CUST_003960,Patricia Hernandez,Corporate,1,2020-04-03
CUST_003961,Joseph Johnson,Corporate,0,2020-05-25
CUST_003962,Charles Lopez,Consumer,0,2019-08-02
CUST_003963,Sarah Gonzalez,Small Business,0,2021-05-17
CUST_003964,Jessica Martinez,Consumer,1,2019-06-06
CUST_003965,James Lopez,Consumer,0,2023-01-11
CUST_003966,John Miller,Consumer,1,2023-07-02
CUST_003967,Joseph Brown,Consumer,1,2022-12-14
CUST_003968,Barbara Lopez,Consumer,0,2022-02-23
CUST_003969,Lisa Gonzalez,Corporate,0,2023-12-17
CUST_003970,William Garcia,Consumer,0,2022-01-02
CUST_003971,Charles Smith,Consumer,0,2020-07-26
CUST_003972,Richard Garcia,Consumer,1,2019-12-10
CUST_003973,Jessica Wilson,Consumer,1,2022-09-19
CUST_003974,David Williams,Consumer,0,2019-07-15
CUST_003975,Lisa Miller,VIP Loyalty,1,2022-02-14
CUST_003976,Christopher Johnson,Corporate,1,2023-06-11
CUST_003977,James Anderson,Consumer,1,2023-11-24
CUST_003978,Christopher Williams,VIP Loyalty,1,2019-08-23
CUST_003979,Jessica Martinez,Small Business,1,2021-08-14
CUST_003980,James Martinez,Corporate,0,2020-05-07
CUST_003981,Karen Hernandez,Corporate,0,2020-09-23
CUST_003982,Joseph Martinez,Consumer,0,2021-03-12
CUST_003983,Daniel Gonzalez,Corporate,1,2021-04-04
CUST_003984,James Smith,Corporate,0,2023-07-09
CUST_003985,Patricia Johnson,Corporate,0,2022-08-13
CUST_003986,Susan Gonzalez,Corporate,0,2021-08-27
CUST_003987,Elizabeth Rodriguez,Consumer,0,2023-09-07
CUST_003988,Michael Johnson,Corporate,1,2019-05-16
CUST_003989,Daniel Hernandez,Small Business,0,2022-08-17
CUST_003990,Thomas Jones,VIP Loyalty,1,2019-02-11
CUST_003991,Joseph Williams,Consumer,1,2023-05-06
CUST_003992,Sarah Garcia,Small Business,0,2019-12-01
CUST_003993,William Gonzalez,Consumer,1,2020-12-27
CUST_003994,Elizabeth Rodriguez,Consumer,0,2023-01-08
CUST_003995,Patricia Miller,Small Business,1,2023-05-05
CUST_003996,Charles Hernandez,Consumer,0,2023-09-28
CUST_003997,Barbara Rodriguez,Consumer,0,2022-11-26
CUST_003998,Nancy Rodriguez,Consumer,0,2023-07-15
CUST_003999,Nancy Williams,Consumer,0,2023-09-20
CUST_004000,Mary Rodriguez,Consumer,1,2023-02-17
CUST_004001,William Williams,VIP Loyalty,1,2019-12-16
CUST_004002,Jennifer Davis,Consumer,0,2019-01-22
CUST_004003,Christopher Brown,Consumer,0,2019-04-10
CUST_004004,David Miller,Consumer,1,2019-01-27
CUST_004005,Elizabeth Jones,Consumer,1,2020-09-04
CUST_004006,Barbara Martinez,VIP Loyalty,1,2023-12-27
CUST_004007,Christopher Brown,Consumer,0,2022-04-08
CUST_004008,Karen Garcia,VIP Loyalty,1,2022-11-28
CUST_004009,William Wilson,Consumer,0,2023-09-03
CUST_004010,Daniel Miller,Consumer,0,2023-07-15
CUST_004011,John Garcia,Small Business,0,2023-06-07
CUST_004012,Robert Martinez,Consumer,0,2021-07-23
CUST_004013,Patricia Martinez,Corporate,0,2021-10-07
CUST_004014,Robert Williams,Corporate,0,2020-11-10
CUST_004015,Daniel Gonzalez,Consumer,1,2021-06-20
CUST_004016,Jessica Brown,Consumer,0,2020-06-05
CUST_004017,Nancy Gonzalez,Corporate,0,2019-06-23
CUST_004018,Susan Gonzalez,Consumer,0,2023-01-19
CUST_004019,Richard Rodriguez,Small Business,1,2020-04-22
CUST_004020,James Anderson,Small Business,0,2022-10-20
CUST_004021,Elizabeth Davis,Consumer,1,2023-08-01
CUST_004022,David Lopez,Consumer,1,2020-12-20
CUST_004023,Jessica Jones,VIP Loyalty,1,2019-12-07
CUST_004024,Joseph Gonzalez,Consumer,1,2020-07-18
CUST_004025,Susan Jones,Corporate,1,2021-11-12
CUST_004026,John Johnson,Consumer,0,2022-05-25
CUST_004027,Jessica Anderson,Consumer,0,2020-03-25
CUST_004028,Nancy Davis,Corporate,0,2021-02-06
CUST_004029,Richard Davis,Consumer,0,2019-02-16
CUST_004030,James Garcia,Consumer,1,2022-08-22
CUST_004031,Mary Jones,Corporate,1,2023-03-16
CUST_004032,Elizabeth Lopez,Consumer,0,2021-10-20
CUST_004033,Nancy Johnson,Corporate,1,2021-01-10
CUST_004034,Charles Davis,VIP Loyalty,1,2023-02-15
CUST_004035,Thomas Hernandez,Small Business,1,2023-06-02
CUST_004036,William Johnson,Consumer,0,2019-04-06
CUST_004037,Sarah Wilson,Small Business,0,2019-02-16
CUST_004038,James Brown,Consumer,0,2021-02-13
CUST_004039,Elizabeth Anderson,Consumer,0,2019-12-18
CUST_004040,Barbara Johnson,Corporate,0,2019-02-14
CUST_004041,Patricia Gonzalez,Consumer,0,2021-06-09
CUST_004042,Thomas Anderson,Consumer,1,2022-05-24
CUST_004043,Mary Williams,Consumer,0,2023-03-13
CUST_004044,Jessica Lopez,Consumer,0,2019-04-23
CUST_004045,Christopher Brown,Consumer,0,2022-12-04
CUST_004046,Michael Smith,Consumer,1,2022-06-26
CUST_004047,Richard Wilson,VIP Loyalty,1,2023-09-16
CUST_004048,Daniel Rodriguez,VIP Loyalty,1,2019-08-07
CUST_004049,Barbara Williams,Consumer,0,2023-07-13
CUST_004050,Elizabeth Miller,Corporate,0,2019-11-20
CUST_004051,Sarah Jones,VIP Loyalty,1,2022-04-07
CUST_004052,David Brown,Small Business,0,2022-06-24
CUST_004053,Linda Gonzalez,Small Business,0,2021-02-25
CUST_004054,Nancy Wilson,Small Business,1,2021-07-23
CUST_004055,Robert Williams,Consumer,0,2021-06-23
CUST_004056,Susan Davis,Consumer,0,2023-01-11
CUST_004057,James Martinez,VIP Loyalty,1,2022-10-01
CUST_004058,Lisa Johnson,VIP Loyalty,1,2019-01-25
CUST_004059,James Garcia,Consumer,0,2022-04-26
CUST_004060,Joseph Anderson,Small Business,0,2020-07-23
CUST_004061,Lisa Miller,Consumer,1,2021-09-03
CUST_004062,Patricia Gonzalez,Small Business,1,2022-12-08
CUST_004063,Charles Gonzalez,Consumer,1,2023-09-23
CUST_004064,William Anderson,Consumer,1,2022-08-02
CUST_004065,Robert Smith,Corporate,0,2020-12-04
CUST_004066,Richard Jones,Consumer,0,2021-05-15
CUST_004067,Patricia Miller,Corporate,0,2022-04-26
CUST_004068,Robert Jones,Consumer,0,2023-08-07
CUST_004069,Linda Gonzalez,Consumer,0,2019-02-16
CUST_004070,Susan Smith,Consumer,0,2023-06-28
CUST_004071,Linda Rodriguez,Corporate,0,2019-05-03
CUST_004072,Daniel Lopez,Small Business,1,2023-07-11
CUST_004073,William Jones,Consumer,0,2023-07-03
CUST_004074,Patricia Rodriguez,Consumer,0,2019-05-07
CUST_004075,Nancy Smith,Consumer,0,2020-11-01
CUST_004076,Joseph Davis,Consumer,1,2023-08-07
CUST_004077,Michael Miller,Consumer,1,2019-06-16
CUST_004078,Michael Anderson,Corporate,0,2022-11-06
CUST_004079,Karen Hernandez,Consumer,1,2019-10-13
CUST_004080,Patricia Brown,Consumer,0,2022-01-08
CUST_004081,David Rodriguez,Corporate,1,2023-04-06
CUST_004082,Christopher Davis,Consumer,0,2023-09-06
CUST_004083,Elizabeth Jones,VIP Loyalty,1,2019-09-10
CUST_004084,David Williams,Consumer,1,2022-05-13
CUST_004085,Sarah Johnson,Consumer,1,2021-03-17
CUST_004086,Daniel Hernandez,Corporate,1,2020-04-18
CUST_004087,Karen Jones,Consumer,0,2020-03-10
CUST_004088,Robert Hernandez,Consumer,0,2020-11-05
CUST_004089,Joseph Wilson,Consumer,0,2023-09-04
CUST_004090,Christopher Jones,Consumer,0,2022-06-07
CUST_004091,Joseph Garcia,Consumer,0,2021-12-10
CUST_004092,Richard Johnson,Corporate,1,2021-05-06
CUST_004093,John Smith,Consumer,1,2023-11-18
CUST_004094,Barbara Brown,Consumer,1,2021-10-28
CUST_004095,Sarah Anderson,Consumer,1,2021-09-08
CUST_004096,Barbara Anderson,VIP Loyalty,1,2019-07-07
CUST_004097,Christopher Miller,Consumer,0,2021-04-19
CUST_004098,Mary Johnson,Corporate,0,2019-10-28
CUST_004099,Daniel Anderson,Corporate,1,2023-02-14
CUST_004100,Patricia Johnson,Consumer,0,2019-09-08
CUST_004101,Mary Johnson,Consumer,1,2022-04-02
CUST_004102,Lisa Davis,Consumer,1,2019-04-26
CUST_004103,Charles Johnson,Small Business,0,2022-03-13
CUST_004104,Mary Gonzalez,VIP Loyalty,1,2023-09-11
CUST_004105,Nancy Jones,Small Business,1,2019-04-11
CUST_004106,Michael Lopez,Consumer,1,2021-01-06
CUST_004107,Christopher Johnson,Consumer,1,2021-07-01
CUST_004108,Daniel Rodriguez,Consumer,1,2020-08-16
CUST_004109,Patricia Anderson,Corporate,1,2019-03-27
CUST_004110,Patricia Miller,Consumer,0,2022-10-24
CUST_004111,Barbara Jones,Consumer,0,2019-05-09
CUST_004112,Jessica Williams,Consumer,0,2022-10-02
CUST_004113,Sarah Johnson,Corporate,1,2022-07-02
CUST_004114,Christopher Wilson,Consumer,1,2021-01-26
CUST_004115,Daniel Gonzalez,VIP Loyalty,1,2020-01-28
CUST_004116,Jessica Martinez,Small Business,1,2021-05-25
CUST_004117,Linda Rodriguez,Consumer,1,2021-09-02
CUST_004118,William Gonzalez,Corporate,1,2022-11-02
CUST_004119,John Jones,Consumer,1,2023-11-19
CUST_004120,Richard Brown,Consumer,0,2021-05-21
CUST_004121,James Gonzalez,Consumer,0,2021-11-11
CUST_004122,Richard Johnson,Consumer,1,2023-03-05
CUST_004123,Christopher Davis,Corporate,0,2021-01-15
CUST_004124,John Smith,Consumer,1,2023-03-14
CUST_004125,Linda Garcia,Corporate,0,2021-07-21
CUST_004126,Sarah Wilson,Consumer,0,2021-11-28
CUST_004127,Patricia Gonzalez,Consumer,0,2019-07-10
CUST_004128,Mary Martinez,Corporate,0,2020-09-22
CUST_004129,William Wilson,Consumer,1,2023-05-20
CUST_004130,Daniel Davis,VIP Loyalty,1,2019-07-13
CUST_004131,Daniel Davis,Consumer,1,2023-06-05
CUST_004132,James Anderson,Corporate,1,2021-05-14
CUST_004133,Michael Brown,Consumer,1,2022-07-16
CUST_004134,Michael Martinez,Consumer,0,2023-05-01
CUST_004135,Linda Lopez,Consumer,1,2023-10-26
CUST_004136,Michael Anderson,VIP Loyalty,1,2023-02-02
CUST_004137,Karen Miller,Consumer,0,2020-06-20
CUST_004138,Jennifer Martinez,Corporate,1,2019-09-03
CUST_004139,Barbara Hernandez,Small Business,1,2021-05-22
CUST_004140,William Smith,Corporate,0,2022-10-07
CUST_004141,Jennifer Anderson,Corporate,0,2021-05-13
CUST_004142,Mary Williams,Consumer,1,2020-05-10
CUST_004143,Susan Jones,VIP Loyalty,1,2019-05-04
CUST_004144,John Martinez,Consumer,0,2022-07-08
CUST_004145,Elizabeth Smith,VIP Loyalty,1,2023-05-21
CUST_004146,James Williams,VIP Loyalty,1,2023-05-03
CUST_004147,Lisa Smith,Corporate,0,2022-06-01
CUST_004148,William Anderson,VIP Loyalty,1,2019-06-13
CUST_004149,Daniel Anderson,Consumer,0,2021-10-26
CUST_004150,Jennifer Brown,Consumer,1,2019-07-15
CUST_004151,Susan Anderson,Consumer,0,2020-03-16
CUST_004152,Michael Hernandez,Small Business,1,2022-10-16
CUST_004153,Michael Rodriguez,Consumer,0,2019-05-22
CUST_004154,Susan Hernandez,Small Business,1,2019-02-19
CUST_004155,Linda Hernandez,Consumer,1,2022-05-14
CUST_004156,John Smith,Consumer,1,2019-07-23
CUST_004157,Robert Johnson,Consumer,0,2020-04-09
CUST_004158,Christopher Hernandez,Consumer,0,2022-12-09
CUST_004159,Linda Williams,VIP Loyalty,1,2023-02-19
CUST_004160,Susan Jones,Consumer,1,2020-08-17
CUST_004161,Karen Smith,Consumer,1,2019-11-22
CUST_004162,Robert Brown,Consumer,0,2021-12-18
CUST_004163,Nancy Williams,Corporate,0,2023-01-04
CUST_004164,Linda Williams,Small Business,1,2023-11-25
CUST_004165,Lisa Davis,Small Business,0,2020-08-26
CUST_004166,James Anderson,Consumer,0,2021-06-13
CUST_004167,Joseph Hernandez,Small Business,1,2022-09-25
CUST_004168,Elizabeth Jones,Consumer,1,2022-08-21
CUST_004169,Christopher Jones,VIP Loyalty,1,2023-08-08
CUST_004170,Sarah Hernandez,Corporate,0,2020-06-19
CUST_004171,Thomas Miller,Corporate,0,2022-10-21
CUST_004172,Lisa Lopez,Corporate,0,2023-07-19
CUST_004173,Joseph Smith,Consumer,1,2022-09-24
CUST_004174,Patricia Davis,Small Business,0,2020-07-25
CUST_004175,Daniel Smith,Consumer,0,2020-02-20
CUST_004176,Patricia Jones,Consumer,0,2019-10-20
CUST_004177,William Davis,Consumer,0,2019-05-07
CUST_004178,Richard Johnson,Consumer,0,2021-01-19
CUST_004179,Michael Jones,Consumer,0,2022-08-08
CUST_004180,Jessica Smith,Consumer,0,2020-02-08
CUST_004181,Barbara Hernandez,Consumer,0,2023-08-06
CUST_004182,Barbara Williams,Corporate,1,2020-06-17
CUST_004183,Sarah Brown,Small Business,0,2019-06-04
CUST_004184,Mary Miller,Small Business,0,2019-05-26
CUST_004185,Patricia Martinez,VIP Loyalty,1,2020-02-16
CUST_004186,Daniel Miller,Corporate,0,2020-05-25
CUST_004187,Thomas Gonzalez,Consumer,1,2022-02-28
CUST_004188,John Miller,Consumer,1,2020-09-20
CUST_004189,Barbara Jones,Consumer,0,2019-03-15
CUST_004190,Elizabeth Martinez,Small Business,0,2023-06-05
CUST_004191,Lisa Williams,Consumer,1,2020-09-03
CUST_004192,Sarah Brown,Consumer,1,2020-01-24
CUST_004193,Robert Gonzalez,VIP Loyalty,1,2020-05-19
CUST_004194,Susan Brown,Consumer,0,2020-04-12
CUST_004195,Jessica Smith,Consumer,0,2020-03-01
CUST_004196,Daniel Brown,Corporate,0,2019-06-11
CUST_004197,Elizabeth Johnson,Small Business,0,2022-09-17
CUST_004198,John Lopez,Corporate,0,2022-04-01
CUST_004199,James Brown,Consumer,1,2023-08-08
CUST_004200,Susan Wilson,Corporate,1,2019-10-24
CUST_004201,James Miller,Corporate,1,2023-09-16
CUST_004202,Thomas Rodriguez,Corporate,1,2022-05-15
CUST_004203,Michael Martinez,Corporate,0,2020-01-13
CUST_004204,Nancy Johnson,Consumer,1,2020-04-25
CUST_004205,Patricia Brown,Corporate,1,2022-08-21
CUST_004206,John Lopez,Consumer,1,2019-05-15
CUST_004207,Linda Miller,Consumer,0,2023-09-20
CUST_004208,John Miller,Consumer,1,2023-09-07
CUST_004209,Robert Gonzalez,Consumer,0,2022-09-28
CUST_004210,Nancy Garcia,Small Business,0,2022-01-22
CUST_004211,James Hernandez,Consumer,0,2022-06-24
CUST_004212,Karen Rodriguez,Consumer,1,2023-06-05
CUST_004213,Joseph Garcia,Consumer,1,2020-06-02
CUST_004214,John Miller,Consumer,1,2019-03-05
CUST_004215,Jennifer Johnson,Consumer,1,2023-01-21
CUST_004216,Christopher Miller,VIP Loyalty,1,2020-01-25
CUST_004217,James Jones,Corporate,0,2020-01-20
CUST_004218,Barbara Anderson,VIP Loyalty,1,2022-06-01
CUST_004219,James Williams,Consumer,0,2023-05-09
CUST_004220,Sarah Lopez,Consumer,1,2023-10-04
CUST_004221,Jennifer Williams,Corporate,1,2022-01-04
CUST_004222,Daniel Williams,Consumer,0,2019-11-04
CUST_004223,Charles Wilson,Small Business,0,2022-05-22
CUST_004224,Sarah Johnson,Consumer,0,2021-11-05
CUST_004225,Mary Smith,Consumer,1,2020-10-04
CUST_004226,John Miller,Small Business,0,2022-04-07
CUST_004227,Elizabeth Gonzalez,Corporate,0,2022-02-24
CUST_004228,Jessica Lopez,Consumer,1,2023-12-10
CUST_004229,Richard Miller,Consumer,1,2019-12-17
CUST_004230,Karen Brown,Corporate,0,2020-02-23
CUST_004231,Charles Miller,VIP Loyalty,1,2022-02-20
CUST_004232,Karen Williams,Consumer,0,2023-12-28
CUST_004233,Jennifer Gonzalez,Corporate,0,2023-04-07
CUST_004234,Barbara Wilson,VIP Loyalty,1,2022-05-16
CUST_004235,Patricia Davis,Consumer,0,2022-03-27
CUST_004236,Karen Johnson,Consumer,1,2022-02-09
CUST_004237,Michael Garcia,Small Business,1,2023-04-24
CUST_004238,Richard Smith,Consumer,0,2023-04-06
CUST_004239,Barbara Jones,Consumer,0,2023-04-17
CUST_004240,Thomas Wilson,VIP Loyalty,1,2022-01-06
CUST_004241,David Lopez,Consumer,0,2021-11-17
CUST_004242,Linda Lopez,Corporate,0,2023-05-03
CUST_004243,Christopher Martinez,VIP Loyalty,1,2019-08-20
CUST_004244,Joseph Jones,Consumer,0,2022-07-23
CUST_004245,William Gonzalez,Consumer,1,2020-07-11
CUST_004246,Elizabeth Hernandez,Corporate,1,2019-11-04
CUST_004247,Thomas Smith,Consumer,1,2023-03-27
CUST_004248,Daniel Smith,Consumer,0,2019-09-20
CUST_004249,Michael Jones,Small Business,0,2023-07-17
CUST_004250,Thomas Hernandez,Corporate,1,2021-07-25
CUST_004251,David Smith,Small Business,1,2021-06-15
CUST_004252,William Jones,Consumer,0,2022-05-22
CUST_004253,Richard Johnson,Corporate,1,2023-04-17
CUST_004254,Karen Wilson,Consumer,0,2019-08-01
CUST_004255,Richard Williams,Corporate,0,2019-10-18
CUST_004256,Nancy Martinez,Consumer,1,2020-02-04
CUST_004257,Karen Miller,Consumer,0,2023-03-22
CUST_004258,Jennifer Brown,Corporate,1,2019-11-23
CUST_004259,Richard Martinez,Consumer,1,2020-09-21
CUST_004260,David Williams,Consumer,0,2022-01-27
CUST_004261,Robert Lopez,Corporate,0,2023-08-23
CUST_004262,Thomas Williams,Corporate,0,2022-12-03
CUST_004263,Nancy Lopez,Corporate,0,2022-06-19
CUST_004264,Robert Rodriguez,Corporate,0,2021-12-19
CUST_004265,Patricia Lopez,Consumer,0,2021-07-25
CUST_004266,John Jones,Consumer,0,2023-10-18
CUST_004267,Jessica Martinez,Consumer,0,2019-07-25
CUST_004268,Jennifer Anderson,Corporate,0,2019-03-06
CUST_004269,Karen Rodriguez,Consumer,0,2022-10-16
CUST_004270,Robert Hernandez,VIP Loyalty,1,2019-06-26
CUST_004271,Joseph Smith,Consumer,1,2023-03-23
CUST_004272,Mary Jones,Corporate,1,2022-08-11
CUST_004273,Mary Smith,Consumer,0,2019-11-28
CUST_004274,Michael Lopez,Corporate,0,2020-04-14
CUST_004275,James Jones,Consumer,0,2019-07-08
CUST_004276,Christopher Johnson,VIP Loyalty,1,2023-07-07
CUST_004277,Karen Hernandez,Corporate,0,2022-07-02
CUST_004278,Thomas Hernandez,Small Business,1,2021-05-14
CUST_004279,Joseph Williams,Corporate,0,2022-03-10
CUST_004280,Thomas Wilson,Consumer,1,2019-11-13
CUST_004281,James Anderson,Consumer,0,2020-01-22
CUST_004282,William Garcia,Small Business,0,2019-03-26
CUST_004283,Karen Brown,Consumer,0,2021-11-23
CUST_004284,David Williams,Consumer,0,2023-10-05
CUST_004285,Barbara Davis,Consumer,0,2020-03-18
CUST_004286,Thomas Johnson,Consumer,0,2019-02-08
CUST_004287,Susan Garcia,VIP Loyalty,1,2023-07-09
CUST_004288,Susan Hernandez,Consumer,1,2022-03-24
CUST_004289,Christopher Miller,Consumer,0,2021-06-03
CUST_004290,Sarah Williams,Consumer,1,2020-03-08
CUST_004291,Sarah Hernandez,Small Business,0,2019-02-06
CUST_004292,Robert Wilson,Consumer,0,2023-07-21
CUST_004293,James Brown,VIP Loyalty,1,2021-12-21
CUST_004294,Charles Gonzalez,Consumer,0,2020-07-09
CUST_004295,Christopher Lopez,Consumer,1,2021-10-05
CUST_004296,Joseph Jones,Consumer,0,2021-01-10
CUST_004297,James Gonzalez,Corporate,0,2020-05-23
CUST_004298,James Smith,Consumer,0,2019-01-27
CUST_004299,Christopher Rodriguez,Consumer,0,2023-10-18
CUST_004300,William Lopez,Consumer,1,2021-10-10
CUST_004301,William Rodriguez,Consumer,0,2022-01-25
CUST_004302,Joseph Rodriguez,Corporate,1,2020-10-09
CUST_004303,Charles Lopez,Consumer,0,2023-04-05
CUST_004304,Karen Williams,Consumer,0,2019-01-09
CUST_004305,Jessica Miller,Corporate,0,2023-04-17
CUST_004306,Joseph Garcia,Corporate,0,2022-02-24
CUST_004307,Joseph Anderson,Corporate,1,2023-05-15
CUST_004308,Lisa Brown,Consumer,0,2019-02-10
CUST_004309,Daniel Johnson,VIP Loyalty,1,2019-05-13
CUST_004310,Karen Brown,Small Business,0,2019-03-01
CUST_004311,Christopher Jones,VIP Loyalty,1,2023-08-05
CUST_004312,Robert Miller,Corporate,0,2019-05-12
CUST_004313,Joseph Lopez,Consumer,1,2020-01-09
CUST_004314,Jessica Smith,Consumer,1,2023-11-13
CUST_004315,Lisa Martinez,VIP Loyalty,1,2023-09-09
CUST_004316,Susan Smith,VIP Loyalty,1,2022-12-24
CUST_004317,Susan Rodriguez,Consumer,0,2020-06-21
CUST_004318,John Wilson,Small Business,0,2020-10-13
CUST_004319,Karen Brown,Consumer,0,2021-10-16
CUST_004320,Charles Williams,Corporate,0,2020-01-05
CUST_004321,Jessica Davis,Consumer,1,2022-04-11
CUST_004322,Michael Hernandez,Consumer,0,2019-05-09
CUST_004323,Robert Brown,Consumer,0,2021-04-26
CUST_004324,Christopher Gonzalez,Small Business,1,2020-01-12
CUST_004325,John Martinez,Corporate,1,2023-11-20
CUST_004326,Daniel Gonzalez,Small Business,1,2019-05-13
CUST_004327,Elizabeth Smith,Consumer,1,2022-12-17
CUST_004328,Sarah Davis,Small Business,0,2023-06-02
CUST_004329,Nancy Lopez,Consumer,0,2020-05-16
CUST_004330,William Gonzalez,Consumer,0,2023-01-10
CUST_004331,Linda Miller,Consumer,1,2021-02-14
CUST_004332,Elizabeth Smith,Consumer,0,2019-07-25
CUST_004333,Nancy Davis,Corporate,1,2023-06-01
CUST_004334,William Martinez,Small Business,0,2022-11-24
CUST_004335,Patricia Wilson,Small Business,1,2021-04-15
CUST_004336,David Wilson,Small Business,0,2020-02-07
CUST_004337,James Williams,Corporate,1,2019-05-22
CUST_004338,Jessica Lopez,Small Business,1,2019-05-01
CUST_004339,Elizabeth Williams,Consumer,1,2021-09-08
CUST_004340,John Jones,Consumer,1,2021-05-21
CUST_004341,Karen Brown,VIP Loyalty,1,2019-05-18
CUST_004342,Elizabeth Garcia,Consumer,0,2023-03-25
CUST_004343,Patricia Williams,Consumer,1,2020-12-09
CUST_004344,Linda Jones,Consumer,0,2023-02-06
CUST_004345,Daniel Garcia,Corporate,0,2020-10-09
CUST_004346,Barbara Davis,Corporate,0,2019-08-18
CUST_004347,Karen Smith,Small Business,0,2022-05-25
CUST_004348,James Rodriguez,Small Business,1,2019-05-16
CUST_004349,Mary Williams,Corporate,1,2022-10-22
CUST_004350,John Anderson,Corporate,0,2021-11-08
CUST_004351,Daniel Miller,VIP Loyalty,1,2022-01-23
CUST_004352,Joseph Williams,Consumer,0,2020-05-21
CUST_004353,Joseph Williams,Consumer,0,2023-05-20
CUST_004354,Christopher Martinez,Corporate,0,2019-04-20
CUST_004355,Elizabeth Garcia,Small Business,0,2023-05-14
CUST_004356,Michael Jones,Corporate,1,2020-11-25
CUST_004357,Susan Garcia,Consumer,0,2023-12-18
CUST_004358,Barbara Anderson,Small Business,1,2019-11-04
CUST_004359,Susan Martinez,Corporate,1,2019-11-13
CUST_004360,Jessica Jones,Corporate,0,2022-09-12
CUST_004361,Sarah Hernandez,Consumer,1,2020-01-19
CUST_004362,Lisa Hernandez,Small Business,1,2021-12-11
CUST_004363,Michael Johnson,Corporate,0,2019-03-13
CUST_004364,Susan Smith,Consumer,1,2022-11-26
CUST_004365,Sarah Gonzalez,Consumer,0,2022-09-03
CUST_004366,Nancy Hernandez,Corporate,0,2019-01-13
CUST_004367,William Gonzalez,VIP Loyalty,1,2023-12-12
CUST_004368,Christopher Williams,VIP Loyalty,1,2020-08-25
CUST_004369,Jennifer Rodriguez,Small Business,0,2020-05-20
CUST_004370,Barbara Garcia,Consumer,0,2022-03-17
CUST_004371,Robert Garcia,Corporate,1,2022-12-04
CUST_004372,Richard Davis,Corporate,0,2023-05-28
CUST_004373,John Johnson,VIP Loyalty,1,2021-11-16
CUST_004374,Richard Johnson,Consumer,0,2019-08-10
CUST_004375,John Wilson,Consumer,1,2023-10-28
CUST_004376,Joseph Garcia,Consumer,1,2019-10-24
CUST_004377,Sarah Martinez,Consumer,1,2020-05-01
CUST_004378,Linda Lopez,Corporate,0,2022-01-13
CUST_004379,Mary Davis,Consumer,0,2021-02-10
CUST_004380,Robert Hernandez,Consumer,1,2020-08-15
CUST_004381,Jessica Lopez,Corporate,0,2019-08-06
CUST_004382,Jessica Wilson,Consumer,0,2023-05-12
CUST_004383,James Miller,Consumer,1,2019-08-23
CUST_004384,Karen Hernandez,Consumer,0,2023-10-28
CUST_004385,Thomas Williams,Consumer,1,2019-07-19
CUST_004386,Joseph Smith,Corporate,0,2023-10-05
CUST_004387,Daniel Wilson,VIP Loyalty,1,2020-11-22
CUST_004388,Linda Brown,Corporate,1,2020-01-16
CUST_004389,Christopher Martinez,Consumer,0,2021-12-03
CUST_004390,Mary Jones,Small Business,1,2020-02-24
CUST_004391,Jennifer Williams,Corporate,1,2021-01-14
CUST_004392,Michael Garcia,Consumer,0,2021-12-05
CUST_004393,Robert Wilson,Corporate,0,2022-09-08
CUST_004394,John Jones,Small Business,0,2020-08-08
CUST_004395,David Gonzalez,Consumer,0,2023-10-01
CUST_004396,David Miller,Consumer,0,2023-07-26
CUST_004397,Jessica Hernandez,Consumer,0,2019-09-11
CUST_004398,Robert Garcia,Consumer,0,2020-12-23
CUST_004399,Patricia Rodriguez,Small Business,0,2021-06-27
CUST_004400,Lisa Garcia,Consumer,1,2020-12-04
CUST_004401,Nancy Smith,Consumer,0,2021-04-12
CUST_004402,Daniel Martinez,Consumer,0,2023-02-25
CUST_004403,Richard Miller,Consumer,0,2021-11-22
CUST_004404,Daniel Brown,Corporate,1,2023-08-08
CUST_004405,Daniel Gonzalez,Corporate,0,2019-06-02
CUST_004406,Thomas Lopez,Consumer,1,2023-09-09
CUST_004407,Nancy Gonzalez,VIP Loyalty,1,2022-05-07
CUST_004408,Barbara Miller,Corporate,0,2023-12-09
CUST_004409,Daniel Hernandez,Small Business,0,2019-10-05
CUST_004410,David Garcia,Consumer,0,2023-12-20
CUST_004411,Lisa Davis,Consumer,1,2020-06-15
CUST_004412,Patricia Martinez,Corporate,0,2023-10-10
CUST_004413,Patricia Garcia,Consumer,0,2020-08-16
CUST_004414,Linda Lopez,VIP Loyalty,1,2019-01-19
CUST_004415,Sarah Smith,Corporate,0,2021-01-21
CUST_004416,Linda Lopez,Consumer,1,2022-02-16
CUST_004417,Richard Rodriguez,Small Business,0,2023-03-16
CUST_004418,Barbara Anderson,Consumer,1,2021-08-05
CUST_004419,Richard Hernandez,Corporate,0,2023-01-11
CUST_004420,Charles Johnson,Consumer,0,2019-09-01
CUST_004421,Thomas Smith,Corporate,0,2019-11-25
CUST_004422,Patricia Rodriguez,Consumer,0,2023-06-21
CUST_004423,William Anderson,Consumer,1,2020-03-21
CUST_004424,William Williams,Consumer,1,2020-05-19
CUST_004425,Nancy Anderson,Consumer,0,2020-09-15
CUST_004426,Nancy Wilson,Corporate,1,2020-05-01
CUST_004427,Charles Martinez,Corporate,1,2021-02-06
CUST_004428,Christopher Hernandez,Consumer,1,2021-04-28
CUST_004429,Daniel Hernandez,Consumer,0,2021-05-17
CUST_004430,Richard Davis,Corporate,0,2020-10-23
CUST_004431,William Smith,Consumer,0,2019-02-02
CUST_004432,Jennifer Williams,Consumer,0,2021-11-18
CUST_004433,Mary Miller,Small Business,0,2023-10-08
CUST_004434,Michael Gonzalez,Corporate,1,2021-08-15
CUST_004435,Nancy Johnson,Corporate,1,2020-01-01
CUST_004436,Michael Lopez,Corporate,0,2022-04-15
CUST_004437,Richard Lopez,Consumer,0,2020-12-04
CUST_004438,Elizabeth Hernandez,Small Business,1,2019-04-13
CUST_004439,Robert Garcia,Consumer,0,2023-07-03
CUST_004440,Elizabeth Brown,Consumer,0,2023-05-25
CUST_004441,Elizabeth Lopez,Consumer,0,2023-03-07
CUST_004442,Sarah Hernandez,Small Business,1,2023-08-20
CUST_004443,Elizabeth Davis,VIP Loyalty,1,2022-09-16
CUST_004444,Mary Rodriguez,Consumer,0,2023-11-18
CUST_004445,Christopher Gonzalez,Consumer,0,2019-07-12
CUST_004446,Lisa Martinez,Small Business,1,2021-03-25
CUST_004447,Charles Johnson,Consumer,1,2020-06-13
CUST_004448,Richard Jones,Consumer,0,2022-09-12
CUST_004449,Thomas Garcia,Consumer,0,2023-12-04
CUST_004450,Christopher Rodriguez,Consumer,0,2022-10-05
CUST_004451,Michael Garcia,Consumer,0,2021-02-14
CUST_004452,John Hernandez,Corporate,1,2019-02-28
CUST_004453,Richard Williams,Consumer,1,2022-04-13
CUST_004454,Christopher Garcia,Small Business,0,2019-03-15
CUST_004455,Sarah Garcia,Consumer,0,2022-06-16
CUST_004456,Richard Lopez,VIP Loyalty,1,2020-03-13
CUST_004457,Mary Williams,Consumer,0,2021-02-15
CUST_004458,Charles Rodriguez,Consumer,1,2021-06-19
CUST_004459,Robert Anderson,Consumer,0,2022-09-09
CUST_004460,Thomas Davis,VIP Loyalty,1,2023-04-26
CUST_004461,Karen Johnson,Consumer,1,2019-09-28
CUST_004462,Christopher Davis,Consumer,1,2023-07-08
CUST_004463,Christopher Anderson,Consumer,0,2022-06-13
CUST_004464,Robert Jones,Small Business,0,2020-08-24
CUST_004465,Linda Martinez,Consumer,0,2021-12-16
CUST_004466,Jessica Lopez,Corporate,1,2019-08-10
CUST_004467,Richard Johnson,Consumer,0,2021-11-19
CUST_004468,Elizabeth Lopez,Consumer,0,2019-11-07
CUST_004469,Jennifer Garcia,Corporate,0,2022-01-05
CUST_004470,David Lopez,VIP Loyalty,1,2022-03-24
CUST_004471,William Garcia,Consumer,0,2022-08-02
CUST_004472,William Gonzalez,Consumer,0,2022-04-04
CUST_004473,David Jones,Consumer,0,2020-11-27
CUST_004474,Lisa Smith,Corporate,1,2022-08-19
CUST_004475,Richard Miller,Consumer,1,2023-06-19
CUST_004476,Daniel Anderson,VIP Loyalty,1,2022-09-22
CUST_004477,Patricia Gonzalez,Consumer,0,2022-10-18
CUST_004478,Christopher Wilson,Consumer,1,2021-08-20
CUST_004479,Karen Lopez,Corporate,0,2022-03-15
CUST_004480,Richard Jones,VIP Loyalty,1,2020-07-28
CUST_004481,Daniel Lopez,Small Business,0,2021-02-18
CUST_004482,Michael Martinez,Consumer,0,2022-11-02
CUST_004483,Richard Gonzalez,Consumer,0,2023-10-23
CUST_004484,Christopher Garcia,Consumer,0,2020-04-28
CUST_004485,Barbara Gonzalez,Consumer,1,2023-04-06
CUST_004486,Barbara Jones,Corporate,0,2022-11-15
CUST_004487,Richard Martinez,VIP Loyalty,1,2022-09-15
CUST_004488,Daniel Johnson,Consumer,1,2021-05-15
CUST_004489,Joseph Hernandez,VIP Loyalty,1,2023-02-28
CUST_004490,Barbara Lopez,Consumer,1,2023-10-27
CUST_004491,Joseph Smith,Corporate,0,2021-02-10
CUST_004492,Christopher Rodriguez,Consumer,1,2023-09-01
CUST_004493,Thomas Martinez,Consumer,0,2019-04-02
CUST_004494,Charles Martinez,Consumer,1,2021-10-22
CUST_004495,Charles Williams,Corporate,1,2020-08-14
CUST_004496,Charles Miller,Consumer,1,2019-08-08
CUST_004497,Lisa Wilson,Consumer,1,2022-01-13
CUST_004498,Robert Williams,Consumer,0,2022-03-19
CUST_004499,Christopher Smith,Consumer,0,2020-12-25
CUST_004500,James Wilson,Corporate,0,2021-01-18
CUST_004501,Joseph Lopez,Consumer,0,2021-03-25
CUST_004502,Linda Lopez,Corporate,0,2022-05-28
CUST_004503,Karen Hernandez,Small Business,1,2023-08-26
CUST_004504,Christopher Rodriguez,VIP Loyalty,1,2023-09-07
CUST_004505,Jessica Davis,Consumer,1,2023-11-21
CUST_004506,Richard Hernandez,Corporate,0,2020-10-28
CUST_004507,Elizabeth Martinez,Consumer,0,2021-08-22
CUST_004508,James Lopez,Consumer,0,2022-02-16
CUST_004509,Jennifer Martinez,Consumer,0,2022-01-07
CUST_004510,Elizabeth Miller,Consumer,0,2021-03-12
CUST_004511,Charles Johnson,Consumer,0,2019-03-26
CUST_004512,Daniel Lopez,Consumer,0,2021-10-04
CUST_004513,Joseph Williams,Corporate,1,2020-08-14
CUST_004514,Karen Hernandez,Consumer,0,2022-11-13
CUST_004515,Sarah Johnson,VIP Loyalty,1,2019-08-06
CUST_004516,John Smith,Consumer,0,2019-08-13
CUST_004517,Patricia Garcia,Corporate,0,2020-08-20
CUST_004518,William Brown,Consumer,0,2020-11-12
CUST_004519,Christopher Brown,Consumer,0,2022-07-11
CUST_004520,Lisa Lopez,Consumer,0,2020-01-21
CUST_004521,Mary Brown,Corporate,0,2020-06-26
CUST_004522,Christopher Johnson,Consumer,0,2022-12-25
CUST_004523,David Hernandez,Consumer,0,2022-06-23
CUST_004524,Jennifer Martinez,Consumer,0,2019-03-06
CUST_004525,Jessica Garcia,Consumer,1,2019-09-12
CUST_004526,Daniel Hernandez,Small Business,1,2023-04-05
CUST_004527,Daniel Rodriguez,Consumer,1,2021-02-22
CUST_004528,Susan Garcia,Small Business,1,2021-01-26
CUST_004529,William Jones,Consumer,0,2020-03-27
CUST_004530,Karen Davis,Consumer,0,2020-04-06
CUST_004531,John Martinez,Small Business,0,2023-01-10
CUST_004532,Barbara Williams,VIP Loyalty,1,2020-10-18
CUST_004533,Elizabeth Miller,Consumer,0,2021-05-26
CUST_004534,Linda Johnson,Consumer,0,2020-01-14
CUST_004535,Mary Anderson,Corporate,0,2022-11-13
CUST_004536,Sarah Martinez,VIP Loyalty,1,2020-02-27
CUST_004537,John Williams,Small Business,0,2021-01-15
CUST_004538,Elizabeth Anderson,Consumer,0,2023-10-07
CUST_004539,Michael Williams,Small Business,1,2020-05-13
CUST_004540,Richard Wilson,Small Business,0,2021-10-10
CUST_004541,Daniel Hernandez,Corporate,1,2019-08-14
CUST_004542,Thomas Williams,Consumer,0,2023-09-01
CUST_004543,Lisa Williams,Small Business,0,2019-02-16
CUST_004544,Lisa Jones,Consumer,0,2021-11-28
CUST_004545,Lisa Rodriguez,Consumer,0,2020-08-05
CUST_004546,Jennifer Wilson,Small Business,1,2021-08-09
CUST_004547,Jessica Gonzalez,Consumer,0,2019-05-12
CUST_004548,Daniel Davis,Small Business,0,2021-04-23
CUST_004549,Robert Smith,Small Business,0,2023-06-01
CUST_004550,Barbara Williams,Corporate,1,2022-03-16
CUST_004551,Thomas Gonzalez,Small Business,0,2023-04-28
CUST_004552,Joseph Smith,Corporate,0,2022-01-11
CUST_004553,Jennifer Brown,Consumer,0,2019-03-10
CUST_004554,Robert Lopez,Consumer,0,2022-08-28
CUST_004555,Karen Garcia,Consumer,1,2020-05-14
CUST_004556,Mary Smith,Consumer,1,2019-09-01
CUST_004557,Robert Davis,Consumer,0,2020-11-17
CUST_004558,John Johnson,Small Business,0,2019-05-04
CUST_004559,Jessica Martinez,Consumer,0,2020-01-18
CUST_004560,Joseph Brown,Consumer,0,2019-12-20
CUST_004561,John Miller,Consumer,0,2020-06-15
CUST_004562,Linda Garcia,Consumer,0,2021-11-05
CUST_004563,John Hernandez,Corporate,1,2021-09-23
CUST_004564,Nancy Martinez,Consumer,1,2021-12-16
CUST_004565,Daniel Rodriguez,Consumer,0,2020-04-11
CUST_004566,Nancy Hernandez,Consumer,0,2020-05-23
CUST_004567,Nancy Williams,Consumer,0,2021-05-12
CUST_004568,John Rodriguez,Small Business,1,2019-08-01
CUST_004569,Linda Garcia,Small Business,0,2023-04-18
CUST_004570,Richard Wilson,Consumer,0,2019-06-05
CUST_004571,Barbara Martinez,Consumer,1,2022-06-04
CUST_004572,Joseph Smith,Consumer,1,2019-04-26
CUST_004573,William Davis,VIP Loyalty,1,2022-01-25
CUST_004574,Karen Hernandez,VIP Loyalty,1,2021-04-25
CUST_004575,Daniel Davis,Corporate,0,2023-01-19
CUST_004576,Robert Williams,Consumer,0,2019-10-13
CUST_004577,Nancy Garcia,VIP Loyalty,1,2022-11-01
CUST_004578,John Lopez,Consumer,0,2021-12-12
CUST_004579,Christopher Miller,VIP Loyalty,1,2021-11-13
CUST_004580,Nancy Miller,Consumer,0,2023-11-09
CUST_004581,Richard Lopez,Consumer,0,2021-01-08
CUST_004582,Daniel Jones,Corporate,0,2021-02-23
CUST_004583,Mary Gonzalez,Small Business,0,2021-03-19
CUST_004584,Thomas Rodriguez,Consumer,0,2019-09-01
CUST_004585,Patricia Miller,Consumer,0,2019-12-16
CUST_004586,Richard Hernandez,Consumer,1,2021-10-11
CUST_004587,Joseph Jones,Consumer,0,2020-12-20
CUST_004588,Jennifer Lopez,Consumer,0,2022-07-14
CUST_004589,Karen Martinez,VIP Loyalty,1,2023-05-12
CUST_004590,Elizabeth Jones,Corporate,0,2023-12-13
CUST_004591,Elizabeth Johnson,Corporate,0,2022-05-08
CUST_004592,Robert Smith,Corporate,0,2020-06-09
CUST_004593,James Garcia,Consumer,0,2023-06-06
CUST_004594,Sarah Anderson,Corporate,0,2019-03-05
CUST_004595,John Miller,Corporate,0,2023-06-14
CUST_004596,David Lopez,VIP Loyalty,1,2021-07-20
CUST_004597,Elizabeth Hernandez,Consumer,1,2023-12-19
CUST_004598,Charles Jones,Small Business,1,2022-05-28
CUST_004599,William Brown,Consumer,0,2022-04-14
CUST_004600,Susan Rodriguez,Corporate,0,2023-09-21
CUST_004601,Patricia Smith,Small Business,0,2020-07-03
CUST_004602,Jennifer Davis,Consumer,0,2022-05-22
CUST_004603,Thomas Martinez,VIP Loyalty,1,2020-11-07
CUST_004604,Daniel Hernandez,Consumer,0,2023-07-22
CUST_004605,Patricia Johnson,Consumer,1,2022-10-23
CUST_004606,Jennifer Davis,Consumer,0,2020-10-14
CUST_004607,Sarah Garcia,Small Business,1,2021-10-14
CUST_004608,Richard Davis,Consumer,0,2021-12-26
CUST_004609,Charles Hernandez,Consumer,0,2019-02-10
CUST_004610,Joseph Williams,Consumer,0,2021-03-13
CUST_004611,Richard Garcia,Consumer,1,2021-09-08
CUST_004612,Sarah Jones,Small Business,1,2023-03-10
CUST_004613,David Smith,Small Business,1,2022-02-04
CUST_004614,Jessica Rodriguez,Small Business,1,2020-03-14
CUST_004615,Joseph Garcia,Consumer,0,2020-12-09
CUST_004616,Daniel Williams,Corporate,1,2019-02-20
CUST_004617,Daniel Anderson,Consumer,0,2023-03-03
CUST_004618,Richard Garcia,Corporate,0,2022-03-13
CUST_004619,Joseph Lopez,Consumer,0,2021-11-13
CUST_004620,Barbara Garcia,Consumer,1,2021-11-03
CUST_004621,Jessica Rodriguez,Consumer,0,2022-03-03
CUST_004622,Lisa Brown,Consumer,0,2023-01-12
CUST_004623,Christopher Garcia,Consumer,0,2019-10-17
CUST_004624,Sarah Johnson,VIP Loyalty,1,2023-10-23
CUST_004625,Jennifer Rodriguez,Consumer,1,2021-01-24
CUST_004626,Thomas Hernandez,Consumer,0,2019-12-04
CUST_004627,Linda Anderson,Consumer,0,2022-03-21
CUST_004628,Patricia Hernandez,Consumer,1,2020-10-23
CUST_004629,James Gonzalez,Consumer,1,2021-12-05
CUST_004630,Sarah Davis,Consumer,0,2021-10-23
CUST_004631,Thomas Martinez,Corporate,1,2019-11-17
CUST_004632,Patricia Lopez,Corporate,0,2023-07-19
CUST_004633,William Brown,Consumer,1,2021-08-27
CUST_004634,Thomas Davis,Consumer,0,2021-12-26
CUST_004635,Lisa Garcia,Consumer,1,2019-12-06
CUST_004636,James Garcia,Corporate,0,2019-09-08
CUST_004637,Joseph Johnson,Consumer,0,2020-11-01
CUST_004638,Sarah Jones,Small Business,1,2023-01-16
CUST_004639,Michael Garcia,Consumer,1,2023-12-07
CUST_004640,Jennifer Gonzalez,Consumer,0,2019-07-03
CUST_004641,Jennifer Lopez,Small Business,0,2021-08-14
CUST_004642,Daniel Rodriguez,Consumer,1,2021-10-27
CUST_004643,Linda Johnson,Consumer,0,2023-10-23
CUST_004644,Richard Garcia,Corporate,0,2019-12-26
CUST_004645,Robert Hernandez,Consumer,0,2019-05-21
CUST_004646,Patricia Martinez,Consumer,1,2023-02-26
CUST_004647,Linda Johnson,Consumer,0,2019-11-08
CUST_004648,Jennifer Brown,VIP Loyalty,1,2021-10-04
CUST_004649,Christopher Gonzalez,Small Business,0,2019-02-28
CUST_004650,Karen Smith,Corporate,0,2022-05-23
CUST_004651,Barbara Garcia,VIP Loyalty,1,2021-05-03
CUST_004652,Sarah Garcia,Consumer,1,2020-02-20
CUST_004653,Elizabeth Lopez,Consumer,0,2020-07-07
CUST_004654,John Miller,Consumer,1,2019-12-11
CUST_004655,Jessica Wilson,Consumer,0,2023-03-28
CUST_004656,Patricia Rodriguez,Small Business,1,2021-04-06
CUST_004657,Thomas Wilson,Consumer,0,2021-12-25
CUST_004658,Christopher Davis,Consumer,0,2023-03-01
CUST_004659,Christopher Jones,Consumer,1,2021-12-26
CUST_004660,William Williams,Consumer,0,2020-02-18
CUST_004661,Christopher Garcia,VIP Loyalty,1,2020-11-06
CUST_004662,James Rodriguez,Consumer,0,2020-12-22
CUST_004663,Robert Williams,Consumer,1,2023-02-27
CUST_004664,Thomas Jones,Small Business,0,2021-08-25
CUST_004665,Thomas Brown,Consumer,0,2021-10-08
CUST_004666,Elizabeth Garcia,Consumer,0,2023-10-26
CUST_004667,Karen Jones,Consumer,0,2020-07-02
CUST_004668,Linda Lopez,Corporate,1,2019-11-19
CUST_004669,Karen Miller,Consumer,0,2022-08-13
CUST_004670,Jennifer Williams,Consumer,1,2023-03-14
CUST_004671,Jessica Brown,Corporate,1,2021-01-25
CUST_004672,Robert Johnson,Corporate,0,2023-03-16
CUST_004673,Michael Hernandez,Consumer,0,2021-10-12
CUST_004674,Nancy Williams,Corporate,0,2019-07-20
CUST_004675,Charles Garcia,Consumer,0,2022-05-19
CUST_004676,Susan Johnson,Consumer,1,2023-10-11
CUST_004677,Lisa Jones,Consumer,0,2021-10-13
CUST_004678,Jennifer Anderson,Consumer,0,2021-03-12
CUST_004679,Daniel Anderson,Consumer,0,2020-09-14
CUST_004680,Jennifer Wilson,Consumer,1,2021-11-21
CUST_004681,Charles Johnson,Consumer,0,2019-03-06
CUST_004682,Christopher Jones,Consumer,1,2021-11-18
CUST_004683,Sarah Johnson,VIP Loyalty,1,2020-09-05
CUST_004684,Robert Rodriguez,Small Business,0,2021-08-27
CUST_004685,James Smith,Corporate,1,2021-12-25
CUST_004686,Sarah Wilson,Corporate,0,2021-04-18
CUST_004687,Michael Hernandez,VIP Loyalty,1,2021-09-23
CUST_004688,Lisa Rodriguez,Consumer,1,2021-01-11
CUST_004689,Patricia Brown,Small Business,0,2019-10-08
CUST_004690,Joseph Johnson,VIP Loyalty,1,2020-11-01
CUST_004691,Mary Hernandez,Corporate,0,2021-05-11
CUST_004692,Sarah Lopez,Corporate,0,2020-12-22
CUST_004693,John Hernandez,Consumer,0,2021-12-25
CUST_004694,Elizabeth Gonzalez,Consumer,1,2020-03-06
CUST_004695,Sarah Garcia,Consumer,1,2021-07-27
CUST_004696,Karen Hernandez,Consumer,0,2022-10-18
CUST_004697,William Anderson,Consumer,1,2020-05-13
CUST_004698,Jennifer Martinez,Consumer,0,2019-07-14
CUST_004699,Charles Brown,Consumer,0,2022-12-18
CUST_004700,Linda Smith,Corporate,0,2020-04-10
CUST_004701,Jessica Brown,Consumer,1,2020-05-12
CUST_004702,John Lopez,Corporate,0,2021-12-07
CUST_004703,James Anderson,Small Business,0,2020-07-01
CUST_004704,Michael Gonzalez,Consumer,0,2020-04-07
CUST_004705,Thomas Garcia,Consumer,0,2021-11-17
CUST_004706,Charles Hernandez,Consumer,1,2022-08-20
CUST_004707,Susan Martinez,Consumer,1,2019-03-14
CUST_004708,Sarah Brown,Corporate,0,2023-05-22
CUST_004709,Richard Lopez,Consumer,0,2023-07-06
CUST_004710,Richard Wilson,VIP Loyalty,1,2020-01-01
CUST_004711,Patricia Johnson,Small Business,1,2019-10-27
CUST_004712,Lisa Brown,Consumer,0,2020-03-22
CUST_004713,Robert Jones,Consumer,0,2021-04-10
CUST_004714,James Johnson,Consumer,1,2020-07-14
CUST_004715,Patricia Martinez,Consumer,0,2023-04-15
CUST_004716,John Garcia,VIP Loyalty,1,2022-05-08
CUST_004717,Karen Brown,Corporate,1,2023-05-08
CUST_004718,Nancy Johnson,Small Business,1,2021-05-16
CUST_004719,Susan Wilson,Consumer,1,2022-11-19
CUST_004720,Charles Hernandez,Consumer,0,2019-03-26
CUST_004721,Elizabeth Davis,Consumer,0,2022-07-14
CUST_004722,Elizabeth Rodriguez,Corporate,1,2023-06-27
CUST_004723,Jennifer Jones,Corporate,1,2023-01-18
CUST_004724,Thomas Rodriguez,Small Business,0,2020-04-17
CUST_004725,Richard Gonzalez,Consumer,0,2020-06-09
CUST_004726,John Miller,Consumer,1,2021-09-27
CUST_004727,Patricia Johnson,Consumer,1,2019-10-10
CUST_004728,Jennifer Garcia,Consumer,1,2019-01-16
CUST_004729,Jennifer Miller,Small Business,0,2020-11-24
CUST_004730,Michael Davis,Small Business,0,2021-09-01
CUST_004731,Susan Davis,Consumer,0,2021-02-17
CUST_004732,Thomas Williams,Consumer,1,2020-08-17
CUST_004733,Patricia Davis,Corporate,0,2019-07-28
CUST_004734,William Johnson,Corporate,1,2021-12-04
CUST_004735,Thomas Miller,Consumer,0,2021-02-06
CUST_004736,David Miller,Consumer,1,2021-06-11
CUST_004737,Linda Brown,Small Business,0,2020-05-02
CUST_004738,Jennifer Martinez,Consumer,1,2020-03-10
CUST_004739,Sarah Brown,Corporate,0,2022-01-17
CUST_004740,Patricia Brown,Consumer,0,2020-06-05
CUST_004741,Nancy Martinez,Corporate,0,2020-09-15
CUST_004742,Jennifer Davis,Consumer,1,2023-05-18
CUST_004743,Robert Rodriguez,Small Business,0,2023-10-22
CUST_004744,Jennifer Gonzalez,Small Business,0,2019-02-26
CUST_004745,Joseph Williams,VIP Loyalty,1,2020-06-15
CUST_004746,Thomas Davis,Small Business,1,2022-06-26
CUST_004747,Daniel Jones,Consumer,1,2019-12-22
CUST_004748,Thomas Rodriguez,VIP Loyalty,1,2022-03-09
CUST_004749,Susan Miller,Corporate,0,2022-10-08
CUST_004750,Sarah Gonzalez,Small Business,0,2022-03-12
CUST_004751,Nancy Lopez,Consumer,0,2023-01-03
CUST_004752,Mary Miller,Small Business,0,2022-08-03
CUST_004753,Christopher Wilson,Consumer,0,2019-01-27
CUST_004754,Lisa Garcia,Consumer,0,2021-07-23
CUST_004755,Nancy Wilson,Corporate,0,2022-07-15
CUST_004756,Thomas Williams,Consumer,0,2023-09-12
CUST_004757,Lisa Smith,Consumer,0,2023-11-07
CUST_004758,Susan Brown,Corporate,1,2020-08-15
CUST_004759,David Davis,Consumer,1,2023-06-21
CUST_004760,Linda Anderson,Consumer,0,2020-12-15
CUST_004761,Barbara Hernandez,Corporate,0,2023-06-10
CUST_004762,Susan Jones,Consumer,1,2021-04-22
CUST_004763,Sarah Wilson,Small Business,1,2020-05-21
CUST_004764,Sarah Hernandez,Consumer,0,2020-09-19
CUST_004765,Barbara Miller,Consumer,0,2022-10-22
CUST_004766,Michael Miller,Small Business,0,2023-07-16
CUST_004767,Jessica Wilson,Consumer,0,2023-03-21
CUST_004768,Richard Gonzalez,Consumer,0,2023-10-27
CUST_004769,Mary Wilson,Consumer,0,2022-03-09
CUST_004770,Sarah Lopez,Corporate,0,2021-02-13
CUST_004771,Susan Anderson,Small Business,1,2020-01-25
CUST_004772,Jennifer Rodriguez,Consumer,1,2020-12-03
CUST_004773,Sarah Gonzalez,VIP Loyalty,1,2021-05-13
CUST_004774,Robert Martinez,Consumer,1,2021-01-13
CUST_004775,Susan Wilson,Consumer,0,2019-11-17
CUST_004776,Robert Jones,Consumer,0,2023-01-06
CUST_004777,Daniel Hernandez,Corporate,1,2020-03-25
CUST_004778,Thomas Gonzalez,Corporate,0,2020-10-25
CUST_004779,William Davis,Consumer,1,2020-04-26
CUST_004780,Daniel Wilson,VIP Loyalty,1,2019-05-28
CUST_004781,Barbara Garcia,Consumer,0,2019-05-11
CUST_004782,Elizabeth Gonzalez,Consumer,0,2019-07-07
CUST_004783,Sarah Davis,Consumer,0,2019-09-07
CUST_004784,Linda Johnson,Corporate,0,2019-06-12
CUST_004785,William Johnson,Consumer,0,2023-02-10
CUST_004786,Jennifer Miller,VIP Loyalty,1,2019-04-15
CUST_004787,Thomas Davis,Corporate,0,2019-07-13
CUST_004788,Daniel Garcia,Consumer,1,2019-01-16
CUST_004789,Jennifer Davis,Small Business,0,2021-04-15
CUST_004790,Christopher Martinez,VIP Loyalty,1,2023-02-14
CUST_004791,Elizabeth Wilson,Small Business,0,2019-10-12
CUST_004792,Sarah Garcia,Consumer,0,2022-03-05
CUST_004793,Patricia Smith,Consumer,1,2022-07-02
CUST_004794,Karen Smith,Consumer,1,2020-12-12
CUST_004795,Michael Garcia,Consumer,0,2020-04-09
CUST_004796,Robert Smith,Consumer,0,2021-01-04
CUST_004797,William Lopez,Corporate,0,2021-06-17
CUST_004798,Daniel Lopez,Corporate,0,2021-05-24
CUST_004799,Linda Johnson,Consumer,1,2021-08-20
CUST_004800,Lisa Wilson,Corporate,0,2023-06-17
CUST_004801,Susan Smith,Consumer,1,2022-01-03
CUST_004802,Karen Hernandez,Consumer,1,2020-12-05
CUST_004803,Elizabeth Davis,Consumer,0,2023-06-10
CUST_004804,Elizabeth Martinez,VIP Loyalty,1,2020-09-14
CUST_004805,Joseph Miller,Consumer,1,2019-01-09
CUST_004806,William Lopez,Consumer,0,2021-11-24
CUST_004807,Thomas Lopez,Consumer,1,2022-08-25
CUST_004808,Michael Hernandez,VIP Loyalty,1,2020-01-25
CUST_004809,Patricia Martinez,Consumer,0,2023-11-05
CUST_004810,John Garcia,Consumer,1,2022-06-18
CUST_004811,Sarah Davis,Consumer,1,2020-10-01
CUST_004812,William Smith,Consumer,1,2023-06-05
CUST_004813,Patricia Lopez,Consumer,0,2023-12-04
CUST_004814,Susan Martinez,VIP Loyalty,1,2019-03-10
CUST_004815,Joseph Davis,Consumer,0,2019-04-05
CUST_004816,Mary Rodriguez,Consumer,1,2022-06-26
CUST_004817,Nancy Gonzalez,VIP Loyalty,1,2023-04-11
CUST_004818,Christopher Rodriguez,Consumer,0,2021-01-15
CUST_004819,Joseph Jones,Consumer,0,2019-07-10
CUST_004820,Karen Hernandez,Consumer,1,2022-10-25
CUST_004821,Patricia Lopez,Corporate,0,2022-08-24
CUST_004822,Charles Gonzalez,Corporate,1,2020-09-10
CUST_004823,Jennifer Davis,Corporate,0,2020-02-12
CUST_004824,Karen Martinez,Consumer,0,2019-09-24
CUST_004825,Jennifer Wilson,Consumer,0,2020-11-01
CUST_004826,Christopher Davis,Corporate,0,2020-08-06
CUST_004827,Nancy Miller,Consumer,1,2022-10-26
CUST_004828,Joseph Gonzalez,Consumer,1,2019-04-07
CUST_004829,Jessica Rodriguez,Consumer,0,2019-09-22
CUST_004830,Daniel Rodriguez,Small Business,0,2020-06-22
CUST_004831,Michael Miller,Small Business,0,2023-10-09
CUST_004832,Joseph Anderson,Consumer,0,2021-05-05
CUST_004833,Michael Lopez,Consumer,0,2023-12-04
CUST_004834,Jessica Gonzalez,Consumer,1,2022-11-15
CUST_004835,Christopher Wilson,Corporate,1,2022-01-11
CUST_004836,Robert Martinez,Corporate,1,2021-04-28
CUST_004837,Elizabeth Rodriguez,Consumer,1,2021-05-08
CUST_004838,Daniel Wilson,Consumer,1,2019-03-20
CUST_004839,Lisa Lopez,Consumer,1,2020-01-06
CUST_004840,Robert Gonzalez,Consumer,0,2020-10-13
CUST_004841,Charles Smith,Small Business,1,2022-05-11
CUST_004842,Robert Davis,Corporate,0,2020-10-17
CUST_004843,Charles Lopez,Corporate,0,2022-05-12
CUST_004844,Jessica Smith,Consumer,1,2019-10-23
CUST_004845,Sarah Smith,Corporate,0,2019-03-18
CUST_004846,Richard Garcia,Consumer,0,2020-02-28
CUST_004847,Richard Jones,Corporate,0,2020-11-28
CUST_004848,Richard Lopez,Consumer,1,2022-11-03
CUST_004849,Mary Lopez,Small Business,1,2020-07-22
CUST_004850,Michael Miller,Consumer,0,2023-06-26
CUST_004851,Lisa Miller,Consumer,1,2022-08-08
CUST_004852,Karen Martinez,Corporate,1,2023-07-20
CUST_004853,Christopher Gonzalez,Consumer,0,2023-01-28
CUST_004854,Lisa Martinez,Consumer,0,2019-02-19
CUST_004855,Nancy Rodriguez,Consumer,1,2023-06-21
CUST_004856,Richard Williams,Consumer,0,2021-04-03
CUST_004857,Joseph Anderson,VIP Loyalty,1,2022-05-08
CUST_004858,Daniel Martinez,Consumer,0,2021-11-21
CUST_004859,John Anderson,Consumer,0,2023-10-03
CUST_004860,Karen Wilson,Corporate,0,2019-07-09
CUST_004861,Jessica Miller,Corporate,0,2022-12-19
CUST_004862,Lisa Smith,Small Business,0,2023-03-16
CUST_004863,David Martinez,Consumer,0,2023-09-25
CUST_004864,Michael Wilson,Consumer,1,2022-07-24
CUST_004865,Sarah Jones,Small Business,0,2023-03-28
CUST_004866,Jennifer Anderson,Consumer,0,2020-04-28
CUST_004867,Karen Anderson,VIP Loyalty,1,2022-01-11
CUST_004868,Nancy Hernandez,Consumer,0,2023-10-15
CUST_004869,Elizabeth Brown,Corporate,1,2021-12-25
CUST_004870,Richard Williams,VIP Loyalty,1,2021-08-13
CUST_004871,Elizabeth Jones,Consumer,0,2022-12-25
CUST_004872,Karen Anderson,Consumer,0,2019-02-09
CUST_004873,Christopher Smith,Consumer,0,2021-12-06
CUST_004874,Thomas Johnson,VIP Loyalty,1,2023-11-25
CUST_004875,Robert Lopez,Corporate,0,2020-11-26
CUST_004876,Linda Anderson,Consumer,0,2022-02-23
CUST_004877,Barbara Brown,Consumer,0,2022-08-22
CUST_004878,Nancy Hernandez,Consumer,0,2021-09-01
CUST_004879,Daniel Garcia,VIP Loyalty,1,2020-04-16
CUST_004880,Barbara Rodriguez,Small Business,0,2019-01-14
CUST_004881,Robert Anderson,Consumer,0,2021-09-23
CUST_004882,Jennifer Rodriguez,Small Business,1,2023-12-14
CUST_004883,Elizabeth Miller,Consumer,0,2022-07-14
CUST_004884,Sarah Gonzalez,VIP Loyalty,1,2019-07-18
CUST_004885,Elizabeth Johnson,VIP Loyalty,1,2021-07-09
CUST_004886,Karen Davis,Consumer,0,2023-02-06
CUST_004887,Karen Davis,Consumer,1,2023-05-11
CUST_004888,Richard Williams,VIP Loyalty,1,2021-02-06
CUST_004889,Daniel Martinez,Corporate,1,2020-11-28
CUST_004890,Elizabeth Gonzalez,Consumer,1,2022-01-18
CUST_004891,Richard Rodriguez,Consumer,1,2020-12-05
CUST_004892,Sarah Anderson,Consumer,0,2019-03-12
CUST_004893,Karen Rodriguez,Small Business,1,2019-12-04
CUST_004894,Robert Rodriguez,Consumer,1,2021-01-01
CUST_004895,Joseph Davis,Corporate,0,2023-11-02
CUST_004896,Patricia Smith,Corporate,0,2022-02-19
CUST_004897,Richard Garcia,Consumer,0,2023-01-22
CUST_004898,Christopher Davis,Consumer,0,2023-12-12
CUST_004899,Patricia Williams,Consumer,1,2019-07-21
CUST_004900,Patricia Rodriguez,Consumer,0,2022-10-28
CUST_004901,Elizabeth Davis,Consumer,0,2019-12-03
CUST_004902,Daniel Williams,Corporate,0,2023-05-24
CUST_004903,William Garcia,Consumer,0,2020-11-19
CUST_004904,Daniel Anderson,Consumer,1,2020-11-09
CUST_004905,John Miller,Consumer,0,2023-08-16
CUST_004906,Patricia Smith,Corporate,1,2023-08-19
CUST_004907,Lisa Davis,Corporate,0,2023-11-17
CUST_004908,Charles Williams,Consumer,0,2021-11-17
CUST_004909,David Anderson,Small Business,1,2021-08-06
CUST_004910,John Wilson,Consumer,0,2022-09-12
CUST_004911,Daniel Anderson,Consumer,1,2021-05-15
CUST_004912,Nancy Miller,Consumer,0,2019-08-11
CUST_004913,Michael Hernandez,Corporate,0,2022-06-03
CUST_004914,James Anderson,Consumer,0,2019-02-25
CUST_004915,Patricia Williams,Small Business,0,2023-05-05
CUST_004916,Nancy Lopez,Consumer,0,2023-05-03
CUST_004917,Karen Williams,Corporate,0,2020-11-18
CUST_004918,Elizabeth Davis,VIP Loyalty,1,2023-07-27
CUST_004919,Karen Martinez,Consumer,0,2020-04-16
CUST_004920,Jennifer Smith,Consumer,0,2022-10-10
CUST_004921,William Anderson,Small Business,0,2023-07-18
CUST_004922,Mary Johnson,Small Business,0,2021-04-01
CUST_004923,Thomas Brown,VIP Loyalty,1,2023-04-19
CUST_004924,John Garcia,Small Business,1,2019-01-10
CUST_004925,Lisa Jones,Consumer,0,2020-02-28
CUST_004926,William Jones,Corporate,0,2021-11-05
CUST_004927,Michael Miller,Consumer,0,2020-01-14
CUST_004928,Jennifer Hernandez,VIP Loyalty,1,2023-10-03
CUST_004929,Jessica Miller,Consumer,0,2022-12-10
CUST_004930,Barbara Hernandez,Consumer,1,2021-11-02
CUST_004931,Lisa Garcia,Consumer,0,2023-06-22
CUST_004932,Sarah Jones,Corporate,0,2020-03-17
CUST_004933,James Anderson,Corporate,1,2020-11-21
CUST_004934,Mary Brown,Corporate,1,2022-09-20
CUST_004935,Christopher Brown,Consumer,1,2022-02-28
CUST_004936,Karen Johnson,Corporate,1,2019-04-01
CUST_004937,John Miller,Corporate,0,2023-12-11
CUST_004938,Richard Anderson,Consumer,0,2022-11-19
CUST_004939,Karen Hernandez,Consumer,1,2023-04-20
CUST_004940,Thomas Jones,Consumer,0,2021-04-09
CUST_004941,Jessica Miller,Consumer,1,2020-12-06
CUST_004942,Michael Williams,Consumer,0,2021-06-07
CUST_004943,Sarah Wilson,Consumer,1,2019-10-23
CUST_004944,Linda Wilson,Consumer,1,2019-10-25
CUST_004945,David Hernandez,Consumer,0,2021-05-20
CUST_004946,Patricia Davis,Corporate,0,2019-05-08
CUST_004947,Charles Johnson,Consumer,0,2021-02-14
CUST_004948,Lisa Hernandez,Consumer,1,2019-10-17
CUST_004949,Joseph Johnson,Consumer,1,2020-08-13
CUST_004950,Elizabeth Rodriguez,Consumer,0,2021-07-22
CUST_004951,Daniel Williams,Corporate,0,2022-11-07
CUST_004952,Nancy Williams,Consumer,0,2019-12-14
CUST_004953,James Rodriguez,VIP Loyalty,1,2020-11-17
CUST_004954,Mary Davis,Consumer,1,2022-02-23
CUST_004955,Robert Smith,Consumer,0,2020-12-02
CUST_004956,Barbara Garcia,Consumer,1,2019-11-16
CUST_004957,Nancy Miller,Consumer,0,2019-03-24
CUST_004958,Charles Hernandez,Small Business,0,2023-05-12
CUST_004959,James Anderson,Consumer,0,2023-11-15
CUST_004960,Jessica Anderson,Corporate,0,2021-09-01
CUST_004961,William Lopez,VIP Loyalty,1,2020-11-21
CUST_004962,Susan Johnson,Consumer,1,2023-02-27
CUST_004963,Susan Jones,Corporate,1,2023-02-22
CUST_004964,Jennifer Lopez,Consumer,1,2022-07-16
CUST_004965,James Smith,Corporate,0,2022-05-12
CUST_004966,Elizabeth Davis,Consumer,0,2022-01-27
CUST_004967,Linda Jones,Consumer,1,2023-08-07
CUST_004968,Charles Anderson,Small Business,0,2022-06-12
CUST_004969,Sarah Lopez,Consumer,0,2021-12-19
CUST_004970,Richard Wilson,Consumer,0,2019-06-08
CUST_004971,Joseph Anderson,Consumer,1,2021-02-07
CUST_004972,Linda Martinez,VIP Loyalty,1,2023-04-01
CUST_004973,William Hernandez,Consumer,0,2023-11-05
CUST_004974,Sarah Miller,Consumer,0,2022-12-27
CUST_004975,Robert Williams,Corporate,0,2021-02-07
CUST_004976,Joseph Martinez,Consumer,0,2023-11-26
CUST_004977,Sarah Anderson,Consumer,1,2021-09-23
CUST_004978,Jennifer Hernandez,Consumer,0,2021-03-13
CUST_004979,Nancy Davis,Corporate,0,2021-06-24
CUST_004980,Elizabeth Williams,VIP Loyalty,1,2021-11-21
CUST_004981,Elizabeth Williams,Consumer,1,2021-08-14
CUST_004982,Susan Miller,Consumer,0,2021-10-16
CUST_004983,Robert Hernandez,Consumer,0,2023-03-17
CUST_004984,Charles Jones,Corporate,0,2021-01-23
CUST_004985,Christopher Williams,Consumer,1,2022-03-18
CUST_004986,John Miller,Corporate,0,2023-08-27
CUST_004987,James Williams,Consumer,0,2022-01-21
CUST_004988,Christopher Williams,Consumer,1,2020-06-26
CUST_004989,Jennifer Wilson,Corporate,1,2020-08-22
CUST_004990,Richard Anderson,Small Business,1,2020-07-03
CUST_004991,Barbara Anderson,Consumer,0,2021-02-24
CUST_004992,Thomas Johnson,Consumer,0,2020-04-04
CUST_004993,David Hernandez,Corporate,1,2020-05-04
CUST_004994,James Miller,Consumer,0,2019-08-05
CUST_004995,Nancy Miller,Consumer,0,2022-07-15
CUST_004996,Thomas Miller,Small Business,0,2023-08-07
CUST_004997,Michael Garcia,Corporate,1,2023-05-04
CUST_004998,Karen Jones,Consumer,0,2022-06-08
CUST_004999,William Lopez,VIP Loyalty,1,2022-07-21
CUST_005000,Patricia Lopez,Corporate,0,2019-02-07
CUST_005001,Elizabeth Johnson,Consumer,0,2020-12-26
CUST_005002,John Lopez,Consumer,0,2023-09-02
CUST_005003,Daniel Garcia,Consumer,0,2021-06-10
CUST_005004,Karen Smith,Consumer,0,2022-11-17
CUST_005005,Lisa Martinez,Consumer,0,2020-06-17
CUST_005006,Charles Johnson,Consumer,0,2023-04-06
CUST_005007,Susan Anderson,Consumer,0,2020-08-13
CUST_005008,Richard Rodriguez,Consumer,1,2022-09-14
CUST_005009,James Davis,Corporate,0,2020-07-16
CUST_005010,Barbara Lopez,Consumer,0,2023-05-18
CUST_005011,John Martinez,Consumer,1,2021-04-19
CUST_005012,Nancy Lopez,Consumer,0,2019-11-26
CUST_005013,Elizabeth Johnson,Corporate,1,2020-05-14
CUST_005014,Joseph Williams,Small Business,0,2022-12-04
CUST_005015,Christopher Garcia,Consumer,0,2019-04-26
CUST_005016,Joseph Smith,VIP Loyalty,1,2022-10-08
CUST_005017,Barbara Miller,Consumer,0,2020-01-13
CUST_005018,Karen Anderson,VIP Loyalty,1,2023-11-19
CUST_005019,Robert Brown,Consumer,0,2021-05-12
CUST_005020,Karen Wilson,Corporate,0,2023-07-03
CUST_005021,Nancy Rodriguez,VIP Loyalty,1,2022-06-06
CUST_005022,John Wilson,Consumer,1,2020-09-03
CUST_005023,Sarah Jones,Consumer,1,2022-12-06
CUST_005024,Christopher Rodriguez,Corporate,0,2022-02-19
CUST_005025,Charles Williams,Consumer,0,2022-07-28
CUST_005026,Charles Smith,Corporate,0,2021-03-15
CUST_005027,Jessica Anderson,Consumer,1,2023-12-17
CUST_005028,Joseph Lopez,Consumer,0,2021-07-23
CUST_005029,Joseph Brown,Consumer,1,2023-06-13
CUST_005030,Karen Brown,VIP Loyalty,1,2020-12-20
CUST_005031,Robert Brown,Consumer,0,2022-11-21
CUST_005032,Jessica Smith,Consumer,0,2023-11-20
CUST_005033,James Lopez,Consumer,1,2021-07-18
CUST_005034,Thomas Hernandez,Small Business,0,2019-01-17
CUST_005035,Robert Garcia,Small Business,0,2022-11-27
CUST_005036,Patricia Johnson,VIP Loyalty,1,2020-08-15
CUST_005037,Nancy Williams,Consumer,1,2019-09-16
CUST_005038,Linda Miller,Corporate,1,2020-07-02
CUST_005039,Joseph Martinez,Consumer,0,2019-09-22
CUST_005040,Jessica Wilson,Small Business,0,2023-07-23
CUST_005041,Elizabeth Hernandez,Corporate,0,2019-02-27
CUST_005042,Michael Brown,Consumer,0,2021-09-03
CUST_005043,Susan Gonzalez,Consumer,0,2022-08-17
CUST_005044,Jennifer Miller,Consumer,1,2022-12-18
CUST_005045,Susan Smith,Corporate,0,2022-12-28
CUST_005046,Jennifer Davis,Consumer,1,2023-05-25
CUST_005047,Jennifer Jones,Small Business,0,2021-01-05
CUST_005048,James Anderson,Consumer,0,2023-10-24
CUST_005049,Susan Miller,Consumer,0,2021-10-20
CUST_005050,Patricia Smith,Corporate,0,2019-01-11
CUST_005051,Jennifer Gonzalez,Consumer,1,2020-02-11
CUST_005052,William Jones,Consumer,0,2021-12-08
CUST_005053,Linda Wilson,Corporate,1,2021-08-28
CUST_005054,Sarah Brown,Consumer,0,2023-11-16
CUST_005055,Richard Hernandez,VIP Loyalty,1,2021-08-18
CUST_005056,John Garcia,Corporate,0,2021-07-24
CUST_005057,Elizabeth Anderson,Consumer,1,2019-03-18
CUST_005058,Robert Miller,Consumer,0,2020-12-27
CUST_005059,Michael Lopez,Consumer,0,2023-06-12
CUST_005060,Michael Hernandez,Consumer,1,2023-12-17
CUST_005061,Daniel Brown,Small Business,0,2022-03-01
CUST_005062,Patricia Williams,Small Business,1,2019-01-23
CUST_005063,David Wilson,Consumer,0,2021-09-14
CUST_005064,John Hernandez,Consumer,0,2020-03-18
CUST_005065,Jennifer Gonzalez,Consumer,1,2023-07-22
CUST_005066,Barbara Davis,VIP Loyalty,1,2022-02-17
CUST_005067,Daniel Hernandez,Consumer,1,2019-06-12
CUST_005068,Daniel Gonzalez,Consumer,0,2021-10-24
CUST_005069,Joseph Gonzalez,VIP Loyalty,1,2020-05-21
CUST_005070,Michael Jones,Consumer,0,2021-04-22
CUST_005071,Lisa Miller,Corporate,0,2021-10-20
CUST_005072,David Garcia,Corporate,0,2019-11-15
CUST_005073,Michael Gonzalez,Corporate,1,2023-12-12
CUST_005074,Richard Martinez,Consumer,0,2019-10-09
CUST_005075,David Rodriguez,Consumer,1,2022-05-17
CUST_005076,Barbara Martinez,Consumer,1,2021-10-02
CUST_005077,Barbara Lopez,Consumer,1,2019-02-03
CUST_005078,Karen Anderson,Corporate,0,2020-03-01
CUST_005079,Michael Lopez,Corporate,1,2021-08-24
CUST_005080,Elizabeth Anderson,Small Business,0,2020-11-12
CUST_005081,Linda Miller,Corporate,0,2021-08-01
CUST_005082,John Anderson,Corporate,1,2019-03-26
CUST_005083,Sarah Garcia,VIP Loyalty,1,2022-03-18
CUST_005084,Lisa Wilson,Consumer,0,2021-08-19
CUST_005085,Sarah Anderson,VIP Loyalty,1,2021-09-15
CUST_005086,Charles Anderson,Consumer,1,2022-03-11
CUST_005087,Sarah Gonzalez,Consumer,0,2023-08-02
CUST_005088,Linda Miller,Consumer,0,2020-11-23
CUST_005089,Elizabeth Brown,Consumer,1,2021-02-21
CUST_005090,Nancy Davis,Small Business,1,2022-01-19
CUST_005091,Mary Gonzalez,Consumer,0,2021-12-17
CUST_005092,Robert Johnson,Consumer,0,2019-10-22
CUST_005093,Elizabeth Gonzalez,Consumer,0,2023-09-26
CUST_005094,William Brown,Corporate,1,2019-09-08
CUST_005095,Robert Jones,Consumer,1,2019-05-07
CUST_005096,David Anderson,Consumer,1,2023-04-25
CUST_005097,Susan Hernandez,Consumer,1,2019-04-20
CUST_005098,Elizabeth Smith,Consumer,1,2022-09-28
CUST_005099,Robert Brown,Consumer,1,2022-07-06
CUST_005100,Michael Davis,Consumer,1,2023-04-11
CUST_005101,Charles Gonzalez,Corporate,1,2020-09-25
CUST_005102,William Gonzalez,Corporate,0,2022-09-01
CUST_005103,Sarah Martinez,Small Business,1,2022-01-10
CUST_005104,William Brown,Small Business,0,2022-05-17
CUST_005105,William Davis,Corporate,0,2022-08-25
CUST_005106,Michael Brown,Consumer,0,2021-10-03
CUST_005107,James Wilson,Corporate,0,2020-08-04
CUST_005108,Robert Hernandez,Consumer,1,2019-11-07
CUST_005109,Jennifer Anderson,Consumer,0,2021-10-12
CUST_005110,Mary Hernandez,Corporate,0,2020-11-21
CUST_005111,Jessica Jones,Corporate,0,2021-01-28
CUST_005112,David Jones,Corporate,0,2021-09-13
CUST_005113,Jennifer Williams,Consumer,0,2019-02-15
CUST_005114,Linda Anderson,Consumer,0,2021-03-27
CUST_005115,Daniel Davis,Consumer,1,2021-09-16
CUST_005116,Richard Hernandez,Consumer,0,2019-03-25
CUST_005117,Michael Anderson,VIP Loyalty,1,2023-02-06
CUST_005118,William Anderson,Consumer,0,2021-07-20
CUST_005119,Daniel Jones,Consumer,1,2021-06-13
CUST_005120,Linda Rodriguez,Corporate,0,2019-11-24
CUST_005121,Charles Smith,Consumer,0,2021-03-01
CUST_005122,Charles Anderson,Corporate,1,2019-12-09
CUST_005123,Karen Davis,Corporate,0,2020-11-27
CUST_005124,David Garcia,Small Business,1,2023-09-07
CUST_005125,Jennifer Anderson,Consumer,0,2023-01-15
CUST_005126,Robert Brown,Consumer,0,2022-08-21
CUST_005127,Daniel Johnson,Consumer,1,2022-08-03
CUST_005128,Susan Gonzalez,Consumer,1,2022-04-20
CUST_005129,William Johnson,Consumer,0,2022-08-03
CUST_005130,Mary Brown,VIP Loyalty,1,2020-05-10
CUST_005131,Christopher Davis,Consumer,0,2023-08-08
CUST_005132,Sarah Wilson,Corporate,0,2019-02-14
CUST_005133,Nancy Jones,Corporate,0,2020-07-02
CUST_005134,Richard Miller,Consumer,0,2019-05-13
CUST_005135,Susan Brown,Consumer,0,2022-04-02
CUST_005136,Richard Brown,Corporate,1,2021-10-02
CUST_005137,Susan Johnson,Consumer,1,2019-11-17
CUST_005138,Nancy Hernandez,Consumer,1,2019-06-17
CUST_005139,John Smith,Small Business,1,2021-07-08
CUST_005140,Michael Johnson,Consumer,0,2021-07-01
CUST_005141,Mary Lopez,VIP Loyalty,1,2019-09-15
CUST_005142,Sarah Johnson,Corporate,0,2020-04-19
CUST_005143,Robert Rodriguez,Corporate,0,2022-10-24
CUST_005144,Charles Brown,VIP Loyalty,1,2023-06-28
CUST_005145,Jessica Hernandez,Small Business,0,2019-05-05
CUST_005146,David Hernandez,Small Business,1,2019-10-10
CUST_005147,Linda Williams,Corporate,0,2020-09-04
CUST_005148,Susan Wilson,Consumer,1,2021-06-15
CUST_005149,Michael Brown,Small Business,1,2020-06-21
CUST_005150,Mary Martinez,Consumer,0,2021-02-03
CUST_005151,Karen Johnson,Small Business,0,2022-05-23
CUST_005152,David Miller,Corporate,0,2020-12-16
CUST_005153,Jessica Williams,Consumer,1,2022-04-01
CUST_005154,Nancy Davis,Corporate,0,2020-06-05
CUST_005155,Karen Lopez,Consumer,0,2023-12-11
CUST_005156,Susan Hernandez,Corporate,0,2021-09-05
CUST_005157,Elizabeth Anderson,Small Business,0,2022-08-23
CUST_005158,Christopher Martinez,Consumer,0,2020-09-07
CUST_005159,Lisa Wilson,Consumer,1,2020-03-01
CUST_005160,James Miller,Consumer,0,2019-01-25
CUST_005161,Christopher Miller,Corporate,0,2020-10-08
CUST_005162,Richard Lopez,Consumer,0,2020-11-13
CUST_005163,Barbara Anderson,Consumer,0,2021-09-11
CUST_005164,Linda Brown,Corporate,0,2023-05-07
CUST_005165,Linda Miller,Corporate,1,2023-11-04
CUST_005166,Mary Smith,Consumer,0,2019-06-06
CUST_005167,Sarah Garcia,Consumer,1,2020-04-16
CUST_005168,William Jones,Consumer,0,2019-04-15
CUST_005169,Elizabeth Brown,Consumer,0,2020-08-20
CUST_005170,Thomas Jones,Consumer,0,2021-04-23
CUST_005171,Daniel Smith,Small Business,1,2019-12-18
CUST_005172,Michael Garcia,Corporate,0,2020-12-14
CUST_005173,Susan Lopez,Consumer,0,2020-05-26
CUST_005174,Daniel Lopez,Consumer,0,2021-03-20
CUST_005175,Charles Anderson,Corporate,0,2023-07-10
CUST_005176,Mary Hernandez,Consumer,0,2021-09-09
CUST_005177,Jennifer Gonzalez,Consumer,1,2022-01-04
CUST_005178,Linda Lopez,Consumer,0,2023-01-18
CUST_005179,Susan Davis,Consumer,0,2023-04-16
CUST_005180,Susan Williams,Corporate,0,2022-03-19
CUST_005181,John Lopez,Consumer,0,2019-10-21
CUST_005182,Thomas Rodriguez,Corporate,1,2020-02-04
CUST_005183,William Wilson,Corporate,1,2023-07-28
CUST_005184,Charles Brown,Consumer,0,2023-12-23
CUST_005185,Charles Jones,Consumer,0,2021-10-11
CUST_005186,Daniel Rodriguez,VIP Loyalty,1,2023-07-01
CUST_005187,James Brown,Consumer,0,2021-05-27
CUST_005188,Richard Anderson,Consumer,0,2023-07-13
CUST_005189,Mary Williams,Consumer,0,2019-09-16
CUST_005190,Patricia Wilson,Consumer,1,2019-07-20
CUST_005191,Barbara Davis,Consumer,0,2019-04-05
CUST_005192,Karen Jones,Consumer,0,2019-07-23
CUST_005193,Nancy Johnson,Corporate,1,2023-09-16
CUST_005194,Christopher Garcia,Consumer,0,2020-11-02
CUST_005195,Michael Wilson,Consumer,1,2022-04-28
CUST_005196,Elizabeth Garcia,Consumer,0,2020-01-07
CUST_005197,Mary Miller,Consumer,1,2022-02-19
CUST_005198,Linda Miller,Consumer,0,2019-06-13
CUST_005199,William Davis,VIP Loyalty,1,2019-11-06
CUST_005200,John Garcia,Consumer,0,2021-10-11
CUST_005201,Patricia Gonzalez,Small Business,0,2019-12-25
CUST_005202,William Miller,Consumer,0,2022-10-23
CUST_005203,Thomas Williams,Consumer,1,2021-02-14
CUST_005204,Joseph Martinez,Small Business,0,2019-05-07
CUST_005205,Sarah Johnson,Small Business,1,2023-01-25
CUST_005206,Nancy Hernandez,Consumer,0,2023-12-05
CUST_005207,Robert Brown,Consumer,1,2023-04-18
CUST_005208,Jessica Johnson,Consumer,0,2019-04-06
CUST_005209,Sarah Brown,Consumer,0,2020-08-14
CUST_005210,Nancy Davis,Consumer,0,2023-09-09
CUST_005211,Mary Brown,Corporate,1,2020-04-12
CUST_005212,Mary Smith,Consumer,0,2022-12-27
CUST_005213,Charles Lopez,Consumer,0,2019-01-07
CUST_005214,Robert Williams,Consumer,0,2019-01-09
CUST_005215,Susan Jones,Corporate,0,2021-01-23
CUST_005216,Barbara Williams,Consumer,1,2021-11-09
CUST_005217,Michael Johnson,Small Business,0,2021-02-19
CUST_005218,John Davis,Consumer,0,2022-08-28
CUST_005219,James Brown,Small Business,1,2020-04-20
CUST_005220,Susan Davis,Consumer,1,2019-05-14
CUST_005221,Barbara Anderson,Consumer,1,2019-10-11
CUST_005222,Daniel Brown,Corporate,0,2019-02-20
CUST_005223,Jennifer Hernandez,Consumer,0,2021-04-04
CUST_005224,Lisa Garcia,Consumer,0,2021-04-16
CUST_005225,Lisa Williams,Consumer,0,2020-04-21
CUST_005226,John Wilson,VIP Loyalty,1,2020-05-20
CUST_005227,Robert Gonzalez,Consumer,0,2021-08-15
CUST_005228,William Wilson,Consumer,0,2019-02-13
CUST_005229,Christopher Garcia,Consumer,1,2021-11-05
CUST_005230,Sarah Williams,Consumer,1,2021-05-25
CUST_005231,John Lopez,Consumer,0,2023-03-27
CUST_005232,Jennifer Gonzalez,Consumer,1,2023-03-23
CUST_005233,Susan Martinez,Corporate,1,2022-09-22
CUST_005234,Jessica Gonzalez,Corporate,0,2022-09-02
CUST_005235,Linda Williams,VIP Loyalty,1,2019-11-21
CUST_005236,Lisa Brown,Corporate,0,2020-02-16
CUST_005237,Patricia Williams,Consumer,0,2019-08-25
CUST_005238,Lisa Martinez,Consumer,1,2023-11-07
CUST_005239,William Wilson,Consumer,0,2019-07-28
CUST_005240,Richard Jones,Consumer,0,2022-01-06
CUST_005241,Lisa Williams,Consumer,0,2019-01-21
CUST_005242,Lisa Gonzalez,Corporate,1,2019-09-20
CUST_005243,Christopher Williams,Consumer,0,2021-05-27
CUST_005244,John Anderson,Corporate,0,2021-09-17
CUST_005245,Charles Gonzalez,Consumer,0,2021-12-20
CUST_005246,Karen Wilson,Small Business,1,2021-10-28
CUST_005247,John Jones,Consumer,1,2022-05-22
CUST_005248,William Garcia,Corporate,0,2022-11-07
CUST_005249,David Gonzalez,VIP Loyalty,1,2020-12-16
CUST_005250,Michael Smith,Consumer,1,2020-05-20
CUST_005251,Sarah Johnson,Consumer,0,2020-02-11
CUST_005252,David Williams,Corporate,0,2021-01-23
CUST_005253,Karen Williams,Consumer,0,2019-12-28
CUST_005254,Jessica Rodriguez,Corporate,1,2019-02-26
CUST_005255,Jennifer Garcia,Small Business,0,2020-08-13
CUST_005256,James Garcia,Small Business,0,2023-09-06
CUST_005257,Jennifer Rodriguez,Corporate,1,2022-02-02
CUST_005258,Thomas Martinez,Consumer,0,2023-06-11
CUST_005259,Michael Rodriguez,Consumer,0,2022-08-20
CUST_005260,Thomas Rodriguez,Small Business,1,2021-11-14
CUST_005261,Richard Martinez,Corporate,1,2023-12-15
CUST_005262,Charles Garcia,Small Business,0,2023-12-08
CUST_005263,Jennifer Lopez,Consumer,1,2022-02-23
CUST_005264,William Gonzalez,Consumer,1,2022-01-07
CUST_005265,Richard Wilson,Consumer,1,2023-01-02
CUST_005266,Barbara Williams,Consumer,0,2020-11-08
CUST_005267,John Davis,Consumer,0,2021-06-11
CUST_005268,Linda Gonzalez,Consumer,1,2021-10-14
CUST_005269,Charles Jones,Consumer,0,2019-10-21
CUST_005270,Barbara Wilson,Consumer,1,2021-12-16
CUST_005271,Jennifer Rodriguez,Consumer,0,2020-10-12
CUST_005272,Sarah Rodriguez,Consumer,1,2022-11-18
CUST_005273,Karen Miller,Small Business,0,2019-12-28
CUST_005274,James Williams,Consumer,1,2020-07-05
CUST_005275,Joseph Davis,Corporate,0,2022-09-07
CUST_005276,Jennifer Miller,Consumer,0,2021-09-01
CUST_005277,Richard Miller,Corporate,0,2022-07-06
CUST_005278,Jennifer Jones,Small Business,1,2020-07-09
CUST_005279,Daniel Garcia,Consumer,1,2019-07-15
CUST_005280,Charles Martinez,Consumer,1,2023-07-02
CUST_005281,Susan Miller,Corporate,0,2021-02-05
CUST_005282,Patricia Wilson,Consumer,0,2019-03-10
CUST_005283,James Rodriguez,Consumer,0,2019-08-14
CUST_005284,Susan Martinez,Small Business,1,2021-11-21
CUST_005285,David Wilson,Consumer,0,2022-04-23
CUST_005286,Robert Smith,VIP Loyalty,1,2020-12-13
CUST_005287,Joseph Johnson,Consumer,0,2022-12-12
CUST_005288,Joseph Gonzalez,Consumer,1,2023-02-17
CUST_005289,Jessica Brown,Consumer,1,2019-09-21
CUST_005290,Sarah Hernandez,Consumer,0,2021-02-04
CUST_005291,Richard Garcia,Consumer,0,2021-04-28
CUST_005292,Christopher Brown,Consumer,1,2023-06-28
CUST_005293,Jessica Wilson,Corporate,0,2023-07-13
CUST_005294,Richard Garcia,Consumer,1,2022-05-21
CUST_005295,Barbara Jones,Small Business,0,2021-10-27
CUST_005296,John Anderson,Consumer,0,2020-12-20
CUST_005297,Jessica Davis,Consumer,0,2019-09-11
CUST_005298,James Brown,Consumer,1,2019-07-22
CUST_005299,Jennifer Rodriguez,Consumer,0,2022-12-12
CUST_005300,Nancy Garcia,Corporate,0,2019-01-03
CUST_005301,Elizabeth Anderson,Consumer,0,2019-08-03
CUST_005302,James Hernandez,Consumer,1,2020-01-20
CUST_005303,John Brown,Small Business,0,2022-01-22
CUST_005304,Mary Martinez,Corporate,0,2022-04-05
CUST_005305,Mary Lopez,Corporate,1,2021-12-25
CUST_005306,Richard Smith,Consumer,1,2022-08-27
CUST_005307,Richard Davis,Consumer,0,2019-02-20
CUST_005308,John Gonzalez,Corporate,1,2022-05-21
CUST_005309,Elizabeth Miller,Consumer,0,2020-01-16
CUST_005310,Nancy Gonzalez,Corporate,1,2021-11-02
CUST_005311,Sarah Hernandez,Small Business,1,2021-05-26
CUST_005312,Sarah Rodriguez,Small Business,1,2020-10-04
CUST_005313,Christopher Davis,VIP Loyalty,1,2019-10-17
CUST_005314,Elizabeth Garcia,Small Business,1,2019-05-08
CUST_005315,Lisa Jones,VIP Loyalty,1,2023-05-20
CUST_005316,Thomas Rodriguez,Corporate,0,2021-01-07
CUST_005317,Daniel Williams,Consumer,1,2020-10-10
CUST_005318,Barbara Gonzalez,Small Business,1,2020-02-11
CUST_005319,Robert Brown,Small Business,0,2019-07-08
CUST_005320,Linda Johnson,Corporate,0,2019-09-22
CUST_005321,Karen Davis,Consumer,1,2022-06-05
CUST_005322,James Williams,Corporate,0,2023-12-10
CUST_005323,Robert Garcia,Consumer,1,2021-12-14
CUST_005324,Karen Smith,Consumer,1,2022-11-18
CUST_005325,Daniel Miller,Consumer,0,2023-02-25
CUST_005326,Thomas Smith,Small Business,0,2021-08-23
CUST_005327,Richard Miller,Consumer,0,2020-02-27
CUST_005328,Christopher Rodriguez,Corporate,1,2023-08-09
CUST_005329,Lisa Wilson,Small Business,0,2022-07-13
CUST_005330,Mary Rodriguez,Corporate,0,2021-03-20
CUST_005331,Charles Garcia,Corporate,0,2020-11-23
CUST_005332,Jessica Martinez,Consumer,1,2019-03-05
CUST_005333,Jennifer Garcia,Corporate,0,2019-01-25
CUST_005334,Susan Davis,Corporate,1,2019-02-15
CUST_005335,Patricia Johnson,Corporate,0,2022-08-21
CUST_005336,Mary Jones,VIP Loyalty,1,2019-10-17
CUST_005337,Sarah Martinez,Consumer,1,2019-06-13
CUST_005338,Jessica Davis,VIP Loyalty,1,2019-09-25
CUST_005339,Charles Smith,Consumer,1,2019-12-10
CUST_005340,William Lopez,Corporate,0,2020-02-04
CUST_005341,Barbara Rodriguez,Corporate,0,2021-07-25
CUST_005342,Susan Lopez,Consumer,1,2021-12-11
CUST_005343,Linda Williams,Consumer,0,2021-06-11
CUST_005344,Karen Wilson,VIP Loyalty,1,2022-12-03
CUST_005345,Christopher Anderson,Consumer,0,2023-12-27
CUST_005346,James Brown,Consumer,0,2020-07-10
CUST_005347,Jessica Smith,Corporate,1,2019-05-01
CUST_005348,John Davis,Consumer,0,2019-01-24
CUST_005349,Joseph Wilson,VIP Loyalty,1,2022-10-11
CUST_005350,Sarah Johnson,Consumer,1,2021-12-18
CUST_005351,Elizabeth Miller,Consumer,1,2022-05-05
CUST_005352,James Williams,Consumer,1,2019-08-04
CUST_005353,Nancy Anderson,Corporate,1,2020-07-28
CUST_005354,Thomas Rodriguez,Consumer,0,2021-09-07
CUST_005355,Joseph Martinez,Consumer,1,2023-05-26
CUST_005356,Robert Lopez,Consumer,1,2021-11-23
CUST_005357,Elizabeth Davis,Corporate,0,2020-08-15
CUST_005358,Richard Hernandez,Consumer,0,2021-09-03
CUST_005359,Christopher Rodriguez,Consumer,0,2023-05-09
CUST_005360,Sarah Smith,Corporate,1,2020-11-15
CUST_005361,Richard Rodriguez,Corporate,1,2022-12-14
CUST_005362,Daniel Anderson,VIP Loyalty,1,2019-10-16
CUST_005363,William Anderson,Corporate,1,2020-02-13
CUST_005364,Lisa Williams,Small Business,0,2020-06-23
CUST_005365,Nancy Wilson,Consumer,0,2022-06-22
CUST_005366,Barbara Martinez,Consumer,1,2020-11-20
CUST_005367,Susan Wilson,Consumer,0,2020-01-15
CUST_005368,Daniel Martinez,Consumer,0,2020-12-03
CUST_005369,Sarah Garcia,Consumer,1,2020-09-22
CUST_005370,Nancy Martinez,Corporate,0,2022-03-03
CUST_005371,Charles Smith,Consumer,1,2023-07-02
CUST_005372,Nancy Brown,Corporate,0,2022-03-07
CUST_005373,William Brown,Consumer,1,2023-12-01
CUST_005374,Jennifer Jones,Corporate,0,2022-09-13
CUST_005375,Jennifer Jones,Small Business,0,2022-06-14
CUST_005376,Michael Garcia,Consumer,0,2019-05-17
CUST_005377,Thomas Rodriguez,Consumer,0,2021-02-19
CUST_005378,Thomas Garcia,Corporate,0,2021-07-15
CUST_005379,James Jones,Corporate,1,2022-06-28
CUST_005380,William Johnson,Consumer,1,2020-04-25
CUST_005381,Karen Miller,Small Business,0,2021-10-10
CUST_005382,Mary Williams,Consumer,1,2020-11-19
CUST_005383,Jessica Lopez,VIP Loyalty,1,2020-01-24
CUST_005384,Robert Jones,Consumer,0,2023-09-05
CUST_005385,Richard Williams,Corporate,1,2023-10-05
CUST_005386,Jennifer Johnson,Consumer,1,2021-03-15
CUST_005387,John Davis,Small Business,0,2019-01-03
CUST_005388,Lisa Garcia,Consumer,0,2021-11-27
CUST_005389,Nancy Garcia,Corporate,1,2020-11-24
CUST_005390,Jennifer Johnson,Corporate,1,2021-02-06
CUST_005391,Daniel Wilson,Corporate,0,2019-05-09
CUST_005392,David Miller,Consumer,0,2023-11-24
CUST_005393,Mary Wilson,Small Business,0,2023-06-21
CUST_005394,Jennifer Rodriguez,Consumer,0,2019-06-02
CUST_005395,Linda Miller,Consumer,0,2019-07-07
CUST_005396,Christopher Smith,VIP Loyalty,1,2020-08-11
CUST_005397,Robert Johnson,Consumer,0,2021-05-07
CUST_005398,Mary Smith,Consumer,1,2023-07-13
CUST_005399,Linda Hernandez,Corporate,1,2021-12-01
CUST_005400,Michael Martinez,Consumer,0,2022-04-07
CUST_005401,John Johnson,Consumer,1,2021-02-13
CUST_005402,Linda Brown,Consumer,0,2022-09-10
CUST_005403,Linda Wilson,Consumer,0,2023-07-18
CUST_005404,Karen Garcia,Corporate,0,2022-03-17
CUST_005405,Mary Johnson,Consumer,0,2019-05-11
CUST_005406,John Brown,Consumer,0,2020-07-14
CUST_005407,Karen Gonzalez,Corporate,0,2022-02-17
CUST_005408,Richard Garcia,Corporate,1,2021-04-06
CUST_005409,Barbara Martinez,Consumer,1,2023-01-06
CUST_005410,Christopher Jones,Consumer,1,2023-08-02
CUST_005411,Sarah Lopez,Consumer,0,2019-09-27
CUST_005412,Nancy Davis,Consumer,0,2019-07-01
CUST_005413,Susan Hernandez,Consumer,0,2022-12-04
CUST_005414,Elizabeth Hernandez,VIP Loyalty,1,2020-12-03
CUST_005415,Joseph Martinez,Consumer,1,2019-06-10
CUST_005416,Thomas Miller,Consumer,0,2022-01-09
CUST_005417,Joseph Miller,Consumer,0,2020-11-05
CUST_005418,Linda Garcia,Small Business,1,2021-12-19
CUST_005419,Michael Williams,Consumer,0,2020-10-18
CUST_005420,Michael Anderson,Consumer,0,2023-08-19
CUST_005421,Daniel Garcia,Consumer,0,2023-08-13
CUST_005422,Richard Lopez,Corporate,0,2022-03-17
CUST_005423,John Anderson,Consumer,0,2022-04-21
CUST_005424,Daniel Lopez,Consumer,0,2022-01-22
CUST_005425,William Miller,Small Business,0,2021-10-25
CUST_005426,Sarah Miller,Consumer,0,2023-11-10
CUST_005427,Nancy Anderson,VIP Loyalty,1,2021-08-14
CUST_005428,Christopher Miller,Corporate,1,2020-08-02
CUST_005429,Daniel Johnson,Corporate,1,2022-11-16
CUST_005430,Thomas Lopez,Consumer,1,2022-06-21
CUST_005431,Sarah Anderson,Corporate,0,2022-01-27
CUST_005432,Daniel Davis,Small Business,0,2022-05-19
CUST_005433,Christopher Garcia,Consumer,1,2020-10-10
CUST_005434,Patricia Johnson,Corporate,1,2021-11-23
CUST_005435,Patricia Lopez,Consumer,0,2022-04-27
CUST_005436,Jennifer Miller,Consumer,1,2020-03-01
CUST_005437,Jessica Johnson,Consumer,1,2019-11-25
CUST_005438,Michael Martinez,Consumer,0,2021-08-01
CUST_005439,Robert Davis,Consumer,0,2021-12-22
CUST_005440,David Johnson,Corporate,1,2020-12-09
CUST_005441,William Miller,VIP Loyalty,1,2019-07-18
CUST_005442,Elizabeth Smith,Corporate,0,2020-08-22
CUST_005443,Sarah Jones,Consumer,0,2023-11-21
CUST_005444,Joseph Williams,Consumer,1,2022-05-09
CUST_005445,Robert Brown,Consumer,0,2022-12-20
CUST_005446,Karen Miller,Consumer,0,2020-12-11
CUST_005447,Linda Smith,Small Business,0,2021-05-05
CUST_005448,Linda Martinez,Corporate,1,2021-03-02
CUST_005449,Charles Miller,Consumer,0,2021-08-01
CUST_005450,Susan Hernandez,Small Business,1,2020-04-21
CUST_005451,James Wilson,Corporate,0,2023-11-26
CUST_005452,Thomas Davis,Consumer,0,2019-05-07
CUST_005453,Elizabeth Rodriguez,Small Business,1,2022-08-23
CUST_005454,Sarah Jones,VIP Loyalty,1,2021-02-06
CUST_005455,Jennifer Hernandez,Consumer,0,2021-11-24
CUST_005456,Mary Rodriguez,Consumer,0,2022-03-02
CUST_005457,Elizabeth Martinez,Consumer,1,2021-01-12
CUST_005458,Karen Brown,Consumer,0,2021-04-03
CUST_005459,Richard Jones,Small Business,1,2021-09-01
CUST_005460,Karen Brown,Consumer,1,2020-01-26
CUST_005461,Christopher Anderson,Consumer,1,2022-12-25
CUST_005462,Mary Smith,Small Business,1,2019-01-14
CUST_005463,Daniel Johnson,Consumer,1,2020-02-28
CUST_005464,Linda Brown,Small Business,1,2022-06-27
CUST_005465,Charles Martinez,Consumer,0,2019-03-03
CUST_005466,Karen Williams,Consumer,0,2020-06-28
CUST_005467,Richard Garcia,Consumer,0,2021-12-25
CUST_005468,Linda Anderson,VIP Loyalty,1,2023-04-06
CUST_005469,David Wilson,VIP Loyalty,1,2023-06-14
CUST_005470,Elizabeth Hernandez,Consumer,0,2023-05-28
CUST_005471,Karen Anderson,Consumer,0,2021-08-21
CUST_005472,William Gonzalez,VIP Loyalty,1,2019-07-05
CUST_005473,Joseph Brown,Small Business,1,2022-02-05
CUST_005474,Sarah Miller,Corporate,0,2022-09-13
CUST_005475,Sarah Rodriguez,Consumer,0,2020-04-02
CUST_005476,Thomas Garcia,Consumer,0,2023-12-19
CUST_005477,David Smith,Consumer,1,2022-04-16
CUST_005478,Sarah Lopez,Consumer,1,2019-02-09
CUST_005479,Linda Smith,Small Business,0,2023-11-20
CUST_005480,Daniel Gonzalez,Consumer,0,2020-11-16
CUST_005481,Richard Davis,Consumer,0,2020-07-04
CUST_005482,Jennifer Davis,Corporate,0,2020-02-19
CUST_005483,Patricia Smith,VIP Loyalty,1,2022-10-11
CUST_005484,Christopher Wilson,Corporate,0,2019-11-01
CUST_005485,Barbara Jones,Consumer,1,2020-12-25
CUST_005486,Elizabeth Johnson,Corporate,0,2022-09-09
CUST_005487,Richard Martinez,Corporate,0,2022-09-14
CUST_005488,Nancy Rodriguez,VIP Loyalty,1,2023-05-13
CUST_005489,Joseph Rodriguez,VIP Loyalty,1,2022-08-20
CUST_005490,Michael Brown,Small Business,1,2022-03-19
CUST_005491,William Davis,Consumer,1,2021-12-20
CUST_005492,Jennifer Lopez,Consumer,1,2020-07-06
CUST_005493,Sarah Jones,Consumer,1,2021-09-03
CUST_005494,David Johnson,Consumer,0,2020-11-03
CUST_005495,Thomas Hernandez,Consumer,0,2023-12-03
CUST_005496,Karen Garcia,Consumer,0,2020-06-20
CUST_005497,Christopher Anderson,Consumer,0,2020-06-06
CUST_005498,Patricia Williams,Consumer,0,2019-03-24
CUST_005499,Lisa Williams,Consumer,0,2023-06-16
CUST_005500,Linda Davis,Corporate,0,2019-08-23
CUST_005501,John Miller,Consumer,0,2020-01-12
CUST_005502,Jessica Lopez,Consumer,0,2023-11-18
CUST_005503,Patricia Davis,Small Business,0,2023-07-21
CUST_005504,Linda Miller,Consumer,1,2022-08-22
CUST_005505,Michael Davis,Consumer,1,2020-03-10
CUST_005506,David Davis,Corporate,1,2022-02-13
CUST_005507,Michael Smith,Small Business,0,2020-07-10
CUST_005508,Jessica Williams,Consumer,0,2019-06-10
CUST_005509,Patricia Miller,Consumer,0,2022-12-25
CUST_005510,Charles Gonzalez,VIP Loyalty,1,2019-04-13
CUST_005511,Linda Garcia,Consumer,1,2023-01-12
CUST_005512,Thomas Miller,Consumer,1,2022-12-08
CUST_005513,Jessica Rodriguez,Corporate,0,2022-01-24
CUST_005514,Joseph Gonzalez,Small Business,1,2023-06-04
CUST_005515,James Miller,Consumer,0,2022-09-04
CUST_005516,Karen Davis,Consumer,0,2023-09-08
CUST_005517,Patricia Brown,Corporate,1,2022-12-05
CUST_005518,Nancy Brown,Corporate,0,2022-09-03
CUST_005519,Patricia Smith,Consumer,1,2023-10-06
CUST_005520,John Wilson,Consumer,1,2023-10-16
CUST_005521,James Anderson,Consumer,1,2022-09-15
CUST_005522,Susan Anderson,Corporate,0,2019-01-12
CUST_005523,Elizabeth Miller,VIP Loyalty,1,2019-06-01
CUST_005524,Richard Brown,Consumer,0,2023-12-25
CUST_005525,Patricia Anderson,Consumer,1,2021-05-12
CUST_005526,Barbara Hernandez,Consumer,0,2022-02-14
CUST_005527,Daniel Davis,Consumer,1,2023-09-05
CUST_005528,Mary Jones,Small Business,0,2020-10-02
CUST_005529,Susan Hernandez,Consumer,0,2023-05-26
CUST_005530,Jessica Hernandez,Corporate,0,2019-04-09
CUST_005531,James Miller,Consumer,0,2023-01-15
CUST_005532,Christopher Wilson,Consumer,1,2021-12-28
CUST_005533,Patricia Miller,Consumer,1,2023-09-25
CUST_005534,Sarah Williams,Consumer,0,2021-08-02
CUST_005535,Nancy Rodriguez,Consumer,0,2022-08-13
CUST_005536,Karen Hernandez,Consumer,0,2020-09-27
CUST_005537,Patricia Williams,Corporate,0,2019-06-26
CUST_005538,Joseph Jones,VIP Loyalty,1,2021-07-13
CUST_005539,Nancy Lopez,Small Business,1,2022-06-14
CUST_005540,David Martinez,Small Business,0,2021-08-18
CUST_005541,Joseph Hernandez,Small Business,1,2022-04-18
CUST_005542,Richard Garcia,Small Business,1,2021-01-10
CUST_005543,James Smith,Consumer,1,2023-09-20
CUST_005544,Richard Rodriguez,Small Business,1,2023-01-04
CUST_005545,Michael Smith,Consumer,0,2021-02-24
CUST_005546,Joseph Hernandez,Corporate,1,2022-05-09
CUST_005547,Michael Williams,Corporate,0,2023-04-19
CUST_005548,Mary Martinez,Consumer,0,2019-08-16
CUST_005549,Thomas Lopez,Consumer,0,2020-01-17
CUST_005550,Mary Garcia,Consumer,1,2022-12-16
CUST_005551,David Gonzalez,Consumer,0,2022-12-14
CUST_005552,Lisa Lopez,Consumer,1,2022-08-09
CUST_005553,Linda Brown,Corporate,0,2019-09-04
CUST_005554,Daniel Garcia,Consumer,0,2020-06-24
CUST_005555,Mary Anderson,Consumer,1,2022-04-02
CUST_005556,Joseph Hernandez,Corporate,0,2022-06-24
CUST_005557,David Miller,Small Business,0,2021-04-20
CUST_005558,David Jones,Corporate,0,2019-04-02
CUST_005559,Mary Rodriguez,Corporate,0,2023-02-16
CUST_005560,Mary Martinez,Consumer,1,2021-07-17
CUST_005561,Joseph Smith,Small Business,0,2021-04-11
CUST_005562,Charles Wilson,Consumer,1,2021-07-26
CUST_005563,Mary Johnson,Consumer,0,2023-05-04
CUST_005564,Linda Miller,Consumer,1,2022-11-17
CUST_005565,Michael Anderson,Consumer,0,2021-07-17
CUST_005566,Richard Anderson,Consumer,1,2019-05-16
CUST_005567,Robert Rodriguez,Corporate,1,2020-02-11
CUST_005568,Lisa Lopez,Small Business,1,2021-03-18
CUST_005569,Thomas Williams,Small Business,1,2020-09-28
CUST_005570,Thomas Anderson,Small Business,0,2021-08-13
CUST_005571,James Lopez,Consumer,0,2023-03-26
CUST_005572,Daniel Lopez,Consumer,0,2022-09-20
CUST_005573,Lisa Rodriguez,Consumer,0,2021-08-26
CUST_005574,Richard Davis,Small Business,1,2019-04-22
CUST_005575,Charles Smith,Consumer,0,2019-11-22
CUST_005576,Thomas Hernandez,Consumer,0,2019-10-21
CUST_005577,Nancy Anderson,Consumer,0,2023-11-23
CUST_005578,Richard Brown,Consumer,0,2023-10-11
CUST_005579,Sarah Gonzalez,Consumer,0,2022-07-27
CUST_005580,Lisa Miller,Consumer,1,2023-12-13
CUST_005581,Michael Lopez,Consumer,0,2021-04-08
CUST_005582,Susan Wilson,Small Business,0,2019-10-25
CUST_005583,Christopher Anderson,Corporate,1,2019-06-20
CUST_005584,Joseph Gonzalez,Consumer,0,2023-03-12
CUST_005585,James Davis,Consumer,0,2020-01-10
CUST_005586,Michael Martinez,Corporate,0,2023-11-04
CUST_005587,Karen Lopez,Consumer,0,2019-08-15
CUST_005588,Sarah Martinez,Small Business,0,2019-02-07
CUST_005589,Lisa Wilson,Small Business,0,2022-04-04
CUST_005590,Richard Gonzalez,Consumer,0,2019-05-23
CUST_005591,Michael Rodriguez,Consumer,0,2021-04-28
CUST_005592,Sarah Williams,Small Business,0,2023-09-27
CUST_005593,Sarah Wilson,Consumer,0,2022-05-07
CUST_005594,Jennifer Gonzalez,VIP Loyalty,1,2023-09-13
CUST_005595,Thomas Smith,VIP Loyalty,1,2021-09-27
CUST_005596,Barbara Miller,Consumer,0,2023-12-21
CUST_005597,Daniel Martinez,Consumer,1,2019-02-18
CUST_005598,Robert Wilson,Small Business,1,2022-09-06
CUST_005599,Christopher Smith,Consumer,0,2020-07-11
CUST_005600,Mary Wilson,Consumer,0,2023-02-22
CUST_005601,Sarah Smith,Consumer,1,2022-06-06
CUST_005602,Jessica Brown,Consumer,1,2021-01-08
CUST_005603,Susan Jones,Consumer,1,2021-01-19
CUST_005604,Sarah Johnson,Consumer,0,2023-01-22
CUST_005605,Michael Gonzalez,Small Business,1,2021-09-16
CUST_005606,Michael Wilson,Consumer,0,2022-03-02
CUST_005607,Robert Davis,Consumer,0,2021-07-16
CUST_005608,Jennifer Garcia,Consumer,0,2023-12-18
CUST_005609,Robert Rodriguez,Consumer,1,2020-06-12
CUST_005610,Jessica Wilson,VIP Loyalty,1,2019-07-10
CUST_005611,Jessica Williams,Consumer,1,2021-05-08
CUST_005612,David Wilson,Corporate,0,2023-02-22
CUST_005613,John Miller,VIP Loyalty,1,2022-03-17
CUST_005614,John Hernandez,Consumer,0,2019-12-24
CUST_005615,John Williams,Consumer,0,2020-08-11
CUST_005616,Jessica Anderson,Corporate,1,2019-08-10
CUST_005617,Sarah Martinez,Consumer,0,2019-12-24
CUST_005618,Jessica Williams,Consumer,0,2022-09-26
CUST_005619,Lisa Martinez,Consumer,0,2019-09-19
CUST_005620,Barbara Davis,Consumer,0,2023-11-17
CUST_005621,Lisa Jones,Consumer,0,2019-02-14
CUST_005622,James Anderson,Consumer,1,2022-11-21
CUST_005623,Thomas Gonzalez,Consumer,1,2020-06-21
CUST_005624,Sarah Martinez,Consumer,1,2021-08-25
CUST_005625,John Rodriguez,Corporate,0,2022-12-01
CUST_005626,Christopher Martinez,Consumer,0,2019-10-09
CUST_005627,Richard Miller,Consumer,0,2021-10-23
CUST_005628,Jennifer Williams,Consumer,0,2021-02-26
CUST_005629,Mary Smith,Corporate,0,2021-04-05
CUST_005630,Karen Rodriguez,Consumer,1,2022-12-16
CUST_005631,Michael Wilson,Small Business,0,2021-04-11
CUST_005632,William Garcia,VIP Loyalty,1,2019-11-23
CUST_005633,Jennifer Garcia,Consumer,1,2021-08-24
CUST_005634,Sarah Jones,Corporate,0,2022-09-07
CUST_005635,Susan Brown,Consumer,1,2021-03-21
CUST_005636,David Gonzalez,Corporate,0,2023-12-10
CUST_005637,Mary Brown,Consumer,0,2022-10-21
CUST_005638,Lisa Davis,Consumer,0,2023-08-26
CUST_005639,Mary Wilson,Consumer,1,2019-03-15
CUST_005640,Daniel Williams,Small Business,0,2021-03-17
CUST_005641,Jessica Jones,Corporate,0,2022-08-03
CUST_005642,Jessica Williams,VIP Loyalty,1,2019-06-12
CUST_005643,Sarah Smith,Corporate,0,2021-11-07
CUST_005644,Susan Martinez,Consumer,0,2020-09-26
CUST_005645,Joseph Rodriguez,Small Business,1,2021-12-20
CUST_005646,Jessica Rodriguez,Consumer,0,2021-02-01
CUST_005647,Nancy Brown,Consumer,0,2019-12-25
CUST_005648,Linda Martinez,Consumer,1,2023-01-15
CUST_005649,Patricia Miller,Consumer,0,2021-12-27
CUST_005650,Karen Johnson,Consumer,1,2023-11-06
CUST_005651,Michael Miller,Consumer,0,2023-08-20
CUST_005652,Lisa Williams,Consumer,1,2021-12-22
CUST_005653,John Davis,Consumer,0,2022-11-10
CUST_005654,John Williams,Consumer,1,2023-01-10
CUST_005655,Patricia Hernandez,Consumer,0,2020-08-12
CUST_005656,Christopher Martinez,Corporate,1,2022-01-14
CUST_005657,Lisa Martinez,Consumer,1,2021-04-03
CUST_005658,Jennifer Rodriguez,Corporate,1,2019-11-20
CUST_005659,Michael Brown,Consumer,0,2019-01-28
CUST_005660,Susan Brown,Consumer,1,2019-03-04
CUST_005661,Barbara Wilson,Small Business,0,2020-05-02
CUST_005662,Nancy Rodriguez,Corporate,1,2022-04-17
CUST_005663,Elizabeth Johnson,Consumer,1,2019-03-19
CUST_005664,William Williams,Corporate,1,2023-07-09
CUST_005665,Sarah Smith,Consumer,1,2023-07-09
CUST_005666,James Rodriguez,Small Business,1,2021-04-04
CUST_005667,Jessica Anderson,Consumer,0,2023-02-25
CUST_005668,Nancy Martinez,Corporate,1,2021-04-01
CUST_005669,John Wilson,Consumer,0,2023-01-15
CUST_005670,Karen Miller,Consumer,1,2019-04-15
CUST_005671,Charles Garcia,Consumer,0,2021-02-13
CUST_005672,Barbara Johnson,Small Business,0,2023-09-11
CUST_005673,Sarah Hernandez,Consumer,0,2022-08-03
CUST_005674,Christopher Smith,VIP Loyalty,1,2021-08-04
CUST_005675,Nancy Gonzalez,Consumer,0,2022-10-24
CUST_005676,Michael Jones,Consumer,0,2020-02-23
CUST_005677,Charles Davis,VIP Loyalty,1,2021-04-26
CUST_005678,Charles Rodriguez,VIP Loyalty,1,2021-05-02
CUST_005679,Joseph Brown,Consumer,1,2021-03-04
CUST_005680,Jennifer Lopez,Consumer,0,2022-12-04
CUST_005681,Mary Lopez,Consumer,1,2022-12-08
CUST_005682,Robert Wilson,Corporate,0,2020-10-24
CUST_005683,Jennifer Lopez,Consumer,0,2019-10-05
CUST_005684,Elizabeth Anderson,Small Business,0,2021-12-27
CUST_005685,Richard Smith,Consumer,0,2021-05-03
CUST_005686,Robert Jones,Corporate,0,2023-09-14
CUST_005687,David Gonzalez,Consumer,1,2022-02-09
CUST_005688,Nancy Anderson,Consumer,0,2023-08-28
CUST_005689,Robert Garcia,Consumer,1,2020-07-28
CUST_005690,Lisa Anderson,Corporate,0,2019-11-11
CUST_005691,John Davis,Corporate,1,2023-03-28
CUST_005692,Nancy Martinez,Consumer,0,2020-03-20
CUST_005693,Susan Hernandez,Consumer,1,2019-06-18
CUST_005694,Jessica Williams,Consumer,1,2019-02-16
CUST_005695,Christopher Miller,Consumer,0,2022-03-08
CUST_005696,Sarah Jones,Consumer,0,2019-07-04
CUST_005697,Barbara Johnson,Consumer,1,2023-11-23
CUST_005698,John Williams,Consumer,0,2020-07-02
CUST_005699,Michael Johnson,Consumer,0,2020-08-16
CUST_005700,Christopher Miller,Consumer,0,2023-01-12
CUST_005701,Sarah Martinez,Consumer,0,2023-01-07
CUST_005702,Jessica Jones,Consumer,0,2021-11-02
CUST_005703,Michael Rodriguez,Corporate,0,2020-08-18
CUST_005704,James Davis,Consumer,1,2022-02-04
CUST_005705,Daniel Garcia,Consumer,0,2023-11-13
CUST_005706,John Williams,Consumer,0,2021-02-22
CUST_005707,Joseph Garcia,Corporate,1,2022-07-15
CUST_005708,Jessica Gonzalez,Consumer,1,2023-01-24
CUST_005709,James Williams,Consumer,1,2023-04-14
CUST_005710,Karen Miller,Consumer,1,2021-10-07
CUST_005711,Elizabeth Wilson,Small Business,1,2021-12-08
CUST_005712,Charles Wilson,Consumer,0,2022-08-25
CUST_005713,Patricia Gonzalez,Consumer,0,2021-12-04
CUST_005714,Susan Wilson,Consumer,0,2021-05-01
CUST_005715,David Williams,Consumer,1,2019-03-17
CUST_005716,Robert Davis,Consumer,0,2021-05-13
CUST_005717,Christopher Hernandez,Consumer,1,2019-10-06
CUST_005718,John Gonzalez,Corporate,1,2020-12-19
CUST_005719,Linda Gonzalez,Consumer,0,2023-10-01
CUST_005720,Barbara Rodriguez,Small Business,0,2021-03-07
CUST_005721,Michael Miller,Consumer,1,2023-04-07
CUST_005722,Jessica Williams,Corporate,0,2023-04-08
CUST_005723,Barbara Miller,Consumer,0,2020-11-07
CUST_005724,Sarah Williams,Consumer,1,2022-07-03
CUST_005725,Mary Rodriguez,Consumer,0,2023-04-15
CUST_005726,Karen Smith,Consumer,1,2023-09-04
CUST_005727,David Williams,VIP Loyalty,1,2021-02-05
CUST_005728,Karen Anderson,Corporate,0,2022-01-15
CUST_005729,Sarah Garcia,Corporate,1,2021-12-09
CUST_005730,Linda Lopez,Consumer,1,2020-09-26
CUST_005731,John Wilson,Corporate,0,2021-10-28
CUST_005732,David Jones,Small Business,1,2020-06-18
CUST_005733,Nancy Rodriguez,Corporate,1,2020-08-04
CUST_005734,Sarah Hernandez,Corporate,0,2023-07-21
CUST_005735,Robert Gonzalez,Small Business,0,2023-07-19
CUST_005736,Patricia Davis,Corporate,1,2023-09-16
CUST_005737,Michael Anderson,Consumer,0,2021-07-18
CUST_005738,Karen Miller,Consumer,0,2020-11-21
CUST_005739,Christopher Davis,Consumer,0,2022-01-06
CUST_005740,Sarah Smith,Consumer,0,2022-04-17
CUST_005741,David Hernandez,Corporate,0,2023-06-16
CUST_005742,Barbara Williams,Small Business,0,2019-06-01
CUST_005743,Nancy Davis,VIP Loyalty,1,2021-12-24
CUST_005744,William Williams,Consumer,0,2021-11-05
CUST_005745,Lisa Rodriguez,Consumer,1,2021-11-22
CUST_005746,Jennifer Wilson,Consumer,0,2023-11-15
CUST_005747,Barbara Rodriguez,Corporate,0,2020-06-08
CUST_005748,Thomas Anderson,Consumer,0,2020-01-20
CUST_005749,Jennifer Martinez,Consumer,0,2019-05-18
CUST_005750,Lisa Anderson,Consumer,1,2019-05-17
CUST_005751,Joseph Brown,Small Business,0,2019-09-13
CUST_005752,Nancy Gonzalez,Corporate,1,2019-05-12
CUST_005753,John Rodriguez,Consumer,1,2019-10-11
CUST_005754,Karen Johnson,Consumer,0,2022-11-08
CUST_005755,John Rodriguez,Consumer,0,2020-06-20
CUST_005756,Lisa Brown,Consumer,0,2019-06-28
CUST_005757,Linda Wilson,Consumer,0,2019-11-21
CUST_005758,Jennifer Davis,Consumer,0,2021-05-19
CUST_005759,Lisa Jones,Corporate,0,2023-08-13
CUST_005760,Christopher Jones,Consumer,0,2023-06-25
CUST_005761,Michael Wilson,Corporate,0,2021-04-07
CUST_005762,Jessica Brown,Consumer,1,2020-11-02
CUST_005763,Jennifer Brown,VIP Loyalty,1,2022-12-27
CUST_005764,Susan Anderson,Consumer,0,2020-08-21
CUST_005765,Sarah Jones,Consumer,0,2022-08-14
CUST_005766,James Rodriguez,Consumer,0,2021-11-19
CUST_005767,Nancy Martinez,Small Business,0,2019-04-10
CUST_005768,Thomas Miller,Consumer,0,2019-03-07
CUST_005769,John Smith,Small Business,0,2021-05-19
CUST_005770,Richard Johnson,Consumer,1,2022-08-12
CUST_005771,James Johnson,Consumer,0,2019-02-08
CUST_005772,Elizabeth Gonzalez,Consumer,1,2022-04-10
CUST_005773,Linda Wilson,Consumer,1,2019-04-20
CUST_005774,Linda Wilson,Consumer,1,2023-05-09
CUST_005775,Christopher Rodriguez,Consumer,1,2022-11-04
CUST_005776,Patricia Rodriguez,Consumer,1,2020-06-17
CUST_005777,Michael Garcia,Consumer,1,2019-01-03
CUST_005778,Sarah Williams,Corporate,0,2021-06-25
CUST_005779,Mary Brown,Consumer,1,2019-06-14
CUST_005780,Christopher Gonzalez,VIP Loyalty,1,2022-11-06
CUST_005781,William Smith,Corporate,1,2022-06-16
CUST_005782,Michael Gonzalez,Consumer,0,2021-01-27
CUST_005783,Linda Brown,Small Business,0,2019-01-02
CUST_005784,Christopher Anderson,Consumer,1,2020-01-25
CUST_005785,Richard Anderson,Consumer,0,2023-09-24
CUST_005786,Karen Jones,Consumer,0,2021-11-20
CUST_005787,Thomas Garcia,Small Business,0,2020-08-11
CUST_005788,Jessica Martinez,Small Business,0,2021-07-19
CUST_005789,Joseph Garcia,Consumer,1,2022-09-07
CUST_005790,Joseph Williams,Consumer,0,2019-01-16
CUST_005791,Daniel Wilson,Consumer,0,2020-07-10
CUST_005792,Robert Anderson,Consumer,0,2019-08-18
CUST_005793,Christopher Davis,VIP Loyalty,1,2023-08-22
CUST_005794,Daniel Davis,Consumer,0,2023-10-07
CUST_005795,William Wilson,Consumer,0,2019-04-06
CUST_005796,Joseph Martinez,Consumer,0,2023-08-19
CUST_005797,Elizabeth Williams,VIP Loyalty,1,2021-11-06
CUST_005798,Jennifer Anderson,Consumer,0,2021-07-23
CUST_005799,Linda Miller,Small Business,0,2023-01-10
CUST_005800,Robert Wilson,Consumer,0,2022-04-22
CUST_005801,Nancy Smith,VIP Loyalty,1,2023-09-15
CUST_005802,William Wilson,Consumer,0,2021-07-07
CUST_005803,Thomas Hernandez,Small Business,0,2023-08-24
CUST_005804,Patricia Smith,Corporate,0,2023-05-19
CUST_005805,Robert Garcia,Consumer,1,2022-07-15
CUST_005806,Charles Miller,Corporate,0,2021-11-06
CUST_005807,James Garcia,Corporate,1,2022-05-13
CUST_005808,William Smith,Consumer,0,2020-09-27
CUST_005809,Joseph Miller,Corporate,1,2020-01-22
CUST_005810,Michael Martinez,Consumer,1,2020-09-25
CUST_005811,William Miller,Corporate,0,2020-11-16
CUST_005812,Joseph Smith,Consumer,1,2021-04-07
CUST_005813,Nancy Gonzalez,Corporate,0,2019-06-02
CUST_005814,Daniel Hernandez,Small Business,0,2019-10-09
CUST_005815,Richard Hernandez,Consumer,0,2022-03-10
CUST_005816,Lisa Gonzalez,Consumer,0,2019-09-11
CUST_005817,John Smith,Consumer,0,2020-07-26
CUST_005818,Karen Miller,Small Business,0,2023-06-03
CUST_005819,Barbara Brown,Consumer,1,2021-09-20
CUST_005820,Mary Garcia,Small Business,0,2020-02-15
CUST_005821,Patricia Jones,Corporate,1,2019-04-02
CUST_005822,Jessica Jones,VIP Loyalty,1,2022-04-28
CUST_005823,James Davis,Consumer,0,2021-12-10
CUST_005824,Barbara Martinez,Consumer,0,2019-08-02
CUST_005825,Christopher Wilson,VIP Loyalty,1,2022-03-08
CUST_005826,Lisa Gonzalez,Consumer,0,2022-08-02
CUST_005827,Lisa Martinez,VIP Loyalty,1,2022-11-14
CUST_005828,John Martinez,Consumer,0,2019-11-26
CUST_005829,Charles Johnson,Consumer,1,2022-01-26
CUST_005830,Lisa Jones,Small Business,0,2021-08-16
CUST_005831,Jessica Williams,Consumer,0,2023-04-21
CUST_005832,Jennifer Jones,VIP Loyalty,1,2023-09-10
CUST_005833,Charles Johnson,Small Business,0,2023-05-22
CUST_005834,William Miller,Consumer,0,2019-02-07
CUST_005835,James Brown,Consumer,0,2022-06-20
CUST_005836,Charles Brown,Small Business,1,2020-06-25
CUST_005837,Susan Brown,Consumer,0,2020-07-24
CUST_005838,Charles Rodriguez,Consumer,1,2020-06-03
CUST_005839,William Hernandez,Small Business,1,2021-08-13
CUST_005840,Charles Jones,Consumer,1,2021-04-22
CUST_005841,William Anderson,Consumer,1,2023-09-17
CUST_005842,Robert Hernandez,Consumer,1,2019-09-15
CUST_005843,Michael Anderson,Consumer,0,2023-12-10
CUST_005844,Charles Anderson,Small Business,0,2023-05-28
CUST_005845,Richard Wilson,Small Business,0,2020-01-24
CUST_005846,David Miller,Consumer,1,2022-04-07
CUST_005847,John Davis,Consumer,1,2019-06-09
CUST_005848,Mary Davis,Consumer,0,2023-11-10
CUST_005849,Daniel Smith,Corporate,1,2022-07-05
CUST_005850,Christopher Smith,Consumer,0,2020-03-11
CUST_005851,Thomas Martinez,Consumer,0,2020-09-07
CUST_005852,Christopher Brown,Corporate,1,2020-12-07
CUST_005853,Sarah Hernandez,Consumer,0,2019-10-10
CUST_005854,Barbara Williams,Small Business,1,2021-06-27
CUST_005855,John Lopez,Consumer,1,2020-11-19
CUST_005856,Jessica Rodriguez,Consumer,0,2021-01-16
CUST_005857,Karen Jones,Consumer,0,2020-06-10
CUST_005858,Mary Rodriguez,Consumer,1,2021-06-16
CUST_005859,Charles Martinez,Consumer,0,2023-12-27
CUST_005860,Nancy Anderson,Small Business,1,2023-02-22
CUST_005861,Thomas Miller,Corporate,1,2022-07-05
CUST_005862,Patricia Smith,Consumer,0,2022-10-11
CUST_005863,Karen Jones,Small Business,0,2021-09-01
CUST_005864,David Garcia,Small Business,1,2019-12-18
CUST_005865,Christopher Lopez,Consumer,0,2020-09-20
CUST_005866,Linda Rodriguez,VIP Loyalty,1,2020-10-03
CUST_005867,James Smith,Consumer,0,2023-06-09
CUST_005868,Nancy Wilson,VIP Loyalty,1,2023-06-26
CUST_005869,Lisa Smith,Corporate,0,2020-02-24
CUST_005870,Mary Davis,Consumer,0,2019-07-16
CUST_005871,Lisa Garcia,Consumer,1,2021-02-22
CUST_005872,Charles Hernandez,Consumer,1,2021-04-22
CUST_005873,Charles Martinez,Consumer,0,2023-08-26
CUST_005874,Susan Gonzalez,Corporate,1,2023-07-10
CUST_005875,Elizabeth Lopez,Consumer,1,2023-10-09
CUST_005876,Elizabeth Davis,Consumer,1,2022-09-14
CUST_005877,Barbara Gonzalez,Small Business,0,2020-05-19
CUST_005878,William Martinez,Consumer,0,2022-09-01
CUST_005879,Mary Smith,Consumer,0,2023-01-19
CUST_005880,Susan Brown,Consumer,1,2023-06-18
CUST_005881,John Martinez,Corporate,0,2023-08-06
CUST_005882,Joseph Rodriguez,Small Business,0,2021-04-24
CUST_005883,Daniel Wilson,Small Business,0,2020-05-19
CUST_005884,Michael Williams,Consumer,1,2019-12-06
CUST_005885,Richard Smith,Consumer,1,2022-08-01
CUST_005886,Patricia Miller,Consumer,0,2022-05-07
CUST_005887,Thomas Anderson,Small Business,1,2021-11-18
CUST_005888,Christopher Martinez,Small Business,0,2021-01-21
CUST_005889,David Williams,Small Business,0,2019-01-09
CUST_005890,John Lopez,Corporate,1,2019-11-05
CUST_005891,Barbara Wilson,VIP Loyalty,1,2021-09-28
CUST_005892,Michael Lopez,Small Business,0,2021-05-18
CUST_005893,John Hernandez,Corporate,0,2023-08-19
CUST_005894,Nancy Rodriguez,VIP Loyalty,1,2020-07-19
CUST_005895,James Garcia,Consumer,1,2023-11-08
CUST_005896,Sarah Garcia,Consumer,1,2019-09-11
CUST_005897,Charles Garcia,Consumer,1,2019-10-22
CUST_005898,Daniel Garcia,Consumer,1,2022-09-27
CUST_005899,John Wilson,Consumer,0,2023-09-04
CUST_005900,Linda Davis,Corporate,0,2020-02-13
CUST_005901,Joseph Williams,Corporate,1,2019-04-16
CUST_005902,Jennifer Davis,Small Business,0,2023-04-26
CUST_005903,Thomas Jones,Consumer,1,2022-05-11
CUST_005904,Daniel Johnson,Corporate,1,2021-07-04
CUST_005905,Elizabeth Smith,Consumer,0,2019-03-03
CUST_005906,William Jones,Consumer,0,2019-12-06
CUST_005907,Michael Miller,Consumer,0,2020-02-07
CUST_005908,Elizabeth Miller,Consumer,0,2021-11-21
CUST_005909,Jennifer Gonzalez,VIP Loyalty,1,2020-03-28
CUST_005910,Susan Brown,Consumer,0,2023-10-07
CUST_005911,Mary Gonzalez,Consumer,0,2019-04-05
CUST_005912,John Johnson,Consumer,0,2022-01-16
CUST_005913,Jennifer Garcia,Consumer,0,2020-10-17
CUST_005914,Lisa Anderson,Consumer,0,2023-06-26
CUST_005915,Thomas Johnson,Consumer,0,2020-11-22
CUST_005916,Jessica Wilson,Consumer,0,2019-08-18
CUST_005917,Charles Johnson,Consumer,0,2019-01-27
CUST_005918,John Garcia,Consumer,0,2020-01-09
CUST_005919,Michael Wilson,VIP Loyalty,1,2022-01-09
CUST_005920,Barbara Lopez,Small Business,0,2022-05-20
CUST_005921,James Rodriguez,Consumer,0,2022-04-23
CUST_005922,John Davis,Consumer,1,2022-04-15
CUST_005923,Jennifer Williams,Consumer,1,2019-08-01
CUST_005924,Jessica Williams,Consumer,1,2023-03-18
CUST_005925,John Hernandez,Small Business,1,2019-07-22
CUST_005926,Elizabeth Wilson,Consumer,1,2019-02-20
CUST_005927,William Rodriguez,Consumer,0,2020-02-12
CUST_005928,Sarah Anderson,Consumer,0,2022-08-28
CUST_005929,Karen Anderson,Consumer,1,2019-03-26
CUST_005930,Jennifer Smith,Corporate,1,2023-12-22
CUST_005931,Nancy Lopez,Small Business,0,2020-02-24
CUST_005932,Michael Wilson,Consumer,1,2019-09-26
CUST_005933,Elizabeth Johnson,Consumer,1,2021-10-12
CUST_005934,Susan Wilson,Corporate,0,2021-01-27
CUST_005935,Joseph Miller,Consumer,0,2020-11-26
CUST_005936,Thomas Garcia,Consumer,1,2022-09-12
CUST_005937,Charles Johnson,Consumer,1,2023-12-06
CUST_005938,Barbara Martinez,Corporate,0,2021-07-21
CUST_005939,David Johnson,VIP Loyalty,1,2020-12-11
CUST_005940,William Miller,Small Business,0,2021-11-20
CUST_005941,Thomas Lopez,VIP Loyalty,1,2021-10-12
CUST_005942,James Johnson,Small Business,0,2022-10-28
CUST_005943,William Johnson,VIP Loyalty,1,2020-08-23
CUST_005944,David Gonzalez,Corporate,0,2019-12-15
CUST_005945,Jessica Davis,Consumer,0,2020-11-17
CUST_005946,Elizabeth Johnson,Corporate,0,2022-04-02
CUST_005947,Jennifer Smith,Small Business,1,2019-02-22
CUST_005948,Karen Wilson,Consumer,0,2020-12-07
CUST_005949,Jessica Williams,Consumer,0,2021-03-23
CUST_005950,Charles Gonzalez,Consumer,0,2023-07-13
CUST_005951,Mary Davis,Consumer,0,2021-01-28
CUST_005952,William Garcia,Consumer,1,2023-09-27
CUST_005953,Susan Lopez,Consumer,0,2023-03-04
CUST_005954,Linda Hernandez,Consumer,0,2020-08-07
CUST_005955,James Gonzalez,Consumer,1,2021-03-02
CUST_005956,Jessica Smith,Consumer,0,2020-08-06
CUST_005957,Susan Miller,VIP Loyalty,1,2023-09-19
CUST_005958,Nancy Rodriguez,Small Business,1,2022-09-27
CUST_005959,David Smith,Consumer,0,2022-01-05
CUST_005960,Jennifer Smith,Consumer,0,2020-12-13
CUST_005961,Patricia Brown,Corporate,1,2020-05-18
CUST_005962,Charles Rodriguez,Corporate,0,2019-03-27
CUST_005963,Jennifer Martinez,Consumer,0,2021-02-21
CUST_005964,Susan Lopez,Corporate,0,2019-05-24
CUST_005965,Charles Brown,VIP Loyalty,1,2019-11-06
CUST_005966,Richard Lopez,Corporate,1,2021-10-11
CUST_005967,William Martinez,Consumer,0,2020-05-16
CUST_005968,Daniel Hernandez,VIP Loyalty,1,2019-12-27
CUST_005969,Jessica Brown,Consumer,0,2022-02-19
CUST_005970,Michael Lopez,Consumer,1,2022-10-18
CUST_005971,Nancy Hernandez,Consumer,0,2019-07-28
CUST_005972,Linda Rodriguez,Consumer,1,2021-06-04
CUST_005973,Daniel Davis,Consumer,0,2020-08-10
CUST_005974,Michael Wilson,Consumer,1,2022-01-16
CUST_005975,John Hernandez,Consumer,1,2023-06-21
CUST_005976,Elizabeth Brown,Consumer,1,2019-08-08
CUST_005977,Daniel Miller,Consumer,0,2022-03-04
CUST_005978,Jennifer Martinez,Consumer,0,2022-06-25
CUST_005979,Susan Wilson,Corporate,0,2023-03-21
CUST_005980,Joseph Williams,Consumer,1,2019-06-23
CUST_005981,Sarah Williams,Small Business,0,2021-12-24
CUST_005982,David Davis,Small Business,0,2020-04-04
CUST_005983,Mary Rodriguez,Small Business,0,2023-04-06
CUST_005984,Patricia Rodriguez,Corporate,0,2021-12-26
CUST_005985,Patricia Smith,Consumer,0,2023-12-24
CUST_005986,Charles Garcia,Consumer,0,2019-02-01
CUST_005987,Linda Gonzalez,Corporate,0,2019-05-03
CUST_005988,James Anderson,Small Business,1,2023-07-05
CUST_005989,Patricia Jones,Small Business,1,2021-06-10
CUST_005990,Elizabeth Gonzalez,Consumer,1,2019-10-02
CUST_005991,Susan Miller,Consumer,0,2022-04-05
CUST_005992,Richard Miller,VIP Loyalty,1,2021-09-03
CUST_005993,William Jones,Corporate,0,2019-09-23
CUST_005994,Joseph Smith,Consumer,0,2020-02-04
CUST_005995,Linda Brown,Small Business,0,2022-10-25
CUST_005996,David Johnson,Consumer,1,2022-01-12
CUST_005997,Jessica Williams,Corporate,0,2019-11-12
CUST_005998,Richard Davis,Small Business,0,2020-06-08
CUST_005999,Lisa Martinez,Consumer,0,2022-06-22
CUST_006000,John Johnson,Consumer,0,2023-06-27
CUST_006001,Jennifer Brown,Small Business,0,2021-05-09
CUST_006002,Karen Miller,Consumer,0,2019-12-24
CUST_006003,Joseph Davis,Consumer,0,2021-10-17
CUST_006004,Jessica Jones,Consumer,0,2020-05-25
CUST_006005,Jennifer Wilson,Corporate,0,2021-03-22
CUST_006006,Patricia Jones,Small Business,1,2020-08-04
CUST_006007,Daniel Johnson,Consumer,0,2023-08-26
CUST_006008,Jessica Lopez,Corporate,0,2020-11-17
CUST_006009,Sarah Rodriguez,VIP Loyalty,1,2021-03-15
CUST_006010,Jessica Jones,Consumer,0,2021-04-20
CUST_006011,Daniel Jones,Consumer,1,2021-11-16
CUST_006012,Linda Hernandez,Consumer,0,2021-04-21
CUST_006013,Robert Miller,Consumer,0,2023-04-20
CUST_006014,Joseph Davis,Consumer,0,2023-08-03
CUST_006015,Barbara Miller,Consumer,0,2023-02-08
CUST_006016,Nancy Jones,Corporate,0,2019-10-26
CUST_006017,Elizabeth Wilson,VIP Loyalty,1,2022-08-27
CUST_006018,Robert Rodriguez,Corporate,0,2021-01-23
CUST_006019,Michael Rodriguez,Consumer,0,2020-12-26
CUST_006020,Sarah Jones,Corporate,1,2019-11-14
CUST_006021,Daniel Martinez,Consumer,0,2021-10-10
CUST_006022,Thomas Johnson,Consumer,0,2020-04-19
CUST_006023,Lisa Anderson,Small Business,0,2019-02-22
CUST_006024,Michael Smith,Consumer,0,2020-02-04
CUST_006025,Joseph Jones,VIP Loyalty,1,2021-02-23
CUST_006026,Lisa Wilson,Corporate,0,2021-11-03
CUST_006027,Patricia Jones,Consumer,0,2019-12-12
CUST_006028,Lisa Anderson,Small Business,0,2022-11-10
CUST_006029,David Johnson,Consumer,0,2019-06-01
CUST_006030,Nancy Johnson,VIP Loyalty,1,2022-04-18
CUST_006031,Barbara Hernandez,Corporate,0,2021-02-12
CUST_006032,Mary Smith,VIP Loyalty,1,2021-12-06
CUST_006033,Michael Williams,Small Business,0,2019-06-15
CUST_006034,Nancy Rodriguez,Corporate,1,2023-12-10
CUST_006035,Patricia Lopez,Consumer,0,2020-08-05
CUST_006036,Richard Brown,Consumer,0,2021-04-09
CUST_006037,Barbara Martinez,Consumer,1,2019-01-22
CUST_006038,Jessica Martinez,Corporate,0,2020-12-27
CUST_006039,Karen Smith,Small Business,0,2021-07-04
CUST_006040,Jennifer Garcia,Consumer,0,2023-06-22
CUST_006041,Patricia Jones,VIP Loyalty,1,2021-02-27
CUST_006042,Daniel Smith,Consumer,0,2023-01-05
CUST_006043,Karen Smith,Corporate,0,2023-03-26
CUST_006044,Jessica Lopez,Corporate,0,2020-11-25
CUST_006045,Jessica Smith,Small Business,1,2019-05-17
CUST_006046,David Williams,Consumer,0,2020-09-28
CUST_006047,William Lopez,Consumer,1,2023-07-14
CUST_006048,Michael Johnson,Consumer,1,2019-08-05
CUST_006049,Karen Martinez,VIP Loyalty,1,2023-10-02
CUST_006050,Jessica Brown,Corporate,1,2023-08-02
CUST_006051,Nancy Davis,Consumer,0,2023-04-21
CUST_006052,Joseph Anderson,Corporate,0,2020-05-12
CUST_006053,Elizabeth Martinez,Corporate,0,2022-06-12
CUST_006054,Lisa Anderson,Consumer,0,2019-04-15
CUST_006055,Daniel Lopez,Corporate,1,2022-08-03
CUST_006056,Lisa Gonzalez,VIP Loyalty,1,2021-12-26
CUST_006057,Daniel Gonzalez,Corporate,1,2019-11-16
CUST_006058,Joseph Johnson,Corporate,1,2020-10-24
CUST_006059,Jessica Lopez,Small Business,1,2021-01-08
CUST_006060,Christopher Rodriguez,Consumer,0,2023-10-15
CUST_006061,Christopher Miller,Corporate,0,2021-04-09
CUST_006062,Elizabeth Wilson,Consumer,0,2022-03-12
CUST_006063,William Rodriguez,Consumer,1,2019-09-19
CUST_006064,Sarah Lopez,Consumer,1,2021-12-04
CUST_006065,Elizabeth Johnson,Consumer,0,2020-12-02
CUST_006066,Daniel Johnson,Small Business,0,2020-10-20
CUST_006067,James Smith,VIP Loyalty,1,2021-12-28
CUST_006068,Barbara Anderson,VIP Loyalty,1,2019-01-06
CUST_006069,Lisa Miller,Consumer,1,2022-11-23
CUST_006070,Jennifer Davis,Consumer,0,2022-07-09
CUST_006071,Jessica Martinez,Corporate,0,2021-07-09
CUST_006072,Thomas Garcia,Small Business,0,2020-07-28
CUST_006073,Karen Lopez,Corporate,1,2019-06-28
CUST_006074,Thomas Davis,Consumer,1,2022-04-03
CUST_006075,Patricia Rodriguez,Small Business,0,2021-03-11
CUST_006076,Richard Davis,Consumer,0,2020-08-23
CUST_006077,Sarah Smith,Small Business,1,2020-09-04
CUST_006078,James Davis,Consumer,0,2021-11-24
CUST_006079,Lisa Rodriguez,Consumer,1,2022-12-12
CUST_006080,Mary Garcia,Consumer,0,2021-01-21
CUST_006081,Barbara Anderson,Consumer,0,2019-09-21
CUST_006082,Richard Anderson,Consumer,0,2021-09-28
CUST_006083,Jessica Smith,Corporate,0,2023-10-27
CUST_006084,Daniel Wilson,Consumer,0,2019-12-09
CUST_006085,Barbara Davis,Consumer,0,2021-11-09
CUST_006086,Richard Wilson,Consumer,1,2020-10-27
CUST_006087,Robert Wilson,VIP Loyalty,1,2022-03-09
CUST_006088,James Smith,Consumer,0,2020-01-24
CUST_006089,Elizabeth Anderson,VIP Loyalty,1,2023-12-01
CUST_006090,John Wilson,VIP Loyalty,1,2020-04-06
CUST_006091,James Brown,Corporate,0,2019-10-09
CUST_006092,Karen Rodriguez,Small Business,0,2022-02-15
CUST_006093,Susan Williams,Consumer,0,2023-07-04
CUST_006094,Linda Brown,Consumer,0,2021-05-16
CUST_006095,Nancy Smith,Consumer,0,2023-10-07
CUST_006096,Elizabeth Gonzalez,Consumer,0,2022-05-14
CUST_006097,Lisa Gonzalez,Corporate,0,2023-01-17
CUST_006098,Patricia Williams,Consumer,0,2019-02-20
CUST_006099,Daniel Johnson,Consumer,1,2019-07-17
CUST_006100,Elizabeth Hernandez,Consumer,0,2022-10-12
CUST_006101,Thomas Williams,Consumer,1,2023-01-15
CUST_006102,Christopher Garcia,Consumer,0,2022-06-06
CUST_006103,Patricia Smith,Corporate,0,2020-04-06
CUST_006104,Robert Wilson,Consumer,1,2022-02-20
CUST_006105,Thomas Lopez,VIP Loyalty,1,2019-06-26
CUST_006106,Elizabeth Gonzalez,Corporate,0,2022-11-27
CUST_006107,Charles Garcia,VIP Loyalty,1,2021-08-20
CUST_006108,Jessica Davis,Small Business,0,2020-07-16
CUST_006109,Jessica Brown,Consumer,0,2020-09-15
CUST_006110,Karen Wilson,Consumer,1,2021-06-20
CUST_006111,Robert Hernandez,Consumer,0,2020-04-08
CUST_006112,Jessica Brown,Consumer,0,2020-06-19
CUST_006113,Joseph Lopez,VIP Loyalty,1,2020-09-03
CUST_006114,James Wilson,Consumer,0,2023-09-05
CUST_006115,Michael Wilson,Consumer,0,2023-05-10
CUST_006116,Jennifer Johnson,Consumer,0,2020-05-09
CUST_006117,Charles Wilson,Consumer,0,2021-07-26
CUST_006118,Patricia Jones,Consumer,0,2021-10-23
CUST_006119,Christopher Martinez,Small Business,0,2021-03-07
CUST_006120,Elizabeth Smith,Consumer,1,2022-01-05
CUST_006121,Thomas Rodriguez,Consumer,1,2022-07-03
CUST_006122,Linda Jones,Corporate,0,2020-11-08
CUST_006123,Michael Smith,Consumer,1,2022-09-26
CUST_006124,Sarah Brown,Corporate,0,2023-12-23
CUST_006125,Robert Jones,VIP Loyalty,1,2019-06-10
CUST_006126,Jennifer Hernandez,Consumer,1,2021-06-20
CUST_006127,Sarah Garcia,Consumer,0,2020-10-24
CUST_006128,Karen Lopez,Corporate,0,2020-04-27
CUST_006129,Jessica Jones,Consumer,0,2023-07-10
CUST_006130,Michael Garcia,Consumer,1,2023-04-22
CUST_006131,David Wilson,Corporate,0,2023-03-13
CUST_006132,Karen Williams,Consumer,1,2022-04-06
CUST_006133,Joseph Brown,VIP Loyalty,1,2022-02-15
CUST_006134,Barbara Davis,Small Business,0,2022-10-11
CUST_006135,Mary Wilson,Corporate,1,2019-09-08
CUST_006136,Robert Wilson,Consumer,0,2019-08-02
CUST_006137,Daniel Anderson,Consumer,0,2023-10-07
CUST_006138,Nancy Wilson,Small Business,1,2020-01-01
CUST_006139,Lisa Williams,Consumer,0,2023-06-04
CUST_006140,Karen Miller,Consumer,1,2022-10-01
CUST_006141,James Rodriguez,Small Business,0,2019-03-25
CUST_006142,Patricia Hernandez,Consumer,0,2022-03-21
CUST_006143,Linda Smith,Small Business,0,2019-11-14
CUST_006144,Christopher Martinez,Small Business,0,2021-12-21
CUST_006145,Michael Johnson,Consumer,1,2021-09-27
CUST_006146,Jennifer Smith,Consumer,0,2019-03-03
CUST_006147,John Anderson,VIP Loyalty,1,2021-12-18
CUST_006148,Robert Garcia,Small Business,1,2019-04-14
CUST_006149,Joseph Lopez,Consumer,1,2022-02-24
CUST_006150,James Gonzalez,Small Business,0,2023-04-03
CUST_006151,Daniel Garcia,Corporate,0,2022-12-19
CUST_006152,Michael Garcia,Corporate,0,2023-09-28
CUST_006153,Patricia Smith,VIP Loyalty,1,2023-01-28
CUST_006154,Thomas Smith,Corporate,1,2021-03-09
CUST_006155,Karen Miller,Consumer,0,2022-06-12
CUST_006156,William Anderson,Corporate,0,2023-05-25
CUST_006157,Lisa Jones,Consumer,1,2019-11-15
CUST_006158,Patricia Miller,Consumer,1,2021-11-21
CUST_006159,Susan Miller,Small Business,1,2019-02-09
CUST_006160,David Brown,Consumer,0,2019-05-22
CUST_006161,Susan Rodriguez,VIP Loyalty,1,2021-04-08
CUST_006162,Linda Johnson,Consumer,0,2023-02-21
CUST_006163,Susan Johnson,VIP Loyalty,1,2023-09-23
CUST_006164,Daniel Smith,Corporate,0,2022-02-01
CUST_006165,David Gonzalez,Consumer,0,2019-11-03
CUST_006166,Thomas Johnson,Consumer,0,2022-01-25
CUST_006167,Thomas Martinez,Consumer,0,2023-05-04
CUST_006168,Linda Rodriguez,Consumer,0,2019-12-06
CUST_006169,Elizabeth Garcia,VIP Loyalty,1,2020-01-03
CUST_006170,Richard Anderson,Consumer,1,2023-10-06
CUST_006171,William Smith,Small Business,0,2020-02-27
CUST_006172,Robert Martinez,Corporate,1,2019-10-08
CUST_006173,Jennifer Jones,Consumer,0,2020-02-12
CUST_006174,Linda Brown,Consumer,0,2022-09-09
CUST_006175,Barbara Wilson,Consumer,1,2021-04-01
CUST_006176,William Miller,Consumer,0,2019-12-14
CUST_006177,Joseph Garcia,Consumer,0,2022-10-14
CUST_006178,Thomas Williams,Corporate,0,2021-09-24
CUST_006179,Susan Davis,Corporate,0,2021-06-20
CUST_006180,Jessica Garcia,Consumer,1,2020-02-07
CUST_006181,Joseph Smith,VIP Loyalty,1,2019-05-23
CUST_006182,Susan Smith,Consumer,0,2023-02-07
CUST_006183,Patricia Davis,Corporate,1,2020-01-01
CUST_006184,Patricia Smith,Consumer,0,2020-12-04
CUST_006185,Daniel Rodriguez,Consumer,0,2022-09-23
CUST_006186,Jessica Gonzalez,Consumer,0,2021-08-11
CUST_006187,Robert Brown,Small Business,1,2022-03-05
CUST_006188,Karen Hernandez,Consumer,0,2022-10-27
CUST_006189,Susan Smith,Small Business,0,2019-06-04
CUST_006190,Susan Davis,Consumer,0,2022-08-16
CUST_006191,Robert Williams,Consumer,1,2021-02-04
CUST_006192,Jennifer Brown,Small Business,0,2022-06-10
CUST_006193,Thomas Gonzalez,Consumer,0,2020-07-13
CUST_006194,John Davis,Corporate,0,2019-10-23
CUST_006195,Jennifer Williams,Consumer,0,2021-10-26
CUST_006196,Daniel Martinez,Corporate,0,2020-09-28
CUST_006197,Karen Davis,Small Business,0,2021-11-19
CUST_006198,John Rodriguez,Corporate,0,2022-02-16
CUST_006199,John Garcia,Consumer,0,2021-11-23
CUST_006200,Jessica Jones,Consumer,1,2020-03-10
CUST_006201,Patricia Lopez,Corporate,1,2023-05-23
CUST_006202,Lisa Garcia,Consumer,0,2019-11-14
CUST_006203,Robert Gonzalez,Consumer,0,2021-10-13
CUST_006204,Joseph Brown,Corporate,0,2019-10-19
CUST_006205,Karen Garcia,Small Business,0,2019-02-14
CUST_006206,Patricia Williams,Corporate,1,2023-12-23
CUST_006207,Daniel Williams,Consumer,0,2022-11-26
CUST_006208,Linda Wilson,Small Business,1,2022-09-12
CUST_006209,Charles Lopez,Small Business,1,2021-03-16
CUST_006210,Jennifer Rodriguez,Consumer,0,2021-03-12
CUST_006211,Patricia Jones,Consumer,0,2021-09-28
CUST_006212,Susan Miller,Consumer,0,2021-09-26
CUST_006213,Thomas Rodriguez,Small Business,0,2020-01-24
CUST_006214,Nancy Wilson,Corporate,0,2022-09-22
CUST_006215,William Johnson,Consumer,1,2019-02-04
CUST_006216,Elizabeth Brown,Consumer,0,2021-09-16
CUST_006217,Lisa Davis,Consumer,0,2022-05-12
CUST_006218,Daniel Johnson,Consumer,0,2023-06-06
CUST_006219,Joseph Johnson,Consumer,1,2022-12-16
CUST_006220,Joseph Rodriguez,Consumer,0,2022-10-11
CUST_006221,John Johnson,Consumer,1,2023-12-14
CUST_006222,Jennifer Davis,Consumer,1,2022-11-16
CUST_006223,Michael Davis,Corporate,1,2019-08-18
CUST_006224,Michael Garcia,Corporate,0,2019-03-28
CUST_006225,Daniel Brown,Consumer,0,2021-04-15
CUST_006226,William Jones,Consumer,0,2022-03-11
CUST_006227,Linda Smith,Corporate,0,2019-03-09
CUST_006228,Jennifer Johnson,Corporate,1,2019-02-12
CUST_006229,Jessica Miller,Corporate,0,2021-04-05
CUST_006230,John Anderson,Consumer,0,2019-02-04
CUST_006231,Christopher Wilson,Corporate,0,2021-04-15
CUST_006232,Karen Wilson,Consumer,0,2020-08-13
CUST_006233,Karen Jones,Consumer,0,2023-05-06
CUST_006234,Daniel Williams,Consumer,0,2023-09-17
CUST_006235,Elizabeth Lopez,VIP Loyalty,1,2020-03-21
CUST_006236,Charles Martinez,Consumer,0,2023-04-25
CUST_006237,Richard Smith,Consumer,1,2020-09-11
CUST_006238,Sarah Gonzalez,Consumer,0,2021-07-12
CUST_006239,Daniel Wilson,Small Business,0,2022-01-24
CUST_006240,Thomas Hernandez,Consumer,0,2019-10-26
CUST_006241,Jennifer Smith,Consumer,0,2022-04-24
CUST_006242,Thomas Davis,Consumer,0,2023-05-01
CUST_006243,Jennifer Gonzalez,Consumer,1,2019-12-24
CUST_006244,Lisa Anderson,Corporate,1,2023-07-19
CUST_006245,Lisa Miller,Small Business,1,2019-06-22
CUST_006246,Mary Hernandez,Consumer,0,2020-03-09
CUST_006247,Michael Anderson,Small Business,0,2023-09-07
CUST_006248,David Williams,Consumer,0,2023-02-17
CUST_006249,Charles Miller,Corporate,0,2021-09-19
CUST_006250,David Garcia,Consumer,1,2023-02-07
CUST_006251,John Wilson,Consumer,0,2019-02-16
CUST_006252,Christopher Wilson,Consumer,1,2019-01-08
CUST_006253,William Johnson,Corporate,0,2020-05-05
CUST_006254,Michael Lopez,Small Business,0,2023-12-19
CUST_006255,Richard Gonzalez,VIP Loyalty,1,2021-07-10
CUST_006256,Barbara Miller,Consumer,0,2020-08-04
CUST_006257,Thomas Brown,Consumer,0,2023-06-22
CUST_006258,Susan Lopez,Consumer,1,2020-01-16
CUST_006259,Michael Lopez,Small Business,1,2020-04-04
CUST_006260,Daniel Smith,Consumer,1,2020-05-09
CUST_006261,Joseph Davis,Corporate,1,2023-02-12
CUST_006262,Richard Williams,Consumer,1,2020-07-12
CUST_006263,Jennifer Lopez,Consumer,0,2022-03-06
CUST_006264,Charles Anderson,Consumer,1,2020-07-05
CUST_006265,John Garcia,Consumer,0,2023-11-27
CUST_006266,Michael Brown,Small Business,0,2019-04-16
CUST_006267,Daniel Martinez,Small Business,0,2022-12-22
CUST_006268,Karen Anderson,Consumer,0,2021-03-23
CUST_006269,Thomas Davis,Consumer,0,2023-05-23
CUST_006270,Charles Rodriguez,Consumer,0,2023-12-18
CUST_006271,Sarah Williams,Consumer,0,2023-07-26
CUST_006272,Daniel Johnson,Corporate,0,2022-06-22
CUST_006273,Linda Jones,Consumer,0,2019-10-16
CUST_006274,Christopher Anderson,Consumer,1,2021-01-13
CUST_006275,Jennifer Martinez,Consumer,0,2023-05-02
CUST_006276,Charles Wilson,Small Business,0,2023-01-28
CUST_006277,Mary Davis,Consumer,0,2019-06-18
CUST_006278,Charles Rodriguez,VIP Loyalty,1,2023-05-19
CUST_006279,Karen Smith,Consumer,1,2022-08-12
CUST_006280,Elizabeth Garcia,Corporate,1,2020-08-13
CUST_006281,Karen Miller,VIP Loyalty,1,2020-09-10
CUST_006282,Joseph Wilson,Consumer,0,2020-05-09
CUST_006283,Susan Lopez,Consumer,0,2021-03-28
CUST_006284,Jennifer Williams,Consumer,1,2020-06-14
CUST_006285,Charles Anderson,Consumer,1,2022-05-10
CUST_006286,Jennifer Hernandez,Consumer,0,2021-04-22
CUST_006287,Karen Hernandez,Consumer,0,2022-06-23
CUST_006288,Lisa Rodriguez,Corporate,1,2022-10-11
CUST_006289,Joseph Jones,Consumer,0,2019-08-22
CUST_006290,Susan Wilson,VIP Loyalty,1,2019-05-12
CUST_006291,Elizabeth Smith,Corporate,0,2021-01-03
CUST_006292,James Smith,Small Business,1,2020-04-05
CUST_006293,Joseph Wilson,Consumer,0,2020-10-08
CUST_006294,Daniel Anderson,Consumer,1,2022-09-08
CUST_006295,Patricia Hernandez,Consumer,1,2023-04-18
CUST_006296,Christopher Hernandez,Consumer,0,2019-11-04
CUST_006297,Nancy Wilson,Consumer,1,2022-06-27
CUST_006298,David Davis,Small Business,0,2022-08-10
CUST_006299,Lisa Rodriguez,Consumer,1,2022-08-05
CUST_006300,Karen Davis,Consumer,0,2021-01-16
CUST_006301,James Jones,Corporate,0,2022-08-14
CUST_006302,Lisa Johnson,Corporate,0,2023-03-01
CUST_006303,Richard Anderson,Consumer,0,2023-10-28
CUST_006304,Joseph Rodriguez,Corporate,1,2023-10-25
CUST_006305,Jennifer Lopez,VIP Loyalty,1,2022-12-20
CUST_006306,Jennifer Smith,Consumer,0,2023-12-12
CUST_006307,David Brown,Corporate,1,2020-06-04
CUST_006308,Mary Smith,Consumer,0,2020-08-19
CUST_006309,Michael Johnson,Consumer,1,2020-01-21
CUST_006310,Susan Lopez,Corporate,0,2019-02-21
CUST_006311,Elizabeth Martinez,Consumer,0,2019-06-12
CUST_006312,Richard Lopez,Consumer,1,2023-03-15
CUST_006313,Jennifer Brown,Consumer,0,2021-02-20
CUST_006314,Mary Jones,Small Business,0,2023-02-14
CUST_006315,Elizabeth Hernandez,Consumer,0,2021-04-11
CUST_006316,Linda Miller,Corporate,1,2021-02-28
CUST_006317,Daniel Brown,Consumer,1,2019-03-18
CUST_006318,Richard Smith,Consumer,0,2022-05-28
CUST_006319,Karen Jones,Consumer,1,2019-06-01
CUST_006320,Lisa Wilson,Consumer,0,2020-10-12
CUST_006321,Christopher Davis,Corporate,0,2019-01-11
CUST_006322,Lisa Garcia,Corporate,0,2020-05-12
CUST_006323,Nancy Hernandez,Corporate,1,2020-06-12
CUST_006324,Karen Williams,Consumer,1,2022-01-02
CUST_006325,John Martinez,Consumer,1,2022-12-24
CUST_006326,Linda Anderson,Consumer,0,2023-07-13
CUST_006327,Patricia Anderson,Corporate,1,2019-11-06
CUST_006328,Daniel Anderson,Consumer,0,2019-12-12
CUST_006329,David Brown,Consumer,0,2022-03-22
CUST_006330,Jessica Miller,Consumer,1,2021-02-07
CUST_006331,Karen Johnson,VIP Loyalty,1,2020-06-04
CUST_006332,William Jones,Consumer,1,2023-09-08
CUST_006333,Barbara Wilson,Consumer,1,2019-11-10
CUST_006334,Richard Rodriguez,Consumer,0,2020-10-10
CUST_006335,Michael Wilson,Consumer,1,2023-05-03
CUST_006336,Richard Hernandez,Consumer,0,2021-05-05
CUST_006337,Mary Garcia,Consumer,1,2020-10-11
CUST_006338,Christopher Gonzalez,Corporate,1,2020-11-01
CUST_006339,Lisa Johnson,Consumer,1,2023-02-26
CUST_006340,Sarah Garcia,Consumer,0,2022-04-01
CUST_006341,Sarah Anderson,Consumer,0,2022-06-08
CUST_006342,John Miller,VIP Loyalty,1,2022-11-07
CUST_006343,Michael Gonzalez,Consumer,1,2021-01-08
CUST_006344,Karen Johnson,Consumer,0,2022-07-04
CUST_006345,Lisa Rodriguez,Consumer,0,2023-01-25
CUST_006346,Michael Anderson,Small Business,0,2019-12-07
CUST_006347,William Jones,Corporate,1,2020-02-26
CUST_006348,William Gonzalez,Consumer,0,2023-07-12
CUST_006349,Nancy Garcia,Consumer,0,2023-10-02
CUST_006350,Elizabeth Garcia,Consumer,1,2022-10-11
CUST_006351,Christopher Rodriguez,Consumer,0,2021-09-28
CUST_006352,Elizabeth Gonzalez,Consumer,0,2020-12-04
CUST_006353,Robert Davis,Consumer,1,2022-10-19
CUST_006354,Robert Hernandez,Consumer,0,2023-02-13
CUST_006355,Robert Davis,Consumer,0,2023-06-16
CUST_006356,Elizabeth Gonzalez,Consumer,1,2020-10-03
CUST_006357,David Hernandez,Small Business,1,2019-12-06
CUST_006358,Sarah Rodriguez,Corporate,0,2022-02-27
CUST_006359,Patricia Brown,Corporate,1,2023-12-08
CUST_006360,Jennifer Wilson,Small Business,0,2019-07-11
CUST_006361,Christopher Brown,Corporate,1,2023-05-23
CUST_006362,Charles Rodriguez,Consumer,0,2021-01-02
CUST_006363,William Garcia,Small Business,0,2023-05-10
CUST_006364,Michael Gonzalez,Consumer,0,2022-12-08
CUST_006365,John Johnson,VIP Loyalty,1,2021-04-09
CUST_006366,Jennifer Smith,Consumer,0,2019-08-28
CUST_006367,Christopher Lopez,Corporate,0,2019-10-24
CUST_006368,Karen Gonzalez,Consumer,1,2022-09-10
CUST_006369,John Smith,Small Business,1,2021-03-19
CUST_006370,Susan Garcia,VIP Loyalty,1,2020-06-21
CUST_006371,Michael Anderson,Consumer,0,2021-04-02
CUST_006372,James Martinez,Consumer,0,2019-01-15
CUST_006373,John Hernandez,Consumer,1,2019-06-11
CUST_006374,Barbara Miller,Consumer,1,2021-05-14
CUST_006375,Susan Miller,Consumer,0,2020-06-23
CUST_006376,David Johnson,Consumer,1,2021-02-07
CUST_006377,Robert Jones,Consumer,1,2020-02-10
CUST_006378,David Miller,VIP Loyalty,1,2021-04-23
CUST_006379,Mary Johnson,Small Business,0,2023-05-26
CUST_006380,Lisa Jones,Consumer,0,2023-02-26
CUST_006381,Linda Garcia,Consumer,0,2022-05-23
CUST_006382,Karen Wilson,Small Business,0,2021-02-02
CUST_006383,Robert Brown,VIP Loyalty,1,2023-10-09
CUST_006384,Lisa Rodriguez,Corporate,1,2020-09-25
CUST_006385,John Garcia,Small Business,1,2023-01-27
CUST_006386,Charles Lopez,Small Business,0,2020-01-03
CUST_006387,John Anderson,Consumer,0,2021-02-12
CUST_006388,Robert Hernandez,Consumer,1,2022-09-23
CUST_006389,William Brown,Consumer,0,2020-10-15
CUST_006390,William Hernandez,Consumer,1,2023-02-01
CUST_006391,Elizabeth Lopez,Consumer,0,2023-04-02
CUST_006392,Christopher Lopez,Consumer,0,2019-03-03
CUST_006393,Michael Lopez,Consumer,0,2019-01-12
CUST_006394,Mary Hernandez,Consumer,0,2020-05-07
CUST_006395,Patricia Gonzalez,VIP Loyalty,1,2022-03-04
CUST_006396,Karen Anderson,Consumer,1,2022-04-22
CUST_006397,William Martinez,Consumer,0,2019-08-01
CUST_006398,William Wilson,VIP Loyalty,1,2022-09-08
CUST_006399,Joseph Wilson,Consumer,1,2021-08-02
CUST_006400,Nancy Rodriguez,Corporate,0,2019-11-07
CUST_006401,Joseph Smith,Consumer,1,2020-07-05
CUST_006402,Joseph Miller,Corporate,1,2020-02-15
CUST_006403,Daniel Williams,Consumer,0,2020-02-09
CUST_006404,James Lopez,Corporate,0,2023-03-09
CUST_006405,Christopher Miller,Consumer,0,2021-09-02
CUST_006406,John Brown,Consumer,1,2022-08-14
CUST_006407,William Williams,VIP Loyalty,1,2019-12-14
CUST_006408,Charles Martinez,Consumer,0,2019-01-03
CUST_006409,Jessica Rodriguez,Consumer,0,2020-04-16
CUST_006410,Daniel Miller,Consumer,0,2019-05-18
CUST_006411,Nancy Martinez,Consumer,0,2020-07-10
CUST_006412,Sarah Miller,Consumer,0,2022-04-16
CUST_006413,Nancy Rodriguez,Consumer,0,2019-05-17
CUST_006414,David Wilson,Consumer,0,2019-06-27
CUST_006415,John Gonzalez,Consumer,0,2022-12-25
CUST_006416,Robert Hernandez,Corporate,1,2023-05-02
CUST_006417,Thomas Rodriguez,Corporate,1,2022-06-26
CUST_006418,Patricia Wilson,Corporate,0,2021-12-12
CUST_006419,Karen Smith,Corporate,0,2022-01-02
CUST_006420,Patricia Johnson,Consumer,0,2019-10-17
CUST_006421,Nancy Johnson,Consumer,0,2020-06-18
CUST_006422,William Johnson,Small Business,1,2019-08-23
CUST_006423,Richard Hernandez,Corporate,0,2019-06-01
CUST_006424,James Gonzalez,Consumer,0,2023-05-21
CUST_006425,Joseph Lopez,Consumer,0,2023-08-05
CUST_006426,Elizabeth Anderson,Consumer,0,2021-09-10
CUST_006427,Michael Anderson,Consumer,0,2020-10-28
CUST_006428,Linda Miller,Corporate,0,2020-12-10
CUST_006429,James Gonzalez,Corporate,0,2020-09-13
CUST_006430,Richard Smith,Consumer,1,2021-02-18
CUST_006431,Joseph Johnson,Consumer,0,2021-04-02
CUST_006432,Thomas Smith,VIP Loyalty,1,2019-02-19
CUST_006433,Robert Wilson,Consumer,0,2023-02-04
CUST_006434,William Miller,VIP Loyalty,1,2023-08-26
CUST_006435,Nancy Hernandez,Consumer,0,2019-03-28
CUST_006436,Patricia Anderson,Small Business,0,2023-12-01
CUST_006437,Linda Johnson,Consumer,0,2021-08-01
CUST_006438,Christopher Anderson,Consumer,1,2021-03-13
CUST_006439,William Martinez,Consumer,1,2023-09-22
CUST_006440,Elizabeth Martinez,Consumer,0,2020-09-04
CUST_006441,Linda Jones,Corporate,0,2022-01-28
CUST_006442,Charles Wilson,Corporate,1,2022-09-19
CUST_006443,David Williams,Consumer,0,2020-01-02
CUST_006444,Elizabeth Hernandez,Consumer,0,2021-12-06
CUST_006445,Mary Martinez,Small Business,1,2022-01-05
CUST_006446,Barbara Williams,Consumer,0,2021-10-04
CUST_006447,Joseph Anderson,Small Business,0,2020-06-02
CUST_006448,James Davis,Corporate,0,2022-11-18
CUST_006449,Jessica Jones,Consumer,0,2023-04-24
CUST_006450,Jessica Wilson,Small Business,1,2022-04-01
CUST_006451,Daniel Garcia,Consumer,1,2020-11-14
CUST_006452,Lisa Rodriguez,Consumer,0,2021-06-04
CUST_006453,Linda Martinez,Consumer,0,2022-05-14
CUST_006454,Patricia Lopez,Consumer,1,2020-03-11
CUST_006455,David Jones,Consumer,1,2020-10-12
CUST_006456,Nancy Miller,Consumer,1,2020-03-03
CUST_006457,James Smith,Consumer,1,2019-11-14
CUST_006458,Thomas Lopez,Corporate,1,2021-09-26
CUST_006459,Christopher Davis,Corporate,1,2021-02-11
CUST_006460,Sarah Rodriguez,Consumer,0,2021-10-23
CUST_006461,Barbara Jones,Corporate,1,2020-08-21
CUST_006462,Patricia Davis,Consumer,0,2022-08-21
CUST_006463,Mary Miller,Consumer,0,2020-10-28
CUST_006464,Richard Johnson,Consumer,1,2022-10-13
CUST_006465,Daniel Martinez,Small Business,0,2023-06-24
CUST_006466,Mary Johnson,Corporate,1,2019-08-08
CUST_006467,David Johnson,Consumer,1,2020-01-10
CUST_006468,Linda Davis,Consumer,0,2020-07-18
CUST_006469,Karen Rodriguez,VIP Loyalty,1,2020-06-11
CUST_006470,William Smith,Consumer,1,2023-10-11
CUST_006471,Linda Anderson,Consumer,1,2023-06-03
CUST_006472,Richard Martinez,Consumer,0,2021-12-18
CUST_006473,Lisa Miller,Corporate,0,2019-08-20
CUST_006474,Karen Wilson,Consumer,0,2020-12-19
CUST_006475,Elizabeth Garcia,Consumer,1,2022-10-10
CUST_006476,Jessica Williams,Corporate,0,2020-08-03
CUST_006477,Thomas Williams,Consumer,0,2023-03-18
CUST_006478,Barbara Anderson,Small Business,1,2021-07-23
CUST_006479,Karen Martinez,Consumer,0,2022-08-04
CUST_006480,Michael Williams,Consumer,0,2019-10-08
CUST_006481,Sarah Davis,Consumer,1,2021-08-04
CUST_006482,David Martinez,Small Business,0,2021-10-01
CUST_006483,William Hernandez,Corporate,1,2023-09-02
CUST_006484,Elizabeth Smith,Consumer,0,2020-06-06
CUST_006485,William Martinez,Consumer,1,2021-04-01
CUST_006486,William Hernandez,Consumer,0,2023-10-20
CUST_006487,Michael Jones,Consumer,0,2021-07-05
CUST_006488,Daniel Martinez,Consumer,0,2022-01-16
CUST_006489,Karen Davis,Consumer,0,2023-09-08
CUST_006490,William Wilson,Corporate,0,2020-04-18
CUST_006491,Thomas Lopez,Corporate,0,2020-07-28
CUST_006492,Christopher Williams,Consumer,0,2023-03-22
CUST_006493,Linda Johnson,Corporate,1,2020-11-11
CUST_006494,Robert Rodriguez,Small Business,0,2023-03-02
CUST_006495,William Rodriguez,Consumer,1,2019-07-18
CUST_006496,Jennifer Hernandez,Consumer,0,2019-08-01
CUST_006497,Mary Garcia,Consumer,0,2022-02-10
CUST_006498,James Martinez,Corporate,0,2020-10-13
CUST_006499,Robert Anderson,Consumer,0,2019-03-14
CUST_006500,Thomas Brown,Corporate,1,2022-05-09
CUST_006501,Thomas Davis,Consumer,0,2022-03-10
CUST_006502,Lisa Johnson,Consumer,0,2021-04-09
CUST_006503,Richard Anderson,Consumer,0,2020-06-01
CUST_006504,Linda Gonzalez,Consumer,0,2023-01-28
CUST_006505,Nancy Rodriguez,Consumer,0,2020-05-27
CUST_006506,Robert Smith,Small Business,0,2021-12-02
CUST_006507,Joseph Rodriguez,Consumer,0,2019-11-22
CUST_006508,Jessica Miller,Consumer,0,2021-08-07
CUST_006509,Robert Garcia,Consumer,1,2021-06-27
CUST_006510,Lisa Jones,Consumer,1,2022-09-13
CUST_006511,Jennifer Martinez,Consumer,1,2023-07-14
CUST_006512,Barbara Miller,Consumer,0,2022-09-02
CUST_006513,Linda Martinez,Consumer,0,2020-09-07
CUST_006514,Karen Brown,Consumer,0,2020-06-10
CUST_006515,Elizabeth Rodriguez,Corporate,0,2021-01-14
CUST_006516,Elizabeth Garcia,Consumer,1,2023-12-12
CUST_006517,Susan Martinez,Consumer,1,2022-06-23
CUST_006518,Richard Miller,Consumer,0,2023-04-12
CUST_006519,Nancy Hernandez,Corporate,0,2020-12-16
CUST_006520,John Hernandez,Consumer,0,2022-05-19
CUST_006521,Joseph Brown,Consumer,1,2022-09-15
CUST_006522,Sarah Brown,Corporate,0,2021-06-05
CUST_006523,Barbara Lopez,Corporate,1,2023-04-12
CUST_006524,Robert Smith,Corporate,0,2020-02-06
CUST_006525,Thomas Wilson,Consumer,0,2021-10-16
CUST_006526,William Gonzalez,Small Business,0,2022-07-24
CUST_006527,Michael Hernandez,Small Business,0,2022-08-28
CUST_006528,Susan Rodriguez,Corporate,1,2023-03-12
CUST_006529,Jessica Martinez,Corporate,0,2021-09-21
CUST_006530,Thomas Hernandez,Consumer,1,2019-12-03
CUST_006531,John Hernandez,Consumer,1,2023-04-12
CUST_006532,Lisa Lopez,Consumer,1,2022-08-04
CUST_006533,Michael Johnson,Consumer,0,2022-09-07
CUST_006534,Richard Martinez,Small Business,0,2020-05-01
CUST_006535,Richard Miller,VIP Loyalty,1,2019-08-26
CUST_006536,Sarah Wilson,Consumer,1,2020-05-11
CUST_006537,Karen Anderson,Consumer,0,2023-01-25
CUST_006538,Linda Smith,Corporate,1,2023-07-01
CUST_006539,James Martinez,Consumer,1,2022-12-03
CUST_006540,Charles Brown,VIP Loyalty,1,2021-10-02
CUST_006541,William Gonzalez,Consumer,0,2021-10-11
CUST_006542,Michael Gonzalez,Consumer,0,2023-01-27
CUST_006543,Michael Smith,Consumer,0,2019-05-19
CUST_006544,Patricia Lopez,Consumer,0,2023-03-01
CUST_006545,Robert Johnson,Corporate,1,2022-09-07
CUST_006546,Mary Miller,Consumer,0,2021-11-02
CUST_006547,Thomas Williams,Consumer,1,2021-09-25
CUST_006548,Richard Garcia,Consumer,1,2023-02-07
CUST_006549,Thomas Garcia,Corporate,0,2021-01-14
CUST_006550,Jennifer Gonzalez,Consumer,1,2019-07-11
CUST_006551,Nancy Miller,Consumer,0,2019-09-07
CUST_006552,Nancy Rodriguez,Consumer,1,2021-02-16
CUST_006553,Linda Miller,Consumer,1,2020-10-21
CUST_006554,William Williams,Consumer,0,2021-04-12
CUST_006555,Joseph Wilson,Consumer,1,2020-03-21
CUST_006556,Richard Lopez,Consumer,0,2023-01-07
CUST_006557,James Brown,Consumer,0,2023-02-14
CUST_006558,Susan Lopez,Consumer,0,2023-10-28
CUST_006559,Thomas Brown,Consumer,0,2022-04-08
CUST_006560,Mary Gonzalez,VIP Loyalty,1,2022-09-21
CUST_006561,Nancy Martinez,Consumer,1,2019-09-07
CUST_006562,Mary Miller,Corporate,0,2021-06-24
CUST_006563,Jessica Martinez,VIP Loyalty,1,2021-06-02
CUST_006564,Mary Gonzalez,Consumer,0,2023-11-20
CUST_006565,Karen Davis,Corporate,0,2021-12-18
CUST_006566,Richard Hernandez,Consumer,0,2021-03-06
CUST_006567,Daniel Williams,Consumer,0,2022-07-25
CUST_006568,William Smith,Corporate,0,2020-06-25
CUST_006569,Michael Anderson,VIP Loyalty,1,2020-05-14
CUST_006570,Sarah Martinez,VIP Loyalty,1,2023-06-23
CUST_006571,Nancy Rodriguez,Consumer,0,2019-03-22
CUST_006572,Jennifer Smith,Consumer,1,2020-05-01
CUST_006573,Nancy Anderson,Small Business,1,2021-03-27
CUST_006574,Thomas Lopez,Corporate,0,2021-04-05
CUST_006575,Robert Rodriguez,Consumer,0,2023-12-19
CUST_006576,Daniel Wilson,Consumer,1,2023-06-08
CUST_006577,Jennifer Martinez,Corporate,0,2022-06-16
CUST_006578,Nancy Hernandez,Consumer,0,2023-10-02
CUST_006579,Karen Gonzalez,Small Business,0,2019-09-05
CUST_006580,Robert Brown,Consumer,1,2023-01-09
CUST_006581,Richard Brown,Consumer,0,2022-01-11
CUST_006582,Richard Rodriguez,Consumer,1,2020-04-14
CUST_006583,Patricia Lopez,Consumer,1,2019-08-11
CUST_006584,Susan Smith,Corporate,1,2019-08-14
CUST_006585,Joseph Martinez,Corporate,0,2019-09-22
CUST_006586,Jessica Williams,Small Business,1,2023-05-14
CUST_006587,Karen Williams,Small Business,1,2020-04-21
CUST_006588,Robert Williams,Consumer,1,2023-03-15
CUST_006589,Charles Jones,Corporate,1,2021-12-23
CUST_006590,Susan Smith,Corporate,0,2021-06-14
CUST_006591,John Garcia,Consumer,0,2023-05-01
CUST_006592,Barbara Anderson,VIP Loyalty,1,2020-03-07
CUST_006593,David Lopez,VIP Loyalty,1,2020-07-27
CUST_006594,Christopher Rodriguez,VIP Loyalty,1,2019-06-25
CUST_006595,James Williams,Consumer,0,2019-10-04
CUST_006596,Karen Hernandez,Consumer,0,2021-07-01
CUST_006597,Jessica Johnson,Corporate,0,2021-10-21
CUST_006598,Mary Hernandez,Consumer,0,2022-02-02
CUST_006599,William Lopez,Consumer,0,2021-09-16
CUST_006600,Jennifer Hernandez,Consumer,0,2022-10-21
CUST_006601,Joseph Miller,Consumer,1,2020-10-19
CUST_006602,Daniel Wilson,Consumer,0,2021-11-11
CUST_006603,Sarah Johnson,Consumer,1,2022-06-17
CUST_006604,David Anderson,Small Business,0,2023-01-20
CUST_006605,Christopher Brown,VIP Loyalty,1,2022-08-03
CUST_006606,Christopher Martinez,Corporate,0,2019-10-07
CUST_006607,Sarah Brown,Consumer,0,2019-07-05
CUST_006608,James Anderson,Consumer,0,2021-10-10
CUST_006609,Sarah Martinez,Corporate,1,2021-02-26
CUST_006610,David Rodriguez,Small Business,0,2020-01-26
CUST_006611,Lisa Davis,VIP Loyalty,1,2023-04-15
CUST_006612,Mary Hernandez,Corporate,1,2022-04-05
CUST_006613,Elizabeth Lopez,Consumer,0,2021-01-18
CUST_006614,Karen Rodriguez,VIP Loyalty,1,2019-06-06
CUST_006615,Elizabeth Williams,Consumer,1,2020-03-01
CUST_006616,Sarah Anderson,Corporate,0,2020-10-22
CUST_006617,Nancy Williams,Corporate,1,2019-05-07
CUST_006618,Charles Anderson,Corporate,1,2021-01-09
CUST_006619,Karen Miller,Corporate,1,2023-10-27
CUST_006620,Richard Williams,VIP Loyalty,1,2020-04-12
CUST_006621,Sarah Williams,Small Business,1,2020-06-04
CUST_006622,Patricia Hernandez,Consumer,0,2020-05-11
CUST_006623,Michael Hernandez,Corporate,1,2023-09-09
CUST_006624,William Johnson,Corporate,0,2022-11-14
CUST_006625,Christopher Rodriguez,Consumer,0,2022-03-14
CUST_006626,Charles Hernandez,Consumer,1,2022-10-13
CUST_006627,Barbara Hernandez,Consumer,0,2023-03-10
CUST_006628,Christopher Wilson,Consumer,0,2022-10-02
CUST_006629,Thomas Smith,Consumer,0,2022-10-21
CUST_006630,John Williams,Consumer,1,2020-04-07
CUST_006631,James Smith,Consumer,0,2020-01-19
CUST_006632,Patricia Gonzalez,Small Business,0,2023-05-12
CUST_006633,Michael Hernandez,Consumer,0,2021-09-24
CUST_006634,Robert Rodriguez,Consumer,1,2022-06-11
CUST_006635,Christopher Garcia,Consumer,0,2021-10-21
CUST_006636,Daniel Brown,Small Business,0,2021-12-01
CUST_006637,Nancy Jones,Consumer,1,2023-10-06
CUST_006638,Michael Williams,Consumer,1,2021-02-01
CUST_006639,Elizabeth Lopez,Consumer,0,2021-01-20
CUST_006640,Elizabeth Gonzalez,VIP Loyalty,1,2023-09-11
CUST_006641,John Hernandez,Consumer,0,2020-03-04
CUST_006642,Jessica Garcia,Corporate,0,2022-08-25
CUST_006643,Linda Davis,Consumer,0,2020-02-16
CUST_006644,Nancy Anderson,Consumer,0,2020-07-05
CUST_006645,Daniel Davis,Corporate,0,2021-11-23
CUST_006646,Karen Jones,Consumer,1,2019-01-19
CUST_006647,Patricia Rodriguez,Corporate,0,2019-12-26
CUST_006648,Patricia Jones,Small Business,1,2022-12-23
CUST_006649,Linda Davis,Consumer,0,2021-02-06
CUST_006650,Thomas Lopez,Consumer,0,2023-05-23
CUST_006651,Michael Johnson,Consumer,1,2020-01-25
CUST_006652,Linda Johnson,Corporate,0,2022-06-19
CUST_006653,Linda Garcia,Consumer,1,2021-05-26
CUST_006654,Susan Anderson,Consumer,1,2022-09-26
CUST_006655,Michael Miller,Small Business,0,2019-07-25
CUST_006656,Nancy Martinez,Small Business,0,2020-08-25
CUST_006657,James Williams,Consumer,1,2020-01-03
CUST_006658,Mary Rodriguez,Consumer,0,2019-09-07
CUST_006659,Richard Smith,Consumer,1,2023-10-14
CUST_006660,David Jones,Consumer,0,2023-12-25
CUST_006661,Daniel Martinez,VIP Loyalty,1,2022-12-28
CUST_006662,Lisa Brown,Consumer,1,2021-02-10
CUST_006663,Jennifer Miller,Consumer,0,2021-08-12
CUST_006664,Nancy Anderson,Consumer,1,2020-07-06
CUST_006665,Thomas Johnson,Corporate,0,2022-12-18
CUST_006666,Linda Rodriguez,Small Business,1,2021-04-21
CUST_006667,William Gonzalez,Consumer,0,2023-09-18
CUST_006668,Karen Williams,Consumer,1,2019-08-18
CUST_006669,Nancy Wilson,Consumer,0,2023-10-04
CUST_006670,Barbara Miller,Corporate,0,2021-04-02
CUST_006671,Karen Anderson,Consumer,1,2020-08-24
CUST_006672,Linda Jones,Consumer,1,2022-07-05
CUST_006673,Elizabeth Smith,Small Business,1,2020-12-12
CUST_006674,Karen Anderson,Small Business,0,2021-07-11
CUST_006675,Joseph Jones,Consumer,1,2023-07-20
CUST_006676,Karen Martinez,Consumer,0,2020-05-28
CUST_006677,Mary Martinez,Consumer,0,2020-02-24
CUST_006678,Susan Williams,Consumer,1,2020-04-11
CUST_006679,Sarah Wilson,Small Business,0,2021-07-21
CUST_006680,Karen Anderson,Corporate,1,2023-06-02
CUST_006681,Karen Lopez,Consumer,1,2023-10-06
CUST_006682,James Johnson,Consumer,0,2019-03-20
CUST_006683,John Miller,Consumer,0,2022-02-02
CUST_006684,Susan Lopez,Consumer,0,2022-07-13
CUST_006685,Joseph Wilson,Consumer,0,2019-10-17
CUST_006686,John Smith,Small Business,0,2021-02-20
CUST_006687,Mary Hernandez,Small Business,1,2020-05-03
CUST_006688,William Brown,Consumer,1,2021-01-25
CUST_006689,Barbara Hernandez,Small Business,0,2022-02-16
CUST_006690,Christopher Davis,Consumer,1,2022-12-11
CUST_006691,Robert Brown,Consumer,1,2023-11-03
CUST_006692,Sarah Smith,Consumer,1,2019-04-07
CUST_006693,Daniel Gonzalez,Consumer,1,2020-07-03
CUST_006694,Jessica Garcia,Consumer,0,2021-06-16
CUST_006695,Sarah Anderson,Consumer,1,2021-08-03
CUST_006696,Mary Lopez,Small Business,1,2020-04-25
CUST_006697,Joseph Smith,Consumer,0,2020-05-11
CUST_006698,Patricia Martinez,Consumer,0,2021-09-16
CUST_006699,Christopher Hernandez,Consumer,0,2020-08-20
CUST_006700,Jessica Johnson,Consumer,1,2021-11-14
CUST_006701,John Rodriguez,Corporate,1,2022-05-18
CUST_006702,David Hernandez,Consumer,0,2020-04-13
CUST_006703,Joseph Davis,Consumer,0,2022-04-12
CUST_006704,William Brown,Consumer,0,2021-07-13
CUST_006705,Sarah Jones,Consumer,0,2022-02-03
CUST_006706,Thomas Martinez,Consumer,0,2022-04-22
CUST_006707,Elizabeth Miller,VIP Loyalty,1,2021-08-19
CUST_006708,Robert Lopez,VIP Loyalty,1,2022-06-12
CUST_006709,Lisa Gonzalez,VIP Loyalty,1,2019-01-22
CUST_006710,Elizabeth Martinez,Corporate,0,2019-08-23
CUST_006711,Daniel Garcia,Consumer,1,2023-07-06
CUST_006712,Linda Williams,Small Business,0,2021-10-20
CUST_006713,Susan Rodriguez,Consumer,1,2023-03-21
CUST_006714,Michael Rodriguez,Small Business,1,2022-08-21
CUST_006715,Jessica Miller,Consumer,0,2022-04-03
CUST_006716,James Gonzalez,Small Business,0,2023-11-18
CUST_006717,Lisa Jones,Consumer,1,2019-10-26
CUST_006718,John Wilson,VIP Loyalty,1,2020-01-07
CUST_006719,Michael Gonzalez,VIP Loyalty,1,2022-05-24
CUST_006720,Lisa Lopez,Small Business,0,2022-04-11
CUST_006721,Joseph Davis,Corporate,0,2019-11-24
CUST_006722,Karen Wilson,Consumer,1,2020-06-04
CUST_006723,Patricia Miller,Consumer,1,2021-04-15
CUST_006724,William Jones,Corporate,0,2019-10-01
CUST_006725,Jessica Jones,Consumer,1,2021-03-04
CUST_006726,Barbara Gonzalez,Consumer,0,2020-05-25
CUST_006727,Daniel Johnson,Consumer,0,2023-07-25
CUST_006728,John Davis,Consumer,0,2022-04-07
CUST_006729,Nancy Johnson,Corporate,1,2022-11-24
CUST_006730,Barbara Martinez,Consumer,0,2023-02-10
CUST_006731,Linda Garcia,Consumer,1,2021-04-18
CUST_006732,Barbara Garcia,Consumer,1,2020-03-09
CUST_006733,Susan Brown,Corporate,1,2022-11-02
CUST_006734,Sarah Johnson,Corporate,1,2022-04-10
CUST_006735,Elizabeth Hernandez,Small Business,0,2020-07-22
CUST_006736,Daniel Lopez,Consumer,1,2023-01-16
CUST_006737,Charles Lopez,Consumer,1,2023-07-15
CUST_006738,Jennifer Brown,Consumer,0,2023-03-02
CUST_006739,Thomas Anderson,Consumer,1,2019-06-04
CUST_006740,Christopher Anderson,Consumer,0,2021-08-13
CUST_006741,Charles Anderson,VIP Loyalty,1,2021-03-26
CUST_006742,Elizabeth Lopez,Consumer,0,2021-03-02
CUST_006743,Robert Hernandez,Consumer,0,2020-07-09
CUST_006744,Charles Wilson,Consumer,0,2022-02-25
CUST_006745,Joseph Jones,Consumer,1,2022-01-10
CUST_006746,Barbara Garcia,Small Business,0,2022-05-17
CUST_006747,Karen Martinez,Consumer,0,2023-08-17
CUST_006748,John Jones,Consumer,0,2020-03-22
CUST_006749,Linda Brown,Consumer,0,2023-04-03
CUST_006750,Christopher Jones,Consumer,1,2019-09-18
CUST_006751,William Gonzalez,Corporate,1,2021-08-08
CUST_006752,Richard Williams,Consumer,1,2021-01-18
CUST_006753,Susan Wilson,Consumer,0,2023-06-16
CUST_006754,Jennifer Johnson,Consumer,0,2020-12-04
CUST_006755,William Brown,Consumer,0,2019-04-05
CUST_006756,Jennifer Garcia,Corporate,0,2020-07-17
CUST_006757,Barbara Lopez,Consumer,1,2021-08-09
CUST_006758,Joseph Lopez,Consumer,1,2022-05-25
CUST_006759,John Wilson,Corporate,0,2023-02-17
CUST_006760,James Anderson,VIP Loyalty,1,2022-02-26
CUST_006761,Charles Davis,Corporate,0,2023-03-06
CUST_006762,Elizabeth Davis,Consumer,0,2021-03-13
CUST_006763,Joseph Davis,Consumer,0,2022-09-22
CUST_006764,Nancy Wilson,VIP Loyalty,1,2021-07-27
CUST_006765,Michael Garcia,Consumer,1,2020-07-15
CUST_006766,Jessica Smith,Corporate,0,2023-03-27
CUST_006767,Richard Rodriguez,Consumer,0,2019-02-04
CUST_006768,Barbara Davis,Corporate,0,2023-07-04
CUST_006769,Linda Wilson,Corporate,1,2022-03-10
CUST_006770,Nancy Garcia,Consumer,0,2022-04-26
CUST_006771,David Lopez,Consumer,1,2020-07-07
CUST_006772,Sarah Williams,VIP Loyalty,1,2022-04-02
CUST_006773,William Martinez,Corporate,0,2019-08-27
CUST_006774,Nancy Gonzalez,Corporate,0,2020-03-08
CUST_006775,Karen Gonzalez,VIP Loyalty,1,2021-02-23
CUST_006776,James Hernandez,Consumer,1,2020-05-03
CUST_006777,Elizabeth Rodriguez,Corporate,0,2021-07-02
CUST_006778,Charles Lopez,Consumer,1,2021-01-03
CUST_006779,Karen Lopez,Consumer,0,2019-09-22
CUST_006780,Lisa Williams,Corporate,1,2022-06-16
CUST_006781,Jennifer Johnson,Small Business,0,2023-10-03
CUST_006782,Charles Davis,Consumer,0,2023-10-26
CUST_006783,Jennifer Hernandez,Consumer,0,2022-02-03
CUST_006784,Richard Brown,Consumer,1,2022-07-12
CUST_006785,Linda Jones,VIP Loyalty,1,2021-08-21
CUST_006786,Robert Miller,Consumer,0,2022-01-04
CUST_006787,Karen Garcia,Consumer,0,2019-07-04
CUST_006788,Richard Garcia,Small Business,0,2021-08-19
CUST_006789,Jennifer Johnson,Consumer,0,2020-12-21
CUST_006790,Nancy Brown,Corporate,0,2022-07-11
CUST_006791,Michael Gonzalez,Consumer,0,2020-05-10
CUST_006792,Susan Hernandez,Consumer,1,2019-03-26
CUST_006793,Linda Hernandez,VIP Loyalty,1,2022-04-27
CUST_006794,Jennifer Hernandez,Consumer,1,2019-02-17
CUST_006795,Christopher Martinez,Consumer,1,2022-11-01
CUST_006796,Patricia Garcia,Consumer,0,2022-02-01
CUST_006797,Lisa Martinez,Consumer,0,2023-06-24
CUST_006798,James Lopez,Consumer,0,2020-09-10
CUST_006799,Christopher Smith,Consumer,0,2020-03-23
CUST_006800,John Anderson,Consumer,1,2020-02-27
CUST_006801,Jessica Miller,Consumer,0,2019-06-10
CUST_006802,Richard Davis,Consumer,1,2020-09-22
CUST_006803,Barbara Lopez,Corporate,0,2023-09-06
CUST_006804,Christopher Miller,Consumer,1,2022-01-03
CUST_006805,Richard Rodriguez,Consumer,1,2021-03-04
CUST_006806,Charles Williams,Consumer,1,2020-06-10
CUST_006807,Patricia Wilson,Consumer,0,2023-09-19
CUST_006808,Susan Williams,Consumer,0,2023-06-23
CUST_006809,David Johnson,Consumer,0,2019-06-24
CUST_006810,Thomas Smith,Consumer,0,2020-10-23
CUST_006811,Michael Miller,Corporate,1,2019-12-15
CUST_006812,William Miller,Consumer,0,2021-09-06
CUST_006813,Michael Lopez,Consumer,1,2021-06-22
CUST_006814,David Lopez,Corporate,0,2021-01-15
CUST_006815,James Jones,VIP Loyalty,1,2021-02-24
CUST_006816,William Rodriguez,Consumer,0,2019-08-03
CUST_006817,Thomas Miller,Consumer,1,2020-01-24
CUST_006818,Nancy Martinez,Corporate,0,2019-06-19
CUST_006819,Linda Garcia,Consumer,1,2023-02-12
CUST_006820,Michael Garcia,Consumer,1,2023-03-21
CUST_006821,Daniel Rodriguez,VIP Loyalty,1,2020-03-07
CUST_006822,Linda Jones,VIP Loyalty,1,2021-01-26
CUST_006823,Richard Smith,Small Business,0,2023-07-02
CUST_006824,Mary Williams,Corporate,0,2020-05-19
CUST_006825,Elizabeth Garcia,Consumer,0,2022-03-21
CUST_006826,Linda Rodriguez,Small Business,1,2023-09-01
CUST_006827,Joseph Gonzalez,Consumer,0,2019-06-09
CUST_006828,Karen Martinez,Small Business,0,2021-07-21
CUST_006829,Thomas Miller,Consumer,1,2019-07-22
CUST_006830,Karen Williams,Corporate,0,2020-03-14
CUST_006831,Richard Smith,Consumer,1,2023-11-06
CUST_006832,James Williams,Consumer,1,2023-12-12
CUST_006833,James Rodriguez,Consumer,0,2020-09-12
CUST_006834,Patricia Garcia,Consumer,0,2019-07-18
CUST_006835,Lisa Jones,Consumer,1,2022-09-04
CUST_006836,Daniel Anderson,Corporate,1,2020-08-20
CUST_006837,Charles Miller,Small Business,1,2022-01-23
CUST_006838,Jennifer Martinez,Consumer,0,2022-07-22
CUST_006839,Nancy Hernandez,Consumer,1,2019-09-25
CUST_006840,Linda Brown,Consumer,1,2023-02-18
CUST_006841,Sarah Hernandez,Consumer,1,2020-08-16
CUST_006842,Thomas Johnson,Consumer,1,2019-06-24
CUST_006843,Michael Smith,Consumer,1,2019-08-04
CUST_006844,Jessica Miller,Consumer,1,2019-05-26
CUST_006845,Patricia Williams,VIP Loyalty,1,2021-09-04
CUST_006846,Sarah Hernandez,Small Business,1,2019-04-03
CUST_006847,Jessica Wilson,Corporate,0,2020-06-21
CUST_006848,Michael Williams,Consumer,0,2021-12-14
CUST_006849,William Lopez,Consumer,1,2022-08-19
CUST_006850,Barbara Garcia,Corporate,1,2022-06-16
CUST_006851,Joseph Johnson,Corporate,0,2019-08-12
CUST_006852,Nancy Martinez,Consumer,0,2021-01-22
CUST_006853,Christopher Garcia,Consumer,1,2023-05-22
CUST_006854,Mary Davis,Corporate,1,2019-08-15
CUST_006855,Jennifer Rodriguez,Consumer,0,2020-09-05
CUST_006856,Richard Lopez,Consumer,0,2021-05-07
CUST_006857,Richard Miller,Consumer,0,2021-10-09
CUST_006858,Patricia Wilson,Consumer,0,2020-09-06
CUST_006859,Jessica Rodriguez,Consumer,0,2022-09-13
CUST_006860,Michael Anderson,Corporate,0,2020-04-01
CUST_006861,John Gonzalez,Consumer,0,2021-09-07
CUST_006862,John Miller,Consumer,0,2019-01-26
CUST_006863,Nancy Brown,Consumer,0,2022-01-15
CUST_006864,Nancy Smith,Small Business,1,2022-11-17
CUST_006865,Nancy Garcia,Consumer,1,2022-05-19
CUST_006866,Nancy Gonzalez,Consumer,0,2019-12-13
CUST_006867,Jessica Jones,Corporate,0,2022-09-21
CUST_006868,Susan Miller,Corporate,1,2022-08-27
CUST_006869,Karen Johnson,Consumer,1,2020-11-15
CUST_006870,Susan Davis,Consumer,1,2021-12-16
CUST_006871,Michael Anderson,VIP Loyalty,1,2020-03-08
CUST_006872,Karen Davis,Corporate,1,2023-06-26
CUST_006873,Thomas Gonzalez,Consumer,0,2023-12-02
CUST_006874,Elizabeth Miller,Small Business,0,2020-01-15
CUST_006875,John Anderson,Corporate,0,2019-04-11
CUST_006876,Thomas Johnson,Consumer,0,2021-04-24
CUST_006877,David Jones,Small Business,1,2021-08-27
CUST_006878,Nancy Garcia,Corporate,0,2023-07-18
CUST_006879,John Garcia,Consumer,0,2019-08-24
CUST_006880,William Hernandez,Consumer,1,2020-11-25
CUST_006881,Christopher Anderson,Consumer,1,2019-04-11
CUST_006882,James Lopez,Consumer,0,2019-07-26
CUST_006883,Jessica Smith,Consumer,1,2022-09-27
CUST_006884,John Williams,Consumer,0,2021-04-14
CUST_006885,Mary Rodriguez,Consumer,0,2020-05-01
CUST_006886,Linda Garcia,Consumer,0,2020-02-26
CUST_006887,Christopher Miller,Consumer,1,2021-06-02
CUST_006888,Nancy Smith,Corporate,0,2022-03-05
CUST_006889,Thomas Lopez,Small Business,0,2023-05-05
CUST_006890,Karen Williams,Consumer,0,2021-03-06
CUST_006891,Nancy Hernandez,Consumer,1,2021-03-25
CUST_006892,Christopher Smith,Corporate,0,2021-07-11
CUST_006893,Elizabeth Miller,Corporate,1,2021-11-06
CUST_006894,Mary Wilson,Consumer,0,2023-10-18
CUST_006895,Michael Jones,Consumer,0,2020-05-05
CUST_006896,David Brown,Consumer,0,2021-02-18
CUST_006897,Sarah Garcia,Consumer,1,2022-01-16
CUST_006898,William Hernandez,Consumer,1,2020-06-20
CUST_006899,Michael Davis,Consumer,0,2019-08-11
CUST_006900,Thomas Rodriguez,Small Business,1,2023-02-05
CUST_006901,Thomas Davis,Consumer,0,2021-08-26
CUST_006902,Linda Lopez,Consumer,0,2021-12-14
CUST_006903,Patricia Smith,Consumer,1,2020-10-07
CUST_006904,Linda Wilson,Consumer,0,2020-01-05
CUST_006905,Elizabeth Martinez,Corporate,1,2022-12-05
CUST_006906,Robert Miller,Consumer,0,2020-01-26
CUST_006907,Elizabeth Smith,VIP Loyalty,1,2019-04-09
CUST_006908,Michael Anderson,Corporate,0,2022-05-15
CUST_006909,Elizabeth Smith,Small Business,0,2021-08-23
CUST_006910,Lisa Anderson,Consumer,1,2019-10-16
CUST_006911,Karen Davis,Corporate,1,2020-10-09
CUST_006912,Sarah Anderson,Consumer,1,2023-11-06
CUST_006913,Linda Davis,Consumer,0,2019-11-03
CUST_006914,James Lopez,Corporate,0,2019-01-22
CUST_006915,Barbara Lopez,Consumer,0,2023-03-28
CUST_006916,Christopher Hernandez,Consumer,1,2021-07-10
CUST_006917,Linda Jones,Consumer,0,2021-01-13
CUST_006918,Lisa Gonzalez,Consumer,0,2023-03-12
CUST_006919,Joseph Williams,VIP Loyalty,1,2019-08-11
CUST_006920,John Jones,Consumer,0,2023-12-17
CUST_006921,Linda Brown,Corporate,0,2020-12-02
CUST_006922,Richard Smith,Consumer,0,2021-01-26
CUST_006923,Mary Williams,Small Business,0,2022-01-23
CUST_006924,Lisa Rodriguez,Consumer,0,2019-08-23
CUST_006925,Christopher Martinez,Consumer,0,2021-04-25
CUST_006926,Patricia Wilson,Corporate,1,2021-08-27
CUST_006927,John Wilson,Consumer,1,2021-02-28
CUST_006928,John Hernandez,Corporate,0,2020-02-15
CUST_006929,David Davis,Consumer,0,2022-06-22
CUST_006930,Jessica Wilson,Consumer,1,2023-10-26
CUST_006931,Richard Davis,Consumer,1,2019-04-05
CUST_006932,Daniel Wilson,Small Business,0,2020-11-16
CUST_006933,Sarah Johnson,Consumer,0,2019-09-27
CUST_006934,Linda Gonzalez,VIP Loyalty,1,2023-11-05
CUST_006935,Lisa Gonzalez,Consumer,0,2021-10-11
CUST_006936,Joseph Martinez,VIP Loyalty,1,2019-12-04
CUST_006937,Patricia Jones,Small Business,0,2023-04-08
CUST_006938,David Jones,Consumer,1,2022-01-11
CUST_006939,Robert Garcia,VIP Loyalty,1,2023-01-23
CUST_006940,John Brown,Consumer,0,2022-05-07
CUST_006941,Christopher Davis,VIP Loyalty,1,2022-02-23
CUST_006942,John Johnson,Consumer,1,2022-10-13
CUST_006943,Lisa Davis,Corporate,1,2022-02-23
CUST_006944,Linda Lopez,VIP Loyalty,1,2023-07-28
CUST_006945,Michael Smith,Consumer,0,2023-11-17
CUST_006946,Elizabeth Anderson,VIP Loyalty,1,2023-05-08
CUST_006947,William Martinez,Consumer,1,2021-02-25
CUST_006948,James Williams,Corporate,1,2020-05-09
CUST_006949,Daniel Gonzalez,Corporate,1,2023-12-14
CUST_006950,Daniel Miller,Corporate,0,2019-01-08
CUST_006951,Joseph Wilson,Consumer,0,2020-09-10
CUST_006952,Robert Jones,Corporate,0,2020-10-26
CUST_006953,Charles Gonzalez,Corporate,0,2022-09-08
CUST_006954,Barbara Garcia,Consumer,0,2019-11-02
CUST_006955,William Miller,Corporate,1,2019-05-15
CUST_006956,Karen Davis,Consumer,0,2021-04-19
CUST_006957,Jennifer Smith,Corporate,0,2022-01-19
CUST_006958,James Hernandez,Consumer,0,2022-09-23
CUST_006959,Linda Rodriguez,Consumer,1,2022-08-04
CUST_006960,Nancy Johnson,Consumer,0,2020-07-18
CUST_006961,Mary Rodriguez,Consumer,1,2020-10-03
CUST_006962,William Hernandez,Consumer,1,2023-12-15
CUST_006963,Daniel Smith,Corporate,1,2020-02-17
CUST_006964,James Wilson,Consumer,1,2020-12-28
CUST_006965,John Smith,VIP Loyalty,1,2021-04-27
CUST_006966,Richard Hernandez,Consumer,0,2021-09-11
CUST_006967,William Garcia,VIP Loyalty,1,2020-05-09
CUST_006968,James Miller,Small Business,0,2019-01-15
CUST_006969,Susan Rodriguez,Consumer,1,2023-03-18
CUST_006970,William Brown,Consumer,0,2022-09-26
CUST_006971,Jennifer Garcia,Consumer,0,2021-01-20
CUST_006972,Elizabeth Smith,Consumer,0,2019-08-14
CUST_006973,Lisa Smith,Consumer,0,2019-07-23
CUST_006974,William Smith,Consumer,1,2022-11-08
CUST_006975,Daniel Lopez,Consumer,0,2021-08-12
CUST_006976,Christopher Brown,Consumer,1,2020-03-20
CUST_006977,Patricia Davis,Small Business,0,2019-08-24
CUST_006978,Robert Jones,Consumer,1,2020-09-15
CUST_006979,Jennifer Davis,Corporate,1,2023-11-26
CUST_006980,Karen Hernandez,Consumer,1,2021-04-26
CUST_006981,John Davis,Consumer,1,2019-04-26
CUST_006982,Michael Gonzalez,Corporate,1,2021-06-06
CUST_006983,Jennifer Wilson,Consumer,1,2022-07-14
CUST_006984,Sarah Hernandez,Consumer,1,2020-07-26
CUST_006985,Elizabeth Wilson,Consumer,0,2023-07-20
CUST_006986,Sarah Anderson,Consumer,0,2023-04-19
CUST_006987,Christopher Johnson,Corporate,0,2022-07-12
CUST_006988,Barbara Johnson,Corporate,1,2023-10-07
CUST_006989,Charles Davis,Consumer,0,2023-05-26
CUST_006990,David Brown,Consumer,0,2019-08-04
CUST_006991,William Williams,Consumer,0,2020-12-23
CUST_006992,Mary Williams,Consumer,1,2023-09-02
CUST_006993,Sarah Anderson,Consumer,1,2023-02-14
CUST_006994,Christopher Williams,VIP Loyalty,1,2020-09-02
CUST_006995,Thomas Martinez,Consumer,0,2023-02-10
CUST_006996,Barbara Hernandez,VIP Loyalty,1,2022-05-27
CUST_006997,Christopher Martinez,Consumer,1,2020-12-14
CUST_006998,Jennifer Hernandez,VIP Loyalty,1,2023-06-21
CUST_006999,Jessica Johnson,Corporate,0,2022-08-03
CUST_007000,Michael Wilson,Consumer,0,2023-03-22
CUST_007001,Mary Miller,Consumer,1,2021-03-20
CUST_007002,Thomas Gonzalez,Consumer,0,2023-10-14
CUST_007003,Patricia Miller,Consumer,0,2020-01-06
CUST_007004,Jessica Johnson,Consumer,0,2020-11-12
CUST_007005,Robert Johnson,Corporate,1,2019-09-15
CUST_007006,Linda Lopez,Consumer,0,2020-02-18
CUST_007007,Charles Wilson,Consumer,0,2023-10-13
CUST_007008,Daniel Garcia,Consumer,0,2022-11-10
CUST_007009,William Miller,Corporate,0,2021-02-28
CUST_007010,Charles Smith,Consumer,1,2023-06-06
CUST_007011,Nancy Lopez,Small Business,0,2021-11-03
CUST_007012,Daniel Gonzalez,Small Business,0,2021-09-09
CUST_007013,John Garcia,Small Business,1,2019-12-09
CUST_007014,Robert Jones,Small Business,1,2019-12-03
CUST_007015,Michael Miller,Consumer,0,2022-10-15
CUST_007016,Jennifer Jones,Small Business,1,2021-03-10
CUST_007017,Michael Gonzalez,Consumer,0,2022-06-14
CUST_007018,Joseph Smith,Consumer,0,2019-08-22
CUST_007019,Patricia Johnson,Small Business,0,2022-05-24
CUST_007020,Richard Jones,Small Business,0,2023-10-22
CUST_007021,Lisa Gonzalez,Corporate,1,2021-02-23
CUST_007022,Jessica Gonzalez,Consumer,1,2020-05-17
CUST_007023,Nancy Garcia,VIP Loyalty,1,2023-10-15
CUST_007024,Mary Hernandez,Consumer,1,2019-09-08
CUST_007025,Thomas Davis,Small Business,1,2023-06-20
CUST_007026,Susan Smith,Consumer,0,2022-02-04
CUST_007027,Karen Rodriguez,Small Business,0,2019-02-03
CUST_007028,Karen Jones,Corporate,0,2021-01-27
CUST_007029,Joseph Davis,Corporate,0,2022-03-23
CUST_007030,Susan Garcia,Consumer,1,2023-03-21
CUST_007031,Charles Williams,Consumer,1,2023-10-02
CUST_007032,Christopher Johnson,Small Business,1,2021-02-19
CUST_007033,Charles Smith,VIP Loyalty,1,2022-08-25
CUST_007034,Thomas Smith,Consumer,0,2022-01-13
CUST_007035,Lisa Lopez,Corporate,0,2023-08-12
CUST_007036,William Smith,Corporate,1,2023-10-27
CUST_007037,Lisa Anderson,Consumer,1,2020-10-18
CUST_007038,William Jones,Consumer,0,2021-04-03
CUST_007039,Charles Rodriguez,Small Business,0,2019-06-17
CUST_007040,Robert Miller,VIP Loyalty,1,2019-09-12
CUST_007041,Nancy Anderson,Consumer,1,2023-04-15
CUST_007042,Nancy Gonzalez,Consumer,0,2020-03-18
CUST_007043,Susan Davis,Consumer,0,2023-07-21
CUST_007044,Michael Gonzalez,Consumer,1,2021-02-06
CUST_007045,Charles Anderson,Consumer,0,2023-07-20
CUST_007046,Susan Garcia,Consumer,1,2022-01-24
CUST_007047,Christopher Jones,Consumer,1,2019-09-05
CUST_007048,Joseph Brown,Small Business,0,2020-09-16
CUST_007049,Lisa Lopez,Consumer,0,2023-09-15
CUST_007050,Sarah Brown,Consumer,0,2023-10-12
CUST_007051,Elizabeth Gonzalez,Consumer,0,2022-08-19
CUST_007052,Charles Jones,Consumer,1,2020-05-10
CUST_007053,Nancy Williams,Consumer,0,2023-02-13
CUST_007054,Karen Williams,Consumer,1,2019-05-02
CUST_007055,James Gonzalez,Consumer,0,2020-08-15
CUST_007056,David Gonzalez,Consumer,1,2021-01-10
CUST_007057,Thomas Wilson,Small Business,1,2019-08-24
CUST_007058,Joseph Brown,Consumer,0,2022-10-21
CUST_007059,Michael Jones,Corporate,0,2022-10-16
CUST_007060,Thomas Miller,Small Business,1,2020-10-02
CUST_007061,Mary Lopez,Small Business,0,2022-12-15
CUST_007062,Michael Davis,Consumer,0,2019-07-20
CUST_007063,William Rodriguez,VIP Loyalty,1,2019-02-08
CUST_007064,Linda Garcia,Consumer,0,2020-03-07
CUST_007065,John Gonzalez,Consumer,1,2020-02-27
CUST_007066,Mary Brown,Corporate,0,2023-04-18
CUST_007067,David Davis,Consumer,0,2021-08-26
CUST_007068,Patricia Lopez,Consumer,0,2019-02-27
CUST_007069,Linda Smith,Small Business,1,2023-12-20
CUST_007070,Karen Gonzalez,VIP Loyalty,1,2022-04-22
CUST_007071,Mary Gonzalez,Corporate,0,2019-10-12
CUST_007072,Daniel Hernandez,Small Business,0,2023-09-12
CUST_007073,Thomas Jones,Small Business,0,2021-01-27
CUST_007074,Joseph Williams,Consumer,0,2022-12-24
CUST_007075,John Hernandez,Corporate,0,2021-07-26
CUST_007076,James Brown,Consumer,1,2023-08-20
CUST_007077,Richard Smith,Consumer,0,2021-08-26
CUST_007078,Christopher Miller,Consumer,1,2022-11-08
CUST_007079,Joseph Davis,Corporate,0,2022-06-15
CUST_007080,Karen Hernandez,Consumer,0,2023-07-17
CUST_007081,Linda Jones,Consumer,0,2022-06-21
CUST_007082,Christopher Brown,Consumer,0,2021-03-05
CUST_007083,Charles Davis,Consumer,0,2023-10-06
CUST_007084,James Wilson,Consumer,1,2023-01-15
CUST_007085,Patricia Lopez,Consumer,0,2023-06-27
CUST_007086,Mary Wilson,Small Business,0,2021-04-06
CUST_007087,Nancy Williams,Corporate,0,2020-08-13
CUST_007088,Karen Miller,Consumer,0,2021-01-08
CUST_007089,Sarah Miller,Consumer,0,2021-12-24
CUST_007090,David Davis,Consumer,0,2019-06-12
CUST_007091,Sarah Rodriguez,Consumer,0,2022-02-16
CUST_007092,James Brown,Consumer,0,2021-04-20
CUST_007093,John Johnson,Consumer,0,2021-02-05
CUST_007094,Daniel Rodriguez,Corporate,1,2019-01-24
CUST_007095,Sarah Miller,Consumer,1,2022-08-12
CUST_007096,Barbara Jones,Consumer,0,2022-04-06
CUST_007097,Charles Garcia,Consumer,0,2021-03-08
CUST_007098,Patricia Hernandez,Consumer,0,2021-04-06
CUST_007099,Lisa Jones,Corporate,0,2023-02-07
CUST_007100,William Anderson,Small Business,1,2023-11-05
CUST_007101,Thomas Jones,Consumer,1,2019-09-22
CUST_007102,Patricia Anderson,Consumer,0,2020-05-21
CUST_007103,Christopher Lopez,Corporate,0,2022-02-01
CUST_007104,Lisa Lopez,Consumer,1,2023-06-04
CUST_007105,Nancy Garcia,Consumer,1,2023-07-04
CUST_007106,Charles Hernandez,Consumer,1,2022-08-25
CUST_007107,Elizabeth Hernandez,Consumer,0,2021-09-20
CUST_007108,Sarah Smith,Consumer,1,2023-11-21
CUST_007109,Lisa Garcia,Consumer,1,2019-04-13
CUST_007110,Lisa Hernandez,Consumer,0,2019-01-19
CUST_007111,Karen Anderson,Consumer,0,2023-06-11
CUST_007112,Nancy Garcia,Consumer,1,2020-01-20
CUST_007113,Thomas Jones,Consumer,0,2020-08-24
CUST_007114,Nancy Davis,Consumer,0,2022-08-04
CUST_007115,Susan Rodriguez,Consumer,0,2021-04-12
CUST_007116,Patricia Smith,Consumer,1,2019-04-01
CUST_007117,Nancy Wilson,Small Business,0,2019-12-13
CUST_007118,Susan Martinez,Small Business,1,2021-07-14
CUST_007119,William Jones,Consumer,0,2021-04-12
CUST_007120,Linda Davis,Consumer,1,2023-09-02
CUST_007121,Sarah Smith,Consumer,0,2021-04-19
CUST_007122,Elizabeth Garcia,Consumer,1,2020-06-18
CUST_007123,Robert Brown,Consumer,1,2023-08-14
CUST_007124,Thomas Williams,Consumer,1,2020-06-06
CUST_007125,John Davis,Consumer,1,2023-07-01
CUST_007126,Sarah Johnson,Corporate,0,2023-04-04
CUST_007127,Robert Williams,VIP Loyalty,1,2022-12-20
CUST_007128,Michael Miller,Consumer,0,2019-06-22
CUST_007129,Karen Martinez,Consumer,0,2021-08-06
CUST_007130,Barbara Johnson,Small Business,0,2022-06-26
CUST_007131,Michael Williams,Corporate,0,2023-04-17
CUST_007132,Thomas Davis,Consumer,0,2021-12-11
CUST_007133,Elizabeth Miller,Consumer,0,2020-07-13
CUST_007134,Jessica Wilson,Consumer,1,2021-08-10
CUST_007135,Barbara Lopez,Corporate,0,2023-12-04
CUST_007136,Charles Brown,Consumer,1,2023-12-18
CUST_007137,Michael Wilson,Consumer,1,2021-01-25
CUST_007138,Robert Anderson,Consumer,1,2020-03-28
CUST_007139,Robert Wilson,Consumer,1,2022-04-21
CUST_007140,Lisa Jones,Small Business,0,2020-10-05
CUST_007141,Thomas Rodriguez,Consumer,0,2019-12-05
CUST_007142,John Hernandez,Consumer,0,2022-03-01
CUST_007143,David Gonzalez,Consumer,1,2020-08-28
CUST_007144,Daniel Hernandez,Consumer,1,2021-08-06
CUST_007145,Elizabeth Garcia,Consumer,0,2022-11-09
CUST_007146,Michael Smith,Consumer,0,2019-11-06
CUST_007147,Lisa Rodriguez,Small Business,0,2020-02-05
CUST_007148,Susan Jones,Consumer,0,2020-04-09
CUST_007149,Patricia Smith,Consumer,0,2019-07-07
CUST_007150,Patricia Rodriguez,Consumer,0,2020-10-04
CUST_007151,Thomas Hernandez,VIP Loyalty,1,2021-06-01
CUST_007152,Susan Wilson,Consumer,0,2022-12-02
CUST_007153,David Hernandez,Corporate,1,2019-03-14
CUST_007154,Jessica Smith,Consumer,0,2022-05-20
CUST_007155,Karen Rodriguez,Corporate,0,2021-05-02
CUST_007156,Nancy Johnson,Corporate,1,2023-12-28
CUST_007157,Robert Brown,Consumer,0,2023-02-01
CUST_007158,Karen Miller,Corporate,1,2019-07-05
CUST_007159,Nancy Smith,Consumer,0,2021-04-09
CUST_007160,Christopher Lopez,VIP Loyalty,1,2021-01-28
CUST_007161,David Gonzalez,Consumer,1,2019-08-13
CUST_007162,Linda Johnson,Consumer,1,2020-11-05
CUST_007163,James Rodriguez,Corporate,0,2020-01-06
CUST_007164,David Davis,Corporate,0,2020-05-16
CUST_007165,Mary Rodriguez,Consumer,1,2019-10-25
CUST_007166,Charles Martinez,VIP Loyalty,1,2021-09-05
CUST_007167,Sarah Davis,Small Business,0,2019-08-25
CUST_007168,Daniel Gonzalez,Consumer,0,2019-07-04
CUST_007169,Elizabeth Davis,Consumer,1,2020-09-16
CUST_007170,Karen Wilson,Corporate,0,2020-12-14
CUST_007171,Nancy Hernandez,Consumer,0,2020-04-05
CUST_007172,Lisa Johnson,Consumer,1,2022-11-24
CUST_007173,Robert Lopez,Consumer,1,2019-10-19
CUST_007174,James Johnson,Consumer,0,2019-09-08
CUST_007175,James Martinez,Consumer,1,2019-04-07
CUST_007176,William Martinez,Consumer,0,2020-05-26
CUST_007177,Thomas Miller,Consumer,0,2019-03-01
CUST_007178,Linda Johnson,Corporate,1,2023-01-27
CUST_007179,Charles Hernandez,Small Business,0,2022-07-27
CUST_007180,Nancy Jones,Consumer,0,2020-09-13
CUST_007181,Barbara Gonzalez,Corporate,0,2022-07-08
CUST_007182,Thomas Williams,Consumer,1,2021-06-12
CUST_007183,Barbara Hernandez,Corporate,0,2020-05-21
CUST_007184,Daniel Davis,Corporate,1,2023-11-08
CUST_007185,Christopher Garcia,Corporate,0,2019-03-16
CUST_007186,Linda Anderson,Consumer,1,2020-07-26
CUST_007187,Elizabeth Johnson,Consumer,0,2022-02-04
CUST_007188,John Miller,Small Business,1,2020-04-06
CUST_007189,Christopher Hernandez,Consumer,0,2019-07-12
CUST_007190,John Garcia,Small Business,1,2021-02-02
CUST_007191,Patricia Gonzalez,Corporate,0,2023-05-18
CUST_007192,Lisa Anderson,Consumer,0,2023-07-02
CUST_007193,Charles Davis,Consumer,0,2021-10-12
CUST_007194,Daniel Wilson,Consumer,0,2023-08-25
CUST_007195,William Miller,Consumer,0,2023-07-13
CUST_007196,Robert Lopez,Corporate,0,2023-05-05
CUST_007197,Patricia Hernandez,Small Business,0,2022-07-16
CUST_007198,Sarah Martinez,Corporate,0,2020-08-23
CUST_007199,John Brown,Consumer,0,2020-07-24
CUST_007200,Karen Davis,Consumer,1,2022-08-12
CUST_007201,Elizabeth Johnson,Consumer,1,2020-11-02
CUST_007202,Patricia Garcia,Consumer,1,2019-06-22
CUST_007203,Jessica Hernandez,Consumer,1,2023-10-27
CUST_007204,James Garcia,Consumer,1,2019-06-14
CUST_007205,Mary Rodriguez,Consumer,1,2019-01-24
CUST_007206,Mary Smith,Small Business,1,2021-09-23
CUST_007207,Barbara Jones,Consumer,1,2023-11-16
CUST_007208,Nancy Wilson,Consumer,1,2020-10-21
CUST_007209,Joseph Miller,Consumer,1,2020-07-04
CUST_007210,Nancy Rodriguez,Consumer,0,2019-10-28
CUST_007211,Karen Hernandez,VIP Loyalty,1,2023-05-24
CUST_007212,Nancy Smith,Consumer,0,2019-05-05
CUST_007213,Patricia Anderson,Consumer,0,2020-03-21
CUST_007214,Jennifer Jones,Consumer,1,2020-03-21
CUST_007215,Patricia Gonzalez,Corporate,0,2020-04-27
CUST_007216,Patricia Jones,VIP Loyalty,1,2020-10-12
CUST_007217,Lisa Brown,Consumer,0,2023-10-11
CUST_007218,David Johnson,VIP Loyalty,1,2022-01-12
CUST_007219,Susan Johnson,Consumer,1,2021-10-25
CUST_007220,Barbara Gonzalez,Small Business,1,2022-01-21
CUST_007221,Linda Anderson,Consumer,0,2019-11-25
CUST_007222,Christopher Garcia,VIP Loyalty,1,2020-09-16
CUST_007223,James Wilson,Small Business,0,2020-06-06
CUST_007224,William Wilson,Small Business,1,2023-07-03
CUST_007225,Daniel Gonzalez,Small Business,0,2020-02-23
CUST_007226,Thomas Rodriguez,Consumer,0,2019-10-12
CUST_007227,Daniel Smith,Corporate,1,2023-12-17
CUST_007228,Christopher Jones,Consumer,0,2020-05-14
CUST_007229,Lisa Anderson,Consumer,0,2022-04-19
CUST_007230,Charles Garcia,Consumer,0,2019-03-12
CUST_007231,Nancy Johnson,Consumer,1,2022-02-08
CUST_007232,Mary Hernandez,Corporate,0,2020-07-17
CUST_007233,Jessica Williams,Consumer,1,2019-07-16
CUST_007234,William Miller,Consumer,0,2022-12-26
CUST_007235,Nancy Garcia,Corporate,1,2019-11-24
CUST_007236,Linda Davis,Consumer,0,2021-12-07
CUST_007237,Sarah Garcia,Consumer,0,2021-06-14
CUST_007238,James Brown,Consumer,0,2019-06-14
CUST_007239,Charles Davis,Consumer,1,2022-08-23
CUST_007240,Christopher Martinez,Consumer,1,2022-10-22
CUST_007241,Mary Davis,Consumer,1,2019-09-25
CUST_007242,Nancy Martinez,Small Business,1,2019-01-01
CUST_007243,Robert Gonzalez,Consumer,1,2023-12-11
CUST_007244,Barbara Garcia,Consumer,1,2023-07-15
CUST_007245,William Davis,Consumer,0,2023-11-10
CUST_007246,Barbara Wilson,Consumer,1,2020-04-15
CUST_007247,Karen Rodriguez,Corporate,1,2019-08-10
CUST_007248,Karen Gonzalez,Consumer,0,2020-11-03
CUST_007249,James Johnson,Consumer,0,2021-04-10
CUST_007250,Thomas Smith,Consumer,1,2021-05-03
CUST_007251,Lisa Lopez,Consumer,0,2021-11-08
CUST_007252,Mary Rodriguez,Consumer,0,2020-12-23
CUST_007253,Linda Miller,Consumer,0,2023-12-10
CUST_007254,Michael Williams,Consumer,0,2020-08-23
CUST_007255,Barbara Brown,Small Business,0,2022-07-28
CUST_007256,Richard Wilson,Consumer,1,2023-08-20
CUST_007257,Mary Davis,Small Business,0,2023-05-12
CUST_007258,Michael Hernandez,Corporate,0,2022-07-13
CUST_007259,Patricia Martinez,Consumer,1,2023-08-04
CUST_007260,Mary Rodriguez,Consumer,0,2020-11-05
CUST_007261,Nancy Rodriguez,Consumer,0,2022-10-04
CUST_007262,Thomas Johnson,Corporate,0,2019-10-03
CUST_007263,Jennifer Smith,Consumer,1,2019-02-28
CUST_007264,Jennifer Williams,Consumer,1,2023-07-14
CUST_007265,Mary Williams,Consumer,1,2019-09-17
CUST_007266,Sarah Miller,Consumer,0,2023-01-26
CUST_007267,Charles Hernandez,VIP Loyalty,1,2023-07-18
CUST_007268,Richard Garcia,Corporate,0,2023-07-05
CUST_007269,Michael Smith,Corporate,1,2019-02-23
CUST_007270,Karen Wilson,Consumer,1,2023-04-06
CUST_007271,Daniel Anderson,Consumer,0,2022-10-13
CUST_007272,Karen Wilson,Consumer,1,2020-06-14
CUST_007273,Patricia Davis,Consumer,0,2020-07-14
CUST_007274,Thomas Williams,Consumer,0,2019-08-09
CUST_007275,Robert Smith,Consumer,1,2019-03-03
CUST_007276,Richard Brown,Corporate,0,2020-09-17
CUST_007277,William Brown,Consumer,0,2020-11-18
CUST_007278,Michael Anderson,Corporate,0,2021-08-14
CUST_007279,Linda Brown,Consumer,1,2022-05-14
CUST_007280,Richard Wilson,Small Business,0,2022-03-11
CUST_007281,Nancy Martinez,Consumer,0,2023-12-19
CUST_007282,Jessica Brown,VIP Loyalty,1,2019-07-28
CUST_007283,Charles Davis,Corporate,0,2023-05-12
CUST_007284,Charles Johnson,Small Business,1,2022-11-26
CUST_007285,Sarah Jones,Corporate,1,2020-12-02
CUST_007286,James Martinez,Corporate,0,2019-02-26
CUST_007287,Karen Williams,Consumer,0,2021-08-12
CUST_007288,James Garcia,Small Business,0,2020-11-16
CUST_007289,Barbara Smith,Consumer,1,2021-12-28
CUST_007290,Mary Martinez,Consumer,0,2021-07-16
CUST_007291,Richard Wilson,Small Business,1,2023-12-10
CUST_007292,Charles Smith,Corporate,0,2022-07-10
CUST_007293,Elizabeth Martinez,Corporate,0,2019-02-09
CUST_007294,Nancy Hernandez,Corporate,0,2021-04-18
CUST_007295,Nancy Williams,Consumer,0,2021-01-09
CUST_007296,Charles Anderson,Consumer,0,2019-03-04
CUST_007297,Susan Johnson,Corporate,1,2019-03-07
CUST_007298,John Gonzalez,Consumer,0,2019-02-10
CUST_007299,David Lopez,Consumer,1,2023-02-20
CUST_007300,Barbara Gonzalez,Consumer,1,2022-11-03
CUST_007301,Michael Anderson,VIP Loyalty,1,2020-01-11
CUST_007302,Lisa Williams,Corporate,1,2023-03-18
CUST_007303,Michael Davis,Consumer,0,2020-09-22
CUST_007304,John Jones,Consumer,0,2021-10-03
CUST_007305,Lisa Martinez,Consumer,0,2020-02-12
CUST_007306,Patricia Davis,Consumer,0,2022-02-17
CUST_007307,Susan Wilson,Small Business,1,2020-08-18
CUST_007308,James Miller,Corporate,1,2023-03-06
CUST_007309,Michael Wilson,Consumer,0,2023-03-24
CUST_007310,Nancy Johnson,Consumer,0,2019-10-09
CUST_007311,Thomas Williams,Consumer,1,2023-02-12
CUST_007312,Patricia Jones,Small Business,1,2019-07-23
CUST_007313,Lisa Martinez,Consumer,1,2022-03-24
CUST_007314,Karen Jones,Consumer,0,2020-12-07
CUST_007315,James Smith,Small Business,0,2020-02-04
CUST_007316,Michael Gonzalez,Consumer,0,2020-07-21
CUST_007317,James Jones,Consumer,1,2020-01-04
CUST_007318,Linda Wilson,Consumer,1,2023-06-12
CUST_007319,Lisa Lopez,Consumer,0,2022-01-14
CUST_007320,Karen Jones,Corporate,0,2021-12-14
CUST_007321,Mary Johnson,Consumer,0,2020-01-12
CUST_007322,Christopher Anderson,Consumer,0,2022-11-17
CUST_007323,Linda Jones,Consumer,0,2023-09-26
CUST_007324,Linda Hernandez,VIP Loyalty,1,2023-09-18
CUST_007325,Michael Martinez,Consumer,0,2020-08-18
CUST_007326,Patricia Gonzalez,VIP Loyalty,1,2023-04-19
CUST_007327,Charles Jones,Consumer,0,2023-06-17
CUST_007328,Karen Martinez,Consumer,0,2023-02-10
CUST_007329,Robert Hernandez,Consumer,1,2023-03-20
CUST_007330,Patricia Jones,Consumer,0,2020-04-19
CUST_007331,Patricia Gonzalez,Consumer,0,2021-11-02
CUST_007332,Robert Rodriguez,Consumer,0,2021-03-23
CUST_007333,Charles Anderson,Consumer,0,2022-07-25
CUST_007334,William Williams,Small Business,0,2021-02-20
CUST_007335,Michael Garcia,Consumer,0,2020-04-01
CUST_007336,Daniel Anderson,Small Business,0,2020-11-08
CUST_007337,Richard Smith,Consumer,1,2022-05-21
CUST_007338,Jessica Miller,Corporate,0,2021-10-03
CUST_007339,Richard Gonzalez,Consumer,1,2023-07-17
CUST_007340,James Rodriguez,Consumer,0,2020-02-07
CUST_007341,Nancy Lopez,Small Business,0,2021-05-26
CUST_007342,Patricia Lopez,Consumer,1,2020-09-27
CUST_007343,Richard Garcia,Consumer,1,2020-09-01
CUST_007344,Jennifer Wilson,Consumer,0,2020-07-13
CUST_007345,Jessica Gonzalez,Consumer,0,2021-06-26
CUST_007346,Michael Gonzalez,Corporate,0,2021-07-17
CUST_007347,Karen Anderson,VIP Loyalty,1,2022-01-24
CUST_007348,Patricia Johnson,Small Business,1,2020-07-19
CUST_007349,Jennifer Rodriguez,Consumer,0,2022-09-17
CUST_007350,Patricia Anderson,Consumer,0,2023-09-24
CUST_007351,Jessica Davis,Consumer,0,2019-11-11
CUST_007352,John Miller,Consumer,1,2022-03-13
CUST_007353,Charles Johnson,Corporate,1,2020-08-16
CUST_007354,Robert Lopez,Consumer,1,2023-01-20
CUST_007355,Joseph Gonzalez,Consumer,0,2019-12-24
CUST_007356,William Johnson,Consumer,0,2021-01-27
CUST_007357,Christopher Hernandez,Corporate,0,2019-06-07
CUST_007358,Mary Johnson,Consumer,0,2021-03-15
CUST_007359,James Williams,Consumer,1,2023-08-11
CUST_007360,Karen Davis,Consumer,1,2020-10-10
CUST_007361,William Miller,Consumer,0,2019-10-02
CUST_007362,Jessica Wilson,Corporate,0,2019-04-05
CUST_007363,Barbara Miller,Consumer,0,2022-04-21
CUST_007364,John Rodriguez,Small Business,0,2022-08-07
CUST_007365,Lisa Brown,Consumer,0,2019-06-07
CUST_007366,Jennifer Johnson,Corporate,0,2021-04-04
CUST_007367,Richard Lopez,Consumer,0,2022-07-08
CUST_007368,Robert Davis,Corporate,0,2022-09-26
CUST_007369,Patricia Rodriguez,Small Business,0,2020-06-13
CUST_007370,Joseph Davis,Corporate,1,2022-05-24
CUST_007371,Mary Johnson,Consumer,1,2023-11-24
CUST_007372,Jennifer Rodriguez,Consumer,1,2020-05-06
CUST_007373,Karen Williams,Consumer,0,2021-02-15
CUST_007374,Jennifer Wilson,Consumer,1,2021-09-17
CUST_007375,Charles Gonzalez,Consumer,1,2020-06-03
CUST_007376,Elizabeth Davis,Consumer,1,2020-11-07
CUST_007377,James Davis,Consumer,0,2021-12-03
CUST_007378,Barbara Miller,Consumer,1,2021-02-08
CUST_007379,Nancy Hernandez,Corporate,0,2022-07-09
CUST_007380,David Martinez,Corporate,0,2020-08-04
CUST_007381,Richard Anderson,Consumer,0,2021-07-18
CUST_007382,Linda Johnson,Corporate,0,2022-07-04
CUST_007383,Christopher Miller,Corporate,0,2022-09-10
CUST_007384,Susan Hernandez,Consumer,1,2022-03-07
CUST_007385,Christopher Smith,Small Business,0,2019-04-26
CUST_007386,Patricia Hernandez,Consumer,0,2023-09-04
CUST_007387,Daniel Rodriguez,Corporate,0,2023-06-19
CUST_007388,Patricia Garcia,Consumer,0,2019-02-20
CUST_007389,Jennifer Johnson,Corporate,0,2020-01-10
CUST_007390,Elizabeth Jones,Corporate,0,2019-01-03
CUST_007391,Mary Wilson,Consumer,0,2020-05-22
CUST_007392,Lisa Brown,Corporate,0,2021-08-14
CUST_007393,Karen Hernandez,Consumer,1,2022-04-16
CUST_007394,Michael Johnson,Small Business,0,2019-08-20
CUST_007395,Jennifer Gonzalez,Small Business,0,2021-08-16
CUST_007396,Susan Johnson,Consumer,1,2022-09-14
CUST_007397,James Smith,Consumer,0,2021-03-24
CUST_007398,Karen Williams,Corporate,1,2023-09-19
CUST_007399,Richard Gonzalez,Consumer,1,2019-04-01
CUST_007400,Lisa Martinez,Consumer,0,2022-03-23
CUST_007401,Sarah Jones,VIP Loyalty,1,2023-03-25
CUST_007402,Lisa Wilson,Corporate,0,2020-03-10
CUST_007403,Christopher Johnson,Consumer,0,2022-03-17
CUST_007404,Lisa Davis,Corporate,1,2019-09-01
CUST_007405,Joseph Williams,Corporate,0,2022-07-08
CUST_007406,James Smith,Consumer,0,2019-03-22
CUST_007407,Thomas Wilson,Corporate,0,2019-05-14
CUST_007408,Charles Martinez,Small Business,1,2019-04-04
CUST_007409,William Johnson,VIP Loyalty,1,2019-07-21
CUST_007410,Susan Jones,Consumer,0,2023-09-08
CUST_007411,Nancy Jones,Consumer,0,2019-11-05
CUST_007412,Charles Garcia,Corporate,0,2019-08-12
CUST_007413,Richard Wilson,VIP Loyalty,1,2020-04-26
CUST_007414,Susan Wilson,Consumer,0,2023-08-19
CUST_007415,Karen Martinez,VIP Loyalty,1,2020-01-04
CUST_007416,Linda Anderson,Small Business,1,2021-04-20
CUST_007417,Jessica Williams,Small Business,0,2023-10-14
CUST_007418,Karen Hernandez,Consumer,0,2019-07-23
CUST_007419,Christopher Garcia,Corporate,0,2022-09-15
CUST_007420,Richard Martinez,Consumer,0,2023-09-05
CUST_007421,Charles Davis,Small Business,1,2023-09-11
CUST_007422,Mary Gonzalez,Consumer,0,2020-03-21
CUST_007423,Thomas Johnson,VIP Loyalty,1,2019-11-23
CUST_007424,Daniel Martinez,Consumer,0,2023-03-11
CUST_007425,Mary Martinez,Consumer,0,2019-09-08
CUST_007426,Linda Miller,Small Business,1,2019-01-27
CUST_007427,Richard Anderson,Consumer,1,2022-08-08
CUST_007428,James Hernandez,Small Business,0,2019-07-01
CUST_007429,Mary Davis,Consumer,0,2020-03-21
CUST_007430,John Martinez,Corporate,0,2023-03-09
CUST_007431,Lisa Miller,Corporate,0,2023-11-18
CUST_007432,Elizabeth Jones,Consumer,1,2021-04-01
CUST_007433,David Smith,Consumer,1,2022-10-16
CUST_007434,Joseph Wilson,Consumer,1,2020-05-13
CUST_007435,Daniel Martinez,Consumer,1,2019-02-20
CUST_007436,Daniel Lopez,Consumer,0,2019-12-16
CUST_007437,Karen Williams,Corporate,1,2021-10-08
CUST_007438,Jessica Brown,Small Business,1,2022-04-02
CUST_007439,David Brown,Consumer,1,2019-10-08
CUST_007440,Jennifer Wilson,Consumer,1,2019-09-11
CUST_007441,Susan Gonzalez,Consumer,1,2022-08-09
CUST_007442,Michael Miller,Consumer,0,2020-11-02
CUST_007443,Karen Rodriguez,Small Business,1,2023-11-08
CUST_007444,Thomas Wilson,Consumer,1,2022-03-07
CUST_007445,David Smith,Corporate,0,2021-01-16
CUST_007446,Richard Garcia,Consumer,0,2023-08-18
CUST_007447,Jennifer Jones,Small Business,0,2022-06-21
CUST_007448,Patricia Gonzalez,Consumer,0,2023-03-06
CUST_007449,Linda Hernandez,Consumer,0,2021-10-28
CUST_007450,Karen Williams,Consumer,1,2022-10-18
CUST_007451,Nancy Anderson,Consumer,0,2023-09-09
CUST_007452,John Johnson,Consumer,0,2020-08-26
CUST_007453,James Johnson,Consumer,0,2023-05-03
CUST_007454,Linda Lopez,Consumer,0,2020-12-12
CUST_007455,Christopher Brown,Corporate,0,2019-05-25
CUST_007456,John Hernandez,VIP Loyalty,1,2021-10-06
CUST_007457,Nancy Brown,Small Business,0,2023-03-18
CUST_007458,Thomas Davis,Consumer,0,2019-09-21
CUST_007459,William Hernandez,Consumer,1,2023-02-04
CUST_007460,Barbara Williams,Consumer,1,2021-05-17
CUST_007461,Mary Gonzalez,Consumer,0,2021-03-12
CUST_007462,Barbara Hernandez,Small Business,1,2023-12-10
CUST_007463,David Johnson,Consumer,0,2022-01-01
CUST_007464,Linda Anderson,Corporate,0,2020-09-27
CUST_007465,Patricia Brown,Small Business,0,2023-06-04
CUST_007466,Linda Anderson,Consumer,1,2021-09-13
CUST_007467,Daniel Davis,Corporate,0,2022-02-08
CUST_007468,Sarah Davis,Consumer,0,2023-06-28
CUST_007469,Karen Smith,Consumer,0,2023-10-24
CUST_007470,Thomas Gonzalez,Small Business,1,2022-12-15
CUST_007471,Patricia Anderson,Small Business,1,2021-12-13
CUST_007472,Barbara Rodriguez,Consumer,0,2020-08-03
CUST_007473,James Gonzalez,Corporate,0,2019-12-07
CUST_007474,Daniel Brown,Consumer,0,2023-12-20
CUST_007475,Robert Hernandez,Consumer,0,2022-08-23
CUST_007476,Daniel Hernandez,Consumer,0,2019-02-10
CUST_007477,Nancy Johnson,Consumer,0,2019-07-19
CUST_007478,Jessica Smith,VIP Loyalty,1,2020-11-19
CUST_007479,Joseph Hernandez,Consumer,0,2021-11-05
CUST_007480,Joseph Brown,Consumer,1,2020-09-09
CUST_007481,Karen Brown,Consumer,0,2023-03-10
CUST_007482,John Brown,Small Business,0,2021-12-15
CUST_007483,Robert Hernandez,Small Business,0,2019-08-11
CUST_007484,William Wilson,Consumer,1,2020-01-23
CUST_007485,William Smith,Consumer,1,2020-05-28
CUST_007486,Lisa Gonzalez,Consumer,0,2019-09-03
CUST_007487,Richard Anderson,Corporate,0,2023-08-06
CUST_007488,Elizabeth Martinez,Consumer,0,2022-11-13
CUST_007489,James Rodriguez,Consumer,0,2022-05-04
CUST_007490,Patricia Rodriguez,Corporate,0,2019-04-14
CUST_007491,Elizabeth Garcia,Consumer,0,2019-01-01
CUST_007492,Charles Rodriguez,Consumer,0,2023-06-20
CUST_007493,Daniel Hernandez,Consumer,0,2020-02-21
CUST_007494,Michael Miller,Small Business,0,2023-01-04
CUST_007495,Charles Brown,Consumer,0,2021-04-24
CUST_007496,Thomas Lopez,Consumer,0,2021-05-02
CUST_007497,David Davis,Corporate,0,2021-04-18
CUST_007498,Joseph Jones,VIP Loyalty,1,2022-04-04
CUST_007499,Karen Rodriguez,Consumer,0,2021-08-23
CUST_007500,James Davis,Small Business,1,2019-01-19
CUST_007501,Richard Williams,Consumer,0,2022-04-14
CUST_007502,Nancy Rodriguez,Small Business,1,2019-12-10
CUST_007503,Mary Williams,Consumer,1,2023-10-24
CUST_007504,Sarah Johnson,VIP Loyalty,1,2019-02-28
CUST_007505,Robert Williams,VIP Loyalty,1,2019-07-02
CUST_007506,James Davis,Corporate,0,2019-07-05
CUST_007507,Susan Davis,Consumer,0,2023-07-24
CUST_007508,Susan Rodriguez,Consumer,0,2021-10-09
CUST_007509,Christopher Miller,Consumer,1,2020-04-20
CUST_007510,Richard Williams,Consumer,1,2022-01-23
CUST_007511,Daniel Garcia,Consumer,1,2022-08-17
CUST_007512,Lisa Johnson,Small Business,0,2022-06-16
CUST_007513,Sarah Martinez,VIP Loyalty,1,2022-09-15
CUST_007514,William Anderson,Consumer,0,2019-08-03
CUST_007515,Patricia Johnson,VIP Loyalty,1,2022-11-02
CUST_007516,James Gonzalez,Consumer,1,2023-04-27
CUST_007517,James Anderson,Consumer,1,2023-05-03
CUST_007518,John Gonzalez,Consumer,0,2019-07-17
CUST_007519,Thomas Brown,Consumer,1,2020-01-03
CUST_007520,Michael Martinez,Consumer,0,2019-08-24
CUST_007521,Elizabeth Hernandez,Consumer,1,2023-08-19
CUST_007522,Linda Jones,Consumer,0,2019-04-28
CUST_007523,John Garcia,Corporate,0,2020-04-14
CUST_007524,Robert Hernandez,Corporate,0,2022-09-26
CUST_007525,James Smith,Consumer,0,2020-01-12
CUST_007526,Karen Davis,Consumer,1,2021-07-15
CUST_007527,Susan Martinez,Corporate,1,2019-11-19
CUST_007528,Nancy Hernandez,VIP Loyalty,1,2022-09-23
CUST_007529,Susan Hernandez,Corporate,1,2019-01-02
CUST_007530,Elizabeth Wilson,Consumer,0,2022-08-19
CUST_007531,Karen Johnson,Consumer,1,2020-02-08
CUST_007532,Elizabeth Williams,Small Business,0,2021-09-15
CUST_007533,Patricia Smith,Consumer,0,2020-01-18
CUST_007534,Susan Williams,VIP Loyalty,1,2019-06-01
CUST_007535,William Wilson,Consumer,0,2020-06-01
CUST_007536,Daniel Hernandez,Consumer,1,2022-11-20
CUST_007537,Karen Martinez,Consumer,0,2020-11-01
CUST_007538,Daniel Miller,Corporate,1,2023-01-02
CUST_007539,Daniel Johnson,Consumer,0,2022-01-23
CUST_007540,Thomas Anderson,Consumer,1,2020-11-17
CUST_007541,Lisa Gonzalez,Consumer,0,2021-03-04
CUST_007542,William Jones,Consumer,1,2019-01-02
CUST_007543,Susan Garcia,Consumer,0,2022-11-14
CUST_007544,Michael Jones,Corporate,0,2019-11-10
CUST_007545,Nancy Lopez,Consumer,0,2022-12-13
CUST_007546,Christopher Smith,Consumer,0,2023-06-09
CUST_007547,Robert Johnson,Consumer,0,2019-08-16
CUST_007548,Nancy Jones,Consumer,0,2023-06-25
CUST_007549,James Gonzalez,Consumer,1,2022-05-21
CUST_007550,Charles Davis,VIP Loyalty,1,2022-08-10
CUST_007551,Karen Smith,Consumer,1,2022-10-06
CUST_007552,Joseph Anderson,Consumer,0,2022-06-06
CUST_007553,Joseph Garcia,Consumer,1,2022-02-06
CUST_007554,Jennifer Martinez,Consumer,1,2023-03-16
CUST_007555,Richard Lopez,Consumer,0,2022-10-07
CUST_007556,Patricia Johnson,VIP Loyalty,1,2021-06-23
CUST_007557,Barbara Williams,VIP Loyalty,1,2021-03-07
CUST_007558,Susan Jones,Corporate,0,2020-12-15
CUST_007559,Charles Johnson,Consumer,0,2020-05-27
CUST_007560,Joseph Martinez,Consumer,1,2023-12-15
CUST_007561,Susan Smith,VIP Loyalty,1,2022-10-21
CUST_007562,Richard Smith,Consumer,1,2023-05-25
CUST_007563,Elizabeth Jones,Consumer,0,2022-12-21
CUST_007564,David Gonzalez,VIP Loyalty,1,2019-05-05
CUST_007565,James Gonzalez,Consumer,1,2023-09-24
CUST_007566,Robert Wilson,Consumer,0,2021-09-07
CUST_007567,John Martinez,Consumer,0,2019-09-24
CUST_007568,Nancy Anderson,Consumer,1,2020-10-27
CUST_007569,Mary Miller,Consumer,0,2019-06-13
CUST_007570,Charles Jones,Corporate,1,2019-03-17
CUST_007571,Elizabeth Wilson,Consumer,0,2022-11-20
CUST_007572,Lisa Garcia,Consumer,0,2020-07-28
CUST_007573,Patricia Miller,Consumer,0,2022-01-11
CUST_007574,Elizabeth Jones,Consumer,0,2020-03-16
CUST_007575,David Wilson,Consumer,0,2021-10-23
CUST_007576,William Johnson,Consumer,0,2020-11-21
CUST_007577,James Wilson,Small Business,0,2022-07-07
CUST_007578,Lisa Lopez,VIP Loyalty,1,2022-02-26
CUST_007579,Susan Wilson,Small Business,0,2020-03-25
CUST_007580,Richard Davis,Consumer,1,2021-10-24
CUST_007581,Mary Hernandez,Corporate,0,2022-07-17
CUST_007582,Lisa Davis,Consumer,0,2020-07-15
CUST_007583,James Garcia,Consumer,0,2023-03-15
CUST_007584,Lisa Johnson,Corporate,0,2022-07-24
CUST_007585,Karen Garcia,VIP Loyalty,1,2022-10-28
CUST_007586,Elizabeth Anderson,Consumer,1,2020-10-23
CUST_007587,William Rodriguez,Corporate,0,2019-06-05
CUST_007588,Michael Gonzalez,Corporate,1,2022-04-01
CUST_007589,Karen Miller,Consumer,1,2022-02-28
CUST_007590,Michael Davis,Corporate,0,2022-03-05
CUST_007591,Nancy Lopez,Consumer,1,2023-06-21
CUST_007592,Daniel Wilson,Consumer,0,2019-10-20
CUST_007593,Thomas Davis,VIP Loyalty,1,2023-10-11
CUST_007594,John Garcia,Consumer,1,2023-03-08
CUST_007595,Richard Brown,Consumer,0,2022-12-06
CUST_007596,Patricia Martinez,Consumer,0,2023-11-11
CUST_007597,David Martinez,Small Business,0,2023-09-20
CUST_007598,William Miller,Small Business,1,2019-07-08
CUST_007599,Mary Wilson,Consumer,0,2022-03-11
CUST_007600,William Smith,Corporate,1,2022-10-10
CUST_007601,Thomas Jones,Corporate,0,2021-04-19
CUST_007602,Susan Anderson,Consumer,0,2021-01-24
CUST_007603,Barbara Smith,Consumer,1,2021-10-23
CUST_007604,Lisa Gonzalez,Consumer,0,2020-04-04
CUST_007605,William Anderson,Corporate,1,2019-05-11
CUST_007606,Jennifer Anderson,Consumer,0,2023-01-24
CUST_007607,Daniel Gonzalez,Consumer,0,2022-09-21
CUST_007608,David Garcia,Consumer,0,2023-03-06
CUST_007609,Barbara Hernandez,Consumer,0,2019-07-19
CUST_007610,James Anderson,Consumer,0,2022-08-15
CUST_007611,Thomas Jones,Consumer,0,2020-07-02
CUST_007612,Jessica Gonzalez,VIP Loyalty,1,2021-12-24
CUST_007613,Daniel Brown,Consumer,0,2022-05-14
CUST_007614,David Johnson,Consumer,0,2021-01-22
CUST_007615,Joseph Garcia,Corporate,0,2023-03-22
CUST_007616,William Martinez,Small Business,0,2019-02-27
CUST_007617,Patricia Wilson,Consumer,0,2022-02-07
CUST_007618,Christopher Martinez,Consumer,0,2019-09-03
CUST_007619,John Gonzalez,Consumer,0,2023-09-20
CUST_007620,Nancy Garcia,Small Business,1,2023-09-19
CUST_007621,Mary Gonzalez,VIP Loyalty,1,2019-11-08
CUST_007622,Christopher Rodriguez,Corporate,0,2019-10-25
CUST_007623,William Garcia,Consumer,0,2021-05-13
CUST_007624,Elizabeth Hernandez,Corporate,0,2020-11-21
CUST_007625,Susan Lopez,Corporate,0,2021-01-23
CUST_007626,Daniel Martinez,Small Business,0,2022-04-09
CUST_007627,Michael Garcia,Consumer,1,2021-12-20
CUST_007628,Susan Wilson,Consumer,1,2022-09-15
CUST_007629,Michael Brown,Consumer,1,2019-07-03
CUST_007630,Jennifer Miller,Consumer,0,2020-06-22
CUST_007631,Sarah Miller,Consumer,0,2020-04-27
CUST_007632,Christopher Garcia,Small Business,0,2019-01-13
CUST_007633,Patricia Garcia,Small Business,0,2023-08-21
CUST_007634,Thomas Smith,Consumer,0,2019-01-02
CUST_007635,Karen Martinez,Corporate,0,2023-07-08
CUST_007636,John Williams,Consumer,1,2023-04-02
CUST_007637,Daniel Martinez,Corporate,1,2019-02-05
CUST_007638,William Brown,Consumer,0,2021-03-08
CUST_007639,Charles Hernandez,Consumer,1,2020-04-11
CUST_007640,William Garcia,Consumer,0,2023-07-09
CUST_007641,Lisa Rodriguez,Consumer,1,2023-07-01
CUST_007642,Jennifer Garcia,Consumer,0,2020-12-20
CUST_007643,Mary Wilson,Consumer,0,2021-10-12
CUST_007644,Patricia Miller,Consumer,0,2021-08-03
CUST_007645,Joseph Davis,Consumer,0,2022-03-22
CUST_007646,William Martinez,Consumer,0,2019-11-04
CUST_007647,Jessica Jones,Consumer,1,2023-03-04
CUST_007648,Charles Davis,Corporate,1,2020-09-11
CUST_007649,Nancy Smith,Consumer,1,2022-06-02
CUST_007650,Thomas Lopez,Corporate,0,2021-06-17
CUST_007651,Charles Brown,Consumer,0,2023-08-17
CUST_007652,Charles Williams,Consumer,0,2019-12-22
CUST_007653,Christopher Lopez,Small Business,0,2019-12-06
CUST_007654,Charles Lopez,Corporate,0,2021-02-18
CUST_007655,Barbara Johnson,Consumer,0,2022-03-24
CUST_007656,Patricia Davis,Corporate,0,2022-02-24
CUST_007657,Jennifer Anderson,Consumer,0,2022-08-15
CUST_007658,Charles Gonzalez,VIP Loyalty,1,2022-11-21
CUST_007659,John Rodriguez,VIP Loyalty,1,2020-03-09
CUST_007660,David Martinez,Consumer,0,2020-06-06
CUST_007661,David Smith,Consumer,1,2020-05-21
CUST_007662,Jennifer Brown,Consumer,1,2019-02-27
CUST_007663,David Johnson,Consumer,1,2022-12-26
CUST_007664,William Gonzalez,Consumer,0,2023-05-04
CUST_007665,Karen Davis,Consumer,1,2023-11-11
CUST_007666,Charles Miller,Corporate,0,2020-02-09
CUST_007667,Sarah Williams,Consumer,1,2020-08-13
CUST_007668,Linda Lopez,VIP Loyalty,1,2022-11-07
CUST_007669,Christopher Jones,Small Business,0,2021-05-18
CUST_007670,Linda Hernandez,Consumer,0,2020-01-15
CUST_007671,James Wilson,Consumer,0,2020-06-20
CUST_007672,David Davis,Corporate,0,2020-03-16
CUST_007673,Linda Jones,Consumer,0,2020-10-05
CUST_007674,Elizabeth Anderson,Corporate,0,2019-09-19
CUST_007675,William Jones,Corporate,0,2020-10-06
CUST_007676,Christopher Gonzalez,Small Business,1,2022-06-19
CUST_007677,Barbara Anderson,Consumer,0,2019-03-11
CUST_007678,Jennifer Anderson,Corporate,0,2023-06-04
CUST_007679,John Johnson,VIP Loyalty,1,2019-10-12
CUST_007680,Patricia Smith,Corporate,0,2023-01-26
CUST_007681,Susan Miller,Consumer,1,2020-04-12
CUST_007682,Joseph Wilson,Consumer,0,2022-11-15
CUST_007683,Christopher Jones,Consumer,0,2022-10-06
CUST_007684,Jennifer Smith,Corporate,1,2023-12-25
CUST_007685,Joseph Miller,Consumer,0,2022-12-17
CUST_007686,Elizabeth Garcia,VIP Loyalty,1,2023-04-11
CUST_007687,Thomas Miller,Consumer,1,2023-10-25
CUST_007688,Robert Martinez,Corporate,0,2023-05-24
CUST_007689,Jennifer Anderson,Consumer,0,2019-05-03
CUST_007690,Christopher Williams,Consumer,1,2020-10-28
CUST_007691,Thomas Lopez,Consumer,0,2019-10-19
CUST_007692,William Smith,Consumer,1,2019-10-21
CUST_007693,Jessica Martinez,Consumer,0,2022-09-28
CUST_007694,Mary Anderson,Consumer,1,2019-02-21
CUST_007695,Michael Martinez,Small Business,0,2021-04-26
CUST_007696,James Lopez,Corporate,0,2022-08-23
CUST_007697,Nancy Martinez,Consumer,1,2022-07-24
CUST_007698,David Davis,Consumer,0,2021-05-13
CUST_007699,Charles Johnson,Corporate,0,2021-07-17
CUST_007700,Daniel Wilson,Small Business,1,2019-12-25
CUST_007701,Patricia Anderson,Consumer,0,2019-02-24
CUST_007702,Joseph Johnson,Consumer,0,2021-04-22
CUST_007703,Susan Garcia,Small Business,0,2023-01-16
CUST_007704,Jessica Davis,Consumer,0,2020-01-22
CUST_007705,Nancy Davis,Corporate,1,2020-10-21
CUST_007706,Sarah Anderson,Corporate,0,2019-09-16
CUST_007707,Elizabeth Anderson,Consumer,0,2019-09-26
CUST_007708,Jennifer Martinez,Corporate,0,2020-04-04
CUST_007709,Elizabeth Miller,Consumer,0,2023-12-26
CUST_007710,Daniel Garcia,Consumer,0,2022-03-23
CUST_007711,Daniel Lopez,VIP Loyalty,1,2022-07-20
CUST_007712,Charles Martinez,Corporate,0,2019-11-19
CUST_007713,Thomas Rodriguez,VIP Loyalty,1,2021-09-03
CUST_007714,Mary Williams,Small Business,0,2019-02-07
CUST_007715,Mary Smith,Consumer,0,2021-07-06
CUST_007716,James Lopez,VIP Loyalty,1,2022-10-02
CUST_007717,David Smith,Small Business,0,2020-06-22
CUST_007718,Lisa Davis,Consumer,0,2021-09-20
CUST_007719,Linda Gonzalez,Consumer,0,2019-02-15
CUST_007720,Nancy Williams,Consumer,0,2021-03-28
CUST_007721,James Anderson,Consumer,0,2023-04-26
CUST_007722,Nancy Johnson,VIP Loyalty,1,2023-04-07
CUST_007723,Jennifer Hernandez,VIP Loyalty,1,2020-06-03
CUST_007724,Michael Rodriguez,Consumer,0,2022-06-23
CUST_007725,Linda Brown,Corporate,0,2020-06-14
CUST_007726,Sarah Martinez,Small Business,0,2022-04-18
CUST_007727,Linda Garcia,Consumer,1,2020-09-03
CUST_007728,Nancy Martinez,Corporate,0,2019-01-09
CUST_007729,James Smith,Consumer,0,2021-04-18
CUST_007730,Richard Garcia,Consumer,1,2019-03-07
CUST_007731,Joseph Brown,Corporate,0,2021-03-25
CUST_007732,William Gonzalez,Corporate,0,2019-06-05
CUST_007733,Joseph Martinez,Small Business,0,2023-07-09
CUST_007734,Nancy Martinez,Consumer,1,2020-03-13
CUST_007735,Thomas Jones,Consumer,1,2019-07-02
CUST_007736,David Anderson,VIP Loyalty,1,2022-07-17
CUST_007737,Nancy Hernandez,VIP Loyalty,1,2021-03-02
CUST_007738,Christopher Miller,Consumer,1,2023-03-11
CUST_007739,James Williams,Consumer,0,2021-03-28
CUST_007740,Daniel Miller,Consumer,1,2020-02-21
CUST_007741,Karen Davis,Consumer,0,2019-07-06
CUST_007742,Jennifer Lopez,VIP Loyalty,1,2020-09-19
CUST_007743,Patricia Williams,Consumer,0,2023-10-13
CUST_007744,Linda Lopez,Consumer,0,2021-05-03
CUST_007745,Sarah Williams,Consumer,0,2019-09-10
CUST_007746,Mary Garcia,Small Business,0,2020-02-07
CUST_007747,Sarah Smith,Consumer,0,2022-07-20
CUST_007748,Michael Brown,Consumer,0,2023-07-27
CUST_007749,Lisa Jones,Consumer,1,2020-06-08
CUST_007750,Christopher Rodriguez,VIP Loyalty,1,2021-11-15
CUST_007751,Richard Garcia,Consumer,0,2019-06-12
CUST_007752,Lisa Davis,Small Business,1,2022-06-15
CUST_007753,Sarah Johnson,Consumer,0,2023-03-03
CUST_007754,Michael Williams,Corporate,0,2020-03-14
CUST_007755,Joseph Brown,Consumer,0,2021-10-15
CUST_007756,Joseph Rodriguez,Consumer,0,2023-01-03
CUST_007757,William Davis,Consumer,0,2023-06-16
CUST_007758,Sarah Smith,Consumer,1,2021-12-07
CUST_007759,Mary Hernandez,Consumer,0,2022-12-15
CUST_007760,Richard Miller,Small Business,0,2020-04-03
CUST_007761,James Miller,Small Business,0,2022-10-02
CUST_007762,Daniel Miller,Consumer,0,2022-12-11
CUST_007763,John Brown,Corporate,0,2020-01-16
CUST_007764,Mary Jones,VIP Loyalty,1,2023-11-24
CUST_007765,James Hernandez,Corporate,0,2022-09-11
CUST_007766,Thomas Hernandez,Corporate,0,2023-11-26
CUST_007767,Susan Garcia,Corporate,1,2022-11-18
CUST_007768,Patricia Lopez,Small Business,0,2022-08-01
CUST_007769,Jessica Jones,Corporate,0,2021-12-16
CUST_007770,Elizabeth Gonzalez,VIP Loyalty,1,2019-08-02
CUST_007771,David Johnson,Corporate,1,2022-10-25
CUST_007772,Michael Miller,VIP Loyalty,1,2020-03-17
CUST_007773,Richard Lopez,Consumer,1,2021-07-09
CUST_007774,Susan Johnson,Consumer,0,2020-05-01
CUST_007775,William Williams,Corporate,0,2022-05-20
CUST_007776,Karen Anderson,Consumer,0,2023-10-07
CUST_007777,Lisa Jones,VIP Loyalty,1,2019-05-18
CUST_007778,Nancy Smith,Corporate,0,2021-07-04
CUST_007779,Robert Anderson,Consumer,1,2020-03-01
CUST_007780,John Davis,Small Business,0,2022-07-25
CUST_007781,Robert Gonzalez,Consumer,1,2020-09-23
CUST_007782,Susan Williams,Consumer,1,2023-11-24
CUST_007783,Joseph Lopez,Consumer,1,2020-02-22
CUST_007784,Daniel Lopez,Consumer,0,2022-02-09
CUST_007785,Nancy Rodriguez,Consumer,0,2021-05-22
CUST_007786,John Rodriguez,Small Business,0,2023-11-10
CUST_007787,Charles Gonzalez,Consumer,1,2022-06-07
CUST_007788,Patricia Davis,Consumer,0,2021-03-18
CUST_007789,Charles Williams,Corporate,0,2021-03-10
CUST_007790,Michael Smith,Consumer,1,2023-12-12
CUST_007791,Linda Davis,Small Business,0,2019-01-19
CUST_007792,Richard Miller,VIP Loyalty,1,2022-05-17
CUST_007793,John Miller,Consumer,0,2022-10-14
CUST_007794,William Anderson,Small Business,1,2020-01-18
CUST_007795,Charles Jones,Consumer,1,2023-03-07
CUST_007796,Robert Jones,Consumer,1,2023-10-15
CUST_007797,Daniel Gonzalez,Consumer,1,2021-04-14
CUST_007798,Linda Jones,Small Business,0,2021-02-12
CUST_007799,Elizabeth Jones,Corporate,1,2023-06-23
CUST_007800,Susan Rodriguez,Consumer,1,2022-12-03
CUST_007801,Robert Wilson,Corporate,0,2023-08-18
CUST_007802,Patricia Davis,Consumer,0,2019-05-26
CUST_007803,Sarah Miller,Consumer,0,2019-05-27
CUST_007804,Richard Davis,Consumer,0,2020-06-07
CUST_007805,Thomas Jones,Consumer,1,2019-03-08
CUST_007806,Charles Hernandez,Consumer,0,2021-09-19
CUST_007807,Michael Williams,Consumer,0,2019-04-07
CUST_007808,Thomas Garcia,Consumer,1,2019-07-19
CUST_007809,Karen Gonzalez,Corporate,1,2021-06-12
CUST_007810,Joseph Anderson,VIP Loyalty,1,2023-06-06
CUST_007811,Thomas Lopez,VIP Loyalty,1,2022-08-21
CUST_007812,Nancy Gonzalez,Consumer,0,2023-01-23
CUST_007813,Mary Lopez,Consumer,1,2019-06-01
CUST_007814,Nancy Williams,Small Business,0,2023-10-27
CUST_007815,Karen Gonzalez,Consumer,1,2019-02-14
CUST_007816,Thomas Smith,Consumer,1,2021-02-28
CUST_007817,Lisa Davis,VIP Loyalty,1,2020-11-15
CUST_007818,James Garcia,Corporate,1,2020-02-15
CUST_007819,Michael Lopez,Consumer,0,2022-06-28
CUST_007820,Lisa Hernandez,VIP Loyalty,1,2023-05-10
CUST_007821,Daniel Gonzalez,Consumer,0,2021-06-27
CUST_007822,Karen Hernandez,Consumer,0,2019-06-01
CUST_007823,Charles Hernandez,Consumer,1,2019-04-18
CUST_007824,Patricia Anderson,Corporate,1,2021-07-09
CUST_007825,David Rodriguez,Consumer,0,2022-01-23
CUST_007826,Daniel Anderson,Consumer,0,2021-11-11
CUST_007827,Christopher Jones,Corporate,0,2023-09-28
CUST_007828,David Rodriguez,Consumer,0,2022-04-23
CUST_007829,Joseph Johnson,Corporate,0,2022-10-11
CUST_007830,James Anderson,Corporate,0,2021-04-19
CUST_007831,Jennifer Gonzalez,Small Business,0,2019-09-15
CUST_007832,Richard Martinez,Consumer,0,2021-08-24
CUST_007833,Karen Garcia,Consumer,1,2020-07-19
CUST_007834,Daniel Johnson,Consumer,0,2020-01-27
CUST_007835,Thomas Hernandez,Consumer,0,2021-08-02
CUST_007836,Jessica Miller,VIP Loyalty,1,2021-10-21
CUST_007837,Elizabeth Wilson,Corporate,1,2021-02-18
CUST_007838,Susan Williams,Consumer,0,2022-09-26
CUST_007839,Elizabeth Wilson,Consumer,1,2019-03-12
CUST_007840,Linda Rodriguez,Consumer,0,2023-06-13
CUST_007841,David Garcia,Consumer,0,2021-11-06
CUST_007842,William Brown,Consumer,0,2023-06-02
CUST_007843,Nancy Davis,Corporate,0,2019-01-24
CUST_007844,Thomas Jones,Consumer,0,2021-10-18
CUST_007845,Christopher Lopez,Consumer,0,2021-09-11
CUST_007846,William Smith,Small Business,0,2020-11-25
CUST_007847,Jessica Rodriguez,Corporate,1,2020-05-24
CUST_007848,Susan Brown,Small Business,0,2021-01-20
CUST_007849,John Miller,Consumer,0,2021-05-17
CUST_007850,Robert Smith,Consumer,0,2019-08-12
CUST_007851,Mary Smith,Small Business,1,2021-03-14
CUST_007852,Linda Miller,Consumer,0,2021-09-01
CUST_007853,Robert Brown,Corporate,0,2020-04-09
CUST_007854,Joseph Hernandez,Small Business,1,2022-11-25
CUST_007855,Daniel Miller,Consumer,1,2021-12-05
CUST_007856,Joseph Williams,Consumer,1,2019-10-27
CUST_007857,Jennifer Rodriguez,Small Business,1,2020-07-15
CUST_007858,Daniel Brown,Consumer,0,2021-02-01
CUST_007859,James Johnson,VIP Loyalty,1,2021-12-06
CUST_007860,Lisa Rodriguez,VIP Loyalty,1,2022-03-23
CUST_007861,James Miller,Consumer,1,2020-01-16
CUST_007862,Christopher Gonzalez,Consumer,1,2020-06-11
CUST_007863,Michael Anderson,VIP Loyalty,1,2023-01-23
CUST_007864,Mary Hernandez,Consumer,0,2019-05-06
CUST_007865,Barbara Hernandez,Corporate,1,2020-07-20
CUST_007866,Patricia Hernandez,Consumer,0,2020-06-27
CUST_007867,David Brown,Consumer,0,2023-08-09
CUST_007868,Patricia Smith,Consumer,1,2023-05-17
CUST_007869,Charles Smith,Consumer,1,2019-06-14
CUST_007870,William Garcia,Consumer,0,2019-03-05
CUST_007871,David Jones,Corporate,0,2021-11-23
CUST_007872,Mary Hernandez,Consumer,0,2020-04-22
CUST_007873,William Martinez,Consumer,1,2019-01-26
CUST_007874,Mary Gonzalez,Small Business,0,2022-07-21
CUST_007875,James Rodriguez,Small Business,0,2020-03-03
CUST_007876,Michael Johnson,Consumer,0,2023-08-04
CUST_007877,Richard Martinez,Consumer,0,2020-06-28
CUST_007878,Barbara Lopez,Consumer,0,2022-08-24
CUST_007879,Daniel Williams,Small Business,0,2023-07-06
CUST_007880,Daniel Johnson,Corporate,0,2023-10-19
CUST_007881,Mary Williams,VIP Loyalty,1,2020-05-08
CUST_007882,William Johnson,VIP Loyalty,1,2022-07-06
CUST_007883,Richard Garcia,Consumer,1,2019-02-17
CUST_007884,Karen Hernandez,Consumer,1,2019-08-07
CUST_007885,Michael Miller,Small Business,1,2021-03-02
CUST_007886,Susan Jones,Consumer,0,2020-12-17
CUST_007887,Mary Hernandez,VIP Loyalty,1,2022-01-22
CUST_007888,Thomas Williams,Consumer,0,2021-12-22
CUST_007889,Jessica Lopez,Consumer,1,2023-09-03
CUST_007890,Lisa Garcia,Consumer,1,2020-09-14
CUST_007891,James Williams,Consumer,1,2023-11-15
CUST_007892,Sarah Williams,Corporate,0,2023-11-20
CUST_007893,Richard Gonzalez,Consumer,1,2023-12-08
CUST_007894,Karen Hernandez,Corporate,0,2019-09-02
CUST_007895,Patricia Gonzalez,Consumer,1,2020-08-06
CUST_007896,Thomas Miller,VIP Loyalty,1,2023-11-08
CUST_007897,David Lopez,Consumer,0,2023-08-12
CUST_007898,Christopher Garcia,Consumer,0,2021-11-16
CUST_007899,Sarah Jones,Consumer,0,2022-03-10
CUST_007900,Richard Smith,Consumer,0,2020-01-17
CUST_007901,Karen Anderson,Corporate,0,2019-10-18
CUST_007902,Joseph Williams,Small Business,0,2023-11-02
CUST_007903,Richard Anderson,Consumer,0,2023-09-14
CUST_007904,Nancy Wilson,Consumer,0,2023-11-12
CUST_007905,Thomas Garcia,Consumer,0,2019-06-03
CUST_007906,Charles Miller,Corporate,0,2019-11-06
CUST_007907,William Martinez,Consumer,0,2021-06-28
CUST_007908,Jennifer Hernandez,Small Business,0,2022-08-28
CUST_007909,Richard Martinez,Corporate,1,2022-08-22
CUST_007910,Christopher Martinez,Consumer,1,2021-03-19
CUST_007911,Daniel Davis,Consumer,0,2021-02-22
CUST_007912,Charles Garcia,Consumer,1,2020-10-22
CUST_007913,Charles Jones,Consumer,0,2019-07-08
CUST_007914,William Smith,Consumer,0,2021-06-25
CUST_007915,Barbara Anderson,Consumer,1,2022-11-05
CUST_007916,Richard Martinez,Corporate,1,2022-04-05
CUST_007917,William Wilson,Consumer,0,2023-05-07
CUST_007918,Linda Williams,Consumer,0,2021-06-27
CUST_007919,Jessica Jones,Consumer,0,2021-07-19
CUST_007920,Michael Williams,Corporate,0,2019-03-07
CUST_007921,Linda Williams,Consumer,0,2022-06-07
CUST_007922,Barbara Miller,Corporate,1,2021-01-25
CUST_007923,Barbara Miller,Small Business,0,2020-05-24
CUST_007924,Richard Martinez,Consumer,0,2020-01-19
CUST_007925,Mary Martinez,Corporate,0,2022-06-10
CUST_007926,Christopher Brown,Consumer,0,2022-07-04
CUST_007927,Joseph Garcia,Consumer,0,2023-01-03
CUST_007928,Richard Wilson,Consumer,0,2019-06-14
CUST_007929,Susan Gonzalez,Corporate,0,2019-12-14
CUST_007930,Lisa Miller,Consumer,1,2019-09-08
CUST_007931,James Jones,Corporate,0,2022-01-26
CUST_007932,Jennifer Brown,Consumer,0,2019-05-27
CUST_007933,William Brown,VIP Loyalty,1,2022-04-22
CUST_007934,Susan Gonzalez,Consumer,0,2020-04-15
CUST_007935,Linda Rodriguez,Consumer,0,2021-02-10
CUST_007936,Linda Rodriguez,VIP Loyalty,1,2020-11-20
CUST_007937,Nancy Davis,VIP Loyalty,1,2022-08-17
CUST_007938,Jennifer Davis,Consumer,0,2021-10-27
CUST_007939,Mary Gonzalez,Consumer,1,2021-09-26
CUST_007940,Richard Miller,Consumer,1,2019-11-17
CUST_007941,Charles Smith,Consumer,1,2023-05-25
CUST_007942,Christopher Smith,Consumer,1,2022-03-01
CUST_007943,Michael Jones,Consumer,1,2021-03-02
CUST_007944,Linda Gonzalez,Consumer,0,2023-06-01
CUST_007945,Sarah Miller,Consumer,0,2022-07-10
CUST_007946,Daniel Johnson,Corporate,0,2023-05-18
CUST_007947,Karen Hernandez,Consumer,0,2023-12-01
CUST_007948,Jennifer Hernandez,Small Business,1,2023-11-16
CUST_007949,Joseph Miller,Corporate,1,2021-05-18
CUST_007950,John Lopez,VIP Loyalty,1,2022-01-19
CUST_007951,Elizabeth Wilson,Consumer,0,2019-10-05
CUST_007952,Jennifer Garcia,Corporate,0,2023-09-27
CUST_007953,Elizabeth Miller,Consumer,0,2019-08-26
CUST_007954,Nancy Jones,VIP Loyalty,1,2021-12-19
CUST_007955,David Hernandez,Consumer,1,2023-06-13
CUST_007956,Lisa Johnson,Consumer,1,2019-05-27
CUST_007957,David Smith,Small Business,1,2020-03-02
CUST_007958,Barbara Gonzalez,VIP Loyalty,1,2020-10-21
CUST_007959,Robert Jones,Consumer,0,2023-08-20
CUST_007960,Robert Anderson,Consumer,0,2020-10-10
CUST_007961,Daniel Miller,VIP Loyalty,1,2019-01-02
CUST_007962,Thomas Smith,Consumer,0,2022-12-27
CUST_007963,Joseph Rodriguez,Consumer,1,2022-04-03
CUST_007964,Barbara Brown,Consumer,0,2022-10-14
CUST_007965,Barbara Lopez,VIP Loyalty,1,2023-10-23
CUST_007966,Christopher Smith,Small Business,1,2022-03-13
CUST_007967,Barbara Brown,Consumer,1,2022-06-23
CUST_007968,Jennifer Hernandez,Corporate,1,2022-12-05
CUST_007969,William Johnson,Consumer,0,2019-11-23
CUST_007970,Robert Williams,Consumer,0,2020-08-14
CUST_007971,Karen Brown,Consumer,1,2019-07-03
CUST_007972,Karen Rodriguez,Corporate,0,2023-07-13
CUST_007973,Nancy Miller,Consumer,0,2022-04-25
CUST_007974,Jennifer Wilson,Consumer,0,2021-04-22
CUST_007975,William Garcia,Consumer,0,2022-05-21
CUST_007976,John Jones,Corporate,0,2019-05-09
CUST_007977,Joseph Jones,Consumer,1,2023-10-17
CUST_007978,Elizabeth Lopez,Corporate,1,2023-09-01
CUST_007979,John Garcia,Consumer,0,2020-10-05
CUST_007980,David Martinez,Consumer,0,2022-12-13
CUST_007981,Karen Johnson,Corporate,1,2021-12-25
CUST_007982,Patricia Martinez,Corporate,0,2021-11-06
CUST_007983,Christopher Hernandez,Corporate,1,2021-01-24
CUST_007984,Patricia Lopez,Consumer,0,2022-06-19
CUST_007985,Lisa Hernandez,Consumer,0,2023-10-21
CUST_007986,William Rodriguez,Small Business,1,2020-05-23
CUST_007987,Daniel Martinez,Corporate,1,2021-07-24
CUST_007988,John Johnson,Consumer,0,2019-10-26
CUST_007989,William Jones,VIP Loyalty,1,2019-03-04
CUST_007990,Sarah Brown,Consumer,1,2019-11-13
CUST_007991,Patricia Hernandez,Corporate,1,2019-01-11
CUST_007992,Barbara Lopez,Corporate,1,2021-11-22
CUST_007993,Sarah Gonzalez,Corporate,0,2020-05-10
CUST_007994,Joseph Gonzalez,Consumer,0,2019-05-14
CUST_007995,Barbara Miller,Corporate,0,2019-03-16
CUST_007996,Sarah Garcia,Consumer,0,2021-12-16
CUST_007997,Mary Johnson,Consumer,1,2023-09-13
CUST_007998,Michael Miller,Consumer,1,2019-10-26
CUST_007999,Sarah Lopez,Corporate,0,2022-04-24
CUST_008000,Jessica Hernandez,VIP Loyalty,1,2019-02-13
CUST_008001,Linda Lopez,Corporate,1,2020-01-11
CUST_008002,James Davis,Consumer,0,2020-11-04
CUST_008003,Mary Gonzalez,Corporate,1,2023-10-15
CUST_008004,Christopher Lopez,Consumer,1,2020-02-08
CUST_008005,Robert Garcia,VIP Loyalty,1,2023-10-23
CUST_008006,Joseph Anderson,Consumer,0,2020-06-05
CUST_008007,Robert Anderson,Corporate,0,2023-10-07
CUST_008008,Daniel Rodriguez,Small Business,0,2020-07-26
CUST_008009,Mary Johnson,Small Business,0,2019-01-22
CUST_008010,Robert Miller,Corporate,0,2021-09-09
CUST_008011,Karen Johnson,Consumer,0,2022-02-14
CUST_008012,Nancy Smith,Small Business,1,2023-09-13
CUST_008013,Thomas Martinez,Consumer,0,2023-04-25
CUST_008014,Christopher Gonzalez,Corporate,0,2023-09-13
CUST_008015,David Hernandez,Consumer,1,2023-11-28
CUST_008016,Nancy Rodriguez,Consumer,0,2023-12-17
CUST_008017,Daniel Garcia,Consumer,1,2019-07-13
CUST_008018,Michael Davis,Consumer,1,2019-08-07
CUST_008019,Sarah Anderson,Consumer,1,2020-02-23
CUST_008020,Linda Wilson,VIP Loyalty,1,2022-06-28
CUST_008021,Susan Johnson,Consumer,1,2023-05-01
CUST_008022,Sarah Williams,Small Business,1,2019-10-02
CUST_008023,Charles Wilson,Consumer,0,2021-03-10
CUST_008024,Jessica Wilson,Corporate,1,2021-04-21
CUST_008025,Michael Smith,Consumer,0,2020-11-19
CUST_008026,Joseph Martinez,Consumer,0,2023-04-15
CUST_008027,Jessica Jones,Consumer,1,2023-02-14
CUST_008028,Robert Miller,Consumer,1,2023-01-22
CUST_008029,Jessica Anderson,Small Business,1,2023-10-27
CUST_008030,Joseph Anderson,Consumer,1,2022-01-11
CUST_008031,David Davis,Corporate,0,2020-05-22
CUST_008032,Susan Jones,Consumer,1,2021-07-26
CUST_008033,Sarah Lopez,Corporate,0,2019-01-04
CUST_008034,William Brown,Corporate,0,2019-05-18
CUST_008035,Joseph Brown,Consumer,0,2023-11-13
CUST_008036,Susan Anderson,Consumer,0,2023-03-18
CUST_008037,John Wilson,Consumer,0,2022-11-02
CUST_008038,Linda Gonzalez,Consumer,0,2023-12-21
CUST_008039,Thomas Davis,Consumer,0,2020-02-06
CUST_008040,Patricia Brown,Corporate,1,2022-08-03
CUST_008041,William Gonzalez,Consumer,0,2023-12-18
CUST_008042,Michael Miller,Corporate,0,2021-10-09
CUST_008043,Charles Davis,Consumer,1,2021-01-23
CUST_008044,Richard Williams,Consumer,0,2023-01-13
CUST_008045,Elizabeth Anderson,Corporate,1,2020-08-19
CUST_008046,Sarah Anderson,Corporate,0,2022-05-22
CUST_008047,Susan Johnson,Corporate,1,2022-08-02
CUST_008048,James Johnson,Corporate,0,2019-01-05
CUST_008049,Lisa Rodriguez,Small Business,0,2023-12-09
CUST_008050,Sarah Williams,Corporate,1,2023-09-22
CUST_008051,Barbara Wilson,Small Business,1,2020-06-11
CUST_008052,Patricia Jones,Corporate,0,2020-11-09
CUST_008053,Joseph Davis,Consumer,1,2019-10-23
CUST_008054,Jennifer Rodriguez,Consumer,0,2021-02-18
CUST_008055,Michael Davis,Consumer,0,2022-09-07
CUST_008056,Thomas Brown,Small Business,1,2022-09-13
CUST_008057,James Anderson,Consumer,0,2019-07-22
CUST_008058,Richard Smith,Corporate,1,2022-04-20
CUST_008059,Nancy Rodriguez,Consumer,1,2021-11-22
CUST_008060,Nancy Lopez,Consumer,0,2019-06-06
CUST_008061,Jennifer Gonzalez,Small Business,0,2019-01-14
CUST_008062,Jessica Anderson,Corporate,0,2020-07-02
CUST_008063,Sarah Brown,Corporate,0,2022-07-02
CUST_008064,James Johnson,VIP Loyalty,1,2023-01-20
CUST_008065,Linda Jones,Consumer,1,2019-10-13
CUST_008066,Robert Wilson,Consumer,0,2023-06-06
CUST_008067,William Gonzalez,VIP Loyalty,1,2023-04-01
CUST_008068,Nancy Miller,VIP Loyalty,1,2019-06-08
CUST_008069,John Smith,Consumer,1,2023-02-07
CUST_008070,Thomas Anderson,Consumer,0,2022-07-15
CUST_008071,Daniel Miller,Corporate,0,2022-12-10
CUST_008072,Charles Martinez,VIP Loyalty,1,2019-11-06
CUST_008073,Christopher Hernandez,Consumer,1,2023-06-20
CUST_008074,Christopher Anderson,Consumer,0,2019-07-28
CUST_008075,Elizabeth Jones,Corporate,0,2023-02-04
CUST_008076,Karen Martinez,Consumer,0,2019-07-09
CUST_008077,Jennifer Gonzalez,Consumer,0,2019-06-16
CUST_008078,Susan Gonzalez,Small Business,1,2022-01-01
CUST_008079,Elizabeth Jones,Small Business,0,2020-03-05
CUST_008080,Richard Jones,VIP Loyalty,1,2019-09-08
CUST_008081,David Rodriguez,Corporate,0,2023-10-03
CUST_008082,Patricia Rodriguez,Consumer,0,2021-11-14
CUST_008083,Michael Lopez,Small Business,0,2022-06-17
CUST_008084,Mary Miller,VIP Loyalty,1,2020-12-21
CUST_008085,Michael Johnson,Small Business,0,2023-10-13
CUST_008086,Susan Jones,Consumer,1,2019-02-27
CUST_008087,Jennifer Johnson,Consumer,0,2023-10-05
CUST_008088,Barbara Rodriguez,Consumer,1,2021-01-18
CUST_008089,Elizabeth Jones,Consumer,0,2019-12-01
CUST_008090,Richard Johnson,Consumer,1,2020-12-27
CUST_008091,Linda Hernandez,Consumer,0,2020-06-05
CUST_008092,Charles Jones,Small Business,1,2022-01-18
CUST_008093,Charles Wilson,VIP Loyalty,1,2019-09-03
CUST_008094,Richard Gonzalez,Consumer,1,2023-10-20
CUST_008095,Mary Anderson,Consumer,0,2020-09-20
CUST_008096,Karen Miller,VIP Loyalty,1,2022-10-19
CUST_008097,Karen Martinez,Corporate,0,2023-05-28
CUST_008098,John Miller,Corporate,0,2023-12-07
CUST_008099,Barbara Lopez,Consumer,1,2023-11-06
CUST_008100,Michael Martinez,Consumer,0,2021-05-28
CUST_008101,Elizabeth Anderson,Consumer,0,2023-03-04
CUST_008102,John Williams,Corporate,1,2021-08-28
CUST_008103,David Anderson,Consumer,0,2020-09-18
CUST_008104,John Williams,Consumer,0,2020-07-27
CUST_008105,Richard Smith,Corporate,0,2020-08-07
CUST_008106,Linda Smith,Consumer,0,2022-03-28
CUST_008107,Mary Gonzalez,Small Business,0,2019-12-02
CUST_008108,Robert Williams,Consumer,0,2020-12-28
CUST_008109,Charles Anderson,Corporate,0,2019-02-02
CUST_008110,Joseph Davis,VIP Loyalty,1,2021-03-06
CUST_008111,Jennifer Anderson,VIP Loyalty,1,2022-12-09
CUST_008112,David Brown,Small Business,0,2021-08-11
CUST_008113,Jessica Williams,Small Business,0,2023-12-12
CUST_008114,John Wilson,Consumer,1,2023-03-01
CUST_008115,Karen Wilson,Consumer,0,2023-05-18
CUST_008116,Christopher Hernandez,Consumer,0,2020-12-14
CUST_008117,Patricia Martinez,Small Business,1,2019-03-02
CUST_008118,Jennifer Martinez,Consumer,1,2023-06-07
CUST_008119,Robert Anderson,Corporate,1,2019-01-04
CUST_008120,Linda Hernandez,Consumer,0,2020-02-13
CUST_008121,Robert Lopez,Small Business,1,2020-05-05
CUST_008122,Thomas Gonzalez,Consumer,0,2023-10-18
CUST_008123,Lisa Gonzalez,VIP Loyalty,1,2023-05-22
CUST_008124,Karen Lopez,Small Business,1,2019-08-11
CUST_008125,Lisa Anderson,Small Business,1,2019-10-26
CUST_008126,Nancy Anderson,Consumer,0,2022-07-03
CUST_008127,Daniel Jones,Corporate,1,2023-09-22
CUST_008128,Mary Rodriguez,Consumer,0,2022-11-03
CUST_008129,David Davis,Consumer,1,2021-04-09
CUST_008130,John Wilson,Consumer,0,2021-08-13
CUST_008131,Robert Garcia,Consumer,1,2019-05-17
CUST_008132,Linda Jones,Corporate,0,2022-07-28
CUST_008133,Linda Williams,Corporate,0,2023-03-04
CUST_008134,Mary Jones,Consumer,1,2021-12-04
CUST_008135,John Anderson,Consumer,0,2020-08-05
CUST_008136,Jessica Miller,Consumer,0,2023-04-19
CUST_008137,Joseph Anderson,Consumer,0,2023-07-26
CUST_008138,Richard Jones,Consumer,0,2019-03-22
CUST_008139,Susan Anderson,Corporate,0,2019-02-19
CUST_008140,Daniel Garcia,Consumer,1,2020-04-23
CUST_008141,Karen Garcia,Consumer,1,2023-03-22
CUST_008142,Karen Rodriguez,Consumer,1,2019-10-07
CUST_008143,Joseph Jones,Corporate,0,2021-08-04
CUST_008144,Michael Johnson,Consumer,0,2023-03-25
CUST_008145,Daniel Williams,Corporate,0,2022-07-25
CUST_008146,Robert Lopez,Consumer,0,2023-08-10
CUST_008147,James Williams,Corporate,0,2021-11-28
CUST_008148,Daniel Garcia,Corporate,1,2022-10-27
CUST_008149,Daniel Williams,Consumer,1,2022-09-28
CUST_008150,Nancy Johnson,Corporate,0,2021-07-16
CUST_008151,Susan Brown,Consumer,0,2023-03-22
CUST_008152,Patricia Johnson,Consumer,0,2021-01-13
CUST_008153,Joseph Miller,Consumer,0,2021-09-06
CUST_008154,Lisa Rodriguez,Consumer,0,2020-05-06
CUST_008155,Elizabeth Jones,Consumer,0,2020-01-18
CUST_008156,David Smith,Consumer,1,2021-03-16
CUST_008157,Daniel Davis,Small Business,0,2020-07-12
CUST_008158,Christopher Garcia,Corporate,0,2022-11-17
CUST_008159,Joseph Anderson,Consumer,1,2021-11-20
CUST_008160,Richard Gonzalez,Consumer,1,2023-11-19
CUST_008161,Jennifer Davis,VIP Loyalty,1,2020-01-26
CUST_008162,Barbara Martinez,Corporate,0,2020-07-14
CUST_008163,Karen Johnson,Corporate,1,2020-11-11
CUST_008164,Karen Williams,Consumer,0,2019-05-02
CUST_008165,Patricia Hernandez,Small Business,1,2020-09-01
CUST_008166,Karen Jones,Consumer,0,2019-06-12
CUST_008167,Karen Davis,Consumer,0,2021-09-08
CUST_008168,Joseph Williams,Small Business,1,2021-04-03
CUST_008169,Richard Lopez,Corporate,0,2019-06-06
CUST_008170,Joseph Rodriguez,Consumer,1,2023-07-05
CUST_008171,Sarah Anderson,Consumer,0,2019-11-26
CUST_008172,Jennifer Anderson,Corporate,1,2023-01-01
CUST_008173,Patricia Lopez,VIP Loyalty,1,2023-11-17
CUST_008174,Richard Lopez,Corporate,0,2023-12-20
CUST_008175,Karen Martinez,Small Business,0,2020-10-01
CUST_008176,Elizabeth Wilson,Small Business,1,2019-10-19
CUST_008177,Linda Johnson,Small Business,0,2022-09-23
CUST_008178,James Davis,Consumer,0,2019-08-20
CUST_008179,Susan Lopez,Consumer,1,2022-06-02
CUST_008180,Patricia Brown,Corporate,0,2022-10-27
CUST_008181,Mary Rodriguez,Corporate,0,2022-05-07
CUST_008182,Joseph Gonzalez,Corporate,0,2023-05-18
CUST_008183,Christopher Smith,Consumer,1,2021-07-17
CUST_008184,John Davis,Corporate,0,2023-06-06
CUST_008185,Jennifer Gonzalez,Consumer,0,2022-03-07
CUST_008186,Jennifer Wilson,Small Business,0,2019-08-02
CUST_008187,Jessica Williams,Corporate,0,2020-01-19
CUST_008188,Lisa Smith,Small Business,0,2022-08-28
CUST_008189,Nancy Martinez,Corporate,0,2022-01-09
CUST_008190,David Lopez,VIP Loyalty,1,2019-06-09
CUST_008191,Jennifer Garcia,VIP Loyalty,1,2021-03-16
CUST_008192,Mary Brown,Corporate,1,2023-09-01
CUST_008193,Barbara Smith,Consumer,1,2022-07-25
CUST_008194,Joseph Davis,Consumer,0,2023-11-17
CUST_008195,John Lopez,Consumer,0,2023-02-19
CUST_008196,James Wilson,Corporate,0,2022-02-12
CUST_008197,Patricia Martinez,Consumer,1,2019-07-12
CUST_008198,Elizabeth Gonzalez,Corporate,1,2019-03-24
CUST_008199,Jessica Hernandez,Consumer,0,2019-05-12
CUST_008200,Patricia Jones,Corporate,1,2022-11-19
CUST_008201,Daniel Miller,Consumer,0,2022-08-04
CUST_008202,Elizabeth Brown,Consumer,1,2023-04-26
CUST_008203,John Lopez,Consumer,0,2023-02-28
CUST_008204,Charles Hernandez,Consumer,0,2023-03-02
CUST_008205,William Davis,Consumer,0,2023-11-11
CUST_008206,Karen Lopez,Corporate,1,2022-07-05
CUST_008207,Michael Lopez,Consumer,1,2023-11-02
CUST_008208,Joseph Davis,Small Business,0,2023-01-15
CUST_008209,Susan Rodriguez,Consumer,0,2021-07-17
CUST_008210,Christopher Rodriguez,Small Business,0,2023-10-28
CUST_008211,Michael Martinez,Small Business,1,2021-05-22
CUST_008212,William Brown,Consumer,0,2020-06-12
CUST_008213,Linda Anderson,Consumer,0,2022-11-22
CUST_008214,Joseph Rodriguez,Consumer,1,2023-10-13
CUST_008215,David Jones,Small Business,1,2021-02-03
CUST_008216,Jennifer Martinez,Corporate,0,2019-01-28
CUST_008217,Michael Johnson,Small Business,0,2020-09-13
CUST_008218,Thomas Rodriguez,Consumer,0,2019-08-10
CUST_008219,Richard Lopez,Consumer,1,2020-05-01
CUST_008220,William Williams,Small Business,0,2021-04-04
CUST_008221,Sarah Johnson,Corporate,0,2022-02-07
CUST_008222,Mary Gonzalez,VIP Loyalty,1,2023-03-02
CUST_008223,Charles Hernandez,Consumer,0,2022-07-02
CUST_008224,Nancy Wilson,Consumer,0,2019-06-12
CUST_008225,Patricia Anderson,Small Business,1,2020-03-22
CUST_008226,James Garcia,Consumer,0,2021-09-22
CUST_008227,Barbara Wilson,Consumer,0,2023-02-03
CUST_008228,David Jones,Corporate,0,2023-12-03
CUST_008229,Linda Gonzalez,Small Business,0,2019-07-22
CUST_008230,Richard Gonzalez,Consumer,1,2021-05-24
CUST_008231,Jessica Williams,Consumer,1,2019-02-23
CUST_008232,William Gonzalez,VIP Loyalty,1,2022-05-12
CUST_008233,Karen Hernandez,Consumer,1,2021-02-14
CUST_008234,Lisa Smith,Consumer,0,2021-09-15
CUST_008235,Barbara Smith,Consumer,0,2021-07-26
CUST_008236,Robert Johnson,Consumer,1,2021-06-05
CUST_008237,James Smith,Consumer,1,2021-10-20
CUST_008238,David Davis,Consumer,0,2023-06-24
CUST_008239,Patricia Gonzalez,VIP Loyalty,1,2020-02-25
CUST_008240,Jennifer Garcia,Consumer,0,2020-01-13
CUST_008241,Susan Miller,Small Business,1,2020-06-14
CUST_008242,James Hernandez,Consumer,0,2023-04-23
CUST_008243,Robert Jones,Consumer,1,2022-11-08
CUST_008244,Nancy Martinez,Corporate,0,2020-07-19
CUST_008245,Nancy Gonzalez,Consumer,0,2022-12-21
CUST_008246,Susan Miller,Small Business,1,2019-02-17
CUST_008247,Patricia Wilson,Corporate,0,2022-12-13
CUST_008248,Nancy Martinez,Consumer,1,2022-01-14
CUST_008249,William Williams,Consumer,0,2021-05-27
CUST_008250,Daniel Hernandez,Consumer,0,2019-01-11
CUST_008251,Lisa Johnson,Consumer,0,2019-01-10
CUST_008252,Mary Rodriguez,Consumer,0,2021-01-01
CUST_008253,William Wilson,VIP Loyalty,1,2021-03-21
CUST_008254,Thomas Williams,Corporate,1,2019-03-20
CUST_008255,Christopher Anderson,Consumer,0,2021-07-25
CUST_008256,James Smith,Consumer,1,2021-12-24
CUST_008257,Robert Williams,Consumer,0,2023-03-23
CUST_008258,Mary Rodriguez,Consumer,1,2021-03-26
CUST_008259,Sarah Wilson,Consumer,0,2021-05-23
CUST_008260,Lisa Davis,Consumer,0,2022-05-20
CUST_008261,Jennifer Brown,Consumer,0,2022-01-20
CUST_008262,Nancy Davis,Small Business,1,2019-03-12
CUST_008263,Patricia Martinez,Corporate,1,2022-04-01
CUST_008264,Robert Jones,Small Business,0,2023-07-11
CUST_008265,Elizabeth Johnson,Consumer,0,2023-05-16
CUST_008266,Mary Martinez,Consumer,1,2019-11-05
CUST_008267,Christopher Davis,Consumer,0,2023-05-24
CUST_008268,Jessica Smith,Small Business,1,2021-01-05
CUST_008269,Mary Hernandez,Consumer,0,2021-11-08
CUST_008270,Richard Anderson,Consumer,1,2023-02-15
CUST_008271,Karen Williams,Consumer,0,2020-08-13
CUST_008272,Christopher Johnson,Consumer,1,2019-05-12
CUST_008273,Barbara Williams,VIP Loyalty,1,2023-12-28
CUST_008274,Thomas Brown,Consumer,1,2019-09-18
CUST_008275,Linda Hernandez,Consumer,0,2019-09-19
CUST_008276,Robert Anderson,Consumer,0,2020-05-18
CUST_008277,Charles Miller,Consumer,0,2021-04-22
CUST_008278,Lisa Lopez,Consumer,0,2021-05-14
CUST_008279,Daniel Wilson,Small Business,0,2023-02-11
CUST_008280,Mary Martinez,Corporate,0,2023-01-01
CUST_008281,Susan Anderson,Small Business,1,2023-05-03
CUST_008282,Richard Williams,Small Business,0,2021-03-02
CUST_008283,Lisa Martinez,Corporate,1,2019-02-18
CUST_008284,Daniel Anderson,Consumer,0,2022-09-24
CUST_008285,Charles Williams,Consumer,1,2023-11-05
CUST_008286,Susan Smith,Consumer,1,2022-01-06
CUST_008287,Elizabeth Hernandez,Consumer,0,2023-05-02
CUST_008288,James Miller,Small Business,0,2021-06-06
CUST_008289,Lisa Smith,Corporate,0,2019-06-03
CUST_008290,Lisa Miller,Consumer,0,2019-10-15
CUST_008291,Elizabeth Martinez,Consumer,0,2020-02-02
CUST_008292,Christopher Williams,Small Business,0,2019-09-27
CUST_008293,Elizabeth Wilson,Consumer,0,2019-11-26
CUST_008294,Nancy Johnson,VIP Loyalty,1,2022-04-25
CUST_008295,Richard Smith,Consumer,0,2021-04-18
CUST_008296,Daniel Rodriguez,Consumer,0,2019-02-23
CUST_008297,John Garcia,Consumer,1,2019-02-08
CUST_008298,Richard Martinez,Corporate,0,2022-03-24
CUST_008299,Karen Miller,Consumer,0,2021-01-08
CUST_008300,Sarah Miller,Consumer,0,2022-07-26
CUST_008301,Jessica Anderson,Consumer,1,2019-07-22
CUST_008302,Christopher Anderson,Corporate,0,2020-02-05
CUST_008303,Linda Garcia,Consumer,1,2021-07-12
CUST_008304,Elizabeth Garcia,Consumer,0,2019-11-11
CUST_008305,Charles Hernandez,Corporate,1,2022-02-13
CUST_008306,Daniel Wilson,Consumer,1,2023-06-20
CUST_008307,Jennifer Smith,Consumer,1,2020-11-08
CUST_008308,Patricia Rodriguez,Corporate,0,2023-12-17
CUST_008309,Daniel Davis,Corporate,0,2022-04-16
CUST_008310,James Johnson,Consumer,0,2019-05-13
CUST_008311,Jennifer Wilson,Corporate,0,2021-06-27
CUST_008312,James Garcia,Corporate,1,2020-10-05
CUST_008313,Sarah Garcia,Consumer,0,2021-03-05
CUST_008314,Jennifer Brown,Consumer,0,2023-04-24
CUST_008315,Linda Smith,Consumer,1,2019-12-21
CUST_008316,Michael Jones,Consumer,1,2019-10-10
CUST_008317,Mary Garcia,Consumer,1,2020-03-26
CUST_008318,Christopher Miller,Consumer,1,2022-03-04
CUST_008319,David Davis,Consumer,1,2022-08-28
CUST_008320,Susan Martinez,Corporate,0,2019-10-15
CUST_008321,Patricia Lopez,Consumer,0,2023-07-13
CUST_008322,Jennifer Martinez,Consumer,0,2022-05-02
CUST_008323,Elizabeth Wilson,Corporate,0,2019-12-06
CUST_008324,William Miller,Corporate,0,2020-02-17
CUST_008325,John Smith,Consumer,0,2022-01-02
CUST_008326,Sarah Johnson,Small Business,1,2020-02-05
CUST_008327,Thomas Johnson,Consumer,1,2022-08-15
CUST_008328,Jennifer Wilson,Small Business,0,2019-11-15
CUST_008329,Karen Jones,Consumer,1,2023-12-02
CUST_008330,Joseph Lopez,Consumer,0,2019-04-27
CUST_008331,Daniel Brown,Consumer,1,2023-10-03
CUST_008332,Lisa Brown,Small Business,1,2021-02-14
CUST_008333,Mary Lopez,VIP Loyalty,1,2023-10-10
CUST_008334,Michael Johnson,Consumer,1,2020-11-19
CUST_008335,Nancy Miller,VIP Loyalty,1,2019-09-12
CUST_008336,Linda Lopez,Small Business,1,2021-03-16
CUST_008337,David Martinez,VIP Loyalty,1,2020-05-20
CUST_008338,Susan Smith,Consumer,0,2019-07-22
CUST_008339,Susan Wilson,Corporate,1,2021-06-06
CUST_008340,Richard Martinez,Corporate,0,2020-05-13
CUST_008341,Thomas Garcia,Consumer,1,2022-07-15
CUST_008342,Joseph Jones,Corporate,1,2020-02-15
CUST_008343,Michael Rodriguez,Small Business,0,2023-10-02
CUST_008344,Nancy Rodriguez,Consumer,1,2023-04-01
CUST_008345,Joseph Rodriguez,Consumer,0,2022-07-28
CUST_008346,Jennifer Gonzalez,Corporate,1,2023-11-06
CUST_008347,Robert Smith,Consumer,1,2020-01-24
CUST_008348,Michael Garcia,Consumer,0,2022-09-17
CUST_008349,Jessica Brown,Corporate,1,2019-10-04
CUST_008350,Patricia Williams,Consumer,0,2020-03-22
CUST_008351,Sarah Gonzalez,Corporate,0,2020-10-18
CUST_008352,Barbara Johnson,Consumer,0,2019-07-16
CUST_008353,Thomas Smith,Consumer,0,2019-11-20
CUST_008354,Jessica Jones,Corporate,1,2019-05-28
CUST_008355,Christopher Johnson,Small Business,1,2023-04-17
CUST_008356,Jennifer Smith,Consumer,1,2019-08-08
CUST_008357,Daniel Miller,Corporate,0,2023-05-23
CUST_008358,Lisa Garcia,Consumer,1,2020-09-22
CUST_008359,John Lopez,Consumer,0,2022-03-28
CUST_008360,Michael Garcia,VIP Loyalty,1,2022-10-24
CUST_008361,Mary Garcia,Consumer,0,2021-08-11
CUST_008362,David Smith,Consumer,0,2022-10-19
CUST_008363,Christopher Hernandez,Consumer,1,2021-02-16
CUST_008364,James Gonzalez,Consumer,0,2023-07-25
CUST_008365,Elizabeth Anderson,Small Business,0,2019-11-20
CUST_008366,Mary Smith,Small Business,0,2023-10-12
CUST_008367,Susan Lopez,Consumer,1,2022-09-10
CUST_008368,Elizabeth Smith,Consumer,0,2019-07-23
CUST_008369,Barbara Williams,Corporate,0,2023-07-28
CUST_008370,Barbara Rodriguez,Consumer,0,2021-11-02
CUST_008371,Sarah Johnson,Corporate,1,2019-10-26
CUST_008372,Jessica Rodriguez,Consumer,1,2023-12-25
CUST_008373,Thomas Davis,Consumer,1,2022-05-01
CUST_008374,Daniel Gonzalez,Consumer,0,2019-12-06
CUST_008375,Patricia Miller,VIP Loyalty,1,2020-09-14
CUST_008376,James Wilson,Small Business,1,2022-09-28
CUST_008377,Nancy Lopez,Small Business,0,2020-06-04
CUST_008378,Daniel Wilson,Consumer,1,2021-11-06
CUST_008379,John Miller,Consumer,0,2021-01-02
CUST_008380,Joseph Hernandez,Consumer,1,2021-08-07
CUST_008381,Christopher Williams,Consumer,0,2021-02-19
CUST_008382,Elizabeth Brown,Small Business,0,2022-09-17
CUST_008383,David Miller,Small Business,0,2019-10-19
CUST_008384,Thomas Johnson,Corporate,0,2019-02-25
CUST_008385,Christopher Brown,Small Business,1,2023-03-08
CUST_008386,Barbara Smith,Consumer,0,2022-02-03
CUST_008387,Robert Johnson,Consumer,0,2019-05-20
CUST_008388,Joseph Wilson,Consumer,0,2020-11-28
CUST_008389,John Wilson,Small Business,0,2020-01-06
CUST_008390,Jennifer Hernandez,Consumer,0,2019-10-27
CUST_008391,Elizabeth Jones,Consumer,1,2020-04-13
CUST_008392,Barbara Johnson,Corporate,1,2022-10-13
CUST_008393,Richard Williams,Consumer,0,2020-02-08
CUST_008394,Daniel Davis,Small Business,0,2021-04-14
CUST_008395,Lisa Wilson,Consumer,0,2022-10-22
CUST_008396,Christopher Johnson,Consumer,0,2021-12-10
CUST_008397,David Wilson,Consumer,0,2021-05-06
CUST_008398,Thomas Wilson,Consumer,0,2021-02-17
CUST_008399,Jessica Rodriguez,Corporate,1,2022-07-05
CUST_008400,Lisa Williams,Corporate,1,2021-06-09
CUST_008401,Nancy Brown,Small Business,0,2020-05-07
CUST_008402,Daniel Garcia,Consumer,0,2021-10-06
CUST_008403,Lisa Smith,Consumer,0,2023-07-19
CUST_008404,Patricia Johnson,Corporate,0,2019-01-24
CUST_008405,Joseph Davis,VIP Loyalty,1,2019-01-26
CUST_008406,Joseph Davis,Corporate,1,2021-02-01
CUST_008407,Robert Smith,Consumer,0,2020-03-11
CUST_008408,Daniel Anderson,Corporate,1,2021-04-09
CUST_008409,Joseph Lopez,Consumer,0,2023-06-12
CUST_008410,Patricia Davis,Consumer,0,2021-12-01
CUST_008411,Christopher Miller,Consumer,0,2023-05-13
CUST_008412,David Jones,VIP Loyalty,1,2021-11-12
CUST_008413,Jennifer Davis,Consumer,0,2023-07-14
CUST_008414,James Jones,VIP Loyalty,1,2022-03-18
CUST_008415,David Brown,Consumer,0,2023-02-03
CUST_008416,Jessica Rodriguez,Consumer,0,2021-08-07
CUST_008417,John Lopez,Small Business,0,2019-04-04
CUST_008418,Daniel Miller,Consumer,1,2019-09-06
CUST_008419,Lisa Anderson,Consumer,0,2021-10-17
CUST_008420,Daniel Jones,Consumer,1,2021-09-23
CUST_008421,Linda Hernandez,Consumer,0,2023-12-16
CUST_008422,Daniel Anderson,VIP Loyalty,1,2023-09-09
CUST_008423,Mary Wilson,Corporate,0,2023-03-13
CUST_008424,Thomas Hernandez,VIP Loyalty,1,2019-05-19
CUST_008425,Jessica Rodriguez,Consumer,0,2021-01-03
CUST_008426,Jessica Jones,Consumer,1,2023-11-04
CUST_008427,Patricia Anderson,VIP Loyalty,1,2020-07-28
CUST_008428,Susan Lopez,Consumer,1,2021-07-16
CUST_008429,Nancy Garcia,Consumer,1,2021-02-08
CUST_008430,Michael Garcia,Small Business,1,2021-02-09
CUST_008431,Thomas Johnson,Consumer,0,2022-06-11
CUST_008432,Robert Davis,Consumer,1,2022-07-19
CUST_008433,Joseph Johnson,Corporate,1,2021-03-27
CUST_008434,Charles Davis,Consumer,0,2022-03-19
CUST_008435,Elizabeth Hernandez,Small Business,0,2023-10-14
CUST_008436,Jessica Davis,Corporate,0,2021-03-13
CUST_008437,Barbara Rodriguez,Corporate,0,2019-06-20
CUST_008438,Jennifer Wilson,Consumer,1,2021-07-05
CUST_008439,Karen Anderson,Corporate,0,2020-09-03
CUST_008440,Elizabeth Davis,Consumer,1,2023-03-07
CUST_008441,Joseph Jones,Corporate,1,2023-07-05
CUST_008442,Joseph Miller,Corporate,1,2021-01-20
CUST_008443,David Smith,Consumer,0,2021-04-02
CUST_008444,Sarah Jones,Consumer,1,2019-09-15
CUST_008445,James Hernandez,Consumer,0,2020-12-20
CUST_008446,John Lopez,Consumer,0,2022-01-12
CUST_008447,Thomas Garcia,Consumer,0,2021-08-27
CUST_008448,Sarah Johnson,Consumer,1,2019-10-22
CUST_008449,James Jones,Consumer,0,2020-07-15
CUST_008450,Mary Martinez,Small Business,0,2020-06-21
CUST_008451,Jennifer Wilson,Small Business,0,2022-07-24
CUST_008452,John Wilson,Consumer,1,2019-07-19
CUST_008453,Susan Hernandez,Consumer,1,2021-04-26
CUST_008454,Linda Rodriguez,Consumer,1,2020-04-03
CUST_008455,Jennifer Johnson,Corporate,0,2021-01-11
CUST_008456,John Martinez,Corporate,0,2023-01-12
CUST_008457,Sarah Davis,Small Business,0,2021-01-13
CUST_008458,Thomas Wilson,Corporate,0,2023-08-24
CUST_008459,Mary Rodriguez,Consumer,0,2020-05-05
CUST_008460,Lisa Anderson,Consumer,0,2023-09-17
CUST_008461,Joseph Martinez,Corporate,1,2020-11-14
CUST_008462,Patricia Davis,Consumer,0,2022-11-02
CUST_008463,Lisa Garcia,Consumer,0,2019-06-19
CUST_008464,Nancy Smith,Corporate,1,2022-12-20
CUST_008465,Patricia Brown,Consumer,1,2021-11-03
CUST_008466,David Gonzalez,VIP Loyalty,1,2022-04-15
CUST_008467,Linda Lopez,Consumer,0,2020-06-21
CUST_008468,Linda Garcia,Small Business,0,2020-12-23
CUST_008469,Christopher Wilson,Corporate,0,2021-09-24
CUST_008470,Linda Wilson,Consumer,1,2021-05-04
CUST_008471,Christopher Jones,Corporate,0,2023-02-23
CUST_008472,James Rodriguez,VIP Loyalty,1,2021-06-04
CUST_008473,Jessica Williams,Small Business,0,2023-03-24
CUST_008474,Jessica Williams,Consumer,0,2019-01-18
CUST_008475,Michael Rodriguez,Consumer,1,2019-11-28
CUST_008476,Jessica Gonzalez,Small Business,0,2022-10-04
CUST_008477,David Johnson,Consumer,0,2019-02-01
CUST_008478,Robert Miller,Corporate,0,2021-06-12
CUST_008479,Jessica Davis,Consumer,1,2020-06-08
CUST_008480,James Brown,Consumer,1,2021-09-22
CUST_008481,Jennifer Jones,Consumer,1,2019-09-07
CUST_008482,Sarah Brown,Small Business,0,2023-11-10
CUST_008483,Sarah Smith,Consumer,0,2022-11-09
CUST_008484,William Williams,Consumer,1,2019-09-04
CUST_008485,Nancy Martinez,VIP Loyalty,1,2019-08-22
CUST_008486,Thomas Lopez,Consumer,0,2020-08-14
CUST_008487,Michael Smith,Consumer,0,2020-08-17
CUST_008488,Lisa Davis,Corporate,0,2020-12-03
CUST_008489,James Williams,Corporate,1,2022-07-02
CUST_008490,Richard Jones,Small Business,0,2020-08-09
CUST_008491,Thomas Brown,Small Business,0,2021-07-22
CUST_008492,Elizabeth Martinez,Consumer,0,2020-02-02
CUST_008493,Barbara Anderson,Consumer,1,2020-05-07
CUST_008494,Christopher Hernandez,Consumer,1,2019-10-05
CUST_008495,Lisa Wilson,Corporate,0,2022-04-27
CUST_008496,Jennifer Johnson,Consumer,0,2022-12-16
CUST_008497,James Martinez,Corporate,0,2020-05-28
CUST_008498,John Williams,Consumer,0,2021-04-11
CUST_008499,Christopher Brown,VIP Loyalty,1,2021-07-26
CUST_008500,Robert Martinez,Consumer,1,2023-08-22
CUST_008501,Richard Lopez,Corporate,0,2020-07-09
CUST_008502,William Johnson,Consumer,0,2023-08-18
CUST_008503,John Martinez,Consumer,0,2019-01-27
CUST_008504,Jessica Rodriguez,Consumer,1,2023-03-07
CUST_008505,Sarah Garcia,Corporate,0,2023-06-28
CUST_008506,Jennifer Garcia,Consumer,0,2021-01-26
CUST_008507,William Garcia,Consumer,0,2021-03-13
CUST_008508,William Lopez,Consumer,0,2021-08-06
CUST_008509,John Garcia,Consumer,0,2022-03-21
CUST_008510,Richard Hernandez,Consumer,0,2021-11-06
CUST_008511,Michael Smith,VIP Loyalty,1,2019-08-08
CUST_008512,Susan Garcia,Consumer,1,2023-07-17
CUST_008513,David Garcia,Consumer,0,2021-10-09
CUST_008514,Richard Davis,Consumer,1,2022-02-16
CUST_008515,Barbara Miller,Small Business,1,2023-10-21
CUST_008516,Nancy Anderson,Corporate,0,2022-09-03
CUST_008517,Robert Anderson,Corporate,0,2022-11-05
CUST_008518,William Garcia,Consumer,0,2022-07-16
CUST_008519,Richard Johnson,Consumer,0,2022-01-09
CUST_008520,Joseph Smith,Small Business,1,2019-11-19
CUST_008521,James Williams,VIP Loyalty,1,2020-05-17
CUST_008522,James Wilson,Consumer,0,2021-01-01
CUST_008523,David Anderson,Consumer,0,2022-06-18
CUST_008524,Michael Jones,Consumer,0,2022-11-14
CUST_008525,Christopher Williams,Corporate,0,2019-05-13
CUST_008526,Karen Brown,Consumer,0,2022-08-21
CUST_008527,William Williams,Consumer,1,2020-05-16
CUST_008528,Jennifer Williams,Consumer,0,2022-08-08
CUST_008529,Lisa Johnson,Consumer,1,2020-02-17
CUST_008530,Jessica Garcia,Consumer,0,2023-01-27
CUST_008531,Lisa Davis,Consumer,0,2021-04-27
CUST_008532,Susan Miller,Consumer,0,2022-12-02
CUST_008533,Sarah Wilson,Consumer,1,2023-01-04
CUST_008534,Thomas Martinez,Consumer,0,2023-01-10
CUST_008535,Jennifer Anderson,VIP Loyalty,1,2023-11-11
CUST_008536,Robert Wilson,Consumer,0,2021-11-09
CUST_008537,Charles Martinez,VIP Loyalty,1,2019-06-01
CUST_008538,Nancy Gonzalez,Consumer,1,2021-06-02
CUST_008539,Joseph Lopez,Corporate,1,2023-03-18
CUST_008540,Karen Jones,Consumer,0,2020-03-03
CUST_008541,Nancy Smith,Corporate,0,2022-07-17
CUST_008542,Joseph Gonzalez,Corporate,0,2020-03-25
CUST_008543,Thomas Garcia,Corporate,0,2022-12-22
CUST_008544,Patricia Wilson,Consumer,1,2023-02-16
CUST_008545,Jennifer Garcia,Small Business,1,2019-01-10
CUST_008546,Linda Hernandez,Corporate,1,2022-11-07
CUST_008547,Michael Lopez,Corporate,0,2021-05-04
CUST_008548,Charles Martinez,Consumer,0,2021-09-13
CUST_008549,Nancy Williams,Consumer,1,2019-03-05
CUST_008550,Richard Wilson,Consumer,0,2020-02-28
CUST_008551,Jennifer Williams,Small Business,1,2023-02-06
CUST_008552,Sarah Gonzalez,Consumer,0,2022-04-15
CUST_008553,Lisa Brown,Consumer,0,2023-06-09
CUST_008554,Richard Jones,Consumer,0,2021-12-14
CUST_008555,Charles Davis,Consumer,0,2021-04-25
CUST_008556,Karen Johnson,Corporate,1,2022-11-06
CUST_008557,Jennifer Hernandez,Consumer,0,2023-02-14
CUST_008558,Elizabeth Anderson,Consumer,1,2021-07-21
CUST_008559,Thomas Jones,Consumer,1,2020-09-12
CUST_008560,James Martinez,Consumer,0,2021-02-20
CUST_008561,Patricia Smith,Corporate,0,2022-12-13
CUST_008562,Karen Johnson,VIP Loyalty,1,2023-12-21
CUST_008563,Joseph Williams,Consumer,0,2023-02-01
CUST_008564,Nancy Anderson,Consumer,0,2019-05-23
CUST_008565,Patricia Brown,Consumer,1,2022-07-09
CUST_008566,Jennifer Brown,Corporate,1,2023-04-07
CUST_008567,Nancy Smith,Corporate,0,2020-11-18
CUST_008568,Robert Davis,Small Business,1,2020-03-16
CUST_008569,Mary Anderson,Corporate,1,2020-06-06
CUST_008570,James Davis,Consumer,0,2020-09-02
CUST_008571,Michael Smith,Consumer,1,2021-12-16
CUST_008572,Susan Miller,Consumer,0,2022-11-16
CUST_008573,David Williams,Consumer,1,2022-09-24
CUST_008574,Jennifer Lopez,Small Business,1,2019-05-28
CUST_008575,Michael Miller,Consumer,0,2020-08-18
CUST_008576,James Lopez,Small Business,0,2023-05-01
CUST_008577,Daniel Gonzalez,VIP Loyalty,1,2022-08-28
CUST_008578,Christopher Jones,Consumer,0,2023-10-28
CUST_008579,Patricia Garcia,Consumer,0,2020-04-22
CUST_008580,Sarah Wilson,Consumer,1,2020-06-08
CUST_008581,Elizabeth Anderson,Small Business,0,2021-01-16
CUST_008582,Nancy Martinez,Corporate,0,2021-09-20
CUST_008583,Thomas Brown,Corporate,0,2022-04-09
CUST_008584,Jennifer Williams,Consumer,1,2022-07-02
CUST_008585,Michael Davis,Consumer,0,2023-09-17
CUST_008586,Christopher Hernandez,Consumer,1,2020-11-16
CUST_008587,Thomas Garcia,Consumer,0,2020-09-22
CUST_008588,Mary Brown,Consumer,0,2019-02-14
CUST_008589,Daniel Wilson,Consumer,0,2021-06-01
CUST_008590,Susan Davis,Consumer,1,2023-06-07
CUST_008591,Christopher Williams,Small Business,1,2019-06-09
CUST_008592,Sarah Hernandez,Small Business,0,2023-10-07
CUST_008593,Linda Lopez,Consumer,1,2022-01-04
CUST_008594,Charles Johnson,VIP Loyalty,1,2023-12-20
CUST_008595,John Anderson,Consumer,0,2021-10-09
CUST_008596,Susan Garcia,VIP Loyalty,1,2019-07-17
CUST_008597,William Garcia,Consumer,0,2020-03-08
CUST_008598,William Anderson,Consumer,1,2020-02-28
CUST_008599,Joseph Martinez,Consumer,1,2019-07-15
CUST_008600,John Johnson,Consumer,0,2021-10-13
CUST_008601,Mary Brown,Consumer,0,2023-07-25
CUST_008602,Richard Smith,Consumer,0,2023-10-12
CUST_008603,Patricia Jones,Consumer,1,2023-10-26
CUST_008604,Elizabeth Jones,Corporate,0,2020-11-15
CUST_008605,Lisa Williams,Corporate,1,2021-12-22
CUST_008606,Nancy Hernandez,Consumer,0,2023-06-15
CUST_008607,Thomas Hernandez,Consumer,1,2019-06-23
CUST_008608,Robert Gonzalez,Corporate,0,2019-08-02
CUST_008609,Joseph Williams,Consumer,0,2019-08-07
CUST_008610,Elizabeth Smith,Consumer,0,2020-09-26
CUST_008611,Daniel Anderson,Small Business,0,2021-03-10
CUST_008612,Sarah Garcia,Consumer,0,2019-06-20
CUST_008613,Barbara Anderson,Consumer,0,2023-03-20
CUST_008614,Daniel Rodriguez,Corporate,0,2020-08-25
CUST_008615,David Johnson,Consumer,0,2023-01-17
CUST_008616,Robert Miller,Consumer,1,2021-08-07
CUST_008617,Thomas Gonzalez,Corporate,0,2023-06-06
CUST_008618,William Lopez,Consumer,0,2021-11-04
CUST_008619,Daniel Williams,Consumer,0,2022-05-24
CUST_008620,Nancy Jones,Corporate,1,2019-06-11
CUST_008621,Elizabeth Williams,Consumer,1,2019-11-24
CUST_008622,Mary Hernandez,Consumer,0,2022-02-24
CUST_008623,Mary Miller,Consumer,0,2021-01-28
CUST_008624,Thomas Gonzalez,Consumer,1,2022-11-24
CUST_008625,Linda Johnson,Corporate,0,2020-03-28
CUST_008626,Christopher Wilson,Consumer,1,2022-04-01
CUST_008627,Barbara Miller,Small Business,0,2020-08-18
CUST_008628,Richard Smith,Consumer,1,2022-08-15
CUST_008629,Robert Brown,Consumer,0,2019-09-18
CUST_008630,Susan Davis,Consumer,1,2022-11-02
CUST_008631,John Gonzalez,Consumer,1,2022-03-27
CUST_008632,Charles Martinez,Consumer,1,2022-08-05
CUST_008633,Lisa Gonzalez,Consumer,0,2023-02-26
CUST_008634,Sarah Garcia,Consumer,1,2020-05-10
CUST_008635,Robert Martinez,Consumer,0,2020-06-15
CUST_008636,Linda Williams,Consumer,0,2023-01-11
CUST_008637,Patricia Lopez,Consumer,0,2020-01-12
CUST_008638,Linda Lopez,Small Business,0,2022-05-13
CUST_008639,David Martinez,Consumer,0,2022-04-24
CUST_008640,John Davis,Consumer,0,2020-10-13
CUST_008641,Susan Smith,Consumer,1,2019-09-10
CUST_008642,William Rodriguez,Corporate,0,2022-02-25
CUST_008643,Sarah Davis,Small Business,0,2021-02-06
CUST_008644,Jennifer Smith,Consumer,1,2022-11-15
CUST_008645,Thomas Brown,Corporate,0,2021-11-08
CUST_008646,Michael Hernandez,Corporate,1,2021-06-20
CUST_008647,Charles Williams,Consumer,0,2019-02-20
CUST_008648,Barbara Martinez,Consumer,0,2021-07-12
CUST_008649,Nancy Wilson,Consumer,0,2022-06-28
CUST_008650,Michael Garcia,Consumer,0,2023-02-01
CUST_008651,Joseph Martinez,Small Business,0,2022-09-15
CUST_008652,William Rodriguez,Consumer,1,2022-03-19
CUST_008653,David Martinez,Corporate,0,2022-02-22
CUST_008654,Richard Brown,Consumer,0,2021-02-21
CUST_008655,John Brown,Consumer,0,2021-05-09
CUST_008656,Jessica Gonzalez,VIP Loyalty,1,2019-08-01
CUST_008657,John Jones,VIP Loyalty,1,2020-01-27
CUST_008658,Sarah Gonzalez,Consumer,0,2020-06-11
CUST_008659,Thomas Davis,VIP Loyalty,1,2021-01-04
CUST_008660,Charles Davis,Consumer,0,2019-06-05
CUST_008661,David Wilson,Consumer,0,2021-10-16
CUST_008662,James Jones,Corporate,0,2022-08-03
CUST_008663,David Wilson,Corporate,0,2019-02-27
CUST_008664,Nancy Anderson,Consumer,0,2021-04-26
CUST_008665,Patricia Brown,Consumer,1,2019-01-01
CUST_008666,William Hernandez,Consumer,0,2021-07-02
CUST_008667,Elizabeth Smith,Consumer,1,2021-10-04
CUST_008668,Richard Smith,VIP Loyalty,1,2019-02-18
CUST_008669,Jessica Garcia,VIP Loyalty,1,2019-06-27
CUST_008670,Jennifer Miller,Small Business,0,2019-09-02
CUST_008671,Robert Gonzalez,Consumer,1,2019-07-13
CUST_008672,Lisa Garcia,Small Business,0,2019-02-21
CUST_008673,Charles Lopez,Corporate,0,2020-02-24
CUST_008674,Charles Williams,Consumer,1,2020-03-08
CUST_008675,Patricia Jones,Corporate,0,2021-03-17
CUST_008676,Mary Brown,Corporate,1,2023-09-20
CUST_008677,Patricia Garcia,Consumer,0,2023-11-15
CUST_008678,Karen Wilson,Consumer,0,2021-10-19
CUST_008679,John Lopez,VIP Loyalty,1,2022-06-02
CUST_008680,James Garcia,Consumer,0,2023-04-26
CUST_008681,Susan Wilson,Corporate,1,2020-09-13
CUST_008682,Christopher Wilson,Consumer,0,2020-01-16
CUST_008683,Nancy Rodriguez,Consumer,0,2023-05-15
CUST_008684,Elizabeth Anderson,Consumer,0,2022-11-28
CUST_008685,Charles Wilson,Corporate,0,2021-09-10
CUST_008686,Richard Williams,Corporate,1,2019-01-16
CUST_008687,Michael Johnson,Corporate,0,2023-12-03
CUST_008688,Nancy Jones,Corporate,0,2021-06-09
CUST_008689,Joseph Davis,Consumer,0,2023-06-14
CUST_008690,Charles Martinez,Small Business,0,2022-03-13
CUST_008691,Patricia Rodriguez,Corporate,0,2022-09-09
CUST_008692,Nancy Jones,Consumer,1,2019-12-01
CUST_008693,Joseph Garcia,Consumer,0,2019-01-08
CUST_008694,Nancy Davis,Consumer,0,2020-07-12
CUST_008695,Jessica Johnson,Corporate,1,2022-01-25
CUST_008696,Karen Smith,Corporate,1,2020-11-28
CUST_008697,Mary Miller,VIP Loyalty,1,2022-07-23
CUST_008698,Karen Gonzalez,Consumer,1,2023-10-14
CUST_008699,Charles Smith,Corporate,0,2021-11-07
CUST_008700,Joseph Rodriguez,Consumer,1,2023-05-12
CUST_008701,Thomas Rodriguez,Corporate,1,2021-08-07
CUST_008702,Christopher Lopez,Consumer,0,2019-09-22
CUST_008703,Michael Johnson,Consumer,0,2023-08-02
CUST_008704,Jennifer Brown,Corporate,1,2023-11-05
CUST_008705,Sarah Hernandez,Corporate,1,2021-11-27
CUST_008706,Charles Williams,Consumer,0,2022-10-02
CUST_008707,Michael Williams,Consumer,0,2023-10-17
CUST_008708,Jennifer Brown,Consumer,1,2023-06-08
CUST_008709,Christopher Williams,Consumer,0,2022-06-13
CUST_008710,Michael Davis,Consumer,0,2023-05-28
CUST_008711,Patricia Smith,Small Business,1,2020-02-02
CUST_008712,Nancy Lopez,Consumer,0,2020-06-11
CUST_008713,Nancy Martinez,Small Business,0,2023-04-06
CUST_008714,William Gonzalez,Consumer,0,2021-07-05
CUST_008715,Susan Johnson,Small Business,0,2020-12-24
CUST_008716,Karen Miller,VIP Loyalty,1,2022-10-16
CUST_008717,Mary Brown,Consumer,1,2022-07-06
CUST_008718,John Davis,Consumer,0,2022-12-15
CUST_008719,Sarah Rodriguez,Consumer,0,2021-01-24
CUST_008720,Daniel Lopez,Consumer,1,2019-02-21
CUST_008721,Mary Gonzalez,Small Business,0,2022-10-08
CUST_008722,Michael Smith,Consumer,1,2023-08-22
CUST_008723,Linda Jones,Corporate,0,2023-11-06
CUST_008724,David Anderson,Corporate,1,2023-02-22
CUST_008725,Richard Williams,Small Business,1,2019-03-06
CUST_008726,Charles Miller,VIP Loyalty,1,2019-06-23
CUST_008727,Sarah Martinez,Consumer,1,2020-10-10
CUST_008728,Michael Brown,VIP Loyalty,1,2020-09-24
CUST_008729,Robert Rodriguez,VIP Loyalty,1,2022-05-27
CUST_008730,Karen Johnson,Consumer,1,2022-11-14
CUST_008731,Richard Lopez,VIP Loyalty,1,2023-07-20
CUST_008732,Robert Anderson,Consumer,1,2022-06-05
CUST_008733,Lisa Gonzalez,Consumer,1,2022-06-04
CUST_008734,Richard Smith,VIP Loyalty,1,2023-07-03
CUST_008735,Karen Rodriguez,Consumer,0,2020-09-05
CUST_008736,Jennifer Miller,Consumer,0,2023-12-03
CUST_008737,Thomas Williams,Corporate,0,2019-04-10
CUST_008738,Susan Martinez,Corporate,0,2019-04-27
CUST_008739,Joseph Garcia,Consumer,1,2022-04-07
CUST_008740,Mary Jones,Consumer,1,2020-12-17
CUST_008741,Christopher Lopez,Consumer,0,2020-12-20
CUST_008742,Christopher Rodriguez,Small Business,1,2022-10-22
CUST_008743,Daniel Brown,Consumer,0,2021-03-08
CUST_008744,Robert Miller,Consumer,0,2023-02-13
CUST_008745,Joseph Martinez,Consumer,0,2022-10-01
CUST_008746,Lisa Garcia,Consumer,0,2019-03-25
CUST_008747,Jennifer Smith,Consumer,0,2023-11-20
CUST_008748,Barbara Davis,VIP Loyalty,1,2019-03-17
CUST_008749,Michael Smith,Corporate,0,2021-03-28
CUST_008750,Barbara Brown,Consumer,0,2023-05-17
CUST_008751,Jessica Lopez,Consumer,0,2021-02-26
CUST_008752,Thomas Lopez,Small Business,0,2021-07-08
CUST_008753,Elizabeth Garcia,Consumer,0,2022-05-17
CUST_008754,Nancy Garcia,Small Business,1,2022-09-09
CUST_008755,Christopher Davis,Corporate,0,2020-04-04
CUST_008756,John Gonzalez,Corporate,0,2019-12-04
CUST_008757,Nancy Jones,Consumer,0,2021-03-02
CUST_008758,John Brown,Consumer,1,2019-11-16
CUST_008759,Karen Martinez,Consumer,0,2023-07-17
CUST_008760,Linda Gonzalez,Corporate,0,2021-02-25
CUST_008761,Linda Johnson,Small Business,1,2022-06-10
CUST_008762,Jennifer Gonzalez,Small Business,1,2020-10-24
CUST_008763,Joseph Davis,Consumer,0,2020-04-21
CUST_008764,Christopher Anderson,Consumer,1,2023-06-27
CUST_008765,Linda Gonzalez,Small Business,1,2019-12-01
CUST_008766,Susan Williams,Corporate,1,2021-06-25
CUST_008767,Robert Martinez,Small Business,0,2019-09-08
CUST_008768,Patricia Anderson,VIP Loyalty,1,2020-03-09
CUST_008769,Patricia Johnson,Consumer,0,2021-07-15
CUST_008770,James Lopez,Consumer,0,2022-11-14
CUST_008771,William Garcia,Consumer,0,2023-08-02
CUST_008772,Lisa Smith,Consumer,0,2022-11-16
CUST_008773,Michael Smith,Consumer,0,2019-02-03
CUST_008774,John Brown,Consumer,0,2019-10-08
CUST_008775,Nancy Garcia,Consumer,0,2022-05-14
CUST_008776,Jennifer Jones,VIP Loyalty,1,2022-04-19
CUST_008777,Susan Smith,Consumer,0,2019-07-07
CUST_008778,Michael Wilson,Consumer,0,2021-02-12
CUST_008779,Lisa Martinez,VIP Loyalty,1,2023-10-24
CUST_008780,Mary Martinez,Corporate,0,2019-06-06
CUST_008781,Karen Gonzalez,Consumer,0,2019-10-08
CUST_008782,Lisa Anderson,Consumer,0,2019-10-24
CUST_008783,James Williams,Corporate,0,2022-10-02
CUST_008784,Susan Lopez,Small Business,0,2022-10-02
CUST_008785,Thomas Anderson,Small Business,0,2019-03-11
CUST_008786,Jennifer Rodriguez,VIP Loyalty,1,2022-12-24
CUST_008787,Lisa Hernandez,Consumer,0,2022-04-12
CUST_008788,William Martinez,Consumer,1,2022-01-27
CUST_008789,Barbara Rodriguez,VIP Loyalty,1,2021-03-25
CUST_008790,Patricia Anderson,Corporate,0,2022-11-28
CUST_008791,Richard Brown,Corporate,1,2021-04-12
CUST_008792,John Smith,Consumer,0,2023-06-10
CUST_008793,William Brown,Consumer,1,2020-10-24
CUST_008794,Christopher Anderson,Consumer,0,2023-12-18
CUST_008795,Susan Miller,Consumer,0,2022-09-12
CUST_008796,Karen Johnson,Corporate,1,2021-09-09
CUST_008797,David Martinez,VIP Loyalty,1,2021-06-18
CUST_008798,Linda Miller,Consumer,1,2020-02-12
CUST_008799,Daniel Jones,Consumer,1,2021-05-10
CUST_008800,James Miller,Corporate,0,2019-12-07
CUST_008801,Linda Williams,Corporate,1,2020-01-25
CUST_008802,Patricia Miller,Corporate,1,2019-06-05
CUST_008803,Jessica Smith,Consumer,0,2019-02-02
CUST_008804,Charles Williams,Consumer,0,2020-11-17
CUST_008805,Susan Rodriguez,Consumer,1,2022-03-01
CUST_008806,Robert Williams,Consumer,1,2019-02-17
CUST_008807,Linda Wilson,Consumer,0,2021-08-13
CUST_008808,Linda Miller,Consumer,1,2021-02-12
CUST_008809,Patricia Jones,Small Business,1,2023-12-04
CUST_008810,Robert Hernandez,Consumer,0,2019-09-15
CUST_008811,Patricia Smith,Consumer,1,2022-04-17
CUST_008812,Patricia Miller,Consumer,0,2019-05-11
CUST_008813,Susan Davis,Corporate,1,2022-03-05
CUST_008814,Mary Smith,Consumer,0,2020-06-20
CUST_008815,Joseph Smith,Small Business,0,2021-11-21
CUST_008816,John Davis,Small Business,0,2023-08-09
CUST_008817,Sarah Hernandez,Consumer,0,2019-04-20
CUST_008818,Patricia Miller,Consumer,1,2023-03-26
CUST_008819,Christopher Jones,Consumer,1,2022-09-08
CUST_008820,Robert Jones,Consumer,0,2023-09-22
CUST_008821,David Smith,Small Business,0,2019-02-06
CUST_008822,Robert Johnson,Consumer,0,2021-08-04
CUST_008823,Elizabeth Rodriguez,VIP Loyalty,1,2021-05-25
CUST_008824,Richard Lopez,VIP Loyalty,1,2019-05-13
CUST_008825,William Anderson,Consumer,0,2021-10-14
CUST_008826,Jennifer Miller,Corporate,1,2022-06-13
CUST_008827,Robert Brown,Consumer,1,2022-03-07
CUST_008828,Barbara Gonzalez,Consumer,1,2023-12-11
CUST_008829,Christopher Wilson,Consumer,0,2019-07-12
CUST_008830,Christopher Miller,Consumer,0,2019-01-18
CUST_008831,Richard Gonzalez,Corporate,0,2019-10-02
CUST_008832,Mary Miller,Consumer,1,2019-10-14
CUST_008833,Christopher Williams,VIP Loyalty,1,2019-02-27
CUST_008834,David Williams,Consumer,0,2020-05-23
CUST_008835,Patricia Martinez,Consumer,1,2021-02-06
CUST_008836,Christopher Anderson,Consumer,1,2019-09-14
CUST_008837,John Wilson,Small Business,1,2022-07-04
CUST_008838,David Brown,Consumer,0,2019-12-28
CUST_008839,Richard Johnson,Corporate,0,2020-11-25
CUST_008840,Lisa Johnson,VIP Loyalty,1,2020-01-23
CUST_008841,Linda Jones,Small Business,0,2019-04-01
CUST_008842,Karen Jones,Small Business,0,2023-12-10
CUST_008843,William Garcia,Corporate,0,2021-09-22
CUST_008844,Karen Davis,Consumer,0,2022-08-10
CUST_008845,Daniel Gonzalez,Consumer,0,2019-04-19
CUST_008846,Barbara Rodriguez,Consumer,0,2023-05-10
CUST_008847,Robert Wilson,Corporate,0,2023-08-06
CUST_008848,Karen Miller,Consumer,1,2019-08-08
CUST_008849,Daniel Smith,Small Business,0,2021-02-13
CUST_008850,Mary Wilson,Small Business,1,2020-01-21
CUST_008851,Thomas Anderson,Consumer,1,2022-03-24
CUST_008852,Daniel Rodriguez,Consumer,0,2023-05-23
CUST_008853,James Smith,Consumer,0,2021-12-05
CUST_008854,Christopher Smith,Consumer,0,2023-08-08
CUST_008855,John Rodriguez,VIP Loyalty,1,2022-01-25
CUST_008856,Susan Gonzalez,Consumer,0,2023-08-15
CUST_008857,Richard Smith,Consumer,0,2023-04-06
CUST_008858,Barbara Smith,VIP Loyalty,1,2020-01-07
CUST_008859,Mary Rodriguez,Consumer,0,2021-03-25
CUST_008860,Elizabeth Anderson,Consumer,0,2020-03-12
CUST_008861,Elizabeth Lopez,Corporate,0,2020-08-14
CUST_008862,Charles Wilson,Consumer,0,2021-08-13
CUST_008863,Jessica Garcia,VIP Loyalty,1,2020-02-16
CUST_008864,Susan Miller,Consumer,0,2023-11-18
CUST_008865,Jessica Martinez,Corporate,0,2023-11-09
CUST_008866,Richard Jones,Consumer,0,2021-05-01
CUST_008867,Karen Gonzalez,VIP Loyalty,1,2019-06-25
CUST_008868,Jennifer Anderson,Consumer,0,2023-01-08
CUST_008869,David Gonzalez,Consumer,1,2019-04-24
CUST_008870,Lisa Smith,Small Business,1,2021-07-10
CUST_008871,James Jones,Consumer,1,2023-03-23
CUST_008872,Mary Smith,Small Business,0,2021-07-24
CUST_008873,Mary Anderson,Corporate,1,2020-04-19
CUST_008874,Nancy Gonzalez,Consumer,0,2023-03-21
CUST_008875,Jennifer Jones,Corporate,1,2020-07-13
CUST_008876,Nancy Rodriguez,Consumer,1,2019-11-10
CUST_008877,Thomas Hernandez,Corporate,0,2020-12-06
CUST_008878,Christopher Hernandez,Consumer,0,2020-08-05
CUST_008879,Jennifer Anderson,Consumer,0,2023-09-21
CUST_008880,Linda Miller,Consumer,1,2022-06-09
CUST_008881,Joseph Anderson,Consumer,0,2019-09-21
CUST_008882,Patricia Garcia,Consumer,1,2022-10-21
CUST_008883,Linda Anderson,Small Business,0,2023-05-21
CUST_008884,Charles Lopez,Consumer,0,2020-05-09
CUST_008885,Lisa Garcia,Consumer,0,2019-03-27
CUST_008886,Karen Rodriguez,VIP Loyalty,1,2020-10-21
CUST_008887,Sarah Rodriguez,Corporate,0,2023-02-23
CUST_008888,Daniel Johnson,VIP Loyalty,1,2020-10-03
CUST_008889,Lisa Wilson,Consumer,0,2023-11-24
CUST_008890,Thomas Garcia,VIP Loyalty,1,2021-12-03
CUST_008891,Jessica Jones,Consumer,1,2019-02-16
CUST_008892,Mary Rodriguez,Consumer,1,2023-10-19
CUST_008893,William Williams,Consumer,0,2020-08-06
CUST_008894,Linda Smith,Corporate,0,2021-04-02
CUST_008895,Mary Gonzalez,Consumer,0,2021-11-15
CUST_008896,Karen Williams,Consumer,0,2020-07-16
CUST_008897,Daniel Smith,Consumer,1,2023-12-07
CUST_008898,Karen Brown,Consumer,1,2022-03-08
CUST_008899,Linda Martinez,Corporate,0,2022-03-08
CUST_008900,Elizabeth Johnson,Corporate,0,2021-10-18
CUST_008901,Charles Hernandez,Consumer,0,2020-03-12
CUST_008902,James Garcia,Small Business,1,2019-07-05
CUST_008903,William Williams,Small Business,0,2022-01-04
CUST_008904,Jessica Rodriguez,Consumer,0,2021-02-17
CUST_008905,David Martinez,Consumer,1,2023-08-25
CUST_008906,Lisa Jones,Consumer,1,2020-06-23
CUST_008907,William Hernandez,Corporate,0,2023-07-22
CUST_008908,Elizabeth Martinez,Consumer,0,2021-11-09
CUST_008909,Jessica Smith,Consumer,0,2020-11-14
CUST_008910,David Williams,Consumer,0,2023-03-03
CUST_008911,Jessica Rodriguez,Small Business,0,2023-01-21
CUST_008912,Linda Garcia,Corporate,0,2019-08-12
CUST_008913,Joseph Smith,Consumer,0,2019-08-18
CUST_008914,Nancy Lopez,Consumer,0,2023-06-13
CUST_008915,Jessica Lopez,Corporate,0,2022-05-17
CUST_008916,Christopher Miller,Consumer,0,2022-01-19
CUST_008917,Linda Rodriguez,Consumer,0,2021-07-08
CUST_008918,David Wilson,Consumer,1,2021-04-06
CUST_008919,Jessica Gonzalez,Consumer,0,2021-05-12
CUST_008920,Daniel Johnson,VIP Loyalty,1,2021-09-15
CUST_008921,Mary Brown,Consumer,0,2019-06-22
CUST_008922,Robert Martinez,Consumer,0,2022-10-27
CUST_008923,Karen Brown,VIP Loyalty,1,2020-03-23
CUST_008924,Richard Gonzalez,VIP Loyalty,1,2021-07-22
CUST_008925,Mary Brown,Corporate,0,2023-12-02
CUST_008926,Lisa Martinez,Consumer,0,2020-04-03
CUST_008927,Thomas Miller,Consumer,1,2022-07-16
CUST_008928,Linda Williams,Consumer,0,2019-04-28
CUST_008929,Susan Johnson,VIP Loyalty,1,2020-05-22
CUST_008930,Susan Rodriguez,Consumer,0,2019-03-04
CUST_008931,Susan Smith,Consumer,1,2022-07-18
CUST_008932,Elizabeth Lopez,Consumer,0,2021-12-27
CUST_008933,Daniel Garcia,Small Business,1,2022-07-06
CUST_008934,Susan Lopez,Consumer,0,2019-06-22
CUST_008935,Mary Rodriguez,Consumer,0,2019-11-26
CUST_008936,Michael Gonzalez,Consumer,0,2022-08-14
CUST_008937,Susan Jones,Consumer,0,2022-08-14
CUST_008938,Daniel Smith,Consumer,0,2021-09-15
CUST_008939,Nancy Hernandez,Consumer,0,2019-05-24
CUST_008940,Karen Smith,Consumer,0,2019-02-22
CUST_008941,Elizabeth Wilson,Consumer,1,2023-05-13
CUST_008942,William Wilson,Small Business,1,2022-07-09
CUST_008943,Jessica Wilson,Consumer,0,2020-03-01
CUST_008944,Jennifer Johnson,Consumer,1,2019-07-18
CUST_008945,Nancy Miller,Corporate,0,2019-06-08
CUST_008946,Linda Miller,Consumer,0,2022-09-03
CUST_008947,Sarah Garcia,Consumer,1,2021-06-10
CUST_008948,Daniel Brown,VIP Loyalty,1,2022-09-04
CUST_008949,Linda Martinez,Consumer,0,2021-10-05
CUST_008950,Mary Miller,Corporate,1,2023-04-15
CUST_008951,Robert Williams,Consumer,1,2019-12-13
CUST_008952,Michael Brown,VIP Loyalty,1,2020-03-05
CUST_008953,Robert Miller,Consumer,0,2022-08-20
CUST_008954,Michael Wilson,Small Business,1,2023-12-13
CUST_008955,John Rodriguez,Small Business,1,2022-02-21
CUST_008956,Karen Anderson,Corporate,0,2022-03-25
CUST_008957,Lisa Hernandez,VIP Loyalty,1,2021-08-24
CUST_008958,Elizabeth Davis,Consumer,1,2021-03-28
CUST_008959,Patricia Wilson,Corporate,0,2020-04-25
CUST_008960,Michael Hernandez,Consumer,1,2022-02-18
CUST_008961,Nancy Rodriguez,Corporate,0,2020-02-28
CUST_008962,Patricia Gonzalez,Consumer,0,2023-07-10
CUST_008963,David Hernandez,Consumer,0,2022-10-26
CUST_008964,William Garcia,Consumer,1,2021-07-03
CUST_008965,Karen Wilson,Consumer,1,2023-02-14
CUST_008966,Robert Gonzalez,Consumer,0,2021-04-26
CUST_008967,Elizabeth Garcia,Consumer,0,2021-04-04
CUST_008968,Patricia Martinez,Consumer,0,2019-09-14
CUST_008969,Mary Wilson,Consumer,0,2023-01-04
CUST_008970,Elizabeth Anderson,Corporate,1,2021-03-19
CUST_008971,Nancy Brown,Consumer,0,2021-10-19
CUST_008972,Nancy Smith,Small Business,0,2019-03-18
CUST_008973,Charles Lopez,VIP Loyalty,1,2023-11-20
CUST_008974,Linda Miller,Consumer,0,2021-10-20
CUST_008975,Lisa Lopez,VIP Loyalty,1,2022-06-17
CUST_008976,Daniel Brown,Corporate,0,2023-06-15
CUST_008977,Linda Anderson,Consumer,0,2021-04-13
CUST_008978,Joseph Johnson,Consumer,0,2022-02-07
CUST_008979,Christopher Rodriguez,Consumer,0,2020-10-13
CUST_008980,Robert Hernandez,Small Business,0,2021-04-02
CUST_008981,Jennifer Gonzalez,Corporate,1,2019-08-03
CUST_008982,Robert Garcia,Consumer,0,2020-04-23
CUST_008983,William Williams,Consumer,0,2019-08-20
CUST_008984,Patricia Hernandez,Consumer,0,2023-10-10
CUST_008985,Daniel Rodriguez,Consumer,0,2022-10-15
CUST_008986,Nancy Smith,VIP Loyalty,1,2020-03-06
CUST_008987,Charles Jones,Small Business,0,2022-09-19
CUST_008988,Michael Miller,Consumer,1,2020-05-15
CUST_008989,Karen Williams,Consumer,0,2019-07-05
CUST_008990,Sarah Davis,Consumer,0,2023-06-11
CUST_008991,Linda Rodriguez,Consumer,1,2021-11-14
CUST_008992,Christopher Martinez,Small Business,0,2021-12-08
CUST_008993,Barbara Rodriguez,Consumer,1,2019-11-21
CUST_008994,Mary Gonzalez,Small Business,0,2022-03-06
CUST_008995,Patricia Lopez,Corporate,0,2023-05-08
CUST_008996,Robert Davis,Consumer,1,2020-11-04
CUST_008997,Patricia Smith,Small Business,0,2022-01-05
CUST_008998,Linda Brown,Consumer,1,2022-03-21
CUST_008999,Charles Brown,Small Business,0,2019-03-26
CUST_009000,Thomas Jones,Consumer,0,2022-12-08
CUST_009001,Jennifer Davis,Consumer,1,2020-03-15
CUST_009002,Jessica Miller,Consumer,0,2021-11-08
CUST_009003,Linda Jones,VIP Loyalty,1,2020-05-04
CUST_009004,Barbara Brown,Consumer,1,2021-10-14
CUST_009005,Joseph Martinez,Consumer,0,2021-12-14
CUST_009006,Sarah Anderson,Consumer,1,2023-05-27
CUST_009007,Jessica Martinez,Corporate,0,2020-02-19
CUST_009008,Robert Lopez,Consumer,0,2022-09-03
CUST_009009,James Jones,Consumer,0,2021-04-09
CUST_009010,David Jones,Small Business,0,2019-12-05
CUST_009011,Christopher Rodriguez,Small Business,1,2019-09-10
CUST_009012,Susan Martinez,Corporate,0,2021-11-04
CUST_009013,Sarah Williams,VIP Loyalty,1,2020-10-01
CUST_009014,Karen Rodriguez,Consumer,0,2022-09-19
CUST_009015,James Smith,Consumer,0,2022-11-08
CUST_009016,Michael Wilson,Consumer,0,2020-11-22
CUST_009017,Charles Miller,Consumer,0,2021-07-21
CUST_009018,Mary Jones,Consumer,0,2019-05-06
CUST_009019,Richard Miller,Consumer,0,2022-08-22
CUST_009020,John Williams,Consumer,0,2019-01-05
CUST_009021,Mary Lopez,Consumer,1,2023-11-05
CUST_009022,Sarah Garcia,Consumer,1,2020-08-04
CUST_009023,Robert Rodriguez,Consumer,0,2021-11-05
CUST_009024,Elizabeth Williams,Corporate,0,2023-08-17
CUST_009025,Karen Williams,Small Business,0,2020-03-28
CUST_009026,William Jones,Consumer,1,2021-09-27
CUST_009027,Elizabeth Smith,Consumer,1,2021-05-27
CUST_009028,David Brown,Consumer,0,2019-11-13
CUST_009029,Karen Lopez,Small Business,0,2022-08-16
CUST_009030,Robert Johnson,Consumer,0,2020-05-18
CUST_009031,Michael Jones,Consumer,0,2019-06-26
CUST_009032,Lisa Miller,Consumer,1,2023-06-27
CUST_009033,Richard Miller,Corporate,0,2023-12-22
CUST_009034,Karen Johnson,Consumer,0,2022-02-16
CUST_009035,Mary Garcia,Consumer,0,2023-10-13
CUST_009036,Richard Davis,Small Business,0,2022-10-11
CUST_009037,Mary Gonzalez,VIP Loyalty,1,2020-06-09
CUST_009038,Susan Johnson,Consumer,0,2021-06-24
CUST_009039,Barbara Jones,Consumer,0,2020-01-24
CUST_009040,Joseph Gonzalez,Consumer,1,2020-03-11
CUST_009041,William Anderson,Corporate,0,2021-10-07
CUST_009042,Daniel Miller,Corporate,0,2022-03-19
CUST_009043,Thomas Jones,Consumer,0,2019-11-28
CUST_009044,Karen Lopez,Consumer,0,2022-04-21
CUST_009045,James Jones,Corporate,1,2023-10-26
CUST_009046,Jessica Garcia,Small Business,0,2019-09-22
CUST_009047,Barbara Smith,Consumer,0,2023-10-15
CUST_009048,Patricia Williams,Consumer,1,2023-08-04
CUST_009049,Lisa Williams,Corporate,0,2023-01-08
CUST_009050,Charles Hernandez,Consumer,1,2023-12-23
CUST_009051,Barbara Wilson,Small Business,1,2021-08-01
CUST_009052,Susan Brown,Corporate,1,2022-01-21
CUST_009053,John Gonzalez,VIP Loyalty,1,2022-04-03
CUST_009054,Christopher Jones,Consumer,1,2021-09-23
CUST_009055,Mary Williams,Consumer,0,2023-10-05
CUST_009056,Richard Davis,Small Business,1,2019-03-26
CUST_009057,Susan Davis,Consumer,0,2019-11-14
CUST_009058,Joseph Smith,Corporate,0,2021-04-24
CUST_009059,Thomas Brown,VIP Loyalty,1,2022-12-08
CUST_009060,David Williams,Corporate,0,2022-04-01
CUST_009061,Jennifer Williams,Consumer,0,2021-07-25
CUST_009062,Joseph Wilson,Consumer,0,2020-03-27
CUST_009063,Karen Wilson,Consumer,1,2023-01-28
CUST_009064,William Martinez,Corporate,0,2022-11-28
CUST_009065,Nancy Martinez,Small Business,0,2023-10-08
CUST_009066,Patricia Gonzalez,Consumer,1,2022-06-18
CUST_009067,William Garcia,Corporate,1,2022-04-26
CUST_009068,David Williams,Corporate,0,2020-10-03
CUST_009069,Thomas Hernandez,Consumer,1,2019-02-17
CUST_009070,Charles Rodriguez,Corporate,1,2022-08-11
CUST_009071,Christopher Brown,Consumer,1,2019-09-17
CUST_009072,Barbara Brown,Consumer,0,2020-02-13
CUST_009073,Elizabeth Wilson,Consumer,0,2022-01-17
CUST_009074,Linda Smith,Small Business,0,2019-05-13
CUST_009075,Richard Anderson,Corporate,1,2021-10-12
CUST_009076,Mary Hernandez,Consumer,0,2019-07-25
CUST_009077,Joseph Smith,Corporate,0,2023-02-08
CUST_009078,William Williams,Consumer,0,2022-07-14
CUST_009079,Mary Lopez,Consumer,0,2022-12-26
CUST_009080,Joseph Gonzalez,Consumer,0,2019-10-04
CUST_009081,Jessica Gonzalez,Consumer,0,2021-11-26
CUST_009082,Richard Smith,Small Business,0,2020-10-24
CUST_009083,Karen Smith,Consumer,0,2022-06-02
CUST_009084,Nancy Anderson,Consumer,1,2019-07-28
CUST_009085,Karen Smith,Corporate,0,2020-10-22
CUST_009086,Charles Hernandez,Consumer,0,2019-08-04
CUST_009087,Michael Miller,Corporate,0,2019-05-20
CUST_009088,Patricia Anderson,Corporate,0,2020-06-12
CUST_009089,Thomas Jones,Consumer,1,2019-05-19
CUST_009090,Nancy Hernandez,Corporate,0,2022-05-08
CUST_009091,Thomas Davis,Small Business,1,2023-10-07
CUST_009092,William Lopez,Consumer,1,2021-03-21
CUST_009093,Barbara Williams,Small Business,0,2019-08-04
CUST_009094,Jennifer Martinez,VIP Loyalty,1,2020-08-23
CUST_009095,Karen Lopez,Corporate,0,2020-02-15
CUST_009096,Patricia Miller,Small Business,0,2022-09-12
CUST_009097,Robert Smith,Corporate,0,2021-11-22
CUST_009098,Jennifer Jones,Consumer,0,2021-11-26
CUST_009099,Michael Gonzalez,VIP Loyalty,1,2020-03-19
CUST_009100,John Williams,Small Business,0,2021-09-24
CUST_009101,Elizabeth Miller,Small Business,1,2020-10-02
CUST_009102,Susan Smith,Corporate,1,2021-12-23
CUST_009103,Susan Smith,Consumer,0,2022-01-16
CUST_009104,Mary Johnson,Consumer,1,2022-07-16
CUST_009105,Charles Miller,Corporate,0,2019-01-01
CUST_009106,John Garcia,Corporate,0,2023-07-10
CUST_009107,John Wilson,Small Business,0,2022-07-15
CUST_009108,James Davis,Consumer,1,2023-06-07
CUST_009109,David Smith,Consumer,0,2021-05-17
CUST_009110,Michael Smith,Small Business,0,2021-01-15
CUST_009111,Susan Miller,VIP Loyalty,1,2021-08-26
CUST_009112,Susan Anderson,Consumer,0,2020-02-01
CUST_009113,Jessica Williams,Consumer,1,2019-05-23
CUST_009114,William Smith,VIP Loyalty,1,2019-04-16
CUST_009115,Joseph Martinez,Consumer,0,2022-06-21
CUST_009116,Joseph Williams,Consumer,0,2021-03-08
CUST_009117,Lisa Wilson,Consumer,0,2019-03-08
CUST_009118,Barbara Smith,Corporate,0,2022-04-03
CUST_009119,Richard Rodriguez,Consumer,0,2020-05-15
CUST_009120,John Williams,Consumer,0,2019-07-18
CUST_009121,William Wilson,Consumer,1,2022-04-28
CUST_009122,Sarah Johnson,Small Business,1,2021-10-07
CUST_009123,Richard Miller,Consumer,1,2022-09-28
CUST_009124,Joseph Gonzalez,Consumer,0,2021-09-16
CUST_009125,Patricia Rodriguez,Consumer,0,2019-12-23
CUST_009126,Barbara Martinez,Consumer,0,2019-04-16
CUST_009127,Richard Williams,Consumer,0,2023-12-28
CUST_009128,Richard Lopez,Consumer,0,2021-06-21
CUST_009129,Christopher Garcia,Consumer,0,2019-05-06
CUST_009130,Elizabeth Hernandez,Consumer,0,2022-07-07
CUST_009131,David Hernandez,Corporate,0,2023-10-12
CUST_009132,Nancy Hernandez,Consumer,1,2020-10-28
CUST_009133,Elizabeth Wilson,Small Business,1,2019-04-17
CUST_009134,Charles Martinez,Small Business,1,2020-10-12
CUST_009135,Nancy Brown,Consumer,1,2022-07-03
CUST_009136,Charles Wilson,Consumer,1,2020-03-24
CUST_009137,Sarah Gonzalez,Corporate,1,2020-12-09
CUST_009138,Richard Brown,Consumer,0,2019-01-09
CUST_009139,Daniel Rodriguez,Consumer,0,2020-11-09
CUST_009140,Mary Brown,Small Business,0,2021-10-14
CUST_009141,Joseph Johnson,Consumer,0,2019-05-21
CUST_009142,Jessica Miller,Consumer,0,2019-06-28
CUST_009143,Lisa Martinez,Consumer,0,2022-03-16
CUST_009144,Robert Anderson,Consumer,0,2021-01-25
CUST_009145,John Garcia,Consumer,0,2020-05-19
CUST_009146,Karen Garcia,Consumer,0,2021-12-23
CUST_009147,Richard Jones,Corporate,0,2019-10-07
CUST_009148,James Smith,Corporate,0,2023-02-24
CUST_009149,Thomas Hernandez,Corporate,1,2023-11-20
CUST_009150,Jennifer Garcia,Corporate,0,2020-01-03
CUST_009151,Daniel Jones,Consumer,0,2022-08-19
CUST_009152,Richard Garcia,Consumer,1,2020-11-11
CUST_009153,John Hernandez,Corporate,0,2021-10-22
CUST_009154,James Gonzalez,Consumer,0,2019-08-13
CUST_009155,Robert Hernandez,Corporate,1,2022-03-12
CUST_009156,Charles Brown,Consumer,0,2023-12-08
CUST_009157,Elizabeth Wilson,Small Business,1,2019-10-19
CUST_009158,David Williams,Consumer,0,2019-09-09
CUST_009159,Patricia Anderson,Small Business,0,2021-03-17
CUST_009160,Linda Garcia,Consumer,0,2021-03-16
CUST_009161,Elizabeth Miller,Consumer,0,2019-08-20
CUST_009162,Michael Wilson,Corporate,0,2020-09-15
CUST_009163,David Anderson,Corporate,0,2022-12-23
CUST_009164,Sarah Miller,Consumer,0,2019-08-25
CUST_009165,Robert Jones,Consumer,1,2020-06-06
CUST_009166,Jennifer Miller,Consumer,0,2020-04-14
CUST_009167,David Miller,Consumer,0,2020-07-11
CUST_009168,Sarah Brown,Consumer,1,2023-02-14
CUST_009169,Michael Martinez,Consumer,0,2022-09-06
CUST_009170,Michael Martinez,Consumer,0,2019-08-21
CUST_009171,Michael Lopez,Consumer,1,2022-06-23
CUST_009172,Robert Johnson,Consumer,1,2021-01-28
CUST_009173,Jennifer Lopez,Consumer,0,2019-09-25
CUST_009174,Michael Rodriguez,VIP Loyalty,1,2020-06-15
CUST_009175,Sarah Martinez,Consumer,0,2019-07-28
CUST_009176,Mary Williams,Consumer,0,2022-07-22
CUST_009177,Jessica Smith,VIP Loyalty,1,2019-03-22
CUST_009178,Jessica Johnson,Consumer,0,2021-12-02
CUST_009179,Mary Garcia,VIP Loyalty,1,2020-01-19
CUST_009180,Charles Rodriguez,Corporate,0,2023-11-01
CUST_009181,Charles Smith,VIP Loyalty,1,2020-09-27
CUST_009182,James Brown,Corporate,0,2022-03-23
CUST_009183,Daniel Lopez,Consumer,1,2019-09-20
CUST_009184,William Anderson,Corporate,0,2019-04-17
CUST_009185,Jennifer Gonzalez,Consumer,0,2023-02-28
CUST_009186,Linda Martinez,Consumer,0,2021-02-26
CUST_009187,Susan Brown,VIP Loyalty,1,2023-10-09
CUST_009188,Christopher Garcia,Consumer,0,2022-02-14
CUST_009189,Karen Davis,Consumer,1,2019-02-04
CUST_009190,Nancy Rodriguez,Consumer,0,2020-10-12
CUST_009191,Susan Miller,Consumer,0,2021-03-21
CUST_009192,Charles Garcia,Consumer,0,2021-04-25
CUST_009193,James Davis,Corporate,0,2020-11-11
CUST_009194,Charles Smith,Small Business,0,2023-06-15
CUST_009195,David Davis,Consumer,1,2020-01-08
CUST_009196,Richard Miller,Small Business,1,2020-12-23
CUST_009197,Barbara Garcia,Small Business,0,2023-08-01
CUST_009198,Thomas Brown,Small Business,1,2019-09-06
CUST_009199,Barbara Smith,Consumer,0,2022-01-13
CUST_009200,Christopher Jones,VIP Loyalty,1,2023-07-03
CUST_009201,David Gonzalez,Consumer,0,2019-02-18
CUST_009202,Thomas Smith,Consumer,0,2023-06-21
CUST_009203,Robert Wilson,Consumer,0,2023-09-04
CUST_009204,Robert Davis,Corporate,1,2023-04-18
CUST_009205,Charles Davis,Consumer,0,2020-04-27
CUST_009206,Nancy Williams,Corporate,0,2022-05-05
CUST_009207,John Brown,Consumer,1,2019-03-10
CUST_009208,Charles Davis,Consumer,1,2023-09-21
CUST_009209,Robert Garcia,Consumer,0,2020-10-25
CUST_009210,Jessica Johnson,VIP Loyalty,1,2021-09-01
CUST_009211,Christopher Williams,Consumer,0,2021-04-16
CUST_009212,Robert Jones,Corporate,0,2021-07-15
CUST_009213,Elizabeth Martinez,VIP Loyalty,1,2019-08-08
CUST_009214,Charles Smith,Consumer,1,2020-06-22
CUST_009215,Thomas Johnson,VIP Loyalty,1,2020-09-26
CUST_009216,Michael Smith,Consumer,0,2021-10-06
CUST_009217,Mary Hernandez,Consumer,1,2022-07-18
CUST_009218,Robert Garcia,Small Business,1,2021-10-28
CUST_009219,Linda Hernandez,Corporate,0,2019-11-16
CUST_009220,Barbara Smith,Small Business,0,2023-01-10
CUST_009221,David Wilson,Consumer,0,2020-11-10
CUST_009222,Christopher Jones,Consumer,0,2021-01-05
CUST_009223,Mary Hernandez,Consumer,0,2021-06-02
CUST_009224,Charles Rodriguez,Consumer,0,2023-12-12
CUST_009225,Barbara Gonzalez,Consumer,1,2019-06-26
CUST_009226,James Davis,Consumer,0,2022-11-01
CUST_009227,Charles Garcia,Consumer,0,2022-08-22
CUST_009228,Nancy Williams,Corporate,0,2020-05-22
CUST_009229,Thomas Lopez,Consumer,0,2021-01-05
CUST_009230,Christopher Jones,Consumer,0,2020-01-11
CUST_009231,Sarah Brown,Consumer,0,2021-10-11
CUST_009232,Sarah Smith,Consumer,1,2020-06-24
CUST_009233,Barbara Hernandez,Consumer,1,2023-05-28
CUST_009234,Lisa Miller,Corporate,1,2019-08-19
CUST_009235,Thomas Rodriguez,Small Business,0,2021-11-08
CUST_009236,Barbara Hernandez,Consumer,0,2020-01-15
CUST_009237,Michael Wilson,Consumer,1,2023-01-18
CUST_009238,Robert Jones,Consumer,0,2021-06-02
CUST_009239,Christopher Davis,Consumer,0,2020-07-08
CUST_009240,Joseph Hernandez,Corporate,0,2019-02-11
CUST_009241,Susan Wilson,Consumer,0,2021-10-15
CUST_009242,Patricia Martinez,Corporate,1,2020-11-11
CUST_009243,Thomas Wilson,Consumer,1,2019-05-20
CUST_009244,Nancy Rodriguez,Consumer,0,2021-05-14
CUST_009245,Daniel Gonzalez,Consumer,0,2023-03-01
CUST_009246,Elizabeth Anderson,Consumer,1,2023-10-25
CUST_009247,Patricia Lopez,Consumer,1,2019-09-22
CUST_009248,Jessica Anderson,Small Business,0,2021-07-11
CUST_009249,Jennifer Williams,Consumer,1,2019-03-18
CUST_009250,Karen Davis,Consumer,0,2019-04-05
CUST_009251,Christopher Smith,Consumer,0,2019-07-05
CUST_009252,William Jones,Corporate,1,2019-07-21
CUST_009253,Robert Garcia,Consumer,0,2019-10-27
CUST_009254,John Garcia,VIP Loyalty,1,2023-05-26
CUST_009255,David Johnson,Corporate,0,2019-12-18
CUST_009256,James Davis,Consumer,0,2021-09-17
CUST_009257,James Johnson,Corporate,0,2019-03-10
CUST_009258,Lisa Lopez,Consumer,0,2022-06-08
CUST_009259,Robert Rodriguez,Consumer,0,2020-01-17
CUST_009260,Sarah Jones,Corporate,0,2019-04-25
CUST_009261,Susan Hernandez,Consumer,0,2019-11-14
CUST_009262,Jessica Smith,Consumer,1,2021-06-11
CUST_009263,Linda Lopez,Small Business,0,2022-06-04
CUST_009264,Richard Smith,Corporate,0,2021-11-05
CUST_009265,John Smith,Small Business,1,2023-06-06
CUST_009266,Nancy Martinez,Consumer,0,2022-02-24
CUST_009267,Nancy Anderson,Corporate,0,2020-04-02
CUST_009268,Patricia Miller,VIP Loyalty,1,2021-01-10
CUST_009269,Susan Smith,Small Business,0,2021-07-12
CUST_009270,James Williams,Small Business,0,2021-04-24
CUST_009271,Jessica Williams,Corporate,1,2022-10-27
CUST_009272,Joseph Williams,Corporate,0,2020-02-06
CUST_009273,Thomas Martinez,Corporate,0,2023-07-28
CUST_009274,Barbara Miller,Corporate,0,2020-03-03
CUST_009275,Robert Johnson,Consumer,1,2023-03-11
CUST_009276,John Lopez,VIP Loyalty,1,2022-09-26
CUST_009277,Elizabeth Hernandez,Corporate,0,2020-05-18
CUST_009278,Nancy Smith,Consumer,1,2019-12-12
CUST_009279,Lisa Rodriguez,Consumer,0,2022-08-23
CUST_009280,Barbara Rodriguez,Consumer,0,2021-11-12
CUST_009281,Thomas Miller,Corporate,0,2021-02-16
CUST_009282,Christopher Martinez,Consumer,0,2020-10-02
CUST_009283,Richard Garcia,Consumer,0,2021-12-17
CUST_009284,Jennifer Brown,Consumer,0,2022-12-07
CUST_009285,Richard Smith,Consumer,0,2019-12-25
CUST_009286,Daniel Rodriguez,Consumer,1,2019-05-23
CUST_009287,Mary Brown,Consumer,0,2022-12-24
CUST_009288,William Lopez,Consumer,1,2020-07-18
CUST_009289,Michael Hernandez,VIP Loyalty,1,2022-05-21
CUST_009290,Sarah Gonzalez,Consumer,0,2021-05-09
CUST_009291,Thomas Garcia,Corporate,1,2020-06-17
CUST_009292,Christopher Martinez,Corporate,0,2019-10-09
CUST_009293,Barbara Rodriguez,Corporate,1,2023-03-24
CUST_009294,John Davis,Consumer,0,2022-04-21
CUST_009295,Elizabeth Martinez,Consumer,0,2022-11-17
CUST_009296,Christopher Lopez,Consumer,1,2023-01-26
CUST_009297,Richard Smith,Small Business,0,2020-11-09
CUST_009298,Jessica Davis,Consumer,0,2020-09-05
CUST_009299,Lisa Gonzalez,Consumer,1,2021-03-05
CUST_009300,Sarah Lopez,Corporate,1,2019-08-21
CUST_009301,Mary Williams,Consumer,0,2023-05-23
CUST_009302,Richard Rodriguez,VIP Loyalty,1,2023-06-06
CUST_009303,James Johnson,Consumer,1,2023-01-26
CUST_009304,Richard Martinez,Consumer,0,2020-11-20
CUST_009305,Daniel Gonzalez,Corporate,0,2023-06-02
CUST_009306,James Jones,Small Business,1,2022-10-09
CUST_009307,Mary Miller,Consumer,0,2023-06-12
CUST_009308,Michael Rodriguez,Consumer,0,2019-03-04
CUST_009309,John Miller,Consumer,1,2019-05-07
CUST_009310,Richard Smith,Consumer,0,2022-06-04
CUST_009311,Linda Wilson,Consumer,0,2022-07-15
CUST_009312,Jennifer Jones,Consumer,0,2021-07-11
CUST_009313,Nancy Brown,Corporate,0,2021-02-28
CUST_009314,Karen Anderson,Consumer,1,2021-01-07
CUST_009315,David Garcia,Consumer,1,2023-07-24
CUST_009316,Daniel Hernandez,Consumer,0,2020-12-01
CUST_009317,Jennifer Hernandez,Small Business,1,2019-04-20
CUST_009318,Lisa Garcia,Consumer,0,2022-10-23
CUST_009319,Michael Martinez,Consumer,0,2022-07-09
CUST_009320,Jessica Davis,Corporate,0,2021-04-03
CUST_009321,Joseph Davis,Corporate,0,2019-01-08
CUST_009322,Mary Miller,Small Business,1,2022-11-11
CUST_009323,Elizabeth Wilson,Corporate,1,2019-11-01
CUST_009324,Charles Anderson,Consumer,0,2023-01-01
CUST_009325,Mary Miller,Corporate,1,2022-04-03
CUST_009326,William Johnson,Consumer,0,2019-03-06
CUST_009327,Barbara Anderson,Consumer,0,2021-03-18
CUST_009328,Richard Rodriguez,Corporate,1,2019-05-07
CUST_009329,Christopher Anderson,Corporate,1,2023-02-28
CUST_009330,Susan Garcia,Consumer,0,2020-08-25
CUST_009331,Karen Martinez,Small Business,0,2021-09-24
CUST_009332,David Hernandez,Small Business,0,2023-04-06
CUST_009333,Patricia Lopez,Small Business,1,2020-08-21
CUST_009334,Susan Martinez,Corporate,0,2019-05-02
CUST_009335,Patricia Johnson,VIP Loyalty,1,2023-07-09
CUST_009336,Patricia Jones,Consumer,1,2022-11-14
CUST_009337,Joseph Smith,Consumer,0,2022-11-04
CUST_009338,David Anderson,Consumer,1,2023-03-14
CUST_009339,Susan Williams,Consumer,1,2022-02-04
CUST_009340,Mary Hernandez,Consumer,0,2020-12-18
CUST_009341,James Gonzalez,Consumer,0,2019-05-18
CUST_009342,Elizabeth Smith,VIP Loyalty,1,2021-11-09
CUST_009343,Christopher Jones,Consumer,1,2023-01-21
CUST_009344,Jennifer Rodriguez,Consumer,1,2021-08-25
CUST_009345,Barbara Hernandez,Consumer,1,2022-06-06
CUST_009346,William Rodriguez,Consumer,0,2020-03-14
CUST_009347,Richard Johnson,Small Business,0,2020-09-18
CUST_009348,John Wilson,Corporate,1,2019-09-03
CUST_009349,Jessica Williams,Consumer,0,2019-08-21
CUST_009350,Barbara Williams,Consumer,0,2019-03-22
CUST_009351,Richard Johnson,Consumer,1,2023-10-20
CUST_009352,Karen Gonzalez,Consumer,0,2020-02-13
CUST_009353,James Jones,Consumer,0,2022-04-05
CUST_009354,David Martinez,Consumer,0,2021-11-18
CUST_009355,Sarah Garcia,Corporate,0,2023-07-26
CUST_009356,Robert Wilson,Consumer,0,2019-08-08
CUST_009357,Karen Wilson,Consumer,0,2023-05-19
CUST_009358,Mary Jones,Consumer,1,2022-03-24
CUST_009359,Charles Rodriguez,Small Business,1,2019-05-20
CUST_009360,John Smith,Consumer,0,2020-02-14
CUST_009361,Karen Davis,VIP Loyalty,1,2023-06-18
CUST_009362,James Jones,Corporate,0,2022-02-22
CUST_009363,Barbara Martinez,Consumer,1,2019-08-21
CUST_009364,Sarah Anderson,Small Business,0,2020-04-18
CUST_009365,Daniel Williams,Consumer,0,2023-07-24
CUST_009366,Thomas Martinez,Consumer,0,2023-09-23
CUST_009367,Daniel Gonzalez,Small Business,1,2019-11-10
CUST_009368,John Williams,Corporate,0,2021-11-15
CUST_009369,Mary Hernandez,Corporate,1,2022-05-24
CUST_009370,Robert Hernandez,Consumer,0,2020-02-02
CUST_009371,Joseph Rodriguez,Consumer,0,2020-02-19
CUST_009372,Susan Hernandez,Consumer,0,2022-04-23
CUST_009373,Michael Johnson,Consumer,1,2022-10-27
CUST_009374,Richard Martinez,VIP Loyalty,1,2022-03-01
CUST_009375,James Hernandez,Consumer,0,2020-06-16
CUST_009376,James Rodriguez,VIP Loyalty,1,2019-09-25
CUST_009377,David Wilson,Small Business,1,2020-12-14
CUST_009378,Linda Rodriguez,Consumer,1,2023-07-14
CUST_009379,Karen Lopez,Corporate,0,2021-12-14
CUST_009380,Barbara Garcia,Consumer,0,2020-11-01
CUST_009381,Nancy Rodriguez,Consumer,0,2020-04-22
CUST_009382,Patricia Lopez,Consumer,0,2019-09-17
CUST_009383,Richard Lopez,Consumer,0,2019-01-17
CUST_009384,Elizabeth Wilson,Small Business,1,2021-03-25
CUST_009385,Mary Garcia,Corporate,1,2019-03-06
CUST_009386,Susan Rodriguez,Consumer,1,2022-03-18
CUST_009387,Susan Williams,Consumer,1,2023-08-21
CUST_009388,Mary Williams,Consumer,0,2020-02-20
CUST_009389,Patricia Miller,VIP Loyalty,1,2022-12-23
CUST_009390,Elizabeth Hernandez,Consumer,1,2019-08-18
CUST_009391,John Gonzalez,Consumer,0,2020-11-02
CUST_009392,Karen Smith,Consumer,0,2019-04-14
CUST_009393,Linda Miller,Corporate,1,2020-01-07
CUST_009394,William Anderson,Consumer,1,2023-02-04
CUST_009395,Christopher Anderson,Consumer,1,2023-07-26
CUST_009396,Lisa Gonzalez,Small Business,0,2020-05-05
CUST_009397,Robert Wilson,Small Business,0,2021-05-13
CUST_009398,John Rodriguez,Corporate,0,2019-11-23
CUST_009399,Charles Martinez,Consumer,1,2020-05-05
CUST_009400,Richard Johnson,Small Business,0,2022-07-08
CUST_009401,John Smith,Consumer,0,2023-07-13
CUST_009402,Barbara Wilson,Corporate,1,2023-05-21
CUST_009403,Karen Garcia,Consumer,0,2019-06-06
CUST_009404,Elizabeth Brown,Consumer,0,2020-08-09
CUST_009405,Christopher Williams,Corporate,0,2022-04-16
CUST_009406,Christopher Rodriguez,Consumer,1,2020-05-12
CUST_009407,Sarah Wilson,Consumer,0,2022-02-24
CUST_009408,Thomas Martinez,Consumer,1,2022-07-04
CUST_009409,John Smith,Consumer,0,2022-04-16
CUST_009410,Mary Brown,Consumer,1,2021-03-10
CUST_009411,Barbara Smith,Consumer,0,2020-12-06
CUST_009412,Sarah Gonzalez,VIP Loyalty,1,2020-04-24
CUST_009413,Barbara Anderson,Small Business,1,2019-10-23
CUST_009414,Charles Hernandez,Small Business,1,2021-11-23
CUST_009415,Nancy Williams,Consumer,0,2021-06-26
CUST_009416,Daniel Rodriguez,Consumer,0,2019-04-04
CUST_009417,Lisa Williams,Small Business,1,2019-05-21
CUST_009418,John Lopez,Consumer,0,2019-04-13
CUST_009419,Jennifer Smith,Consumer,0,2021-02-11
CUST_009420,Joseph Williams,Consumer,1,2019-01-11
CUST_009421,Daniel Rodriguez,Consumer,1,2021-02-27
CUST_009422,Daniel Gonzalez,Consumer,1,2020-07-04
CUST_009423,Lisa Williams,Corporate,0,2021-10-21
CUST_009424,Thomas Brown,Consumer,1,2021-12-26
CUST_009425,Charles Jones,Consumer,1,2023-05-01
CUST_009426,Joseph Johnson,Corporate,1,2020-08-24
CUST_009427,Sarah Smith,Consumer,0,2020-02-26
CUST_009428,Sarah Johnson,Consumer,0,2020-06-08
CUST_009429,Thomas Rodriguez,Consumer,0,2020-11-03
CUST_009430,William Williams,VIP Loyalty,1,2020-07-27
CUST_009431,Richard Brown,Corporate,0,2022-04-26
CUST_009432,Joseph Gonzalez,Small Business,0,2022-02-07
CUST_009433,John Smith,Corporate,0,2022-07-16
CUST_009434,James Jones,VIP Loyalty,1,2022-05-04
CUST_009435,James Anderson,Small Business,0,2023-08-23
CUST_009436,Joseph Miller,Small Business,0,2023-04-27
CUST_009437,Nancy Lopez,Corporate,0,2022-02-16
CUST_009438,Jessica Anderson,Corporate,0,2021-12-16
CUST_009439,Nancy Brown,Consumer,0,2021-05-11
CUST_009440,Richard Johnson,Consumer,0,2022-09-18
CUST_009441,Susan Davis,Consumer,1,2021-04-04
CUST_009442,Joseph Hernandez,Consumer,0,2023-03-23
CUST_009443,Daniel Davis,Consumer,0,2020-06-19
CUST_009444,Lisa Davis,Small Business,0,2022-09-07
CUST_009445,Richard Wilson,Consumer,0,2022-12-06
CUST_009446,Daniel Brown,Small Business,0,2021-02-13
CUST_009447,David Brown,Consumer,0,2021-09-04
CUST_009448,David Davis,Consumer,0,2019-01-16
CUST_009449,Michael Johnson,Small Business,1,2022-03-22
CUST_009450,Linda Davis,Corporate,1,2020-06-18
CUST_009451,Patricia Jones,Small Business,1,2023-02-03
CUST_009452,Richard Jones,Corporate,0,2020-09-08
CUST_009453,Robert Hernandez,Consumer,1,2019-09-22
CUST_009454,John Davis,Corporate,0,2020-02-21
CUST_009455,Daniel Hernandez,Consumer,1,2020-06-28
CUST_009456,Thomas Williams,Consumer,0,2021-02-28
CUST_009457,Patricia Miller,Corporate,0,2020-02-28
CUST_009458,Barbara Anderson,VIP Loyalty,1,2022-09-27
CUST_009459,Joseph Williams,Consumer,0,2023-06-19
CUST_009460,William Rodriguez,Corporate,0,2020-12-22
CUST_009461,Christopher Brown,Corporate,1,2021-11-19
CUST_009462,Susan Smith,Consumer,1,2022-12-17
CUST_009463,Karen Garcia,Consumer,0,2022-12-26
CUST_009464,Robert Anderson,Consumer,0,2022-06-11
CUST_009465,Barbara Williams,Consumer,0,2023-01-16
CUST_009466,Nancy Smith,Consumer,0,2021-07-18
CUST_009467,Richard Lopez,Small Business,1,2020-09-18
CUST_009468,Jessica Garcia,Consumer,1,2023-10-09
CUST_009469,Mary Garcia,Consumer,0,2021-07-25
CUST_009470,Christopher Garcia,Consumer,0,2021-12-17
CUST_009471,Patricia Brown,Consumer,0,2019-08-19
CUST_009472,Karen Smith,VIP Loyalty,1,2022-09-21
CUST_009473,Charles Johnson,Corporate,1,2021-01-09
CUST_009474,Michael Rodriguez,VIP Loyalty,1,2020-03-17
CUST_009475,Michael Lopez,Corporate,0,2021-04-28
CUST_009476,Jennifer Garcia,Consumer,0,2023-02-25
CUST_009477,Susan Johnson,Consumer,0,2023-11-13
CUST_009478,Joseph Brown,Consumer,0,2023-10-02
CUST_009479,Sarah Jones,Consumer,0,2022-03-25
CUST_009480,Linda Brown,Corporate,0,2020-08-19
CUST_009481,Patricia Brown,Corporate,0,2019-12-07
CUST_009482,Karen Martinez,Consumer,1,2020-03-18
CUST_009483,Richard Miller,Consumer,1,2022-10-17
CUST_009484,Christopher Jones,VIP Loyalty,1,2022-06-15
CUST_009485,Susan Hernandez,VIP Loyalty,1,2020-06-23
CUST_009486,Karen Martinez,Consumer,0,2021-09-01
CUST_009487,Lisa Smith,Consumer,1,2021-12-17
CUST_009488,Thomas Miller,Consumer,0,2020-10-05
CUST_009489,Elizabeth Martinez,Corporate,0,2020-11-06
CUST_009490,Christopher Martinez,Consumer,1,2021-03-07
CUST_009491,Christopher Lopez,Consumer,0,2023-01-09
CUST_009492,Karen Jones,Corporate,1,2021-08-25
CUST_009493,Joseph Miller,Consumer,0,2021-10-26
CUST_009494,Elizabeth Davis,Corporate,0,2019-10-26
CUST_009495,Sarah Miller,VIP Loyalty,1,2023-12-25
CUST_009496,David Brown,Consumer,0,2019-11-04
CUST_009497,Charles Gonzalez,Consumer,0,2020-05-18
CUST_009498,Daniel Miller,Small Business,0,2022-02-12
CUST_009499,John Hernandez,Corporate,1,2021-05-07
CUST_009500,Karen Smith,Consumer,1,2022-05-03
CUST_009501,Karen Smith,Consumer,1,2020-06-02
CUST_009502,Joseph Rodriguez,Consumer,1,2022-11-17
CUST_009503,Daniel Smith,Consumer,0,2020-12-14
CUST_009504,Christopher Wilson,Consumer,1,2022-11-25
CUST_009505,James Smith,Consumer,0,2020-06-02
CUST_009506,Patricia Garcia,Small Business,0,2019-10-10
CUST_009507,Michael Rodriguez,Corporate,1,2019-07-27
CUST_009508,Lisa Lopez,Corporate,1,2020-12-02
CUST_009509,John Miller,Small Business,0,2022-02-07
CUST_009510,Sarah Miller,Small Business,1,2022-12-27
CUST_009511,James Johnson,Consumer,1,2021-09-19
CUST_009512,Linda Jones,Consumer,1,2022-05-24
CUST_009513,Michael Hernandez,Corporate,1,2023-01-22
CUST_009514,Robert Gonzalez,Consumer,0,2021-04-17
CUST_009515,Barbara Wilson,Consumer,1,2022-12-09
CUST_009516,Lisa Johnson,Consumer,1,2021-01-08
CUST_009517,Jennifer Brown,Consumer,0,2023-05-15
CUST_009518,Linda Lopez,Small Business,0,2023-07-27
CUST_009519,Michael Martinez,Corporate,0,2020-08-12
CUST_009520,Karen Smith,Consumer,1,2022-07-27
CUST_009521,Sarah Smith,Corporate,1,2021-01-18
CUST_009522,Charles Smith,Consumer,0,2019-01-27
CUST_009523,Susan Lopez,Consumer,0,2021-02-17
CUST_009524,William Jones,Corporate,0,2022-04-22
CUST_009525,Patricia Jones,Corporate,0,2019-11-24
CUST_009526,Robert Lopez,Consumer,0,2021-11-21
CUST_009527,James Smith,Small Business,0,2022-06-18
CUST_009528,Christopher Gonzalez,Small Business,0,2020-07-06
CUST_009529,Linda Rodriguez,Corporate,1,2022-03-10
CUST_009530,William Miller,Consumer,0,2022-03-13
CUST_009531,Nancy Anderson,Consumer,1,2020-05-04
CUST_009532,Karen Lopez,Consumer,0,2023-02-06
CUST_009533,James Martinez,Consumer,1,2021-08-19
CUST_009534,David Wilson,VIP Loyalty,1,2020-01-15
CUST_009535,David Davis,Small Business,0,2023-12-28
CUST_009536,Jessica Martinez,Small Business,0,2020-09-15
CUST_009537,Nancy Wilson,Consumer,0,2023-08-10
CUST_009538,Richard Miller,Consumer,0,2023-07-05
CUST_009539,Linda Jones,Consumer,1,2020-11-12
CUST_009540,Barbara Williams,VIP Loyalty,1,2022-12-27
CUST_009541,Jennifer Garcia,Consumer,1,2019-07-09
CUST_009542,Sarah Martinez,Consumer,1,2020-07-08
CUST_009543,David Garcia,Consumer,1,2021-02-11
CUST_009544,Robert Williams,Consumer,0,2020-01-11
CUST_009545,Mary Martinez,Consumer,1,2021-11-10
CUST_009546,Karen Jones,VIP Loyalty,1,2020-09-25
CUST_009547,Robert Garcia,Corporate,0,2022-03-20
CUST_009548,Richard Williams,Consumer,0,2019-05-08
CUST_009549,Sarah Wilson,Consumer,0,2023-04-27
CUST_009550,Elizabeth Lopez,Consumer,0,2021-07-15
CUST_009551,Christopher Johnson,Small Business,0,2021-09-02
CUST_009552,Sarah Gonzalez,Consumer,1,2019-08-21
CUST_009553,James Martinez,Consumer,1,2020-11-18
CUST_009554,Mary Smith,Small Business,0,2021-11-18
CUST_009555,Thomas Johnson,Consumer,0,2021-04-07
CUST_009556,Sarah Smith,Corporate,0,2023-06-22
CUST_009557,James Smith,Consumer,0,2021-11-06
CUST_009558,James Hernandez,Consumer,0,2021-10-18
CUST_009559,Patricia Garcia,Small Business,0,2022-07-27
CUST_009560,Robert Garcia,Consumer,1,2020-09-11
CUST_009561,Mary Johnson,Corporate,1,2022-08-08
CUST_009562,James Smith,Consumer,1,2021-10-18
CUST_009563,Elizabeth Rodriguez,Consumer,1,2019-05-19
CUST_009564,Joseph Martinez,Consumer,0,2019-12-17
CUST_009565,Sarah Johnson,Consumer,1,2020-01-24
CUST_009566,David Davis,Consumer,1,2019-05-05
CUST_009567,Robert Smith,VIP Loyalty,1,2020-01-18
CUST_009568,William Gonzalez,Consumer,0,2020-06-13
CUST_009569,Linda Martinez,Corporate,0,2019-10-10
CUST_009570,David Brown,Consumer,1,2021-09-28
CUST_009571,Robert Smith,Consumer,0,2023-02-09
CUST_009572,Jennifer Hernandez,Consumer,1,2020-07-12
CUST_009573,David Johnson,Corporate,0,2023-10-13
CUST_009574,Joseph Rodriguez,Consumer,0,2021-12-20
CUST_009575,Karen Rodriguez,Corporate,0,2022-01-05
CUST_009576,Patricia Davis,Consumer,0,2023-10-18
CUST_009577,Daniel Wilson,Corporate,0,2022-05-22
CUST_009578,Barbara Martinez,Consumer,0,2022-07-11
CUST_009579,William Martinez,VIP Loyalty,1,2021-04-11
CUST_009580,Michael Jones,Consumer,0,2022-02-24
CUST_009581,Nancy Jones,Consumer,1,2020-06-06
CUST_009582,David Rodriguez,Consumer,0,2022-07-16
CUST_009583,John Davis,Consumer,1,2020-03-28
CUST_009584,Joseph Garcia,Consumer,1,2021-06-07
CUST_009585,Jessica Davis,Consumer,1,2019-12-09
CUST_009586,Charles Johnson,Consumer,0,2022-04-26
CUST_009587,Joseph Rodriguez,Consumer,0,2021-10-11
CUST_009588,Richard Lopez,Consumer,1,2021-01-14
CUST_009589,Christopher Wilson,Consumer,0,2022-07-16
CUST_009590,Susan Jones,Corporate,1,2019-08-07
CUST_009591,Elizabeth Johnson,Consumer,0,2021-08-14
CUST_009592,Karen Williams,Corporate,0,2019-10-03
CUST_009593,Karen Lopez,Corporate,0,2022-03-19
CUST_009594,Thomas Davis,Corporate,0,2023-04-13
CUST_009595,Jessica Lopez,Corporate,1,2019-11-06
CUST_009596,Linda Williams,Consumer,1,2020-03-19
CUST_009597,Richard Smith,VIP Loyalty,1,2019-07-05
CUST_009598,Linda Rodriguez,Corporate,0,2019-11-18
CUST_009599,Richard Williams,Small Business,1,2023-12-03
CUST_009600,Mary Anderson,Consumer,1,2023-01-26
CUST_009601,Michael Wilson,Corporate,1,2020-09-12
CUST_009602,Thomas Rodriguez,Corporate,0,2021-09-18
CUST_009603,Karen Hernandez,Consumer,1,2021-09-25
CUST_009604,Mary Brown,Consumer,0,2022-11-27
CUST_009605,Patricia Hernandez,Corporate,0,2021-06-04
CUST_009606,James Williams,Consumer,0,2020-05-23
CUST_009607,James Wilson,Corporate,0,2020-12-13
CUST_009608,Karen Anderson,Corporate,0,2023-07-21
CUST_009609,Richard Garcia,Consumer,1,2020-11-01
CUST_009610,Elizabeth Rodriguez,Corporate,1,2021-04-08
CUST_009611,James Brown,Consumer,0,2021-05-26
CUST_009612,Linda Hernandez,Consumer,1,2023-02-26
CUST_009613,Nancy Rodriguez,Small Business,0,2021-10-22
CUST_009614,Charles Brown,Consumer,0,2023-07-17
CUST_009615,Christopher Martinez,VIP Loyalty,1,2021-02-15
CUST_009616,Sarah Brown,VIP Loyalty,1,2019-05-25
CUST_009617,Patricia Hernandez,Small Business,0,2023-04-10
CUST_009618,David Anderson,Consumer,0,2020-07-14
CUST_009619,William Garcia,Corporate,0,2022-02-12
CUST_009620,Jennifer Garcia,Consumer,0,2019-10-26
CUST_009621,Mary Wilson,Consumer,1,2023-07-28
CUST_009622,Joseph Miller,Corporate,1,2023-12-02
CUST_009623,Mary Williams,Small Business,0,2023-12-19
CUST_009624,Joseph Garcia,VIP Loyalty,1,2020-03-09
CUST_009625,Daniel Jones,Consumer,1,2021-10-11
CUST_009626,Jennifer Hernandez,Consumer,0,2020-06-26
CUST_009627,Barbara Davis,Consumer,0,2020-10-06
CUST_009628,James Gonzalez,Consumer,1,2019-04-27
CUST_009629,Michael Hernandez,Corporate,0,2020-05-01
CUST_009630,James Wilson,Consumer,0,2022-06-24
CUST_009631,Michael Smith,Consumer,1,2020-01-11
CUST_009632,John Gonzalez,Corporate,0,2021-10-08
CUST_009633,Michael Martinez,Consumer,1,2019-05-07
CUST_009634,Patricia Smith,Consumer,0,2019-09-10
CUST_009635,Linda Smith,Consumer,0,2019-05-03
CUST_009636,Daniel Garcia,Corporate,0,2020-05-21
CUST_009637,Thomas Hernandez,Consumer,1,2022-09-09
CUST_009638,Joseph Jones,Consumer,0,2022-02-13
CUST_009639,Karen Garcia,Consumer,1,2023-07-24
CUST_009640,David Lopez,Corporate,0,2021-01-01
CUST_009641,Joseph Garcia,Small Business,1,2022-08-21
CUST_009642,Barbara Wilson,Consumer,0,2021-11-02
CUST_009643,John Jones,Consumer,0,2021-04-04
CUST_009644,Jennifer Martinez,Consumer,1,2019-03-01
CUST_009645,Susan Davis,Consumer,0,2022-10-04
CUST_009646,Karen Jones,Corporate,0,2019-11-03
CUST_009647,Susan Jones,Consumer,0,2023-09-28
CUST_009648,John Garcia,Consumer,1,2020-06-12
CUST_009649,Barbara Martinez,Small Business,1,2019-08-03
CUST_009650,Richard Brown,Consumer,0,2019-02-01
CUST_009651,Joseph Brown,Consumer,0,2023-12-01
CUST_009652,Joseph Miller,Consumer,1,2022-01-28
CUST_009653,Charles Rodriguez,Consumer,0,2023-03-18
CUST_009654,Patricia Johnson,Consumer,1,2023-08-14
CUST_009655,Elizabeth Gonzalez,Consumer,0,2021-11-19
CUST_009656,Thomas Rodriguez,Corporate,0,2021-02-28
CUST_009657,John Davis,Consumer,0,2020-07-10
CUST_009658,David Williams,Consumer,1,2020-06-17
CUST_009659,Lisa Miller,Corporate,0,2021-05-18
CUST_009660,James Wilson,Consumer,0,2023-06-28
CUST_009661,Lisa Davis,Consumer,1,2023-05-26
CUST_009662,Karen Garcia,Consumer,0,2019-09-05
CUST_009663,John Davis,Consumer,1,2022-10-18
CUST_009664,Richard Garcia,Corporate,0,2020-07-08
CUST_009665,Sarah Rodriguez,Small Business,0,2021-02-14
CUST_009666,Thomas Davis,VIP Loyalty,1,2023-11-06
CUST_009667,Daniel Williams,Corporate,0,2020-03-05
CUST_009668,Thomas Rodriguez,Consumer,0,2019-06-22
CUST_009669,Robert Williams,Consumer,0,2021-10-14
CUST_009670,John Wilson,Corporate,0,2023-10-07
CUST_009671,Joseph Jones,Consumer,1,2021-10-13
CUST_009672,Lisa Anderson,Corporate,0,2020-09-09
CUST_009673,Karen Lopez,Consumer,1,2020-10-18
CUST_009674,Jennifer Johnson,Corporate,1,2020-05-14
CUST_009675,Nancy Hernandez,Consumer,0,2020-10-03
CUST_009676,Patricia Jones,Small Business,1,2021-07-28
CUST_009677,Lisa Anderson,VIP Loyalty,1,2022-08-25
CUST_009678,Thomas Wilson,Consumer,1,2020-12-11
CUST_009679,Michael Miller,Small Business,0,2022-12-10
CUST_009680,Robert Miller,Corporate,1,2022-02-13
CUST_009681,Jessica Davis,Consumer,1,2021-07-25
CUST_009682,Daniel Gonzalez,Consumer,0,2023-11-16
CUST_009683,Sarah Miller,Consumer,1,2023-11-13
CUST_009684,Jennifer Lopez,Corporate,1,2023-05-03
CUST_009685,Lisa Brown,Consumer,0,2020-02-03
CUST_009686,Daniel Martinez,Corporate,0,2021-01-19
CUST_009687,Barbara Brown,Consumer,1,2021-01-06
CUST_009688,Sarah Gonzalez,Corporate,0,2022-05-03
CUST_009689,Michael Miller,Consumer,1,2023-03-07
CUST_009690,Thomas Martinez,Consumer,1,2021-09-13
CUST_009691,Richard Johnson,Consumer,1,2019-06-13
CUST_009692,James Jones,Consumer,1,2021-05-21
CUST_009693,John Martinez,Consumer,0,2022-08-05
CUST_009694,William Smith,Consumer,0,2020-10-09
CUST_009695,James Williams,Consumer,0,2022-11-02
CUST_009696,Sarah Martinez,Consumer,0,2022-10-18
CUST_009697,Michael Wilson,Consumer,0,2019-04-06
CUST_009698,Lisa Martinez,Consumer,0,2022-05-18
CUST_009699,Richard Brown,Consumer,0,2022-11-01
CUST_009700,Barbara Gonzalez,Corporate,0,2023-12-21
CUST_009701,Karen Johnson,Consumer,1,2022-06-22
CUST_009702,Patricia Davis,Corporate,1,2023-09-12
CUST_009703,Patricia Wilson,Consumer,0,2021-07-13
CUST_009704,David Williams,Corporate,0,2021-08-02
CUST_009705,Susan Smith,Corporate,0,2019-08-24
CUST_009706,Patricia Davis,Consumer,0,2021-03-24
CUST_009707,Linda Lopez,Consumer,0,2022-04-27
CUST_009708,Michael Smith,Consumer,1,2022-07-18
CUST_009709,Nancy Rodriguez,VIP Loyalty,1,2023-02-13
CUST_009710,Michael Rodriguez,VIP Loyalty,1,2020-06-12
CUST_009711,Mary Smith,Consumer,1,2020-03-03
CUST_009712,Nancy Gonzalez,Consumer,0,2023-10-22
CUST_009713,Linda Davis,Consumer,0,2023-06-08
CUST_009714,David Wilson,Consumer,1,2023-05-07
CUST_009715,Jessica Lopez,Consumer,1,2022-06-14
CUST_009716,Patricia Williams,Small Business,1,2019-01-18
CUST_009717,Richard Brown,Consumer,1,2023-02-11
CUST_009718,Patricia Gonzalez,VIP Loyalty,1,2019-03-02
CUST_009719,Barbara Brown,Consumer,0,2022-03-19
CUST_009720,Barbara Anderson,Consumer,0,2021-06-15
CUST_009721,Karen Gonzalez,Consumer,1,2019-07-22
CUST_009722,Robert Rodriguez,Consumer,1,2021-06-24
CUST_009723,Daniel Lopez,Consumer,1,2020-09-10
CUST_009724,Karen Hernandez,Corporate,0,2019-03-17
CUST_009725,Richard Rodriguez,Consumer,1,2023-08-08
CUST_009726,Thomas Anderson,Small Business,0,2020-01-26
CUST_009727,Patricia Martinez,Small Business,0,2022-07-03
CUST_009728,Charles Anderson,VIP Loyalty,1,2021-08-10
CUST_009729,William Lopez,Consumer,0,2022-12-19
CUST_009730,Lisa Smith,Consumer,0,2022-10-03
CUST_009731,Jessica Johnson,Small Business,0,2023-03-09
CUST_009732,Lisa Brown,Small Business,1,2023-08-07
CUST_009733,Charles Garcia,Consumer,0,2019-07-19
CUST_009734,Robert Davis,VIP Loyalty,1,2023-05-11
CUST_009735,Michael Johnson,Consumer,0,2023-07-01
CUST_009736,William Hernandez,Consumer,1,2021-01-25
CUST_009737,Karen Jones,Consumer,0,2020-12-14
CUST_009738,Charles Martinez,Small Business,1,2020-05-19
CUST_009739,Patricia Rodriguez,Consumer,0,2023-09-23
CUST_009740,Patricia Rodriguez,Consumer,1,2022-02-04
CUST_009741,Jessica Johnson,Corporate,0,2021-01-27
CUST_009742,John Gonzalez,Small Business,1,2021-03-15
CUST_009743,Jessica Williams,Small Business,1,2019-09-19
CUST_009744,Lisa Wilson,Consumer,0,2022-01-27
CUST_009745,Susan Garcia,Corporate,0,2019-05-09
CUST_009746,John Jones,Consumer,0,2023-10-01
CUST_009747,Thomas Davis,Consumer,0,2023-07-28
CUST_009748,Robert Hernandez,Consumer,0,2021-11-10
CUST_009749,Christopher Davis,Corporate,0,2019-02-06
CUST_009750,Sarah Martinez,Consumer,0,2019-10-19
CUST_009751,William Lopez,VIP Loyalty,1,2022-01-10
CUST_009752,Jessica Jones,Consumer,1,2023-05-03
CUST_009753,Nancy Hernandez,Consumer,0,2023-06-14
CUST_009754,Lisa Jones,Consumer,0,2023-01-12
CUST_009755,Richard Brown,Corporate,0,2021-05-28
CUST_009756,Sarah Davis,Consumer,0,2022-02-27
CUST_009757,Jennifer Rodriguez,Consumer,0,2021-07-16
CUST_009758,Patricia Hernandez,Consumer,0,2023-07-12
CUST_009759,James Anderson,Consumer,1,2021-02-18
CUST_009760,Lisa Davis,Corporate,0,2023-07-16
CUST_009761,Elizabeth Miller,Consumer,0,2020-06-09
CUST_009762,Patricia Martinez,Small Business,0,2022-08-27
CUST_009763,William Lopez,Consumer,0,2019-12-15
CUST_009764,William Jones,VIP Loyalty,1,2022-06-23
CUST_009765,Charles Rodriguez,Consumer,1,2020-04-20
CUST_009766,James Brown,Consumer,1,2021-10-25
CUST_009767,William Wilson,Corporate,0,2020-11-22
CUST_009768,Patricia Martinez,Consumer,1,2021-01-14
CUST_009769,Lisa Gonzalez,Consumer,0,2019-02-14
CUST_009770,Jennifer Anderson,Corporate,1,2022-09-09
CUST_009771,Joseph Jones,Consumer,0,2021-07-28
CUST_009772,Karen Lopez,Consumer,0,2022-09-21
CUST_009773,James Lopez,Consumer,0,2022-10-13
CUST_009774,Nancy Gonzalez,Consumer,0,2020-03-19
CUST_009775,Patricia Martinez,Consumer,1,2019-06-06
CUST_009776,Richard Garcia,Consumer,1,2019-05-03
CUST_009777,Jessica Johnson,Consumer,0,2019-08-17
CUST_009778,Thomas Miller,Consumer,1,2022-05-05
CUST_009779,Mary Anderson,Consumer,0,2019-09-01
CUST_009780,Lisa Davis,Consumer,0,2023-10-17
CUST_009781,Thomas Anderson,Corporate,0,2021-04-11
CUST_009782,Jessica Gonzalez,Corporate,1,2019-10-25
CUST_009783,Daniel Johnson,Corporate,1,2019-04-09
CUST_009784,Patricia Gonzalez,Consumer,0,2019-05-17
CUST_009785,Christopher Martinez,Corporate,0,2022-10-06
CUST_009786,Nancy Hernandez,Corporate,1,2023-08-01
CUST_009787,Mary Davis,Consumer,0,2021-11-07
CUST_009788,Thomas Davis,VIP Loyalty,1,2021-04-03
CUST_009789,David Johnson,Small Business,0,2023-07-17
CUST_009790,Elizabeth Johnson,Consumer,1,2021-10-17
CUST_009791,Charles Brown,VIP Loyalty,1,2021-08-07
CUST_009792,Barbara Wilson,Consumer,0,2020-09-26
CUST_009793,Christopher Smith,Corporate,1,2019-12-01
CUST_009794,Elizabeth Martinez,Consumer,1,2020-04-01
CUST_009795,David Gonzalez,Consumer,1,2022-06-10
CUST_009796,John Martinez,Consumer,1,2020-04-05
CUST_009797,Christopher Brown,Consumer,0,2021-04-13
CUST_009798,Lisa Brown,Consumer,0,2022-08-06
CUST_009799,Jennifer Anderson,VIP Loyalty,1,2019-01-17
CUST_009800,Robert Smith,Corporate,0,2021-09-27
CUST_009801,Linda Williams,Consumer,0,2022-11-21
CUST_009802,Elizabeth Anderson,Consumer,0,2020-09-19
CUST_009803,Christopher Miller,VIP Loyalty,1,2022-12-18
CUST_009804,Karen Smith,Consumer,0,2020-08-23
CUST_009805,Charles Smith,Small Business,0,2022-10-20
CUST_009806,Patricia Hernandez,VIP Loyalty,1,2021-11-18
CUST_009807,Joseph Johnson,Corporate,1,2019-12-13
CUST_009808,John Williams,Consumer,1,2022-11-02
CUST_009809,Charles Lopez,Consumer,1,2022-06-03
CUST_009810,David Garcia,Consumer,0,2021-08-21
CUST_009811,Thomas Garcia,Corporate,1,2021-08-12
CUST_009812,Robert Gonzalez,Consumer,0,2021-09-08
CUST_009813,John Garcia,Consumer,1,2020-07-09
CUST_009814,Nancy Johnson,Consumer,0,2021-12-08
CUST_009815,David Hernandez,Small Business,1,2023-01-21
CUST_009816,Elizabeth Martinez,Small Business,1,2022-10-04
CUST_009817,Charles Anderson,Corporate,1,2023-04-17
CUST_009818,Joseph Miller,Consumer,0,2022-12-19
CUST_009819,Linda Johnson,Corporate,0,2021-08-23
CUST_009820,Barbara Smith,Consumer,0,2019-10-03
CUST_009821,Jennifer Martinez,Consumer,1,2022-03-16
CUST_009822,Lisa Miller,Corporate,0,2019-06-06
CUST_009823,Charles Jones,Consumer,1,2023-10-21
CUST_009824,Christopher Anderson,Consumer,0,2020-07-07
CUST_009825,Linda Davis,Consumer,1,2022-02-05
CUST_009826,Nancy Miller,Consumer,0,2019-03-26
CUST_009827,Sarah Johnson,Consumer,0,2021-09-14
CUST_009828,Joseph Rodriguez,Consumer,0,2023-08-19
CUST_009829,Karen Jones,Consumer,1,2022-02-27
CUST_009830,Mary Jones,Corporate,0,2021-10-14
CUST_009831,William Williams,Small Business,0,2019-04-25
CUST_009832,Mary Johnson,Corporate,0,2023-09-27
CUST_009833,Karen Hernandez,Consumer,0,2021-02-04
CUST_009834,Linda Lopez,Consumer,1,2020-01-13
CUST_009835,Barbara Miller,Consumer,0,2023-11-24
CUST_009836,Christopher Martinez,Consumer,1,2020-08-07
CUST_009837,Linda Anderson,Consumer,0,2023-07-22
CUST_009838,Patricia Anderson,Consumer,1,2019-06-18
CUST_009839,Christopher Miller,Consumer,1,2021-02-26
CUST_009840,Mary Williams,Consumer,0,2022-02-05
CUST_009841,Barbara Anderson,Small Business,0,2021-04-21
CUST_009842,Susan Miller,Consumer,0,2021-03-21
CUST_009843,Susan Lopez,Small Business,0,2019-07-09
CUST_009844,Charles Lopez,Consumer,0,2021-03-14
CUST_009845,Daniel Davis,Consumer,0,2023-10-04
CUST_009846,Jessica Rodriguez,Consumer,0,2021-07-05
CUST_009847,Christopher Wilson,Consumer,1,2019-11-25
CUST_009848,Christopher Smith,Small Business,1,2020-06-10
CUST_009849,Charles Wilson,Consumer,1,2022-04-21
CUST_009850,Patricia Smith,Consumer,1,2022-05-24
CUST_009851,Nancy Davis,Small Business,0,2022-04-10
CUST_009852,Mary Anderson,Small Business,0,2022-05-14
CUST_009853,James Smith,Small Business,0,2020-08-10
CUST_009854,Patricia Wilson,VIP Loyalty,1,2019-12-07
CUST_009855,Patricia Anderson,Corporate,1,2023-06-03
CUST_009856,Charles Garcia,Consumer,1,2022-06-05
CUST_009857,Jennifer Anderson,Consumer,0,2020-07-28
CUST_009858,Charles Lopez,Consumer,0,2022-05-04
CUST_009859,Elizabeth Lopez,Corporate,0,2020-10-08
CUST_009860,Susan Miller,Corporate,0,2021-07-17
CUST_009861,Robert Gonzalez,VIP Loyalty,1,2021-07-18
CUST_009862,Karen Brown,Consumer,0,2021-08-20
CUST_009863,James Miller,VIP Loyalty,1,2019-07-04
CUST_009864,Nancy Hernandez,Corporate,1,2023-08-22
CUST_009865,James Miller,Consumer,0,2022-09-08
CUST_009866,Charles Garcia,Corporate,1,2023-06-09
CUST_009867,Robert Johnson,Consumer,0,2023-11-13
CUST_009868,Sarah Davis,VIP Loyalty,1,2023-10-27
CUST_009869,Patricia Jones,Small Business,0,2020-09-28
CUST_009870,Jessica Williams,Corporate,1,2023-07-07
CUST_009871,Thomas Garcia,Consumer,0,2020-02-10
CUST_009872,Michael Rodriguez,Consumer,0,2020-09-23
CUST_009873,Lisa Rodriguez,Corporate,1,2019-06-19
CUST_009874,Susan Davis,VIP Loyalty,1,2023-05-02
CUST_009875,Joseph Miller,Small Business,0,2022-01-01
CUST_009876,Jennifer Anderson,Consumer,0,2019-06-10
CUST_009877,Lisa Anderson,Corporate,1,2019-06-23
CUST_009878,Robert Davis,Consumer,1,2019-02-28
CUST_009879,David Brown,Consumer,1,2021-02-28
CUST_009880,Patricia Brown,Consumer,0,2021-09-26
CUST_009881,Joseph Martinez,Small Business,0,2023-08-01
CUST_009882,Thomas Hernandez,VIP Loyalty,1,2021-10-20
CUST_009883,David Anderson,Consumer,0,2023-07-12
CUST_009884,Mary Miller,Corporate,0,2021-06-12
CUST_009885,Patricia Jones,Consumer,0,2021-12-17
CUST_009886,Patricia Rodriguez,Corporate,0,2019-09-08
CUST_009887,Sarah Hernandez,Consumer,0,2019-04-27
CUST_009888,Nancy Smith,Small Business,0,2019-08-23
CUST_009889,Michael Miller,Corporate,0,2021-03-25
CUST_009890,Mary Smith,Consumer,1,2023-04-16
CUST_009891,Elizabeth Rodriguez,Consumer,0,2019-07-14
CUST_009892,James Garcia,Consumer,0,2021-03-28
CUST_009893,Mary Hernandez,VIP Loyalty,1,2022-01-14
CUST_009894,David Davis,Consumer,0,2023-04-16
CUST_009895,John Brown,Consumer,1,2021-12-06
CUST_009896,John Jones,Consumer,0,2019-05-15
CUST_009897,Robert Miller,Corporate,1,2022-06-01
CUST_009898,Robert Jones,Corporate,0,2021-12-11
CUST_009899,Nancy Wilson,Consumer,0,2023-09-17
CUST_009900,Charles Anderson,Small Business,0,2021-06-15
CUST_009901,Christopher Brown,Consumer,0,2021-12-07
CUST_009902,William Martinez,Small Business,0,2022-10-24
CUST_009903,Sarah Smith,Small Business,1,2019-10-14
CUST_009904,James Miller,Consumer,1,2023-05-27
CUST_009905,Charles Wilson,Consumer,0,2023-04-03
CUST_009906,Barbara Garcia,Consumer,0,2019-07-12
CUST_009907,Robert Brown,VIP Loyalty,1,2020-11-20
CUST_009908,Mary Martinez,Corporate,1,2022-05-04
CUST_009909,Linda Garcia,VIP Loyalty,1,2023-01-05
CUST_009910,James Lopez,Consumer,1,2019-03-28
CUST_009911,Patricia Gonzalez,Consumer,1,2023-07-08
CUST_009912,Thomas Rodriguez,Corporate,0,2022-04-23
CUST_009913,Thomas Gonzalez,Consumer,1,2020-03-01
CUST_009914,James Brown,Consumer,1,2019-03-18
CUST_009915,James Hernandez,Consumer,1,2023-07-16
CUST_009916,John Martinez,Consumer,0,2022-01-27
CUST_009917,Richard Williams,Consumer,0,2023-05-12
CUST_009918,Jessica Garcia,Corporate,1,2022-06-19
CUST_009919,James Rodriguez,Small Business,0,2023-09-23
CUST_009920,Mary Garcia,Corporate,1,2021-10-17
CUST_009921,Barbara Jones,Consumer,0,2022-12-10
CUST_009922,Jessica Rodriguez,Consumer,0,2022-10-15
CUST_009923,John Davis,Small Business,0,2019-03-01
CUST_009924,Richard Rodriguez,Consumer,1,2023-07-25
CUST_009925,Jennifer Lopez,Corporate,0,2021-02-04
CUST_009926,Joseph Garcia,Consumer,0,2023-03-16
CUST_009927,James Johnson,Consumer,0,2020-04-20
CUST_009928,David Martinez,Consumer,0,2022-11-22
CUST_009929,Robert Wilson,Consumer,0,2022-04-27
CUST_009930,Joseph Miller,Corporate,0,2020-02-27
CUST_009931,Michael Rodriguez,Consumer,0,2022-06-10
CUST_009932,Patricia Martinez,Consumer,0,2020-06-09
CUST_009933,Elizabeth Williams,Consumer,1,2020-06-12
CUST_009934,Lisa Williams,Consumer,0,2022-05-28
CUST_009935,William Miller,Consumer,1,2021-09-15
CUST_009936,Richard Williams,Consumer,0,2023-05-20
CUST_009937,Lisa Williams,Small Business,0,2022-08-05
CUST_009938,William Johnson,Consumer,0,2019-11-12
CUST_009939,Linda Anderson,Corporate,0,2020-03-01
CUST_009940,Nancy Williams,Consumer,0,2020-02-08
CUST_009941,Thomas Rodriguez,VIP Loyalty,1,2019-05-21
CUST_009942,Susan Johnson,VIP Loyalty,1,2022-09-08
CUST_009943,Michael Brown,Consumer,1,2023-08-09
CUST_009944,William Jones,Corporate,0,2021-03-16
CUST_009945,Robert Hernandez,Consumer,0,2020-09-24
CUST_009946,Joseph Jones,Consumer,0,2020-08-27
CUST_009947,James Martinez,Small Business,1,2020-12-02
CUST_009948,Michael Brown,Consumer,1,2021-03-18
CUST_009949,Daniel Smith,Consumer,1,2021-03-13
CUST_009950,Jessica Williams,Consumer,0,2021-06-20
CUST_009951,Elizabeth Jones,Corporate,0,2020-12-14
CUST_009952,Mary Smith,Corporate,0,2020-11-26
CUST_009953,Barbara Smith,VIP Loyalty,1,2023-12-28
CUST_009954,Linda Garcia,Consumer,1,2023-10-15
CUST_009955,John Williams,Consumer,1,2020-03-16
CUST_009956,Thomas Brown,Small Business,0,2019-02-28
CUST_009957,Thomas Lopez,Small Business,1,2020-01-11
CUST_009958,Elizabeth Anderson,Consumer,0,2021-07-16
CUST_009959,James Miller,Corporate,0,2019-09-21
CUST_009960,Richard Johnson,Consumer,1,2020-05-15
CUST_009961,Mary Jones,Consumer,0,2020-11-22
CUST_009962,Richard Rodriguez,Corporate,1,2022-01-21
CUST_009963,Linda Anderson,Small Business,1,2021-12-15
CUST_009964,Nancy Miller,Consumer,1,2020-06-02
CUST_009965,Mary Garcia,Small Business,1,2022-01-19
CUST_009966,Jessica Johnson,Consumer,0,2022-04-13
CUST_009967,Daniel Johnson,Consumer,1,2022-12-26
CUST_009968,John Rodriguez,Corporate,1,2022-03-12
CUST_009969,Joseph Smith,Small Business,1,2019-09-26
CUST_009970,Joseph Hernandez,Corporate,1,2023-03-10
CUST_009971,Michael Brown,Consumer,1,2022-07-03
CUST_009972,Karen Martinez,Corporate,1,2021-12-25
CUST_009973,Christopher Johnson,Consumer,1,2023-01-25
CUST_009974,Mary Wilson,VIP Loyalty,1,2023-09-16
CUST_009975,James Rodriguez,Consumer,1,2020-09-28
CUST_009976,Karen Johnson,Small Business,1,2023-08-03
CUST_009977,Jennifer Smith,Consumer,0,2020-06-26
CUST_009978,Karen Lopez,Consumer,0,2020-08-12
CUST_009979,Karen Lopez,Consumer,0,2020-06-15
CUST_009980,Susan Jones,Small Business,0,2021-06-20
CUST_009981,Christopher Gonzalez,Corporate,0,2022-11-24
CUST_009982,Susan Jones,Small Business,0,2021-05-23
CUST_009983,David Brown,Small Business,0,2020-04-20
CUST_009984,Barbara Wilson,Corporate,1,2019-03-05
CUST_009985,Susan Lopez,Consumer,1,2022-11-15
CUST_009986,Michael Martinez,Corporate,0,2023-04-06
CUST_009987,James Anderson,Consumer,0,2022-07-11
CUST_009988,Daniel Smith,VIP Loyalty,1,2023-07-22
CUST_009989,Christopher Jones,Small Business,0,2023-11-18
CUST_009990,Elizabeth Miller,Consumer,1,2020-10-15
CUST_009991,Barbara Brown,Consumer,1,2021-05-10
CUST_009992,James Rodriguez,Small Business,1,2021-05-04
CUST_009993,Patricia Gonzalez,Consumer,0,2023-12-12
CUST_009994,James Jones,Consumer,1,2020-06-07
CUST_009995,Charles Wilson,Consumer,0,2021-06-06
CUST_009996,Jennifer Lopez,Corporate,1,2019-10-19
CUST_009997,Lisa Jones,Consumer,0,2021-07-22
CUST_009998,Sarah Martinez,Consumer,1,2023-07-03
CUST_009999,Joseph Martinez,Consumer,0,2021-12-14
CUST_010000,Thomas Hernandez,Consumer,0,2019-04-10
